# sdf_theropod: docs/prototypes/mammoth.html ‚Ì‹——£ŠÖ”‚©‚çÄ‚¢‚½–Ô–Ú
# —§‚¿pE–Ñ”ç‚İB‘O‚Í+ZiUnityjA‘«‚Ì— ‚Íy=0B’PˆÊ‚Íƒ[ƒgƒ‹‘Š“–
mtllib sdf_theropod.mtl
o sdf_theropod
v -0.0370 1.6922 -3.2067
v 0.0503 1.6887 -3.1986
v 0.0192 1.7386 -3.2108
v 0.0010 1.7544 -3.1925
v 0.0459 1.6662 -3.1699
v -0.0163 1.6442 -3.1790
v 0.0080 1.6417 -3.1720
v -0.0580 1.6856 -3.1532
v 0.0573 1.7886 -3.0614
v 0.0720 1.7443 -3.0832
v -0.0401 1.7421 -3.1870
v 0.0316 1.6628 -3.0369
v -0.0621 1.6872 -2.9846
v 0.0922 1.7340 -2.9427
v -0.0329 1.8490 -2.9741
v -0.0828 1.7449 -3.0416
v 0.1024 1.8500 -2.8438
v -0.0714 1.8340 -2.9481
v 0.1248 1.7778 -2.7278
v -0.1100 1.8215 -2.8510
v 0.0773 1.8892 -2.8338
v -0.1154 1.7565 -2.6627
v -0.0456 1.6802 -2.9123
v 0.0489 1.9125 -2.8245
v 0.0856 1.9423 -2.7214
v -0.0593 1.7104 -2.6509
v -0.0005 1.9649 -2.7374
v 0.0846 1.7151 -2.8450
v -0.1305 1.8046 -2.7356
v -0.0830 1.9462 -2.7174
v -0.1419 1.8905 -2.6752
v 0.1381 1.8470 -2.7056
v 0.0988 1.9490 -2.6931
v 0.1221 1.9722 -2.6423
v -0.1133 1.9892 -2.6279
v -0.0175 2.0419 -2.6175
v 0.0203 1.6959 -2.6838
v 0.0643 2.0386 -2.6006
v -0.1453 1.7705 -2.5889
v -0.1416 1.8241 -2.6823
v 0.0552 1.7079 -2.6384
v 0.1215 1.7516 -2.6222
v 0.1815 1.8232 -2.5276
v 0.1866 1.9178 -2.5413
v -0.0885 2.0452 -2.5629
v -0.1872 1.8772 -2.5521
v -0.1783 1.9584 -2.5209
v 0.1014 2.0533 -2.5191
v 0.0740 1.7088 -2.4846
v -0.1131 1.7311 -2.5121
v 0.0065 2.0782 -2.5281
v -0.0074 1.6896 -2.5099
v 0.1609 1.9833 -2.5400
v -0.1470 2.0031 -2.5448
v 0.0833 2.0787 -2.4393
v -0.1772 1.8111 -2.5142
v 0.0266 1.7159 -2.3579
v 0.1308 1.7475 -2.4615
v 0.0324 2.0963 -2.4331
v -0.0591 1.7260 -2.3401
v -0.1404 1.7726 -2.3627
v 0.1964 1.9138 -2.3978
v -0.1653 2.0156 -2.4122
v -0.0839 2.0896 -2.4038
v -0.0755 2.1126 -2.3600
v -0.1959 1.9231 -2.3867
v 0.1467 2.0385 -2.4139
v 0.1782 1.8286 -2.3814
v 0.1421 2.0686 -2.3589
v -0.0267 2.1527 -2.2902
v -0.0997 1.7433 -2.3501
v -0.1688 1.8045 -2.3371
v 0.0261 1.7191 -2.2798
v 0.0841 1.7350 -2.3227
v -0.1865 2.0093 -2.3451
v -0.1795 2.0882 -2.2312
v 0.0919 2.1190 -2.3288
v -0.1142 2.0897 -2.3636
v 0.1331 1.7658 -2.3498
v 0.1023 2.1448 -2.2530
v 0.0291 2.1150 -2.3813
v 0.2284 1.8968 -2.1852
v -0.2163 1.9533 -2.2767
v 0.1885 2.0556 -2.2702
v 0.1537 2.1152 -2.2366
v -0.1618 2.1450 -2.1616
v 0.0466 1.7229 -2.2374
v 0.1631 1.7926 -2.2927
v -0.1601 1.7917 -2.3122
v -0.1880 1.8536 -2.3704
v 0.0923 1.7373 -2.2422
v -0.0982 2.2309 -2.0591
v -0.0525 1.7243 -2.2223
v -0.2218 1.8448 -2.0582
v 0.2171 1.9590 -2.2812
v 0.2293 2.1666 -1.9709
v 0.1994 2.1382 -2.0893
v -0.2163 2.0506 -2.1914
v -0.1235 1.7521 -2.1562
v -0.1822 1.7935 -2.0563
v 0.0841 2.1868 -2.1745
v -0.0321 2.2665 -2.0156
v 0.2179 1.8408 -2.0798
v -0.2608 2.1253 -1.9485
v -0.1416 2.2124 -2.0479
v 0.0723 2.2501 -2.0388
v 0.2786 2.0460 -1.9576
v 0.1450 2.1704 -2.1394
v -0.1027 2.2521 -2.0038
v 0.0060 2.2667 -2.0173
v -0.0337 1.7180 -1.8710
v -0.2843 2.0204 -1.9450
v -0.2671 2.0488 -2.0028
v -0.2238 2.2031 -1.9332
v -0.2638 1.8918 -1.9272
v 0.2490 1.8931 -2.0279
v -0.2394 1.9427 -2.1633
v 0.2821 1.9598 -1.9316
v 0.1858 2.2160 -1.9738
v -0.1161 2.3137 -1.8939
v -0.0782 1.7294 -1.8910
v 0.2593 1.8786 -1.9130
v 0.1997 2.2204 -1.9460
v -0.1524 2.2469 -1.9663
v -0.0065 2.2846 -1.9792
v 0.1274 1.7480 -1.9149
v -0.1136 1.7431 -1.9648
v 0.0438 1.7223 -1.9184
v -0.2351 1.8178 -1.8392
v 0.2008 1.8018 -1.9258
v -0.2790 1.9345 -1.9179
v 0.1341 2.2741 -1.9410
v 0.0415 2.2760 -1.9909
v 0.1773 1.7751 -1.8709
v 0.2523 1.8505 -1.8682
v 0.3121 1.9788 -1.8398
v -0.2882 1.8621 -1.7618
v 0.2697 2.1003 -1.9458
v 0.1173 2.3350 -1.8570
v 0.2520 1.8336 -1.8172
v 0.2961 1.9041 -1.8207
v -0.2916 1.9400 -1.8832
v 0.2900 2.1665 -1.8460
v -0.1961 2.3138 -1.8062
v 0.0651 1.7229 -1.8802
v 0.2209 1.7918 -1.8035
v 0.2651 2.2463 -1.8085
v -0.1790 2.3348 -1.7964
v 0.0447 2.4064 -1.7342
v -0.0435 1.6981 -1.6890
v 0.0893 1.7100 -1.7233
v 0.2824 1.8419 -1.7401
v -0.3197 1.9389 -1.7840
v 0.3398 2.0127 -1.7688
v -0.0363 2.3788 -1.8119
v 0.1809 1.7478 -1.7153
v -0.2327 1.7852 -1.7247
v 0.3400 2.1236 -1.7589
v -0.3061 2.2350 -1.7172
v -0.2516 2.2784 -1.7786
v 0.2408 2.2906 -1.7864
v -0.1086 2.3909 -1.7370
v -0.1268 1.7344 -1.8017
v -0.2052 1.7596 -1.6966
v 0.3564 1.9885 -1.6731
v -0.3391 2.0786 -1.7783
v -0.2971 2.2076 -1.7915
v -0.3433 2.1394 -1.7218
v 0.3103 2.2313 -1.7112
v 0.2925 2.2738 -1.6294
v 0.1881 2.3578 -1.7226
v -0.1934 2.3593 -1.6976
v 0.2214 1.7678 -1.6073
v 0.3014 1.8491 -1.5982
v -0.3309 2.1910 -1.7063
v -0.0506 2.4116 -1.6916
v 0.1254 1.7139 -1.5670
v -0.1961 1.7495 -1.5890
v -0.3605 2.0811 -1.6624
v 0.3409 2.1608 -1.7051
v -0.2612 2.3011 -1.6907
v -0.1398 1.7196 -1.5972
v -0.2399 1.7804 -1.5977
v 0.3348 1.9178 -1.6327
v 0.2656 2.3164 -1.5571
v -0.3173 1.8835 -1.6636
v 0.3726 2.0755 -1.5000
v 0.2078 2.3700 -1.5305
v 0.0374 1.6944 -1.5793
v -0.2871 1.8288 -1.5173
v -0.3487 1.9878 -1.7271
v 0.3638 1.9898 -1.5158
v 0.1382 2.3999 -1.5802
v 0.0701 2.4237 -1.5466
v 0.0188 2.4281 -1.5625
v -0.0352 1.6940 -1.5948
v -0.2326 1.7737 -1.4929
v -0.3513 1.9462 -1.5133
v -0.3509 1.9473 -1.5214
v -0.3585 1.9702 -1.5133
v 0.3063 2.2874 -1.4839
v -0.2065 2.3698 -1.5380
v 0.2769 1.8137 -1.4911
v -0.2981 1.8274 -1.4476
v -0.3540 1.9461 -1.4893
v -0.3540 1.9462 -1.4897
v -0.3540 1.9462 -1.4893
v -0.3172 2.2592 -1.5213
v -0.3540 1.9356 -1.4653
v 0.3571 2.1680 -1.5114
v 0.0951 2.4303 -1.4923
v 0.0060 1.6634 -1.2780
v -0.1777 1.7342 -1.4677
v -0.3775 1.9804 -1.4165
v -0.2341 2.3782 -1.4291
v 0.3008 1.8220 -1.4023
v 0.3314 1.8848 -1.4680
v 0.3957 2.1035 -1.3769
v -0.3105 2.2959 -1.4410
v -0.2927 2.3235 -1.4300
v -0.1602 2.4032 -1.5083
v 0.0701 1.6971 -1.4805
v -0.1233 1.7108 -1.4712
v -0.3586 2.2333 -1.3959
v 0.2132 2.3779 -1.4849
v -0.1807 1.7261 -1.4138
v -0.2279 1.7503 -1.3845
v -0.3329 1.8911 -1.4751
v 0.3731 1.9864 -1.4531
v 0.4008 2.0389 -1.3472
v -0.3698 2.1167 -1.5042
v 0.1437 2.4258 -1.4462
v -0.1391 2.4395 -1.4015
v -0.0056 2.4506 -1.4584
v -0.3946 2.1931 -1.3066
v -0.3279 2.2836 -1.4123
v 0.2997 2.3002 -1.4740
v -0.2663 2.3774 -1.3527
v -0.0549 2.4820 -1.3204
v 0.1810 1.7343 -1.4618
v 0.3624 1.9083 -1.3646
v -0.1187 2.4686 -1.3208
v -0.0754 2.4318 -1.5024
v 0.2553 1.7708 -1.3780
v 0.2881 1.7658 -1.2162
v 0.3644 1.9375 -1.4189
v -0.3757 1.9352 -1.3543
v -0.2601 2.4198 -1.2330
v -0.0251 1.6889 -1.4522
v -0.1279 1.6848 -1.2898
v 0.2919 2.3714 -1.2957
v 0.2179 2.4030 -1.3893
v -0.0642 1.6850 -1.3943
v -0.2533 1.6987 -1.0113
v 0.3166 1.8386 -1.3940
v -0.3999 2.1456 -1.3313
v 0.3819 2.2457 -1.2808
v 0.1399 1.6533 -1.0562
v -0.3068 1.7940 -1.2618
v -0.3139 1.8370 -1.3992
v -0.4037 1.9850 -1.2854
v 0.3787 2.1856 -1.3881
v -0.3818 2.2723 -1.2297
v 0.3606 2.3051 -1.2423
v 0.3298 2.3543 -1.2236
v 0.2281 2.4605 -1.1721
v -0.4223 1.8968 -1.0303
v -0.0642 2.5374 -1.1033
v 0.0732 1.6457 -1.1167
v -0.2747 1.7520 -1.2049
v 0.3616 1.8232 -1.1170
v 0.3746 1.8713 -1.2052
v 0.4614 2.1139 -1.0512
v -0.3405 2.3423 -1.2211
v -0.0098 2.5597 -1.0341
v -0.1689 1.6889 -1.2174
v -0.3104 2.3936 -1.1762
v -0.2213 2.4862 -1.1007
v -0.1219 1.6491 -1.0734
v 0.1948 1.7276 -1.3783
v -0.2961 1.7394 -1.0560
v 0.4403 1.9268 -1.0023
v 0.3134 2.3983 -1.1571
v 0.0466 2.4691 -1.3746
v 0.0654 2.5620 -1.0101
v -0.1678 1.6666 -1.0787
v -0.3707 2.0136 -1.4893
v -0.3792 2.3138 -1.1545
v -0.3620 2.3824 -1.0448
v -0.3280 2.4239 -1.0336
v 0.2693 2.4573 -1.0889
v -0.2828 2.4670 -1.0251
v 0.3058 1.7362 -1.0104
v -0.3245 1.7639 -1.0494
v -0.3872 1.8354 -1.0373
v -0.4678 2.0855 -1.0205
v -0.3875 2.4035 -0.9267
v -0.1964 2.4547 -1.2531
v -0.0314 1.6356 -1.0780
v 0.3545 1.7953 -1.0425
v 0.4182 1.8872 -1.0309
v 0.4641 2.0443 -1.0242
v 0.4665 2.2029 -0.9728
v 0.4311 2.2954 -0.9878
v 0.3421 2.4031 -1.0531
v 0.1049 1.6366 -1.0193
v -0.3069 1.7310 -0.9862
v 0.4526 1.9872 -1.0365
v 0.4926 2.0530 -0.9149
v -0.4567 2.2045 -1.0139
v -0.4166 2.2888 -1.0574
v 0.2877 2.4776 -0.9866
v 0.1748 2.5073 -1.1037
v -0.2182 2.5122 -1.0162
v -0.1402 2.5472 -1.0051
v 0.1228 2.5541 -0.9954
v -0.0364 1.6209 -0.9939
v 0.3260 1.7387 -0.9588
v 0.3869 1.8246 -1.0051
v 0.4989 2.1269 -0.8952
v 0.4207 2.3082 -1.0035
v -0.3572 2.4122 -0.9856
v 0.0397 1.6106 -0.9460
v -0.1764 1.6165 -0.8700
v -0.2062 1.6463 -0.9206
v -0.1701 1.6531 -1.0023
v 0.2213 1.6789 -1.0078
v 0.3640 2.4092 -0.9733
v -0.2863 2.4873 -0.9656
v -0.2570 1.6811 -0.9393
v -0.3819 1.8147 -1.0009
v 0.3789 2.3725 -1.0167
v 0.2376 2.5196 -0.9636
v 0.4226 1.8350 -0.9074
v 0.4590 1.9388 -0.9477
v 0.2069 1.6333 -0.8894
v 0.3005 1.6969 -0.8969
v 0.5490 2.0631 -0.7468
v -0.4782 2.1164 -0.9720
v 0.4650 2.2599 -0.9222
v 0.4196 2.3546 -0.9325
v 0.2678 2.5306 -0.8866
v 0.0454 1.5785 -0.8494
v -0.3161 1.7164 -0.9139
v 0.3620 1.7314 -0.8521
v -0.4155 1.8187 -0.8959
v -0.4854 2.0652 -0.9439
v -0.4424 2.2837 -0.9683
v -0.4215 2.4487 -0.7744
v 0.2751 2.5567 -0.8285
v -0.2456 2.5231 -0.9410
v 0.1615 2.5705 -0.9141
v -0.1135 2.5779 -0.9300
v -0.1769 1.5980 -0.8185
v 0.3130 1.6789 -0.8317
v -0.4143 2.3801 -0.9009
v 0.3577 2.4735 -0.8576
v -0.3650 2.4692 -0.8496
v 0.0749 2.5919 -0.9121
v 0.2446 1.6345 -0.8316
v 0.4613 1.8392 -0.8075
v 0.4844 1.8726 -0.7936
v -0.4635 1.9349 -0.9250
v 0.4940 1.9218 -0.8191
v -0.4692 1.9890 -0.9560
v 0.5221 1.9253 -0.7535
v -0.4326 2.4184 -0.7991
v 0.1445 2.6144 -0.8252
v -0.0455 2.6155 -0.8657
v -0.0691 1.5917 -0.8724
v -0.4345 1.8389 -0.8760
v -0.3589 2.5178 -0.7742
v 0.2786 2.5749 -0.7801
v 0.1624 2.6252 -0.7897
v 0.0381 1.5362 -0.7447
v -0.2488 1.6081 -0.7672
v 0.2901 1.6161 -0.7391
v 0.3683 1.7032 -0.7831
v 0.4499 1.7728 -0.7387
v -0.4551 1.7825 -0.7440
v -0.4919 2.2472 -0.8581
v -0.4940 2.3332 -0.7680
v -0.4594 2.4040 -0.7629
v -0.2977 2.5740 -0.7549
v -0.2045 2.6172 -0.7719
v 0.1490 1.5874 -0.8157
v -0.0771 1.5313 -0.7219
v -0.3470 1.6846 -0.7884
v -0.5205 1.9084 -0.7379
v 0.5387 1.9822 -0.7452
v -0.5460 2.1568 -0.7468
v 0.5471 2.1376 -0.7609
v 0.5323 2.2328 -0.7567
v 0.4076 2.4723 -0.7704
v -0.0536 2.6470 -0.7887
v 0.0095 1.5256 -0.7224
v 0.3978 1.7048 -0.7337
v -0.5467 2.0393 -0.7466
v 0.4755 2.3745 -0.7693
v 0.2005 2.6273 -0.7335
v -0.2116 1.5689 -0.7200
v -0.3001 1.6141 -0.7151
v -0.3562 1.6620 -0.7254
v -0.4139 1.7253 -0.7344
v -0.4712 1.8066 -0.7440
v -0.4720 2.4077 -0.6962
v -0.4153 2.4735 -0.7364
v -0.3042 2.5937 -0.6591
v -0.0925 1.4959 -0.6127
v -0.1317 1.5417 -0.7215
v 0.2060 1.5684 -0.7255
v 0.3397 1.6313 -0.6788
v 0.4919 1.8301 -0.7124
v 0.5404 2.2529 -0.7002
v 0.4349 2.4908 -0.6095
v 0.3260 2.5452 -0.7700
v 0.1118 2.6683 -0.6813
v 0.0446 2.6526 -0.7772
v -0.1376 2.6497 -0.7319
v 0.1294 1.5389 -0.7159
v 0.4031 1.6783 -0.6501
v -0.3826 1.6885 -0.7314
v -0.5376 1.9716 -0.7363
v -0.5006 2.3251 -0.7661
v 0.4964 2.3599 -0.7059
v 0.4057 2.5237 -0.6113
v 0.0390 1.4763 -0.5775
v 0.3924 1.6008 -0.4862
v -0.4625 1.7550 -0.6614
v 0.5260 1.9325 -0.7471
v 0.5890 2.0838 -0.5265
v -0.2603 2.6302 -0.6229
v 0.2829 2.6156 -0.6334
v 0.2357 1.5271 -0.5740
v -0.3709 1.6180 -0.5720
v 0.3205 1.5659 -0.5433
v 0.5643 1.9301 -0.5497
v -0.4252 2.5091 -0.5866
v 0.3660 2.5627 -0.6013
v 0.2394 2.6474 -0.6011
v 0.1695 2.6685 -0.6271
v -0.1951 1.5096 -0.5720
v 0.3889 1.6346 -0.5703
v -0.5506 2.0979 -0.7449
v -0.5225 2.2695 -0.7573
v -0.5205 2.3435 -0.6284
v 0.3526 2.5779 -0.5951
v -0.0509 2.6953 -0.6176
v -0.0928 1.4505 -0.4959
v -0.2400 1.5315 -0.5752
v -0.2925 1.5750 -0.6136
v -0.4000 1.6151 -0.5017
v 0.4865 1.7776 -0.6211
v -0.5657 1.9610 -0.5863
v -0.5582 2.1849 -0.6670
v -0.5651 2.2425 -0.5650
v 0.2745 2.6764 -0.4646
v -0.1259 2.6865 -0.6076
v 0.4262 1.6499 -0.5130
v -0.4789 1.7283 -0.5358
v -0.5541 1.8738 -0.5182
v 0.5500 1.8894 -0.5624
v 0.5753 2.2264 -0.5316
v -0.5253 2.3682 -0.5467
v 0.5449 2.3266 -0.5366
v 0.5018 2.4149 -0.5481
v -0.4922 2.4451 -0.5156
v -0.4161 2.5445 -0.5168
v 0.4038 2.5749 -0.4719
v 0.1195 1.4727 -0.5333
v 0.0736 1.4374 -0.4692
v -0.2789 1.5368 -0.5370
v -0.4643 2.4906 -0.5068
v -0.3427 2.6069 -0.5274
v -0.2151 2.6459 -0.6496
v -0.2715 2.6632 -0.5066
v -0.0148 2.7215 -0.5424
v 0.1719 1.4594 -0.4668
v 0.5933 1.9887 -0.4660
v 0.6270 2.1644 -0.3377
v 0.2953 2.6433 -0.5199
v 0.1827 2.7071 -0.4938
v 0.2538 1.5070 -0.4976
v 0.4713 1.6963 -0.4927
v -0.5459 1.8257 -0.4779
v 0.5190 1.7991 -0.5356
v 0.5645 1.8762 -0.4785
v 0.6086 2.0178 -0.4170
v 0.5891 2.2845 -0.4027
v 0.5195 2.3980 -0.5126
v -0.3978 2.5852 -0.4608
v -0.0832 2.7455 -0.4586
v -0.0804 1.4339 -0.4596
v 0.3206 1.5258 -0.4491
v -0.4484 1.6178 -0.3956
v 0.5033 1.7088 -0.4224
v -0.5202 1.6969 -0.3544
v -0.6045 2.1754 -0.4310
v -0.5781 2.3137 -0.4122
v -0.5803 2.2435 -0.4929
v -0.4781 2.5232 -0.3913
v -0.1917 2.7187 -0.4553
v 0.0673 2.7834 -0.3671
v 0.0627 2.7212 -0.5351
v 0.0115 1.4326 -0.4700
v 0.1388 1.3729 -0.2926
v -0.2451 1.4835 -0.4585
v -0.3544 1.5585 -0.4629
v -0.4052 1.5770 -0.4062
v 0.4536 1.6266 -0.4017
v -0.5108 1.7540 -0.4834
v 0.5882 1.8832 -0.3950
v 0.6159 2.0718 -0.3961
v -0.5970 2.2462 -0.4084
v -0.5940 2.2582 -0.4093
v -0.5137 2.4631 -0.4035
v 0.4714 2.4873 -0.4901
v -0.3383 2.6721 -0.3734
v -0.2752 1.4313 -0.3051
v -0.3306 1.5137 -0.4048
v -0.6210 2.0588 -0.3711
v -0.5999 2.2582 -0.3853
v 0.3694 2.6076 -0.4703
v -0.2194 2.7716 -0.2965
v 0.0520 1.3576 -0.2925
v -0.3186 1.4816 -0.3565
v 0.3906 1.5142 -0.3081
v -0.4674 1.6225 -0.3588
v -0.5651 1.7907 -0.3681
v 0.6150 1.9317 -0.3512
v -0.6069 2.3202 -0.2973
v -0.4081 2.6194 -0.3585
v -0.0948 2.7689 -0.3984
v 0.2230 1.4119 -0.3200
v -0.2044 1.4181 -0.3489
v -0.3742 1.4891 -0.2877
v 0.5353 1.6858 -0.2997
v 0.5985 1.8646 -0.3501
v -0.6043 1.9579 -0.3975
v 0.6245 1.9804 -0.3458
v 0.6425 2.0408 -0.3153
v 0.6107 2.3387 -0.2680
v 0.5584 2.4124 -0.3463
v -0.5694 2.4398 -0.2674
v 0.4430 2.5612 -0.4036
v -0.4738 2.5733 -0.3027
v 0.3829 2.6241 -0.4004
v 0.2145 2.7401 -0.3773
v -0.0775 1.3486 -0.2512
v -0.2486 1.4068 -0.2731
v 0.5084 1.6036 -0.2307
v -0.4636 1.5846 -0.2988
v 0.5412 1.7415 -0.3665
v 0.5676 1.7946 -0.3630
v -0.3984 2.6719 -0.2620
v -0.3780 2.6662 -0.3138
v 0.2804 2.7345 -0.3136
v -0.2870 2.7141 -0.3525
v 0.1386 2.7889 -0.3197
v -0.1476 1.3815 -0.3083
v 0.4683 1.5837 -0.2871
v 0.6299 2.2106 -0.3116
v 0.5462 2.4728 -0.2883
v -0.4847 2.5768 -0.2723
v 0.3490 2.6979 -0.2951
v 0.1134 2.8177 -0.2579
v -0.0725 1.3658 -0.3074
v -0.1395 1.3637 -0.2584
v 0.3337 1.4592 -0.2861
v 0.4765 1.5757 -0.2497
v -0.4959 1.6030 -0.2588
v -0.5715 1.7311 -0.2798
v -0.6009 1.7468 -0.2327
v -0.5950 1.9227 -0.4042
v 0.6670 1.8891 -0.2156
v -0.6168 1.9452 -0.3518
v 0.5013 2.5569 -0.2660
v 0.4147 2.6591 -0.2574
v -0.0019 2.8358 -0.2378
v -0.4774 1.5848 -0.2687
v 0.5867 1.7836 -0.3025
v 0.6901 2.0450 -0.2088
v -0.6301 2.1423 -0.3373
v -0.5512 2.3771 -0.4236
v -0.5617 2.4903 -0.2097
v 0.1965 2.7955 -0.2526
v 0.1554 1.3606 -0.2396
v 0.3516 1.4595 -0.2530
v -0.3830 1.4663 -0.1941
v -0.4123 1.5047 -0.2384
v -0.6624 1.8343 -0.1870
v 0.6563 2.2496 -0.2110
v 0.6681 2.2952 -0.1226
v -0.3568 2.7209 -0.2233
v -0.4022 2.6989 -0.1783
v 0.0171 2.8514 -0.1695
v 0.0432 1.3372 -0.2247
v 0.3669 1.4459 -0.1752
v 0.6597 2.2340 -0.2134
v -0.6255 2.2565 -0.2963
v 0.6021 2.4290 -0.1648
v 0.5686 2.4844 -0.1935
v -0.4565 2.6478 -0.1659
v 0.4573 2.6409 -0.1895
v 0.2744 2.7596 -0.2691
v -0.0958 1.3320 -0.1860
v 0.2060 1.3766 -0.2457
v 0.5563 1.5655 -0.0810
v 0.5669 1.6918 -0.2381
v 0.6803 1.8733 -0.1704
v 0.6913 1.8952 -0.1618
v 0.7194 2.1024 -0.1266
v 0.6994 2.1575 -0.1568
v -0.5956 2.4060 -0.2321
v -0.5252 2.5594 -0.1812
v 0.3986 2.6962 -0.1867
v -0.1998 2.8021 -0.2330
v -0.0439 2.8297 -0.2593
v 0.0143 1.3066 -0.0651
v -0.2320 1.3784 -0.2169
v -0.2767 1.3688 -0.0315
v 0.2926 1.3719 -0.0634
v -0.3394 1.4221 -0.1450
v -0.4710 1.5347 -0.1563
v 0.6003 1.7995 -0.2884
v -0.7020 1.9442 -0.1656
v -0.7152 2.0962 -0.1425
v -0.5051 2.5942 -0.1453
v -0.1690 2.8258 -0.1730
v 0.1233 1.3343 -0.1565
v 0.4563 1.5283 -0.1973
v -0.5302 1.5928 -0.1415
v -0.6310 1.7119 -0.1059
v 0.6366 1.7595 -0.1681
v -0.6613 2.2733 -0.1727
v -0.6625 2.3350 -0.0664
v -0.5826 2.4743 -0.1487
v 0.4203 2.6946 -0.1196
v 0.3330 2.7585 -0.1219
v 0.2748 2.7890 -0.1473
v -0.2811 2.7793 -0.1808
v 0.1459 2.8387 -0.1385
v -0.1635 2.8357 -0.1214
v -0.3780 1.4344 -0.0762
v -0.4975 1.5348 -0.0850
v -0.6560 1.7999 -0.1679
v 0.7038 1.9478 -0.1633
v 0.7345 1.9869 -0.0994
v 0.7203 2.1750 -0.0742
v 0.5467 2.5394 -0.1569
v 0.5127 2.5964 -0.0959
v -0.4227 2.7022 -0.0448
v -0.2802 2.7974 -0.0613
v 0.0463 2.8582 -0.0682
v -0.1867 2.8390 -0.0660
v 0.3936 0.5480 -0.0723
v -0.1703 1.3314 -0.0642
v 0.4991 1.4743 -0.0394
v 0.6087 1.6372 -0.0809
v -0.5769 1.6256 -0.0930
v 0.6662 1.7523 -0.0882
v -0.7017 1.8763 -0.1290
v 0.7045 1.8095 -0.0486
v -0.6749 2.2896 -0.1017
v 0.3020 0.5554 -0.0458
v 0.3113 0.6367 -0.0564
v 0.4571 0.5947 -0.0747
v 0.3971 0.6488 -0.0767
v -0.0685 1.3109 -0.0613
v 0.3989 1.4289 -0.0786
v -0.4389 1.4430 0.0463
v 0.4545 1.4319 -0.0309
v 0.5655 1.5983 -0.1100
v 0.5436 2.5649 -0.0081
v -0.5090 2.6043 -0.0831
v 0.3683 2.7408 -0.0654
v 0.4986 0.5312 -0.0338
v 0.3532 0.4686 -0.0128
v 0.5421 0.6184 -0.0133
v 0.3272 0.6920 -0.0419
v 0.1551 1.3230 -0.0470
v 0.7500 1.9942 -0.0258
v 0.7500 2.0302 -0.0282
v 0.7431 2.1161 -0.0320
v 0.7277 2.2183 0.0464
v 0.7018 2.2628 -0.0226
v -0.6057 2.4614 0.0017
v -0.4442 2.6812 0.0177
v 0.4397 2.6863 -0.0393
v 0.3300 0.7926 0.0103
v 0.4268 0.8030 0.0015
v 0.3947 1.3697 0.0073
v 0.4841 1.3926 0.0368
v -0.4574 1.4762 -0.0221
v 0.5879 1.5393 -0.0041
v -0.5733 1.5806 -0.0160
v 0.6599 1.6143 0.0525
v 0.7500 1.9559 0.0074
v -0.7533 2.0182 -0.0129
v -0.7333 2.0381 -0.1067
v -0.7197 2.1938 -0.0723
v 0.6857 2.3102 0.0350
v -0.6644 2.3438 -0.0297
v -0.5066 2.6128 0.0246
v -0.4397 2.6857 0.0771
v 0.0420 2.8582 0.1076
v -0.1549 2.8469 0.0503
v 0.4889 0.7514 -0.0010
v -0.2281 1.3458 0.0408
v -0.3418 1.3936 0.0242
v -0.5205 1.5268 -0.0155
v -0.5877 1.5539 0.0610
v 0.6392 1.6184 0.0011
v 0.7174 1.7652 0.0662
v -0.6725 1.7148 -0.0009
v -0.7504 1.9491 -0.0088
v -0.7329 2.1654 -0.0323
v 0.1405 2.8484 -0.0674
v 0.2353 0.5660 0.0256
v 0.5649 0.5439 0.0393
v 0.5422 0.7501 0.0510
v 0.4856 0.8242 0.0276
v 0.2494 1.3329 0.0084
v 0.1237 1.3088 0.0591
v 0.0232 1.3038 0.0664
v -0.0137 1.3029 0.0801
v 0.4246 1.3238 0.0695
v 0.5115 1.4080 0.0416
v 0.6989 1.7606 -0.0043
v -0.7301 1.9019 -0.0575
v 0.6688 2.3488 0.1054
v -0.6445 2.3919 0.0697
v -0.5771 2.5088 0.0490
v -0.5473 2.5596 0.0301
v -0.3388 2.7652 0.0312
v 0.2693 2.8057 -0.0024
v 0.4201 0.4267 0.0392
v 0.4669 0.4845 -0.0207
v 0.5688 0.7184 0.0801
v 0.2698 0.7800 0.0501
v 0.5818 1.4773 0.0495
v 0.7500 1.9269 0.1427
v 0.7500 2.0907 0.0077
v -0.7264 2.2148 0.1100
v 0.6723 2.3404 0.0433
v 0.5044 2.6150 0.0516
v 0.2540 0.5281 0.0130
v 0.5811 0.5589 0.1040
v 0.2305 0.6430 0.0397
v 0.4551 0.8850 0.0344
v 0.3384 1.1197 0.1148
v 0.3864 1.2362 0.1084
v 0.2746 1.2984 0.0771
v 0.1806 1.2798 0.1394
v 0.1727 1.3081 0.0675
v 0.5242 1.3671 0.0854
v 0.5817 1.4252 0.0929
v 0.6383 1.4999 0.1185
v -0.6372 1.5778 0.1303
v 0.6920 1.6093 0.1601
v -0.7259 1.7917 0.1100
v 0.7447 1.8881 0.1828
v -0.6486 2.3738 0.1614
v 0.4382 2.6867 0.0483
v -0.3456 2.7487 0.1698
v -0.2589 2.8062 0.0884
v 0.1604 2.8460 0.0305
v 0.2211 0.5650 0.1049
v 0.5230 1.1008 0.1374
v 0.4729 1.1116 0.1162
v 0.4441 1.2628 0.1121
v -0.1296 1.3173 0.1031
v 0.5380 1.3212 0.1228
v -0.5529 1.4849 0.1104
v -0.7040 1.7448 0.0768
v 0.7421 1.8687 0.0635
v 0.5590 2.5357 0.0978
v -0.5147 2.6000 0.0870
v 0.3810 2.7327 0.1013
v -0.0705 2.8582 0.0081
v 0.4494 0.3802 0.1146
v 0.2191 0.6647 0.1539
v 0.5796 0.7203 0.1660
v 0.5726 0.7981 0.1158
v 0.2724 0.9451 0.0930
v 0.5585 0.9439 0.1245
v 0.4252 1.1400 0.1109
v 0.3361 1.1919 0.1221
v 0.5026 1.2177 0.1372
v 0.0669 1.3032 0.1520
v -0.2530 1.3440 0.1181
v -0.3407 1.3524 0.1513
v 0.6053 1.3369 0.1781
v -0.4160 1.3900 0.1238
v -0.5513 1.4442 0.1704
v -0.5560 1.5060 0.0848
v -0.6935 1.6658 0.1772
v -0.7633 2.0803 0.1147
v -0.5839 2.4891 0.1291
v 0.5028 0.4097 0.1284
v 0.5268 0.4309 0.1496
v 0.2720 0.4198 0.1653
v -0.3552 0.5997 0.1631
v 0.6018 0.8550 0.2375
v 0.2341 0.7628 0.1000
v 0.2645 1.1450 0.1562
v 0.5691 1.1325 0.1810
v 0.2762 1.2431 0.1265
v 0.5553 1.2351 0.1645
v 0.6478 1.4097 0.2080
v 0.6669 1.4900 0.1941
v 0.6816 1.5459 0.1946
v 0.7036 1.6362 0.2344
v 0.7500 2.1145 0.1337
v 0.7499 2.1051 0.1906
v -0.6939 2.2788 0.1730
v -0.7104 2.2626 0.0946
v -0.6084 2.4442 0.1529
v 0.5453 2.5471 0.1610
v 0.4560 2.6550 0.1640
v -0.2488 2.7968 0.1893
v -0.1414 2.8269 0.2301
v 0.5463 0.4538 0.1902
v -0.4667 0.5320 0.1855
v 0.5597 0.6610 0.2186
v -0.4419 0.6286 0.1645
v -0.3493 0.6895 0.1876
v 0.5889 0.7754 0.2041
v 0.6222 1.0629 0.2613
v 0.5996 1.2555 0.2000
v -0.1519 1.3210 0.1879
v -0.4555 1.3168 0.2473
v 0.7500 2.0782 0.1789
v -0.4696 2.6365 0.1891
v -0.4034 2.6960 0.2125
v 0.3887 2.7125 0.1779
v -0.4014 2.6844 0.2771
v 0.2106 2.8245 0.1138
v 0.0793 2.8509 0.1611
v -0.0948 2.8464 0.1779
v -0.3981 0.4882 0.1992
v -0.3356 0.5028 0.1995
v 0.2253 0.7023 0.1967
v -0.4746 0.6850 0.1953
v 0.1994 0.9219 0.2077
v 0.1697 1.2703 0.1683
v -0.0505 1.3228 0.2921
v -0.3256 1.3221 0.2072
v -0.5585 1.4071 0.2227
v 0.6909 2.2909 0.1702
v 0.5281 2.5683 0.1921
v 0.2932 2.7754 0.2020
v -0.2568 2.7753 0.2712
v 0.1980 2.8107 0.2147
v 0.4556 0.2342 0.2725
v 0.5008 0.2935 0.2545
v 0.3018 0.3990 0.1360
v 0.2490 0.4654 0.2008
v -0.3733 0.4382 0.2578
v -0.5057 0.5048 0.2360
v -0.2534 0.6132 0.2291
v -0.2805 0.6527 0.2130
v -0.4164 0.8560 0.2605
v 0.6238 1.1075 0.2528
v 0.2210 1.1533 0.1940
v 0.6733 1.4448 0.2603
v 0.6852 1.5001 0.2728
v -0.6470 1.5288 0.2215
v -0.6755 1.6200 0.1768
v -0.7153 1.7214 0.2076
v 0.7171 1.7429 0.2561
v -0.7025 2.2259 0.2355
v -0.5341 2.5453 0.2381
v 0.4154 2.6774 0.2412
v 0.2687 0.6264 0.2554
v -0.5291 0.6287 0.2128
v -0.4679 0.8163 0.2583
v -0.3238 0.8037 0.2574
v 0.1675 1.2195 0.2312
v -0.3970 1.2501 0.3088
v 0.0302 1.3098 0.2943
v -0.5275 1.3618 0.2437
v 0.6880 1.2857 0.3933
v 0.6732 1.3826 0.3041
v 0.7217 1.8303 0.2705
v -0.7644 2.0195 0.1034
v 0.7248 2.1408 0.2554
v -0.7313 2.1598 0.2074
v -0.6876 2.2790 0.2204
v 0.6533 2.2945 0.3059
v 0.6407 2.3639 0.2346
v 0.4318 0.0824 0.4178
v 0.3708 0.3814 0.1063
v 0.2621 0.5146 0.2653
v 0.5255 0.5346 0.2804
v 0.4873 0.5685 0.3058
v 0.5218 0.6584 0.2765
v 0.5467 0.7024 0.2718
v 0.5575 0.7363 0.2855
v 0.1973 0.8679 0.2265
v -0.3779 0.9456 0.2902
v 0.6295 1.0285 0.3344
v 0.1880 1.0751 0.2390
v 0.1161 1.2632 0.2592
v 0.6641 1.2913 0.2947
v -0.5092 1.3015 0.2915
v 0.6903 1.5794 0.3260
v 0.7005 1.8273 0.3427
v 0.6842 2.2685 0.2447
v -0.3518 2.7010 0.3411
v 0.1615 2.8076 0.2820
v 0.1321 2.8259 0.2414
v 0.0794 2.8289 0.2715
v 0.3700 0.1607 0.3354
v 0.3304 0.2028 0.3137
v -0.3648 0.3867 0.3390
v -0.4867 0.4702 0.2524
v -0.2813 0.5027 0.2436
v -0.5076 0.4100 0.3771
v -0.5261 0.4770 0.2947
v -0.5678 0.5403 0.3046
v 0.3031 0.5950 0.2915
v -0.5596 0.5772 0.2548
v 0.2598 0.6739 0.2642
v -0.2772 0.7887 0.2839
v 0.5885 0.8590 0.3177
v -0.3095 1.2131 0.3421
v -0.4815 1.2587 0.3161
v -0.1689 1.2917 0.3480
v -0.1536 1.3093 0.2913
v -0.5599 1.3634 0.2711
v -0.6264 1.4762 0.2421
v -0.6615 1.4884 0.3154
v -0.7266 1.9903 0.2941
v 0.7122 2.0294 0.3153
v 0.4415 2.6412 0.2884
v -0.4274 0.3849 0.3403
v 0.3350 0.5996 0.3117
v -0.5836 0.5970 0.3422
v 0.4329 0.5718 0.3325
v -0.2180 0.5833 0.3156
v 0.4659 0.6562 0.3175
v 0.2770 0.7425 0.3339
v 0.2445 0.7498 0.2994
v 0.6103 0.8937 0.2481
v -0.2817 0.9527 0.3300
v 0.1688 1.0624 0.2995
v -0.2765 1.0320 0.3551
v -0.3739 1.1387 0.3498
v -0.2922 1.2383 0.3360
v -0.2607 1.3102 0.2372
v -0.6066 1.3900 0.3028
v -0.7159 1.7119 0.2819
v -0.7187 1.8234 0.3432
v -0.6807 2.2160 0.3164
v -0.4866 2.5842 0.3072
v -0.4632 2.6086 0.3240
v 0.3610 2.7054 0.3043
v -0.1591 2.8005 0.3136
v 0.1171 2.8127 0.3218
v -0.0059 2.8359 0.2649
v 0.4759 0.1799 0.3439
v -0.4568 0.3844 0.3536
v 0.3121 0.4159 0.4219
v 0.3068 0.7009 0.3297
v -0.2270 0.7284 0.3479
v 0.3063 0.7580 0.3701
v -0.5499 0.7699 0.3100
v 0.5035 0.7828 0.3823
v 0.5265 0.8428 0.4075
v 0.5667 0.8964 0.3987
v -0.5044 0.8340 0.2836
v 0.6542 1.0944 0.3973
v 0.6612 1.1436 0.3319
v 0.1196 1.2025 0.3687
v -0.3083 1.1233 0.3613
v -0.4539 1.1761 0.3485
v 0.6671 1.4665 0.4232
v 0.7079 1.9198 0.3314
v -0.7044 2.1510 0.3004
v 0.5987 2.4069 0.3033
v -0.5135 2.5554 0.2943
v -0.2606 2.7419 0.3883
v 0.2651 2.7653 0.3006
v 0.2925 0.2496 0.3143
v 0.5197 0.1098 0.5488
v 0.2778 0.2576 0.3380
v 0.5493 0.5234 0.2245
v -0.2472 0.4989 0.3284
v 0.3542 0.6574 0.3258
v -0.2150 0.8017 0.3947
v -0.2241 1.1176 0.4220
v -0.5295 1.1101 0.3820
v -0.4689 1.1103 0.3525
v 0.0915 1.2730 0.3891
v 0.6827 1.2532 0.3871
v 0.6782 1.4259 0.3059
v -0.6900 1.6011 0.2776
v 0.6779 1.5771 0.3762
v 0.6430 1.8472 0.4651
v 0.6837 2.0975 0.3699
v 0.6018 2.2407 0.4963
v 0.5855 2.3195 0.4739
v 0.5492 2.4382 0.4219
v -0.5646 2.4461 0.3541
v 0.2668 2.7367 0.3934
v -0.1224 2.8058 0.3301
v 0.5306 0.2543 0.3727
v -0.3153 0.3086 0.4553
v -0.4383 0.2935 0.4375
v 0.2789 0.3340 0.4323
v 0.3596 0.5511 0.3464
v -0.5383 0.4426 0.4090
v -0.2542 0.4519 0.4225
v -0.5766 0.7042 0.4216
v -0.5730 0.7533 0.3562
v 0.4781 0.6990 0.3406
v -0.5676 0.8863 0.3638
v 0.1800 1.0024 0.3653
v 0.1524 1.0933 0.4209
v -0.5339 1.2274 0.3689
v -0.2124 1.2398 0.3866
v -0.1233 1.2942 0.4486
v -0.6445 1.3482 0.4186
v 0.6806 1.6598 0.3720
v 0.6367 2.0189 0.4843
v 0.6029 2.2564 0.4827
v -0.6692 2.3010 0.2494
v 0.4634 2.5753 0.4018
v 0.4318 2.5932 0.4448
v -0.3941 2.6114 0.4913
v -0.3441 2.6803 0.4162
v 0.4726 0.0696 0.4604
v 0.5144 0.1406 0.5782
v 0.5021 0.3206 0.4765
v -0.2946 0.4023 0.3827
v 0.4865 0.4296 0.4137
v -0.2221 0.7081 0.4220
v 0.2633 0.8162 0.3783
v 0.2152 0.8903 0.3637
v -0.2227 0.9830 0.4004
v 0.5873 0.9673 0.4262
v -0.5769 1.1146 0.4261
v 0.0464 1.3151 0.3971
v -0.5894 1.3052 0.3621
v 0.6740 1.3296 0.4838
v -0.7077 1.7393 0.3781
v 0.6683 2.1795 0.3740
v 0.6219 2.1727 0.4884
v -0.5313 2.4748 0.4127
v -0.4602 2.5399 0.4953
v 0.2546 2.6935 0.5359
v -0.1728 2.7856 0.3594
v 0.3512 0.0559 0.4519
v 0.5031 0.0572 0.5247
v 0.2812 0.1014 0.5645
v -0.5014 0.0764 0.7392
v 0.3825 0.3939 0.4823
v 0.4317 0.4291 0.4462
v -0.2451 0.6235 0.4635
v 0.4205 0.6610 0.3333
v -0.6067 0.9183 0.4681
v 0.2587 0.9503 0.4717
v -0.5698 0.9798 0.3857
v -0.6268 1.0707 0.5111
v 0.6803 1.2236 0.4879
v 0.1462 1.1491 0.5062
v -0.1954 1.2083 0.4305
v -0.6141 1.2505 0.4346
v -0.0742 1.3279 0.4964
v -0.6955 1.5798 0.3640
v 0.6364 1.7457 0.4663
v -0.7142 2.0419 0.3202
v 0.6210 2.0703 0.5232
v -0.6060 2.2824 0.4519
v -0.0444 2.7999 0.3907
v 0.4322 0.0269 0.4751
v 0.4877 0.3686 0.4573
v 0.4428 0.3020 0.5461
v -0.2024 0.8385 0.5006
v 0.3890 0.8371 0.4515
v 0.5437 0.9669 0.4844
v 0.2328 1.0073 0.5020
v 0.6177 1.0756 0.5001
v 0.6589 1.1628 0.4956
v -0.6794 1.4866 0.3903
v 0.6287 1.5114 0.4896
v 0.6554 1.6570 0.4292
v 0.5999 1.8172 0.5437
v -0.7110 1.9230 0.3588
v -0.6121 2.0405 0.5772
v -0.6123 2.1505 0.5367
v -0.5613 2.3800 0.4766
v -0.5460 2.4112 0.4787
v -0.4953 2.4988 0.4776
v 0.5139 2.5322 0.3514
v 0.3958 2.5995 0.5164
v 0.3255 2.6892 0.4278
v -0.2423 2.6999 0.5333
v 0.2922 0.2427 0.5308
v -0.2635 0.3190 0.5546
v -0.2715 0.5335 0.5161
v -0.5435 0.5521 0.4743
v -0.2541 0.5080 0.4838
v -0.1775 1.0654 0.5046
v -0.6303 1.1637 0.4931
v -0.1563 1.2391 0.4735
v -0.0175 1.3358 0.4215
v -0.5913 2.2684 0.5190
v -0.3202 2.6643 0.5051
v 0.3682 2.6417 0.4702
v -0.2816 2.6889 0.5025
v 0.1850 2.7426 0.4757
v -0.1846 2.7308 0.5106
v 0.1093 2.7483 0.5230
v -0.0081 2.7730 0.4862
v 0.3830 0.0088 0.5028
v 0.2984 0.0618 0.5136
v -0.4709 0.2567 0.4969
v 0.4994 0.2646 0.5240
v 0.3899 0.3612 0.5045
v -0.5412 0.4713 0.5262
v -0.3088 0.5670 0.5434
v -0.2479 0.6954 0.4997
v 0.3469 0.9140 0.4978
v -0.1815 0.9862 0.5267
v 0.1965 1.0833 0.5372
v 0.0971 1.2959 0.4883
v 0.0727 1.3356 0.5151
v -0.6736 1.3859 0.5069
v 0.5583 1.6801 0.5778
v 0.6191 1.9609 0.5302
v 0.5859 2.2452 0.5808
v 0.5319 2.4230 0.5112
v 0.5318 2.3833 0.6164
v 0.0345 2.7580 0.5233
v 0.4651 0.0212 0.5265
v 0.4804 0.0430 0.5955
v 0.3102 0.0389 0.5294
v 0.2952 0.1448 0.6014
v -0.3253 0.6522 0.5543
v -0.5153 0.6447 0.5202
v -0.2942 0.6649 0.5384
v -0.3109 0.6939 0.5682
v 0.4739 0.9528 0.5196
v -0.1489 1.1026 0.5955
v 0.5995 1.0923 0.5482
v 0.6540 1.1769 0.5312
v -0.6633 1.3210 0.4974
v 0.6436 1.4400 0.4970
v 0.5966 1.5958 0.5221
v -0.6717 1.5721 0.5455
v -0.6508 1.8244 0.5211
v -0.6362 2.0143 0.5155
v -0.2991 2.6641 0.5478
v -0.1159 2.7448 0.5313
v 0.5034 0.1379 0.6131
v 0.3407 0.2788 0.5557
v -0.4928 0.5689 0.5448
v -0.4419 0.6594 0.5692
v -0.2755 0.7706 0.5954
v -0.5636 0.7067 0.4853
v 0.4405 0.9353 0.5152
v -0.6122 0.9761 0.6094
v 0.3416 0.9580 0.5311
v 0.5643 1.1132 0.6087
v -0.0063 1.3604 0.5485
v 0.4845 1.5854 0.6368
v 0.5607 2.3516 0.5264
v -0.5367 2.3887 0.5671
v -0.5114 2.4339 0.5732
v -0.4417 2.5286 0.5955
v -0.4409 2.5345 0.5718
v -0.0407 2.7427 0.5857
v 0.3817 0.0049 0.5776
v -0.3966 0.0207 0.7165
v -0.3433 0.1826 0.5646
v -0.4689 0.0418 0.7248
v -0.2860 0.2188 0.6018
v -0.5106 0.4719 0.5906
v -0.3482 0.5460 0.5857
v -0.3967 0.5734 0.5770
v -0.4756 0.7305 0.6021
v -0.5235 0.7358 0.5705
v 0.2191 1.1093 0.5936
v -0.6742 1.1913 0.6066
v -0.1080 1.2579 0.6013
v 0.6400 1.3102 0.5706
v 0.6056 1.4358 0.5570
v -0.6681 1.4795 0.5862
v 0.5477 1.7700 0.6717
v -0.6259 1.8705 0.5675
v 0.5838 1.8469 0.6006
v 0.5758 2.2693 0.6062
v -0.3912 2.5690 0.6450
v 0.2578 2.6752 0.5956
v -0.2308 2.6804 0.6316
v 0.1449 2.7250 0.5832
v 0.3133 0.0505 0.5894
v 0.4625 0.1948 0.6176
v 0.4006 0.1768 0.6566
v -0.5525 0.4873 0.4514
v -0.2221 0.8883 0.6124
v -0.1917 0.9719 0.6176
v 0.3802 1.0431 0.6193
v -0.1359 1.1336 0.6759
v -0.6637 1.1277 0.6630
v 0.6184 1.1914 0.6043
v 0.1434 1.3227 0.5918
v -0.0815 1.3205 0.6250
v -0.6570 1.4878 0.6170
v 0.5505 1.7302 0.6126
v -0.6590 1.7277 0.5258
v 0.6020 2.1251 0.6156
v 0.4623 2.5209 0.5406
v -0.4955 2.4429 0.6322
v 0.4118 2.5453 0.6581
v 0.0115 2.7334 0.6241
v 0.4076 0.0788 0.6580
v 0.3610 0.0619 0.6414
v -0.4156 0.1227 0.6093
v 0.4594 0.1405 0.6530
v -0.2993 0.0705 0.7385
v -0.4620 0.5326 0.5893
v -0.5106 0.8135 0.6394
v -0.2978 0.8306 0.6567
v -0.5269 0.8567 0.6580
v 0.4742 1.0835 0.6436
v 0.5256 1.1097 0.6373
v 0.2557 1.1086 0.6264
v 0.1804 1.1832 0.5958
v 0.2574 1.1651 0.6592
v 0.5728 1.2980 0.6490
v -0.0738 1.3500 0.7217
v -0.6780 1.4421 0.5367
v 0.5197 1.4276 0.6326
v 0.5325 1.5153 0.5936
v -0.6273 1.6409 0.6123
v -0.6093 1.8897 0.6100
v 0.3615 2.5978 0.6311
v 0.3090 2.6382 0.6249
v -0.1612 2.7068 0.6358
v 0.3261 0.1448 0.6430
v -0.5208 0.2883 0.7110
v -0.2997 0.4068 0.6575
v -0.3563 0.7309 0.6148
v -0.4658 0.8199 0.6687
v 0.3401 1.1376 0.6811
v 0.5872 1.2215 0.6373
v 0.2406 1.2837 0.6629
v 0.5372 1.2234 0.6757
v -0.6893 1.2710 0.6836
v 0.2208 1.3450 0.6635
v 0.1347 1.3745 0.6491
v 0.1503 1.3972 0.7276
v -0.0617 1.3709 0.7935
v 0.4527 1.4279 0.6629
v 0.4073 1.4789 0.6790
v -0.6277 1.5792 0.6348
v 0.4610 1.5614 0.6583
v 0.5848 1.8858 0.6475
v -0.6029 1.9013 0.6255
v 0.6018 2.0460 0.6680
v -0.5433 2.3394 0.6795
v -0.4713 2.4712 0.6709
v -0.4156 0.0404 0.6974
v -0.5056 0.2894 0.7353
v -0.1780 1.0435 0.6743
v 0.4418 1.1427 0.6860
v -0.1258 1.1888 0.7058
v 0.4146 1.2409 0.7126
v 0.3133 1.2487 0.6945
v 0.5010 1.3047 0.6878
v 0.3370 1.3901 0.6890
v 0.2961 1.3931 0.6882
v -0.6550 1.3097 0.7914
v 0.3624 1.4571 0.6977
v -0.6047 1.6299 0.6513
v 0.4972 1.6719 0.7185
v -0.5581 2.3093 0.6512
v -0.2919 2.6404 0.6674
v -0.0874 2.7192 0.6619
v 0.0118 2.7178 0.7307
v -0.3335 0.0379 0.7265
v -0.3361 0.3608 0.7278
v -0.3897 0.2823 0.8105
v -0.4582 0.4152 0.6875
v -0.3418 0.9117 0.7357
v -0.5239 0.9371 0.7187
v -0.2617 0.9377 0.7044
v -0.5885 0.9736 0.6679
v 0.3286 1.2021 0.6977
v -0.1093 1.3027 0.7503
v 0.4086 1.3985 0.6824
v -0.6753 1.3493 0.6825
v 0.2697 1.4381 0.7362
v 0.4448 1.5799 0.6970
v 0.5976 1.9402 0.5968
v -0.5842 2.2351 0.6217
v 0.4938 2.4321 0.6938
v 0.4622 2.4847 0.6591
v -0.4502 2.4889 0.7369
v 0.4148 2.5281 0.7546
v -0.4127 2.5226 0.8331
v -0.3575 2.5787 0.7831
v 0.1339 2.7129 0.6444
v -0.1924 2.6728 0.8088
v -0.3572 0.9846 0.8028
v -0.5390 0.9834 0.7453
v -0.6268 1.0953 0.7466
v -0.1670 1.1791 0.8205
v 0.3914 1.5381 0.7483
v -0.4755 1.5664 0.8270
v -0.5355 1.6515 0.7466
v -0.5954 2.1395 0.6952
v 0.5732 2.2305 0.8197
v 0.4796 2.4422 0.8161
v 0.4349 2.5033 0.7625
v 0.2807 2.6332 0.7869
v -0.2835 2.6302 0.8013
v 0.0838 2.7067 0.7582
v -0.4101 0.0000 0.7671
v -0.2800 0.1220 0.8081
v -0.4746 0.3514 0.7249
v -0.2259 0.9766 0.6980
v -0.1518 1.1845 0.7864
v -0.6783 1.2106 0.7341
v 0.1154 1.3931 0.7782
v 0.3424 1.4804 0.7312
v -0.5986 1.5317 0.7007
v -0.5861 1.8906 0.6955
v 0.5550 2.3009 0.7195
v -0.5406 2.3348 0.7399
v 0.3494 2.5848 0.7986
v 0.2099 2.6855 0.6541
v -0.1184 2.7011 0.7457
v -0.3403 0.0167 0.8068
v -0.5142 0.0843 0.7726
v -0.3006 0.1993 0.8123
v -0.5095 0.2207 0.7757
v -0.3579 0.3005 0.7863
v -0.2852 1.0486 0.8324
v -0.5222 1.0146 0.7925
v -0.5806 1.0918 0.8159
v -0.6450 1.1756 0.7934
v -0.6292 1.3267 0.8194
v -0.6090 1.4650 0.7420
v -0.5452 1.6900 0.7337
v 0.5501 1.7843 0.8391
v -0.4946 2.4228 0.7476
v -0.4876 0.0382 0.8078
v -0.3073 0.0511 0.8171
v -0.4645 0.2605 0.8075
v -0.3216 0.1546 0.8744
v -0.4293 0.1874 0.8823
v -0.4189 0.9233 0.7505
v -0.1666 1.3666 0.8798
v 0.2513 1.4396 0.8018
v -0.5177 1.4870 0.8210
v 0.3446 1.5029 0.8153
v -0.5102 1.5188 0.8055
v 0.5920 2.0650 1.0052
v -0.3113 0.0908 0.8609
v -0.5200 0.0955 0.7952
v -0.2167 1.0946 0.8142
v 0.2312 1.4329 1.0164
v 0.4634 1.6255 0.9612
v -0.5134 1.6919 0.8211
v 0.5929 1.9371 0.6726
v -0.5968 1.9699 0.6642
v -0.5990 2.0369 0.7296
v 0.5183 2.3543 1.0166
v -0.3606 2.5702 0.8387
v -0.2798 2.6273 0.8486
v 0.2791 2.6203 0.9600
v -0.4207 0.0168 0.8378
v -0.2529 1.1349 0.8763
v -0.1811 1.2694 0.8559
v -0.1429 1.3338 0.8297
v 0.4417 1.5973 0.8713
v -0.5611 1.8091 0.7416
v 0.5864 2.1408 0.9668
v 0.4868 2.4114 1.0003
v -0.4700 2.4355 1.0096
v -0.3267 2.5897 0.9444
v 0.0907 2.7006 0.8266
v -0.1121 2.6972 0.7996
v -0.4896 0.0846 0.8547
v -0.3731 0.0571 0.8818
v -0.4871 0.1501 0.8694
v -0.3693 0.1842 0.8844
v -0.5911 1.3786 0.8389
v -0.5441 1.3889 0.8693
v 0.5054 1.6916 0.9054
v -0.5969 2.0776 0.7909
v -0.4388 0.0804 0.8932
v -0.3808 0.1327 0.9045
v -0.5051 1.0701 0.8576
v -0.4998 1.1400 0.9054
v -0.2372 1.1950 0.8933
v -0.5923 1.2651 0.8791
v -0.2390 1.3530 0.9058
v -0.5081 1.3147 0.9250
v 0.0106 1.3811 0.9129
v -0.4096 1.4560 0.8966
v -0.4046 1.4925 0.9022
v -0.4295 1.5641 0.9064
v -0.4857 1.6557 0.8913
v 0.5932 2.0204 0.9800
v 0.5482 2.3129 0.7728
v -0.5113 2.3815 0.8651
v -0.4437 2.4732 0.9842
v -0.4368 2.4874 0.9191
v 0.1828 2.6740 0.8324
v -0.3937 1.1196 0.9173
v -0.5605 1.1721 0.8901
v -0.3454 1.1150 0.9110
v -0.4055 1.3557 0.9328
v -0.0772 1.3832 0.9105
v -0.1728 1.3956 0.9325
v 0.2219 1.4274 0.9474
v 0.3429 1.4999 0.9375
v -0.3958 1.5349 0.9479
v -0.5825 1.9055 0.9538
v -0.5916 1.9692 0.9104
v -0.3968 2.5243 1.0000
v 0.1192 2.6910 0.8534
v -0.4602 1.1910 0.9377
v -0.3958 1.2462 0.9516
v -0.3559 1.2480 0.9486
v -0.4504 1.2346 0.9443
v -0.3540 1.3222 0.9374
v -0.3068 1.4033 0.9244
v -0.3291 1.4831 0.9779
v 0.5398 1.7629 0.9706
v -0.5896 2.1435 0.8666
v -0.5565 2.2621 1.0132
v 0.2742 2.6207 0.9701
v -0.2481 2.6339 0.9866
v 0.0008 2.7033 0.8934
v 0.0211 1.3805 0.9771
v -0.1439 1.4042 1.0458
v 0.5552 1.8222 1.0636
v 0.5776 1.8861 1.0270
v 0.5465 2.2913 0.9938
v 0.4346 2.4818 1.0311
v 0.3844 2.5383 0.9973
v -0.4072 2.5000 1.1121
v -0.1980 2.6566 0.9849
v 0.1689 2.6652 1.0198
v 0.0784 2.6886 0.9736
v -0.0865 2.6846 1.0226
v -0.2126 1.4262 1.0174
v -0.2541 1.4353 0.9812
v 0.3955 1.5468 0.9657
v 0.4821 1.6621 1.0640
v 0.5039 1.7060 1.0999
v -0.5738 1.8697 0.9690
v -0.5309 2.3191 1.0493
v -0.3282 2.5713 1.0851
v -0.5003 1.6825 0.9799
v -0.5938 2.0258 0.9777
v -0.5744 2.2017 0.9794
v -0.2915 2.5894 1.1405
v -0.2251 1.4393 1.0949
v 0.2423 1.4464 1.0806
v 0.5705 1.8752 1.0425
v 0.5761 1.9162 1.0835
v 0.5698 2.2060 1.0412
v -0.5430 2.2534 1.1438
v -0.5090 2.3735 0.9965
v 0.4469 2.4584 1.0615
v 0.0082 1.3856 1.0776
v 0.0967 1.3899 0.9920
v -0.3272 1.4982 1.0851
v 0.2961 1.4738 1.0635
v -0.4316 1.5933 1.0560
v -0.4761 1.6608 1.0913
v -0.5830 1.9603 1.0775
v 0.5780 1.9724 1.1201
v 0.5781 2.1209 1.1003
v -0.5850 2.1238 1.0467
v -0.5701 2.1744 1.0955
v -0.4818 2.4062 1.0673
v 0.5107 2.3481 1.1012
v -0.4330 2.4564 1.1493
v -0.1820 2.6552 1.0534
v 0.5705 2.0109 1.1926
v 0.5475 2.2556 1.1050
v -0.5055 2.3467 1.1373
v 0.4505 2.4290 1.1610
v 0.3575 2.5433 1.1076
v 0.2773 2.6040 1.1063
v 0.0445 2.6837 1.0677
v -0.0678 1.3989 1.1264
v 0.1920 1.4381 1.1764
v -0.3472 1.5234 1.1307
v 0.4250 1.5978 1.1191
v 0.5265 1.8359 1.2650
v 0.5243 2.2891 1.1718
v 0.0931 2.6764 1.0809
v -0.0299 1.4096 1.2081
v -0.5536 1.8103 1.0518
v 0.4177 2.4644 1.1802
v -0.3849 2.5024 1.1826
v 0.2384 2.6170 1.1427
v 0.1972 2.6408 1.1146
v -0.0432 2.6747 1.1236
v -0.0952 1.4084 1.1605
v -0.3425 1.5284 1.1809
v 0.3933 1.5590 1.1165
v -0.4369 1.6539 1.2564
v 0.5171 1.7562 1.1591
v 0.5676 2.1350 1.1751
v 0.5063 2.3179 1.2018
v -0.4877 2.3592 1.1829
v 0.1804 2.6378 1.1587
v 0.0060 2.6643 1.1747
v -0.1267 1.4284 1.2229
v 0.1395 1.4253 1.2064
v -0.2439 1.4621 1.1752
v -0.2663 1.4898 1.2338
v -0.3941 1.5699 1.1562
v 0.5009 1.7359 1.1874
v -0.5133 1.7360 1.1358
v -0.5773 2.0559 1.1413
v -0.4374 2.4257 1.2144
v 0.3671 2.5059 1.2212
v 0.3046 2.5663 1.1795
v 0.2723 2.5825 1.1985
v -0.2063 2.6240 1.1746
v 0.0122 2.6369 1.2966
v -0.1161 2.6569 1.1579
v -0.3706 1.5712 1.2418
v 0.2875 1.5221 1.2940
v 0.4263 1.6153 1.2023
v 0.4989 1.7765 1.2778
v -0.5302 1.8485 1.2576
v 0.5556 2.0750 1.2458
v -0.4916 2.3315 1.2278
v -0.0730 2.6251 1.3231
v 0.0196 1.4115 1.2226
v 0.2869 1.4942 1.2078
v -0.4436 1.7090 1.3392
v -0.5642 2.1388 1.1767
v -0.5483 2.1048 1.2583
v -0.5078 2.2906 1.2335
v 0.4607 2.3776 1.2417
v 0.3412 2.5066 1.2807
v -0.3407 2.5156 1.2559
v -0.2910 2.5752 1.1817
v 0.1027 2.6275 1.2799
v 0.1173 1.4730 1.3716
v 0.3896 1.6095 1.2798
v -0.5110 1.7969 1.2677
v -0.5613 2.0074 1.2263
v 0.5368 2.0026 1.3259
v 0.5291 2.2101 1.2580
v -0.4580 2.3577 1.2916
v 0.3974 2.4440 1.2925
v -0.0916 1.4394 1.2946
v -0.2018 1.4637 1.2585
v 0.2290 1.4868 1.2989
v 0.3399 1.5656 1.2932
v -0.5531 1.8779 1.3108
v -0.5374 2.1504 1.2810
v -0.5226 2.2329 1.2559
v 0.4151 2.2651 1.5905
v -0.2539 2.5561 1.3268
v -0.2045 2.5693 1.3764
v -0.2994 1.5489 1.3346
v -0.3648 1.6116 1.3412
v 0.4913 1.7707 1.3147
v -0.5461 1.8359 1.3345
v 0.5734 1.8963 1.3818
v 0.4900 2.1514 1.4276
v 0.4847 2.2224 1.3929
v 0.4183 2.3804 1.3831
v 0.2712 2.5391 1.3542
v 0.1549 2.6095 1.2979
v 0.3553 1.5977 1.3320
v -0.5470 1.9404 1.2745
v -0.4776 2.2593 1.3773
v -0.4457 2.3076 1.4222
v -0.4099 2.3948 1.3807
v 0.3577 2.4253 1.4733
v 0.2461 2.5922 1.2206
v 0.0723 2.6084 1.3936
v -0.0584 2.6229 1.3293
v -0.2348 1.5058 1.3335
v -0.2810 1.5653 1.3924
v 0.3249 1.5993 1.3892
v 0.4320 1.6869 1.3313
v 0.4483 1.7173 1.3556
v -0.4532 1.7140 1.3789
v -0.5035 2.0271 1.4184
v 0.4797 2.2687 1.3577
v 0.0236 1.4488 1.3398
v -0.1657 1.4904 1.3694
v 0.3923 1.6865 1.4210
v 0.4950 1.7178 1.4011
v 0.5457 1.8807 1.2904
v -0.5274 2.0209 1.3507
v 0.0180 1.5138 1.4741
v -0.1848 1.5215 1.4116
v 0.2224 1.5381 1.4138
v -0.1859 1.5373 1.4393
v -0.3990 1.6939 1.4367
v -0.5084 1.6937 1.4284
v 0.5526 1.9399 1.4283
v 0.4569 2.1770 1.5208
v -0.4707 2.2200 1.4453
v 0.2782 2.5246 1.3881
v -0.2020 2.5590 1.4496
v 0.1773 1.5731 1.5015
v -0.2926 1.6037 1.4411
v 0.2567 1.5907 1.4634
v -0.3394 1.6589 1.4510
v -0.5544 1.7544 1.4282
v 0.5085 2.0318 1.4063
v 0.3788 2.3634 1.5588
v 0.3036 2.4939 1.4290
v -0.3231 2.5063 1.3356
v 0.1649 2.5826 1.4016
v -0.0832 1.4840 1.4062
v -0.3476 1.6804 1.4730
v -0.5254 1.5940 1.5263
v 0.5701 1.7684 1.4779
v -0.5687 1.9181 1.4074
v 0.4626 2.0925 1.5236
v -0.4784 2.1650 1.4594
v -0.3935 2.3563 1.5267
v 0.2061 2.5510 1.4896
v 0.0793 2.5993 1.4617
v -0.4808 1.6331 1.4759
v -0.3840 1.6932 1.4869
v 0.2646 1.6821 1.5600
v 0.4031 1.6749 1.4952
v 0.5642 1.7286 1.4867
v 0.4759 2.0061 1.4861
v -0.4524 2.1968 1.5245
v -0.4437 2.2413 1.5158
v -0.2714 2.5102 1.4658
v -0.1422 2.5894 1.3986
v -0.0472 2.6062 1.4443
v -0.1825 1.5702 1.4911
v 0.4924 1.4680 1.6332
v 0.4369 1.6826 1.4412
v -0.4255 1.5896 1.5687
v 0.5471 1.7585 1.4103
v -0.5429 1.9330 1.4507
v -0.4922 2.0329 1.4444
v -0.3540 2.4004 1.5603
v -0.3003 2.4741 1.5150
v -0.1209 2.5916 1.5866
v -0.0592 1.5769 1.5548
v 0.1841 1.6232 1.5554
v -0.4569 1.6077 1.5081
v -0.2526 1.6245 1.5059
v -0.5547 1.7232 1.5656
v 0.3444 1.6865 1.4812
v 0.5181 1.8931 1.4983
v 0.4442 1.9191 1.5297
v 0.4431 2.2322 1.5263
v 0.2678 2.4976 1.5707
v 0.2909 2.4737 1.5762
v 0.1876 2.5585 1.5404
v 0.0138 2.6130 1.5694
v 0.1097 1.5921 1.5560
v 0.4151 1.6144 1.5761
v -0.5635 1.6421 1.5776
v -0.3280 1.7311 1.5450
v 0.3644 1.7170 1.5155
v -0.3672 1.7407 1.5282
v -0.4935 1.9044 1.5087
v -0.3995 1.7992 1.5542
v -0.4326 1.8573 1.5475
v 0.4176 1.8866 1.5551
v -0.4728 1.9535 1.5053
v -0.4587 1.9817 1.5179
v 0.3931 2.3137 1.5912
v 0.4544 1.5139 1.6119
v 0.5448 1.5148 1.6161
v -0.1554 1.6223 1.5731
v 0.3917 1.7259 1.5472
v 0.1959 1.7140 1.6489
v -0.2422 1.7112 1.6118
v -0.4006 1.6738 1.5553
v 0.5408 1.7551 1.5696
v 0.4130 1.8015 1.5552
v 0.3578 1.7866 1.5627
v -0.4012 1.8739 1.5711
v -0.4228 2.2394 1.5888
v 0.4100 2.1794 1.6588
v -0.2249 2.5360 1.5623
v -0.0927 1.6853 1.6702
v -0.1453 1.6502 1.6091
v -0.4276 1.6897 1.6082
v -0.5354 1.6432 1.6446
v 0.4657 1.8438 1.5461
v 0.2730 1.7802 1.6538
v -0.4668 1.7982 1.5732
v -0.4862 1.6702 1.6473
v -0.3443 1.8249 1.6101
v 0.4178 1.9344 1.5792
v 0.4200 2.1122 1.6412
v -0.3794 2.2952 1.6589
v 0.3434 2.3758 1.6715
v -0.3155 2.4370 1.6173
v 0.2484 2.5250 1.6943
v 0.0961 2.5989 1.5678
v -0.4443 1.4925 1.6682
v 0.5449 1.6200 1.6522
v 0.4436 1.6285 1.6511
v 0.5510 1.6892 1.5930
v 0.1458 1.6568 1.6163
v 0.2219 1.7501 1.6678
v 0.3672 1.8864 1.6309
v -0.3896 1.9884 1.6606
v -0.4299 2.0563 1.6053
v 0.3274 2.3195 1.8080
v -0.0783 2.6351 1.6592
v 0.5595 1.4991 1.6700
v -0.4973 1.4673 1.6316
v -0.5512 1.5381 1.6915
v 0.4480 1.7376 1.6013
v 0.0610 1.6458 1.6326
v -0.2357 1.7566 1.6637
v -0.2968 1.7658 1.6132
v 0.2900 1.8742 1.7237
v 0.3587 2.0007 1.7234
v -0.3620 2.3241 1.6885
v 0.1927 2.5664 1.6414
v 0.5197 1.4713 1.6936
v 0.4326 1.5586 1.6559
v 0.4543 1.5288 1.7052
v -0.4403 1.5579 1.6739
v -0.5073 1.6036 1.6845
v -0.0404 1.7475 1.7469
v -0.2134 1.7249 1.6501
v -0.2723 1.8117 1.6839
v -0.3474 1.9446 1.7043
v -0.3806 2.0706 1.7161
v -0.4121 2.1392 1.6580
v 0.3661 2.2420 1.7326
v 0.3176 2.4241 1.6646
v 0.0246 2.6588 1.6741
v -0.4826 1.4808 1.7033
v -0.5553 1.4916 1.6574
v 0.5437 1.5259 1.7078
v -0.4863 1.5384 1.7224
v 0.4958 1.5629 1.7128
v 0.0019 1.7006 1.6987
v 0.0309 1.7256 1.7234
v -0.1636 1.7703 1.7274
v 0.1761 1.7960 1.7464
v 0.2157 1.8722 1.7921
v -0.3217 1.8552 1.6683
v 0.3235 1.9227 1.7196
v 0.3889 2.1856 1.6967
v 0.2882 2.4727 1.7547
v -0.2944 2.4606 1.7453
v -0.2251 2.5462 1.6680
v -0.1404 2.6238 1.6823
v 0.1804 2.6126 1.7064
v 0.4626 1.4693 1.6768
v -0.5205 1.4667 1.6841
v -0.5266 1.5095 1.7189
v 0.5000 1.5237 1.7248
v -0.5226 1.5431 1.7153
v -0.2462 1.8186 1.7169
v 0.3136 2.0139 1.7931
v 0.3536 2.0548 1.7525
v 0.3196 2.2735 1.8333
v -0.2594 2.5211 1.7158
v 0.1495 2.6384 1.7098
v -0.1234 2.6693 1.7277
v 0.0969 2.6324 1.6656
v 0.0430 1.7677 1.7655
v -0.2894 1.8920 1.7371
v 0.3104 1.9186 1.7343
v 0.3263 1.9784 1.7544
v -0.3355 2.0419 1.7737
v 0.3682 2.1087 1.7395
v 0.3183 2.3986 1.7559
v 0.1901 2.6924 1.8135
v -0.0445 1.8309 1.8288
v 0.1257 1.7940 1.7691
v -0.1584 1.8083 1.7679
v 0.1970 1.8240 1.7592
v -0.1945 1.8148 1.7517
v -0.2263 1.8700 1.7812
v 0.2838 1.9353 1.7779
v -0.2805 1.9514 1.7914
v -0.3035 1.9730 1.7818
v -0.3785 2.1712 1.7252
v -0.3417 2.2915 1.7706
v -0.3374 2.3551 1.7305
v 0.2405 2.5733 1.7519
v -0.1995 2.6125 1.7366
v 0.1289 2.7361 1.8075
v 0.0301 1.8009 1.7999
v 0.1529 1.8641 1.8221
v 0.2237 1.8963 1.8020
v -0.2459 1.8999 1.7870
v 0.2223 1.9295 1.8307
v -0.2884 2.1806 1.8720
v -0.3458 2.2423 1.7780
v 0.3164 2.2274 1.8385
v -0.2374 2.5761 1.7540
v 0.2733 2.5887 1.8413
v -0.1855 2.6312 1.7409
v -0.1974 2.6618 1.7902
v -0.1142 2.7626 1.8349
v -0.1269 1.8339 1.8071
v -0.2088 1.9129 1.8283
v 0.3177 2.0731 1.8056
v -0.3552 2.1991 1.7628
v 0.3095 2.3824 1.8481
v 0.2990 2.4720 1.8280
v -0.0541 2.7560 1.7956
v -0.0262 1.8154 1.8142
v 0.1168 1.7872 1.7682
v 0.0546 1.8747 1.8662
v 0.1039 1.8598 1.8377
v -0.1338 1.8837 1.8466
v -0.2153 1.9613 1.8559
v -0.2769 1.9940 1.8210
v 0.2519 2.0559 1.8696
v -0.2993 2.0604 1.8234
v 0.3220 2.1429 1.8150
v 0.2798 2.3044 1.9377
v 0.2293 2.6880 1.8684
v -0.2369 2.6587 1.8479
v 0.1681 2.7368 1.8574
v 0.0526 2.7818 1.8421
v 0.0538 2.7677 1.8092
v 0.1334 1.9394 1.8871
v -0.1532 1.9251 1.8681
v 0.2299 1.9668 1.8475
v 0.2716 2.1435 1.8825
v -0.3110 2.4149 1.7536
v 0.3063 2.4082 1.9095
v -0.2737 2.5517 1.8116
v -0.1808 2.7100 1.8243
v -0.1414 2.7749 1.9120
v -0.2096 2.7207 1.9025
v 0.1174 2.7698 1.8689
v -0.0288 2.7891 1.8562
v -0.1042 1.9294 1.8904
v -0.2028 1.9761 1.8748
v -0.2470 2.0894 1.8873
v -0.3013 2.2295 1.8648
v 0.3115 2.3385 1.8459
v -0.3058 2.4085 1.8854
v 0.3040 2.5199 1.9120
v 0.2605 2.6575 1.9067
v -0.2204 2.7003 1.8826
v -0.1114 2.7825 1.8986
v 0.0191 1.9051 1.8917
v 0.0625 1.9628 1.9200
v -0.0673 1.9052 1.8859
v 0.1728 2.0193 1.9095
v -0.1254 2.0494 1.9503
v 0.2155 2.1164 1.9284
v -0.2117 2.0439 1.8976
v 0.2203 2.2066 1.9731
v -0.2659 2.1554 1.8933
v -0.3127 2.3160 1.8512
v -0.3070 2.3727 1.8744
v 0.3082 2.4567 1.9252
v -0.3074 2.4784 1.9158
v 0.3073 2.5162 1.9725
v -0.3012 2.4882 1.8506
v 0.2223 2.7184 1.9550
v 0.2601 2.2381 1.9371
v -0.3051 2.2759 1.8725
v 0.2910 2.3542 1.9427
v -0.2516 2.6724 1.9019
v 0.1233 2.7827 1.9162
v -0.0244 1.9235 1.9013
v 0.0953 2.0421 1.9553
v 0.1492 2.0787 1.9532
v -0.1991 2.1066 1.9388
v 0.2100 2.1535 1.9521
v -0.1931 2.1305 1.9536
v -0.2016 2.1656 1.9665
v -0.2789 2.3141 1.9449
v 0.2909 2.4013 1.9943
v -0.2129 2.7216 2.0030
v -0.1644 2.7585 2.0123
v 0.1768 2.7537 1.9669
v 0.0410 2.8075 1.9215
v 0.0574 2.0494 1.9696
v 0.1507 2.1653 2.0041
v -0.2348 2.2667 2.0003
v 0.2900 2.5955 2.0092
v 0.2915 2.6006 1.9505
v -0.2948 2.5928 1.9508
v 0.1736 2.7586 1.9920
v 0.0738 2.8006 2.0013
v -0.0732 2.8029 1.9394
v -0.1303 2.1108 1.9825
v 0.0815 2.1446 2.0248
v -0.0668 2.0900 1.9927
v -0.1421 2.1942 2.0345
v -0.2136 2.2170 1.9881
v 0.1851 2.2080 2.0118
v 0.1788 2.2281 2.0426
v 0.2619 2.3173 1.9988
v -0.3025 2.4304 1.9681
v -0.1203 2.7793 2.0243
v 0.1274 2.2074 2.0647
v -0.0279 2.1355 2.0301
v -0.1024 2.1736 2.0424
v -0.1879 2.2392 2.0456
v -0.2615 2.3261 2.0105
v 0.2815 2.4559 2.1002
v 0.2527 2.6470 2.0676
v -0.2668 2.6519 1.9860
v 0.2324 2.6982 2.0036
v 0.2004 2.7175 2.0472
v 0.1890 2.7188 2.0805
v -0.0247 2.8060 2.0162
v 0.0353 2.1500 2.0402
v -0.2582 2.3792 2.1095
v 0.2632 2.3979 2.1174
v 0.2877 2.5215 2.0785
v -0.3034 2.5284 2.0054
v -0.2769 2.5997 2.0580
v -0.1095 2.2134 2.1115
v 0.1808 2.2538 2.0824
v -0.2053 2.2786 2.0823
v 0.2312 2.2788 2.0215
v 0.2587 2.3629 2.0744
v -0.2683 2.5857 2.1025
v -0.2320 2.6790 2.0630
v 0.0057 2.1715 2.0750
v -0.0399 2.1871 2.1059
v -0.1706 2.2525 2.1103
v 0.2701 2.4366 2.1347
v -0.2858 2.4755 2.0902
v 0.0847 2.7753 2.0804
v 0.0263 2.7782 2.1026
v -0.0040 2.1858 2.1407
v 0.2471 2.5579 2.1986
v 0.2220 2.6223 2.1829
v 0.1615 2.6786 2.2058
v 0.1542 2.7547 2.0539
v -0.1646 2.7256 2.1045
v -0.0720 2.7652 2.1142
v -0.0261 2.7815 2.0923
v 0.1220 2.2207 2.1388
v -0.1143 2.2128 2.1667
v 0.2109 2.2942 2.1065
v 0.2643 2.4529 2.2134
v -0.2495 2.5663 2.1813
v -0.2424 2.6337 2.1122
v 0.1944 2.2829 2.1442
v 0.2232 2.5990 2.2383
v -0.2060 2.6517 2.1714
v -0.1658 2.6702 2.2165
v 0.0430 2.7340 2.1999
v 0.0243 2.1532 2.2162
v -0.0767 2.1924 2.1811
v -0.1725 2.2557 2.1638
v -0.2243 2.3181 2.1824
v -0.2580 2.3982 2.1882
v -0.0136 2.7334 2.2093
v -0.1072 2.7116 2.2052
v 0.1247 2.2048 2.2089
v 0.0294 2.1798 2.1692
v 0.2136 2.2990 2.1912
v 0.2605 2.5169 2.2866
v -0.2262 2.5942 2.2307
v -0.1478 2.6790 2.2370
v -0.0542 2.7247 2.2183
v -0.1411 2.2016 2.2405
v 0.2694 2.4586 2.2958
v -0.2576 2.5266 2.2803
v -0.2009 2.6271 2.2349
v 0.1155 2.7064 2.2089
v -0.0459 2.7152 2.2849
v -0.0401 2.1197 2.2705
v 0.1006 2.1296 2.2975
v -0.1241 2.1803 2.2514
v -0.1560 2.2166 2.2387
v 0.2126 2.2769 2.2448
v 0.2501 2.3640 2.2169
v -0.2628 2.4185 2.2314
v -0.2244 2.5924 2.2804
v -0.1591 2.6650 2.2955
v 0.0385 2.0927 2.3342
v -0.1390 2.1494 2.3208
v -0.1991 2.2295 2.3202
v -0.2592 2.5009 2.2025
v 0.1520 2.6709 2.3192
v 0.0959 2.7006 2.3043
v 0.1732 2.2048 2.2961
v 0.1783 2.6500 2.2552
v -0.2100 2.6212 2.2941
v -0.1538 2.6715 2.3126
v 0.0090 2.7183 2.2891
v 0.2466 2.3125 2.3213
v -0.2124 2.2352 2.3704
v 0.2501 2.2973 2.4137
v 0.2737 2.4327 2.3417
v -0.0703 2.7082 2.3397
v -0.1159 2.1102 2.3587
v 0.1814 2.1902 2.3495
v -0.2244 2.5877 2.4545
v 0.2053 2.6170 2.3998
v 0.0499 2.7152 2.2605
v -0.1204 2.1037 2.3882
v 0.2036 2.2054 2.4020
v -0.2554 2.3375 2.3028
v 0.0220 2.7124 2.4493
v 0.1079 2.1106 2.3488
v 0.0344 2.0773 2.3705
v -0.0694 2.0879 2.3640
v 0.1660 2.1171 2.4397
v -0.2632 2.3508 2.3612
v 0.2694 2.3768 2.3834
v 0.2463 2.5472 2.4728
v -0.1477 2.6663 2.4443
v -0.2657 2.3283 2.4737
v 0.2722 2.4614 2.4674
v 0.2306 2.5790 2.4213
v 0.1685 2.1000 2.4853
v 0.2879 2.3778 2.5956
v -0.1814 2.6393 2.4782
v -0.1130 2.6861 2.4839
v -0.0762 2.7053 2.3906
v 0.0101 2.0508 2.4787
v -0.0582 2.0557 2.4733
v 0.0870 2.0655 2.4644
v -0.1674 2.1217 2.4321
v 0.1996 2.1851 2.4125
v 0.2158 2.1450 2.5339
v -0.2732 2.4469 2.3485
v 0.2020 2.6192 2.4999
v 0.0925 2.6957 2.4909
v -0.1284 2.0753 2.5001
v -0.1911 2.1171 2.5082
v 0.2805 2.4670 2.5727
v -0.2566 2.5520 2.6006
v -0.0044 2.7128 2.4861
v 0.0257 2.0444 2.5103
v 0.1192 2.0625 2.5398
v -0.1186 2.0536 2.6176
v -0.2053 2.1594 2.4714
v -0.2418 2.2358 2.5187
v -0.2468 2.2732 2.4768
v 0.2843 2.3363 2.6164
v -0.2841 2.3452 2.5817
v -0.2707 2.4730 2.4697
v 0.2025 2.6232 2.5437
v -0.2195 2.5998 2.5223
v 0.1499 2.6643 2.4716
v 0.1984 2.1304 2.4891
v -0.2119 2.1373 2.5565
v -0.2353 2.1862 2.5664
v 0.2588 2.2793 2.5368
v -0.2673 2.4919 2.4806
v 0.2716 2.5252 2.6736
v 0.2171 2.6171 2.5971
v -0.1655 2.6570 2.5281
v 0.0927 2.7063 2.5868
v -0.1392 2.6799 2.5610
v 0.1710 2.0822 2.6271
v -0.0422 2.7171 2.5779
v 0.0464 2.0369 2.6230
v -0.0248 2.0326 2.6155
v 0.2329 2.1435 2.6848
v -0.2413 2.2044 2.5677
v 0.2642 2.2745 2.5983
v 0.2906 2.4310 2.7000
v -0.1948 2.6399 2.6020
v -0.0176 2.7236 2.6160
v -0.2098 2.1165 2.6262
v -0.2365 2.1626 2.6511
v -0.2900 2.3766 2.6183
v -0.2674 2.5358 2.6450
v 0.0202 2.7247 2.6230
v -0.0829 2.7033 2.5261
v 0.2429 2.1866 2.7693
v -0.2590 2.2485 2.6884
v 0.2764 2.3083 2.6860
v -0.1114 2.7006 2.6464
v 0.0989 2.7067 2.6847
v -0.0694 2.7150 2.7315
v 0.0351 2.0311 2.6824
v -0.0587 2.0357 2.7288
v 0.1156 2.0514 2.6858
v 0.2046 2.1083 2.6724
v 0.2808 2.4855 2.7239
v -0.2205 2.6137 2.6752
v 0.1649 2.6685 2.6215
v -0.1441 2.0629 2.7176
v -0.2288 2.1427 2.7045
v 0.2785 2.3408 2.7810
v 0.2804 2.3790 2.8104
v -0.2891 2.4464 2.6333
v -0.2882 2.4243 2.7456
v 0.2505 2.5647 2.7028
v 0.1771 2.6562 2.7265
v 0.1370 2.6858 2.6968
v -0.1562 2.6707 2.7439
v 0.0210 2.7248 2.7048
v 0.2318 2.1455 2.7277
v 0.2601 2.2718 2.7748
v -0.2303 2.5926 2.7466
v 0.0215 2.0311 2.7798
v 0.2436 2.5774 2.7187
v 0.2147 2.6180 2.7348
v -0.1778 2.6605 2.7004
v -0.1950 2.6318 2.7761
v 0.0982 2.7000 2.7829
v 0.1076 2.0481 2.7839
v -0.1664 2.0796 2.7925
v -0.2768 2.3472 2.8054
v -0.2744 2.4792 2.8023
v 0.2357 2.5626 2.8392
v 0.1910 2.6195 2.8565
v -0.0477 2.0355 2.7841
v -0.2158 2.1210 2.7456
v 0.2131 2.1357 2.8601
v 0.2314 2.1614 2.8009
v -0.2397 2.1864 2.7861
v 0.2440 2.2661 2.8655
v -0.2857 2.3477 2.7254
v 0.2596 2.5025 2.8501
v -0.2423 2.5717 2.7817
v -0.1614 2.6607 2.7962
v -0.0974 2.6905 2.8345
v 0.0531 2.7073 2.8239
v -0.0078 2.7100 2.8276
v 0.1721 2.0873 2.8625
v -0.1868 2.1067 2.8805
v 0.2217 2.1891 2.9105
v -0.2235 2.1534 2.8568
v 0.2684 2.4316 2.8754
v -0.2447 2.5447 2.8375
v -0.1926 2.6187 2.8482
v 0.0779 2.0534 2.9084
v 0.1588 2.6559 2.8235
v -0.1717 2.6254 2.9021
v 0.1186 2.6704 2.8777
v -0.0769 2.6983 2.8251
v -0.0173 2.7035 2.8660
v -0.0905 2.0566 2.9173
v 0.1672 2.0972 2.9125
v -0.1422 2.0995 2.9952
v -0.2796 2.3745 2.8321
v -0.2404 2.5249 2.8959
v 0.2191 2.5686 2.8867
v -0.2178 2.5776 2.8723
v 0.1023 2.6658 2.9135
v 0.0552 2.6859 2.9077
v -0.1186 2.6580 2.9137
v 0.1762 2.1105 2.9259
v 0.2054 2.1611 2.9411
v 0.2234 2.5094 2.9721
v 0.0055 2.0485 2.9390
v -0.2489 2.3623 2.9408
v 0.2532 2.3400 2.9204
v -0.2524 2.4424 2.9342
v 0.2048 2.5682 2.9359
v 0.1609 2.5980 2.9827
v 0.1306 2.6335 2.9593
v -0.0680 2.6738 2.9346
v 0.1157 2.1001 3.0460
v 0.1780 2.1369 2.9969
v 0.1900 2.1570 2.9993
v -0.2351 2.2510 2.8952
v 0.2209 2.2684 2.9498
v -0.2263 2.5246 2.9519
v 0.0437 2.0679 3.0247
v -0.0867 2.0730 2.9923
v -0.1703 2.1308 3.0050
v 0.2128 2.3301 3.0145
v 0.2189 2.4103 3.0285
v 0.1878 2.5140 3.0411
v -0.1546 2.5894 3.0056
v 0.0570 2.6578 2.9852
v 0.0202 2.6699 2.9729
v -0.0400 2.6397 3.0318
v -0.0336 2.0590 2.9830
v -0.0481 2.0791 3.0537
v -0.1066 2.0902 3.0227
v -0.1604 2.1392 3.0402
v 0.1731 2.1891 3.0483
v -0.2206 2.4677 3.0040
v 0.1474 2.5485 3.0689
v -0.1739 2.5488 3.0337
v -0.1233 2.6099 3.0197
v 0.0686 2.6285 3.0370
v -0.0900 2.0904 3.0467
v -0.2101 2.1884 2.9618
v 0.1720 2.2623 3.0568
v 0.1897 2.3442 3.0668
v -0.2086 2.3583 3.0413
v -0.2002 2.4345 3.0613
v 0.1183 2.5790 3.0672
v 0.0671 2.1026 3.1030
v -0.1475 2.1576 3.0863
v 0.1297 2.1814 3.1255
v 0.1922 2.4486 3.0740
v 0.0890 2.5868 3.0823
v -0.0314 2.6190 3.0688
v -0.0715 2.0984 3.0902
v -0.1859 2.2618 3.0294
v 0.1684 2.3559 3.1047
v 0.1425 2.4505 3.1413
v -0.1666 2.5254 3.0633
v -0.0848 2.6003 3.0676
v 0.0059 2.1256 3.1685
v 0.1213 2.1451 3.1160
v -0.0973 2.1552 3.1543
v 0.1344 2.3292 3.1324
v -0.1482 2.4832 3.1176
v -0.0892 2.5611 3.1161
v 0.0834 2.5429 3.1347
v -0.1384 2.2615 3.1025
v -0.1259 2.3427 3.1475
v -0.0867 2.5336 3.1394
v 0.0214 2.5808 3.1234
v 0.0215 2.1127 3.1530
v -0.0654 2.1868 3.1848
v 0.0581 2.2626 3.1665
v -0.0684 2.2676 3.1609
v 0.1104 2.3549 3.1647
v -0.1550 2.3739 3.1299
v -0.1347 2.4371 3.1485
v 0.0591 2.5003 3.1774
v -0.0890 2.4987 3.1633
v -0.0183 2.5165 3.1778
v -0.0166 2.1705 3.2029
v -0.0762 2.1300 3.1496
v 0.0664 2.1747 3.1867
v 0.0216 2.1866 3.2038
v -0.0606 2.2294 3.1763
v -0.0221 2.2755 3.1777
v 0.0688 2.2905 3.1688
v -0.0856 2.3562 3.1833
v -0.0848 2.4099 3.1921
v -0.0152 2.5232 3.1780
v -0.0636 2.4873 3.1814
v -0.0036 2.3597 3.2108
v 0.0889 2.4359 3.1855
v 0.0587 2.4073 3.2055
v -0.0150 2.4377 3.2108
v -0.0660 2.4502 3.1923
v 0.0300 2.4742 3.1963
vn -0.376 -0.226 -0.899
vn 0.682 -0.152 -0.716
vn 0.560 0.485 -0.672
vn 0.120 0.894 -0.432
vn 0.836 -0.543 -0.085
vn -0.420 -0.854 -0.307
vn -0.052 -0.995 0.086
vn -0.929 -0.336 -0.153
vn 0.639 0.674 -0.371
vn 0.972 0.093 -0.215
vn -0.727 0.549 -0.412
vn 0.367 -0.927 0.082
vn -0.772 -0.635 0.000
vn 0.897 -0.439 -0.060
vn -0.350 0.847 -0.399
vn -0.983 -0.096 -0.155
vn 0.864 0.427 -0.266
vn -0.768 0.552 -0.325
vn 0.965 -0.244 -0.094
vn -0.953 0.194 -0.234
vn 0.739 0.598 -0.311
vn -0.826 -0.562 -0.041
vn -0.298 -0.950 0.090
vn 0.353 0.846 -0.400
vn 0.647 0.672 -0.360
vn -0.412 -0.911 0.003
vn -0.013 0.881 -0.472
vn 0.648 -0.761 0.020
vn -0.967 -0.230 -0.108
vn -0.554 0.729 -0.402
vn -0.874 0.349 -0.338
vn 0.961 0.081 -0.265
vn 0.523 0.655 -0.546
vn 0.758 0.503 -0.415
vn -0.539 0.681 -0.495
vn -0.151 0.857 -0.492
vn 0.101 -0.993 0.064
vn 0.316 0.822 -0.475
vn -0.828 -0.537 -0.164
vn -0.960 -0.167 -0.224
vn 0.418 -0.908 -0.001
vn 0.772 -0.631 -0.081
vn 0.934 -0.344 -0.096
vn 0.959 0.149 -0.243
vn -0.462 0.841 -0.281
vn -0.983 -0.061 -0.170
vn -0.928 0.308 -0.209
vn 0.537 0.797 -0.275
vn 0.412 -0.910 0.037
vn -0.570 -0.821 0.024
vn 0.004 0.962 -0.272
vn -0.124 -0.991 0.055
vn 0.854 0.487 -0.181
vn -0.823 0.512 -0.246
vn 0.381 0.912 -0.151
vn -0.882 -0.471 -0.019
vn 0.012 -0.998 0.063
vn 0.623 -0.781 0.041
vn 0.121 0.933 -0.338
vn -0.206 -0.975 0.085
vn -0.724 -0.687 0.058
vn 0.987 0.123 -0.099
vn -0.797 0.553 -0.245
vn -0.374 0.900 -0.225
vn -0.358 0.848 -0.390
vn -0.985 0.111 -0.131
vn 0.829 0.514 -0.218
vn 0.937 -0.341 -0.074
vn 0.585 0.724 -0.366
vn -0.147 0.912 -0.384
vn -0.453 -0.891 0.026
vn -0.835 -0.549 0.031
vn 0.245 -0.969 0.019
vn 0.434 -0.898 0.065
vn -0.905 0.335 -0.262
vn -0.757 0.581 -0.299
vn 0.492 0.784 -0.379
vn -0.563 0.743 -0.363
vn 0.715 -0.699 0.029
vn 0.397 0.844 -0.362
vn 0.120 0.919 -0.376
vn 0.945 -0.297 -0.135
vn -0.957 0.185 -0.224
vn 0.864 0.418 -0.280
vn 0.633 0.701 -0.329
vn -0.660 0.678 -0.324
vn 0.225 -0.974 -0.001
vn 0.774 -0.629 -0.071
vn -0.782 -0.619 -0.078
vn -0.953 -0.286 -0.099
vn 0.534 -0.845 -0.033
vn -0.353 0.859 -0.371
vn -0.212 -0.977 -0.002
vn -0.809 -0.585 -0.066
vn 0.974 0.057 -0.217
vn 0.822 0.457 -0.338
vn 0.692 0.641 -0.332
vn -0.913 0.312 -0.263
vn -0.544 -0.838 -0.027
vn -0.703 -0.708 -0.065
vn 0.363 0.855 -0.370
vn -0.088 0.911 -0.404
vn 0.836 -0.541 -0.089
vn -0.842 0.419 -0.339
vn -0.444 0.803 -0.398
vn 0.261 0.884 -0.389
vn 0.948 0.167 -0.271
vn 0.581 0.738 -0.343
vn -0.278 0.906 -0.319
vn 0.036 0.885 -0.464
vn -0.070 -0.997 -0.041
vn -0.963 0.011 -0.269
vn -0.950 0.205 -0.237
vn -0.652 0.605 -0.457
vn -0.897 -0.418 -0.143
vn 0.944 -0.296 -0.146
vn -0.980 -0.076 -0.184
vn 0.964 -0.174 -0.203
vn 0.554 0.755 -0.352
vn -0.354 0.808 -0.471
vn -0.322 -0.946 -0.032
vn 0.878 -0.467 -0.107
vn 0.598 0.662 -0.452
vn -0.597 0.699 -0.393
vn -0.075 0.877 -0.475
vn 0.424 -0.905 -0.022
vn -0.519 -0.855 -0.005
vn 0.148 -0.988 -0.032
vn -0.658 -0.742 -0.132
vn 0.674 -0.736 -0.060
vn -0.967 -0.180 -0.182
vn 0.454 0.762 -0.462
vn 0.149 0.873 -0.464
vn 0.514 -0.846 -0.143
vn 0.816 -0.543 -0.197
vn 0.946 -0.158 -0.284
vn -0.833 -0.529 -0.161
vn 0.872 0.286 -0.397
vn 0.295 0.854 -0.430
vn 0.758 -0.621 -0.197
vn 0.894 -0.387 -0.226
vn -0.924 -0.290 -0.250
vn 0.851 0.373 -0.369
vn -0.617 0.658 -0.431
vn 0.243 -0.966 -0.092
vn 0.696 -0.696 -0.179
vn 0.802 0.475 -0.362
vn -0.480 0.787 -0.387
vn 0.168 0.956 -0.241
vn -0.136 -0.987 -0.086
vn 0.268 -0.959 -0.088
vn 0.802 -0.582 -0.134
vn -0.923 -0.303 -0.237
vn 0.961 -0.085 -0.263
vn -0.062 0.897 -0.439
vn 0.538 -0.837 -0.101
vn -0.637 -0.751 -0.173
vn 0.960 0.149 -0.236
vn -0.832 0.500 -0.240
vn -0.701 0.623 -0.348
vn 0.624 0.704 -0.339
vn -0.256 0.926 -0.278
vn -0.417 -0.896 -0.149
vn -0.555 -0.827 -0.085
vn 0.977 -0.168 -0.132
vn -0.942 0.133 -0.309
vn -0.849 0.389 -0.358
vn -0.935 0.254 -0.247
vn 0.861 0.484 -0.156
vn 0.775 0.619 -0.129
vn 0.510 0.834 -0.208
vn -0.479 0.867 -0.138
vn 0.587 -0.809 -0.039
vn 0.793 -0.607 -0.052
vn -0.922 0.374 -0.095
vn -0.235 0.964 -0.127
vn 0.383 -0.923 -0.035
vn -0.599 -0.801 -0.010
vn -0.993 0.059 -0.105
vn 0.950 0.271 -0.158
vn -0.732 0.668 -0.138
vn -0.384 -0.922 -0.044
vn -0.690 -0.721 -0.062
vn 0.906 -0.417 -0.074
vn 0.672 0.728 -0.132
vn -0.846 -0.525 -0.098
vn 0.991 0.039 -0.129
vn 0.586 0.799 -0.134
vn 0.026 -0.999 -0.039
vn -0.712 -0.699 -0.064
vn -0.969 -0.197 -0.152
vn 0.965 -0.250 -0.084
vn 0.354 0.925 -0.135
vn 0.138 0.977 -0.165
vn 0.019 0.995 -0.099
vn -0.116 -0.993 -0.020
vn -0.606 -0.794 -0.041
vn -0.919 -0.380 -0.102
vn -0.938 -0.339 -0.079
vn -0.965 -0.255 -0.066
vn 0.823 0.554 -0.124
vn -0.553 0.818 -0.156
vn 0.696 -0.713 -0.082
vn -0.724 -0.678 -0.128
vn -0.912 -0.386 -0.137
vn -0.953 -0.285 -0.102
vn -0.968 -0.239 -0.082
vn -0.856 0.493 -0.156
vn -0.935 -0.309 -0.175
vn 0.927 0.342 -0.154
vn 0.257 0.938 -0.234
vn 0.044 -0.989 -0.140
vn -0.466 -0.881 -0.077
vn -0.945 -0.267 -0.190
vn -0.490 0.850 -0.193
vn 0.740 -0.654 -0.158
vn 0.878 -0.463 -0.124
vn 0.973 0.108 -0.203
vn -0.778 0.592 -0.209
vn -0.712 0.658 -0.245
vn -0.455 0.855 -0.249
vn 0.217 -0.967 -0.135
vn -0.261 -0.959 -0.112
vn -0.881 0.435 -0.184
vn 0.576 0.778 -0.249
vn -0.452 -0.878 -0.153
vn -0.598 -0.783 -0.167
vn -0.894 -0.431 -0.124
vn 0.952 -0.245 -0.181
vn 0.978 -0.079 -0.192
vn -0.974 0.157 -0.161
vn 0.385 0.888 -0.252
vn -0.331 0.911 -0.244
vn 0.011 0.967 -0.256
vn -0.931 0.291 -0.218
vn -0.823 0.524 -0.218
vn 0.791 0.564 -0.236
vn -0.642 0.729 -0.238
vn -0.127 0.960 -0.249
vn 0.429 -0.892 -0.140
vn 0.871 -0.463 -0.167
vn -0.295 0.923 -0.249
vn -0.207 0.956 -0.206
vn 0.629 -0.761 -0.158
vn 0.655 -0.739 -0.157
vn 0.915 -0.362 -0.178
vn -0.927 -0.330 -0.179
vn -0.580 0.778 -0.242
vn 0.028 -0.994 -0.107
vn -0.308 -0.940 -0.147
vn 0.700 0.674 -0.236
vn 0.553 0.798 -0.240
vn -0.180 -0.973 -0.145
vn -0.519 -0.839 -0.163
vn 0.784 -0.599 -0.162
vn -0.961 0.194 -0.196
vn 0.894 0.389 -0.223
vn 0.330 -0.933 -0.146
vn -0.714 -0.682 -0.158
vn -0.827 -0.537 -0.165
vn -0.949 -0.256 -0.184
vn 0.950 0.233 -0.208
vn -0.868 0.443 -0.225
vn 0.821 0.524 -0.226
vn 0.764 0.598 -0.241
vn 0.513 0.824 -0.241
vn -0.887 -0.423 -0.188
vn -0.163 0.953 -0.255
vn 0.119 -0.983 -0.139
vn -0.628 -0.762 -0.156
vn 0.785 -0.598 -0.165
vn 0.858 -0.485 -0.171
vn 0.977 0.035 -0.211
vn -0.772 0.592 -0.231
vn -0.025 0.962 -0.273
vn -0.404 -0.903 -0.143
vn -0.704 0.671 -0.233
vn -0.464 0.848 -0.256
vn -0.226 -0.963 -0.147
vn 0.509 -0.848 -0.150
vn -0.643 -0.752 -0.148
vn 0.911 -0.354 -0.212
vn 0.644 0.727 -0.237
vn 0.140 0.957 -0.253
vn 0.101 0.961 -0.258
vn -0.412 -0.899 -0.152
vn -0.982 -0.092 -0.162
vn -0.833 0.503 -0.231
vn -0.740 0.623 -0.253
vn -0.682 0.693 -0.235
vn 0.589 0.771 -0.241
vn -0.608 0.754 -0.248
vn 0.649 -0.743 -0.162
vn -0.716 -0.680 -0.156
vn -0.797 -0.581 -0.166
vn -0.976 -0.094 -0.196
vn -0.773 0.574 -0.272
vn -0.485 0.839 -0.244
vn -0.068 -0.987 -0.144
vn 0.733 -0.662 -0.157
vn 0.896 -0.409 -0.172
vn 0.975 -0.092 -0.204
vn 0.948 0.218 -0.231
vn 0.895 0.381 -0.234
vn 0.686 0.690 -0.230
vn 0.207 -0.957 -0.204
vn -0.676 -0.705 -0.215
vn 0.960 -0.209 -0.185
vn 0.951 -0.137 -0.278
vn -0.947 0.208 -0.243
vn -0.871 0.436 -0.225
vn 0.618 0.731 -0.288
vn 0.412 0.876 -0.249
vn -0.394 0.889 -0.233
vn -0.316 0.913 -0.258
vn 0.270 0.925 -0.266
vn -0.100 -0.972 -0.215
vn 0.651 -0.715 -0.257
vn 0.800 -0.565 -0.201
vn 0.955 0.035 -0.293
vn 0.844 0.491 -0.215
vn -0.678 0.692 -0.246
vn 0.112 -0.958 -0.264
vn -0.296 -0.900 -0.322
vn -0.412 -0.864 -0.289
vn -0.444 -0.869 -0.220
vn 0.470 -0.864 -0.182
vn 0.696 0.686 -0.212
vn -0.575 0.764 -0.292
vn -0.499 -0.837 -0.225
vn -0.748 -0.610 -0.260
vn 0.791 0.563 -0.239
vn 0.455 0.839 -0.298
vn 0.775 -0.562 -0.290
vn 0.906 -0.299 -0.300
vn 0.365 -0.886 -0.287
vn 0.516 -0.794 -0.321
vn 0.963 -0.084 -0.255
vn -0.971 0.064 -0.229
vn 0.902 0.299 -0.312
vn 0.781 0.532 -0.327
vn 0.595 0.717 -0.362
vn 0.085 -0.930 -0.358
vn -0.592 -0.754 -0.284
vn 0.709 -0.627 -0.323
vn -0.754 -0.591 -0.288
vn -0.948 -0.110 -0.298
vn -0.894 0.357 -0.270
vn -0.719 0.609 -0.336
vn 0.489 0.799 -0.349
vn -0.461 0.812 -0.359
vn 0.315 0.882 -0.352
vn -0.237 0.914 -0.329
vn -0.310 -0.877 -0.368
vn 0.573 -0.749 -0.332
vn -0.769 0.537 -0.348
vn 0.645 0.678 -0.354
vn -0.661 0.666 -0.346
vn 0.121 0.930 -0.347
vn 0.434 -0.836 -0.336
vn 0.817 -0.468 -0.336
vn 0.865 -0.405 -0.297
vn -0.882 -0.366 -0.297
vn 0.869 -0.386 -0.309
vn -0.951 -0.215 -0.222
vn 0.917 -0.264 -0.300
vn -0.758 0.554 -0.344
vn 0.321 0.866 -0.383
vn -0.093 0.929 -0.358
vn -0.126 -0.934 -0.335
vn -0.830 -0.476 -0.289
vn -0.632 0.698 -0.337
vn 0.494 0.819 -0.293
vn 0.246 0.916 -0.318
vn 0.102 -0.924 -0.369
vn -0.379 -0.870 -0.316
vn 0.511 -0.793 -0.332
vn 0.615 -0.709 -0.345
vn 0.803 -0.521 -0.291
vn -0.746 -0.568 -0.347
vn -0.897 0.290 -0.334
vn -0.790 0.429 -0.438
vn -0.835 0.459 -0.303
vn -0.506 0.819 -0.268
vn -0.315 0.883 -0.349
vn 0.280 -0.885 -0.371
vn -0.077 -0.928 -0.365
vn -0.633 -0.700 -0.331
vn -0.902 -0.358 -0.242
vn 0.964 -0.178 -0.198
vn -0.948 0.169 -0.269
vn 0.970 0.081 -0.228
vn 0.915 0.266 -0.303
vn 0.741 0.613 -0.273
vn -0.091 0.948 -0.305
vn -0.039 -0.944 -0.328
vn 0.666 -0.678 -0.312
vn -0.961 -0.116 -0.250
vn 0.861 0.414 -0.295
vn 0.400 0.881 -0.254
vn -0.383 -0.860 -0.337
vn -0.494 -0.808 -0.319
vn -0.668 -0.695 -0.265
vn -0.731 -0.599 -0.326
vn -0.847 -0.445 -0.292
vn -0.843 0.501 -0.194
vn -0.712 0.668 -0.217
vn -0.617 0.752 -0.232
vn -0.132 -0.935 -0.330
vn -0.252 -0.903 -0.349
vn 0.365 -0.864 -0.346
vn 0.567 -0.772 -0.286
vn 0.865 -0.434 -0.252
vn 0.960 0.214 -0.180
vn 0.787 0.590 -0.181
vn 0.616 0.752 -0.235
vn 0.219 0.935 -0.281
vn 0.053 0.949 -0.311
vn -0.234 0.930 -0.284
vn 0.227 -0.914 -0.337
vn 0.713 -0.654 -0.253
vn -0.695 -0.670 -0.261
vn -0.942 -0.193 -0.274
vn -0.887 0.401 -0.230
vn 0.871 0.451 -0.192
vn 0.679 0.698 -0.228
vn 0.041 -0.937 -0.348
vn 0.670 -0.675 -0.309
vn -0.789 -0.565 -0.242
vn 0.916 -0.345 -0.207
vn 0.974 -0.091 -0.206
vn -0.433 0.864 -0.255
vn 0.510 0.821 -0.255
vn 0.398 -0.857 -0.328
vn -0.655 -0.705 -0.272
vn 0.571 -0.762 -0.307
vn 0.954 -0.239 -0.181
vn -0.780 0.595 -0.195
vn 0.595 0.700 -0.395
vn 0.397 0.881 -0.259
vn 0.308 0.910 -0.276
vn -0.341 -0.883 -0.324
vn 0.602 -0.736 -0.309
vn -0.977 -0.016 -0.211
vn -0.944 0.246 -0.219
vn -0.912 0.366 -0.186
vn 0.602 0.758 -0.250
vn -0.103 0.950 -0.293
vn -0.190 -0.909 -0.372
vn -0.417 -0.840 -0.346
vn -0.532 -0.791 -0.303
vn -0.690 -0.663 -0.290
vn 0.821 -0.522 -0.233
vn -0.963 -0.193 -0.187
vn -0.979 0.115 -0.171
vn -0.949 0.254 -0.186
vn 0.482 0.815 -0.321
vn -0.249 0.923 -0.293
vn 0.724 -0.618 -0.305
vn -0.771 -0.581 -0.259
vn -0.923 -0.323 -0.211
vn 0.928 -0.317 -0.198
vn 0.966 0.163 -0.202
vn -0.860 0.468 -0.206
vn 0.920 0.345 -0.186
vn 0.834 0.513 -0.205
vn -0.827 0.519 -0.215
vn -0.674 0.697 -0.247
vn 0.677 0.691 -0.253
vn 0.227 -0.903 -0.365
vn 0.113 -0.915 -0.386
vn -0.484 -0.811 -0.328
vn -0.748 0.608 -0.266
vn -0.570 0.779 -0.260
vn -0.395 0.880 -0.265
vn -0.461 0.833 -0.307
vn -0.040 0.955 -0.293
vn 0.277 -0.880 -0.385
vn 0.967 -0.149 -0.208
vn 0.945 0.100 -0.311
vn 0.519 0.811 -0.269
vn 0.305 0.892 -0.333
vn 0.488 -0.804 -0.340
vn 0.789 -0.557 -0.259
vn -0.872 -0.398 -0.284
vn 0.872 -0.427 -0.238
vn 0.933 -0.286 -0.218
vn 0.971 -0.070 -0.231
vn 0.932 0.276 -0.235
vn 0.850 0.463 -0.251
vn -0.661 0.691 -0.293
vn -0.134 0.935 -0.329
vn -0.159 -0.903 -0.400
vn 0.512 -0.785 -0.348
vn -0.722 -0.621 -0.307
vn 0.803 -0.513 -0.303
vn -0.817 -0.493 -0.299
vn -0.972 0.109 -0.210
vn -0.921 0.303 -0.244
vn -0.956 0.219 -0.197
vn -0.778 0.565 -0.275
vn -0.326 0.883 -0.339
vn 0.095 0.935 -0.343
vn 0.100 0.939 -0.330
vn -0.011 -0.920 -0.392
vn 0.220 -0.907 -0.359
vn -0.397 -0.841 -0.369
vn -0.582 -0.741 -0.335
vn -0.663 -0.667 -0.340
vn 0.739 -0.599 -0.309
vn -0.849 -0.465 -0.253
vn 0.871 -0.315 -0.377
vn 0.972 0.053 -0.228
vn -0.964 0.174 -0.200
vn -0.941 0.251 -0.227
vn -0.840 0.475 -0.263
vn 0.785 0.575 -0.232
vn -0.570 0.755 -0.324
vn -0.465 -0.823 -0.325
vn -0.512 -0.768 -0.384
vn -0.956 -0.018 -0.294
vn -0.964 0.174 -0.202
vn 0.605 0.740 -0.294
vn -0.381 0.865 -0.327
vn 0.068 -0.928 -0.366
vn -0.518 -0.776 -0.361
vn 0.652 -0.688 -0.319
vn -0.773 -0.554 -0.311
vn -0.893 -0.362 -0.268
vn 0.945 -0.202 -0.259
vn -0.926 0.282 -0.251
vn -0.664 0.683 -0.304
vn -0.168 0.918 -0.359
vn 0.382 -0.849 -0.364
vn -0.302 -0.872 -0.385
vn -0.598 -0.742 -0.303
vn 0.812 -0.485 -0.324
vn 0.893 -0.264 -0.364
vn -0.923 -0.281 -0.264
vn 0.914 -0.154 -0.375
vn 0.929 0.020 -0.371
vn 0.911 0.314 -0.268
vn 0.896 0.366 -0.253
vn -0.863 0.429 -0.269
vn 0.739 0.610 -0.286
vn -0.719 0.626 -0.303
vn 0.612 0.724 -0.318
vn 0.349 0.871 -0.346
vn -0.112 -0.954 -0.278
vn -0.350 -0.875 -0.336
vn 0.744 -0.569 -0.350
vn -0.712 -0.623 -0.324
vn 0.851 -0.428 -0.303
vn 0.883 -0.372 -0.286
vn -0.662 0.697 -0.275
vn -0.613 0.719 -0.329
vn 0.448 0.824 -0.347
vn -0.456 0.830 -0.322
vn 0.252 0.902 -0.350
vn -0.259 -0.894 -0.365
vn 0.722 -0.613 -0.322
vn 0.927 0.207 -0.312
vn 0.841 0.476 -0.258
vn -0.752 0.602 -0.267
vn 0.560 0.764 -0.320
vn 0.149 0.947 -0.285
vn -0.079 -0.924 -0.374
vn -0.225 -0.937 -0.266
vn 0.518 -0.785 -0.339
vn 0.721 -0.629 -0.291
vn -0.759 -0.579 -0.297
vn -0.835 -0.435 -0.336
vn -0.814 -0.460 -0.355
vn -0.919 -0.265 -0.293
vn 0.880 -0.263 -0.396
vn -0.936 -0.145 -0.321
vn 0.775 0.569 -0.276
vn 0.666 0.697 -0.268
vn 0.075 0.956 -0.282
vn -0.759 -0.574 -0.308
vn 0.855 -0.383 -0.350
vn 0.921 0.037 -0.388
vn -0.934 0.132 -0.332
vn -0.897 0.373 -0.236
vn -0.831 0.495 -0.254
vn 0.320 0.914 -0.249
vn 0.198 -0.949 -0.247
vn 0.524 -0.813 -0.255
vn -0.580 -0.783 -0.223
vn -0.680 -0.688 -0.252
vn -0.888 -0.250 -0.387
vn 0.916 0.271 -0.295
vn 0.916 0.324 -0.235
vn -0.536 0.794 -0.285
vn -0.602 0.786 -0.140
vn -0.014 0.991 -0.134
vn 0.058 -0.973 -0.225
vn 0.531 -0.798 -0.284
vn 0.914 0.234 -0.331
vn -0.927 0.223 -0.301
vn 0.894 0.412 -0.177
vn 0.855 0.457 -0.245
vn -0.717 0.671 -0.189
vn 0.707 0.675 -0.213
vn 0.493 0.829 -0.263
vn -0.187 -0.965 -0.184
vn 0.379 -0.896 -0.230
vn 0.671 -0.603 -0.432
vn 0.794 -0.480 -0.373
vn 0.872 -0.335 -0.356
vn 0.891 -0.301 -0.340
vn 0.939 0.096 -0.331
vn 0.923 0.216 -0.317
vn -0.902 0.363 -0.234
vn -0.827 0.547 -0.133
vn 0.603 0.755 -0.260
vn -0.268 0.917 -0.296
vn -0.077 0.952 -0.295
vn 0.020 -0.995 -0.098
vn -0.399 -0.891 -0.215
vn -0.391 -0.910 -0.137
vn 0.377 -0.883 -0.280
vn -0.500 -0.847 -0.181
vn -0.659 -0.711 -0.244
vn 0.847 -0.372 -0.379
vn -0.921 -0.118 -0.371
vn -0.930 0.121 -0.347
vn -0.766 0.623 -0.158
vn -0.301 0.937 -0.177
vn 0.178 -0.968 -0.177
vn 0.631 -0.694 -0.346
vn -0.711 -0.648 -0.272
vn -0.796 -0.517 -0.314
vn 0.841 -0.396 -0.370
vn -0.905 0.316 -0.284
vn -0.901 0.399 -0.170
vn -0.878 0.459 -0.135
vn 0.665 0.735 -0.132
vn 0.560 0.808 -0.183
vn 0.407 0.903 -0.136
vn -0.490 0.855 -0.168
vn 0.249 0.952 -0.181
vn -0.265 0.951 -0.161
vn -0.556 -0.808 -0.196
vn -0.707 -0.647 -0.285
vn -0.847 -0.401 -0.349
vn 0.917 -0.149 -0.370
vn 0.955 -0.099 -0.280
vn 0.936 0.273 -0.221
vn 0.852 0.512 -0.109
vn 0.761 0.642 -0.093
vn -0.638 0.768 -0.062
vn -0.500 0.862 -0.079
vn 0.055 0.998 -0.042
vn -0.241 0.968 -0.064
vn -0.087 -0.321 -0.943
vn -0.264 -0.960 -0.090
vn 0.584 -0.645 -0.493
vn 0.783 -0.473 -0.403
vn -0.766 -0.564 -0.309
vn 0.865 -0.371 -0.336
vn -0.895 -0.300 -0.329
vn 0.919 -0.282 -0.276
vn -0.905 0.363 -0.221
vn -0.500 -0.293 -0.815
vn -0.589 0.133 -0.797
vn 0.392 0.042 -0.919
vn 0.018 0.326 -0.945
vn -0.133 -0.989 -0.066
vn 0.478 -0.778 -0.408
vn -0.491 -0.780 -0.389
vn 0.452 -0.699 -0.554
vn 0.744 -0.535 -0.399
vn 0.825 0.565 -0.028
vn -0.777 0.625 -0.079
vn 0.556 0.830 -0.044
vn 0.619 -0.308 -0.723
vn -0.296 -0.695 -0.655
vn 0.743 0.133 -0.656
vn -0.406 0.400 -0.821
vn 0.197 -0.970 -0.139
vn 0.976 -0.094 -0.197
vn 0.960 0.092 -0.265
vn 0.973 0.140 -0.186
vn 0.953 0.303 -0.032
vn 0.904 0.405 -0.136
vn -0.868 0.493 -0.064
vn -0.753 0.658 -0.015
vn 0.655 0.755 -0.026
vn -0.258 0.335 -0.906
vn 0.027 0.359 -0.933
vn 0.280 -0.798 -0.533
vn 0.400 -0.623 -0.672
vn -0.574 -0.766 -0.289
vn 0.731 -0.505 -0.458
vn -0.731 -0.598 -0.330
vn 0.848 -0.397 -0.351
vn 0.981 -0.156 -0.114
vn -0.989 0.033 -0.144
vn -0.962 0.020 -0.273
vn -0.931 0.265 -0.252
vn 0.909 0.410 -0.077
vn -0.901 0.419 -0.110
vn -0.756 0.655 -0.009
vn -0.666 0.744 0.059
vn 0.043 0.998 0.047
vn -0.259 0.963 0.076
vn 0.529 0.335 -0.780
vn -0.357 -0.929 -0.097
vn -0.415 -0.885 -0.212
vn -0.665 -0.671 -0.327
vn -0.762 -0.569 -0.308
vn 0.839 -0.383 -0.388
vn 0.959 -0.243 -0.148
vn -0.858 -0.436 -0.272
vn -0.978 -0.151 -0.147
vn -0.974 0.190 -0.124
vn 0.222 0.973 -0.061
vn -0.846 -0.046 -0.532
vn 0.852 -0.344 -0.394
vn 0.739 0.246 -0.628
vn 0.605 0.241 -0.759
vn 0.145 -0.929 -0.342
vn 0.071 -0.992 -0.104
vn 0.029 -0.996 -0.086
vn -0.031 -1.000 0.001
vn 0.155 -0.595 -0.789
vn 0.360 -0.671 -0.648
vn 0.908 -0.326 -0.263
vn -0.931 -0.291 -0.219
vn 0.872 0.489 0.031
vn -0.875 0.483 0.031
vn -0.861 0.507 0.041
vn -0.839 0.545 -0.007
vn -0.522 0.853 0.015
vn 0.467 0.884 -0.012
vn 0.063 -0.797 -0.600
vn 0.392 -0.650 -0.651
vn 0.929 0.124 -0.349
vn -0.703 0.265 -0.659
vn 0.664 -0.523 -0.534
vn 0.996 -0.086 0.025
vn 0.985 0.148 -0.092
vn -0.948 0.302 0.100
vn 0.892 0.448 -0.063
vn 0.766 0.640 0.048
vn -0.729 -0.543 -0.416
vn 0.992 -0.125 0.031
vn -0.902 0.142 -0.407
vn 0.427 0.271 -0.863
vn -0.301 0.261 -0.917
vn -0.024 -0.344 -0.939
vn -0.030 -0.737 -0.675
vn -0.122 -0.920 -0.373
vn -0.074 -0.954 -0.292
vn 0.533 -0.527 -0.662
vn 0.693 -0.456 -0.558
vn 0.824 -0.381 -0.419
vn -0.773 -0.528 -0.352
vn 0.942 -0.282 -0.183
vn -0.969 -0.232 -0.090
vn 0.983 -0.072 0.168
vn -0.880 0.466 0.095
vn 0.719 0.692 0.063
vn -0.537 0.832 0.141
vn -0.421 0.905 0.058
vn 0.234 0.972 0.029
vn -0.974 -0.214 -0.069
vn 0.514 0.188 -0.837
vn 0.362 0.306 -0.881
vn 0.310 -0.335 -0.890
vn -0.161 -0.987 -0.021
vn 0.574 -0.349 -0.741
vn -0.669 -0.635 -0.385
vn -0.927 -0.330 -0.180
vn 0.979 -0.188 -0.082
vn 0.856 0.511 0.080
vn -0.768 0.636 0.074
vn 0.590 0.805 0.065
vn -0.088 0.996 -0.018
vn 0.286 -0.721 -0.631
vn -0.987 -0.011 0.159
vn 0.999 -0.040 0.004
vn 0.887 0.121 -0.445
vn -0.602 0.228 -0.765
vn 0.799 0.118 -0.590
vn 0.022 0.208 -0.978
vn -0.273 -0.046 -0.961
vn 0.413 -0.063 -0.909
vn -0.119 -0.993 -0.017
vn -0.231 -0.957 -0.178
vn -0.194 -0.853 -0.484
vn 0.787 -0.259 -0.560
vn -0.281 -0.867 -0.413
vn -0.559 -0.675 -0.481
vn -0.685 -0.620 -0.383
vn -0.908 -0.367 -0.199
vn -0.989 0.140 0.038
vn -0.839 0.537 0.087
vn 0.631 -0.617 -0.470
vn 0.863 -0.443 -0.241
vn -0.875 -0.412 -0.252
vn 0.317 -0.046 -0.947
vn 0.990 -0.141 -0.001
vn -0.897 0.083 -0.434
vn -0.594 0.115 -0.796
vn 0.738 0.040 -0.673
vn -0.418 -0.386 -0.822
vn 0.579 -0.152 -0.801
vn 0.915 -0.207 -0.346
vn 0.925 -0.257 -0.281
vn 0.969 -0.187 -0.164
vn 0.982 -0.188 -0.021
vn 0.983 0.183 -0.014
vn 0.971 0.129 0.201
vn -0.919 0.373 0.128
vn -0.925 0.379 -0.032
vn -0.858 0.498 0.127
vn 0.846 0.524 0.096
vn 0.709 0.696 0.111
vn -0.369 0.917 0.148
vn -0.298 0.939 0.170
vn 0.959 -0.257 -0.117
vn -0.345 -0.306 -0.887
vn 0.925 -0.104 0.366
vn -0.155 -0.002 -0.988
vn 0.106 0.390 -0.915
vn 0.983 -0.170 0.064
vn 0.924 -0.003 -0.383
vn 0.786 -0.118 -0.607
vn -0.049 -0.999 -0.024
vn -0.287 -0.768 -0.572
vn 0.996 -0.022 0.083
vn -0.735 0.662 0.148
vn -0.679 0.718 0.155
vn 0.582 0.795 0.171
vn -0.655 0.731 0.189
vn 0.371 0.923 0.100
vn 0.115 0.984 0.134
vn -0.093 0.986 0.135
vn -0.110 -0.673 -0.731
vn 0.281 -0.369 -0.886
vn -0.971 -0.197 0.137
vn -0.259 0.403 -0.878
vn -0.966 -0.028 -0.257
vn -0.429 -0.816 -0.387
vn -0.031 -0.998 0.048
vn -0.104 -0.927 -0.359
vn -0.574 -0.604 -0.552
vn 0.929 0.353 0.112
vn 0.797 0.584 0.153
vn 0.465 0.870 0.167
vn -0.424 0.879 0.219
vn 0.337 0.921 0.197
vn 0.490 -0.628 -0.605
vn 0.745 -0.499 -0.442
vn -0.596 -0.623 -0.507
vn -0.993 -0.114 0.040
vn 0.109 -0.808 -0.578
vn -0.665 -0.439 -0.604
vn 0.808 0.012 -0.589
vn 0.554 0.286 -0.781
vn -0.099 0.330 -0.939
vn 0.902 -0.131 -0.410
vn -0.749 0.033 -0.662
vn 0.944 -0.205 -0.259
vn 0.992 -0.124 -0.036
vn -0.818 -0.473 -0.326
vn -0.883 -0.406 -0.236
vn -0.959 -0.267 -0.099
vn 0.984 -0.114 0.136
vn -0.920 0.312 0.237
vn -0.830 0.538 0.149
vn 0.618 0.768 0.167
vn -0.783 -0.109 0.613
vn -0.715 0.180 -0.676
vn -0.391 0.381 -0.838
vn 0.363 0.335 -0.869
vn -0.798 -0.322 -0.509
vn 0.016 -0.589 -0.808
vn -0.356 -0.934 -0.012
vn -0.428 -0.625 -0.653
vn 0.999 0.021 -0.038
vn 0.955 -0.107 -0.278
vn 0.968 -0.061 0.245
vn -0.996 -0.071 0.061
vn 0.928 0.225 0.296
vn -0.954 0.215 0.207
vn -0.880 0.416 0.228
vn 0.884 0.360 0.299
vn 0.866 0.460 0.194
vn 0.127 -0.717 -0.686
vn -0.147 -0.737 -0.660
vn -0.929 0.138 0.343
vn 0.828 0.185 0.529
vn 0.635 0.246 0.732
vn 0.702 -0.258 0.663
vn 0.772 -0.410 0.486
vn 0.820 -0.368 0.439
vn -0.988 -0.153 -0.036
vn 0.127 0.281 -0.951
vn 0.972 -0.234 0.026
vn -0.906 -0.009 -0.423
vn -0.703 -0.666 -0.249
vn 0.916 -0.133 -0.377
vn -0.431 -0.640 -0.636
vn 0.988 -0.100 0.117
vn 0.937 -0.039 0.347
vn 0.896 0.353 0.269
vn -0.566 0.788 0.245
vn 0.301 0.931 0.208
vn 0.262 0.947 0.185
vn 0.128 0.970 0.207
vn -0.150 -0.716 -0.682
vn -0.540 -0.612 -0.578
vn 0.199 -0.749 -0.632
vn -0.398 -0.716 -0.573
vn 0.659 -0.559 -0.503
vn -0.710 -0.551 -0.438
vn -0.733 -0.557 -0.391
vn -0.897 -0.386 -0.215
vn -0.619 0.106 0.778
vn -0.875 -0.099 -0.475
vn -0.794 -0.353 0.494
vn 0.756 0.219 -0.617
vn 0.934 -0.241 0.265
vn 0.461 -0.306 -0.833
vn -0.283 -0.540 -0.792
vn 0.490 -0.813 -0.313
vn 0.179 -0.982 -0.060
vn -0.586 -0.559 -0.587
vn -0.782 -0.468 -0.412
vn -0.873 -0.348 -0.342
vn -0.975 0.022 0.223
vn 0.936 0.048 0.348
vn 0.704 0.680 0.204
vn -0.080 -0.772 -0.631
vn -0.629 0.342 0.699
vn -0.999 -0.052 -0.015
vn 0.172 0.419 0.892
vn 0.991 -0.120 -0.065
vn 0.351 -0.111 0.930
vn -0.646 -0.434 0.628
vn -0.805 -0.387 0.450
vn 0.983 -0.143 -0.115
vn 0.527 0.256 -0.810
vn -0.965 -0.158 -0.208
vn 0.540 0.198 -0.818
vn 0.114 0.146 -0.983
vn 0.213 -0.765 -0.608
vn 0.091 -0.893 -0.440
vn -0.734 -0.489 -0.471
vn -0.992 -0.105 0.065
vn -0.979 -0.024 0.205
vn -0.897 0.256 0.361
vn -0.747 0.660 0.081
vn -0.704 0.662 0.257
vn 0.583 0.777 0.237
vn -0.291 0.924 0.249
vn 0.195 0.942 0.272
vn -0.024 0.974 0.224
vn 0.699 -0.526 -0.484
vn -0.353 -0.723 -0.594
vn -0.543 0.498 0.676
vn -0.540 -0.469 0.699
vn 0.923 0.115 -0.367
vn -0.484 -0.499 0.719
vn -0.750 0.232 -0.619
vn 0.436 -0.519 0.735
vn 0.545 -0.521 0.657
vn 0.844 -0.344 0.412
vn -0.520 0.235 -0.821
vn 0.939 -0.338 0.066
vn 0.941 -0.154 -0.301
vn -0.942 -0.308 -0.135
vn 0.448 -0.077 -0.891
vn -0.251 -0.250 -0.935
vn 0.980 0.065 0.187
vn 0.938 -0.009 0.348
vn -0.920 0.163 0.355
vn 0.837 0.505 0.209
vn -0.774 0.596 0.211
vn -0.447 0.853 0.269
vn 0.406 0.884 0.234
vn -0.734 -0.503 -0.456
vn 0.980 -0.183 0.082
vn -0.922 -0.306 -0.238
vn 0.968 0.072 0.241
vn 0.851 -0.456 -0.259
vn -0.251 -0.399 0.882
vn 0.975 -0.041 -0.216
vn 0.745 0.035 -0.666
vn -0.576 0.247 -0.779
vn -0.306 0.192 -0.932
vn -0.836 -0.547 0.047
vn 0.983 -0.130 -0.128
vn 1.000 -0.013 -0.028
vn -0.945 -0.284 -0.165
vn 0.929 0.046 0.368
vn 0.894 -0.042 0.445
vn 0.916 0.075 0.395
vn 0.921 0.259 0.292
vn 0.895 0.366 0.257
vn 0.864 0.446 0.233
vn -0.854 0.469 0.225
vn 0.407 0.872 0.272
vn -0.169 0.956 0.241
vn 0.967 -0.212 -0.138
vn 0.709 -0.517 -0.480
vn -0.127 -0.713 -0.690
vn -0.865 0.298 0.405
vn -0.103 0.611 0.785
vn -0.925 -0.313 -0.214
vn 0.965 -0.253 -0.068
vn -0.988 -0.089 0.130
vn -0.956 0.062 -0.285
vn 0.530 -0.473 0.704
vn -0.861 0.105 -0.497
vn -0.926 -0.337 0.168
vn -0.955 -0.289 0.072
vn -0.597 -0.330 -0.731
vn 0.522 -0.699 -0.489
vn 0.804 -0.513 -0.302
vn -0.884 -0.337 -0.324
vn 0.949 -0.060 0.309
vn 0.916 0.007 0.400
vn 0.923 0.269 0.274
vn -0.871 0.426 0.243
vn 0.740 0.629 0.239
vn 0.721 0.644 0.257
vn -0.633 0.734 0.244
vn -0.522 0.789 0.324
vn 0.578 -0.620 -0.531
vn 0.973 0.107 0.207
vn 0.817 0.349 0.459
vn 0.677 -0.605 -0.420
vn 0.647 0.463 0.606
vn 0.987 -0.123 0.101
vn -0.599 -0.472 0.647
vn -0.887 -0.323 0.330
vn 0.833 0.107 -0.542
vn 0.865 -0.393 0.310
vn -0.757 -0.002 -0.653
vn -0.496 -0.848 0.189
vn -0.711 -0.468 -0.525
vn 0.957 0.126 0.261
vn -0.974 0.001 0.227
vn 0.905 0.229 0.359
vn 0.944 0.153 0.293
vn -0.835 0.493 0.242
vn -0.770 0.596 0.228
vn 0.405 0.870 0.281
vn -0.269 0.920 0.286
vn -0.351 -0.709 -0.612
vn 0.839 -0.461 -0.288
vn -0.993 -0.061 0.104
vn -0.822 -0.440 -0.363
vn -0.342 0.589 0.732
vn 0.181 0.614 0.768
vn 0.924 -0.100 0.368
vn 0.113 -0.564 0.818
vn -0.989 -0.098 -0.114
vn -0.567 -0.510 0.647
vn -0.817 0.111 -0.566
vn -0.957 -0.128 -0.260
vn 0.976 -0.100 0.194
vn -0.900 -0.353 0.254
vn 0.687 -0.229 -0.690
vn -0.777 -0.329 -0.537
vn 0.516 -0.855 -0.048
vn -0.970 -0.224 -0.092
vn 0.833 -0.050 0.551
vn -0.933 0.118 0.339
vn 0.967 0.027 0.253
vn -0.908 0.272 0.318
vn -0.070 0.957 0.281
vn 0.251 -0.782 -0.570
vn 0.612 0.458 0.644
vn 0.362 0.583 0.728
vn 0.975 -0.201 0.093
vn -0.029 -0.551 0.834
vn 0.617 -0.533 0.579
vn -0.672 -0.535 0.513
vn 0.814 -0.450 0.367
vn 0.922 -0.330 0.204
vn -0.973 -0.199 -0.118
vn 0.821 0.087 0.565
vn 0.883 -0.008 0.470
vn 0.917 -0.151 0.368
vn -0.944 0.055 0.324
vn -0.953 0.130 0.273
vn -0.984 0.133 0.116
vn -0.896 0.375 0.236
vn -0.887 0.416 0.201
vn -0.792 0.553 0.259
vn 0.793 0.562 0.236
vn 0.669 0.686 0.285
vn 0.528 0.804 0.275
vn -0.389 0.881 0.267
vn -0.754 0.395 0.524
vn 0.970 -0.204 -0.134
vn 0.740 0.418 0.528
vn -0.888 0.041 0.457
vn 0.966 0.097 0.238
vn 0.949 -0.106 -0.298
vn -0.859 -0.159 -0.487
vn 0.826 -0.329 -0.459
vn -0.005 -0.993 0.117
vn -0.946 0.261 0.194
vn -0.556 0.793 0.251
vn 0.596 0.760 0.257
vn -0.484 0.822 0.299
vn 0.317 0.906 0.282
vn -0.313 0.896 0.316
vn 0.147 0.947 0.285
vn 0.014 0.958 0.287
vn -0.154 -0.947 -0.283
vn -0.809 -0.456 -0.369
vn -0.554 -0.607 -0.570
vn 0.708 0.426 0.563
vn -0.067 0.621 0.781
vn -0.934 0.191 0.302
vn 0.657 0.134 0.742
vn 0.842 -0.331 0.425
vn -0.289 -0.585 0.758
vn 0.993 -0.110 0.034
vn -0.789 -0.493 0.366
vn -0.862 -0.378 0.337
vn -0.372 -0.869 0.326
vn -0.981 -0.131 -0.144
vn 0.828 -0.099 0.552
vn 0.932 -0.043 0.360
vn 0.961 0.211 0.181
vn 0.885 0.421 0.198
vn 0.866 0.475 0.157
vn 0.098 0.943 0.318
vn 0.374 -0.927 -0.033
vn 0.587 -0.606 0.536
vn -0.613 -0.784 -0.102
vn -0.811 0.297 0.504
vn 0.385 -0.198 0.901
vn -0.619 -0.181 0.764
vn 0.663 -0.358 0.658
vn 0.563 -0.450 0.693
vn 0.186 -0.667 0.721
vn 0.941 -0.298 -0.159
vn 0.638 -0.517 0.571
vn 0.867 -0.355 0.349
vn -0.950 -0.150 -0.275
vn 0.838 0.256 0.482
vn 0.774 -0.009 0.634
vn -0.953 0.088 0.290
vn -0.913 0.096 0.396
vn -0.953 0.037 0.301
vn -0.536 0.817 0.214
vn -0.220 0.939 0.263
vn 0.781 0.201 0.591
vn -0.475 0.545 0.690
vn -0.613 0.319 0.723
vn -0.150 -0.461 0.875
vn 0.618 -0.464 0.635
vn -0.898 -0.269 0.348
vn 0.173 -0.600 0.781
vn -0.929 -0.308 0.206
vn -0.283 -0.618 0.734
vn 0.651 -0.514 0.558
vn 0.168 -0.974 0.153
vn 0.795 -0.186 0.578
vn 0.908 0.373 0.194
vn -0.865 0.468 0.183
vn -0.858 0.496 0.131
vn -0.757 0.626 0.188
vn -0.712 0.671 0.207
vn -0.032 0.966 0.255
vn -0.052 -0.933 0.355
vn 0.139 -0.770 -0.622
vn 0.353 -0.679 -0.644
vn -0.511 -0.694 -0.506
vn 0.759 -0.477 -0.444
vn -0.740 0.396 0.544
vn 0.425 0.571 0.702
vn -0.067 0.428 0.901
vn -0.453 -0.529 0.718
vn -0.626 -0.441 0.644
vn -0.698 -0.471 0.540
vn -0.967 -0.151 -0.203
vn 0.946 -0.319 -0.048
vn 0.839 0.134 0.527
vn 0.690 0.308 0.655
vn -0.971 0.031 0.236
vn 0.933 -0.345 0.100
vn -0.924 0.075 0.376
vn 0.934 -0.127 0.334
vn 0.956 0.275 0.100
vn -0.680 0.720 0.141
vn 0.469 0.851 0.236
vn -0.400 0.903 0.157
vn 0.251 0.941 0.225
vn -0.692 -0.529 0.491
vn 0.492 0.515 0.702
vn -0.049 0.496 0.867
vn -0.992 -0.081 0.094
vn 0.802 -0.388 0.455
vn 0.949 -0.279 0.146
vn -0.097 -0.639 0.763
vn 0.911 -0.368 0.188
vn -0.948 -0.313 0.055
vn 0.755 -0.256 0.604
vn -0.689 -0.327 0.646
vn 0.753 -0.652 0.089
vn -0.925 0.231 0.302
vn 0.890 -0.307 0.337
vn -0.909 0.077 0.409
vn 0.990 0.124 0.074
vn 0.759 0.628 0.173
vn -0.843 0.521 0.135
vn 0.723 0.677 0.137
vn 0.045 0.980 0.196
vn 0.099 -0.392 0.915
vn -0.399 -0.514 0.760
vn -0.122 -0.713 -0.690
vn 0.479 -0.038 0.877
vn 0.869 -0.417 -0.267
vn -0.318 0.590 0.742
vn -0.719 -0.414 0.558
vn 0.529 -0.497 0.688
vn -0.696 -0.480 0.535
vn 0.256 -0.609 0.751
vn 0.465 -0.462 0.756
vn -0.418 -0.583 0.697
vn -0.790 -0.264 0.553
vn -0.550 -0.205 0.810
vn 0.637 0.206 0.743
vn 0.654 -0.726 0.213
vn -0.996 0.019 0.087
vn 0.488 0.308 0.817
vn 0.643 0.161 0.749
vn -0.871 0.158 0.465
vn -0.920 0.043 0.389
vn 0.639 0.759 0.125
vn 0.569 0.801 0.184
vn -0.290 0.943 0.165
vn -0.562 0.129 0.817
vn -0.916 0.218 0.337
vn 0.794 0.367 0.484
vn 0.184 -0.560 0.808
vn -0.336 -0.520 0.785
vn -0.151 -0.499 0.853
vn 0.651 -0.039 0.758
vn -0.556 -0.133 0.821
vn 0.420 -0.175 0.890
vn -1.000 -0.020 -0.004
vn -0.344 -0.155 0.926
vn -0.212 -0.854 0.476
vn 0.122 -0.981 0.154
vn 0.194 -0.975 0.104
vn 0.447 0.190 0.874
vn 0.569 -0.201 0.797
vn -0.870 0.150 0.469
vn 0.677 -0.211 0.705
vn 0.961 -0.277 0.010
vn -0.965 -0.010 0.262
vn 0.998 -0.031 0.057
vn -0.935 0.343 0.086
vn -0.770 0.624 0.129
vn -0.282 -0.720 -0.634
vn -0.733 0.408 0.545
vn 0.900 -0.384 0.204
vn 0.159 -0.330 0.930
vn 0.966 -0.215 0.143
vn 0.011 0.013 1.000
vn -0.205 0.079 0.976
vn 0.318 0.210 0.925
vn 0.092 0.076 0.993
vn -0.003 -0.458 0.889
vn -0.902 0.202 0.381
vn 0.384 -0.410 0.827
vn -0.805 0.160 0.571
vn 0.850 -0.514 0.109
vn -0.950 0.302 0.082
vn -0.558 0.814 0.160
vn -0.152 0.973 0.174
vn 0.015 0.992 0.123
vn 0.469 -0.745 -0.474
vn 0.460 0.552 0.695
vn 0.012 0.626 0.780
vn -0.466 0.549 0.693
vn 0.269 -0.565 0.780
vn -0.459 -0.541 0.704
vn 0.525 -0.556 0.644
vn -0.766 -0.488 0.419
vn -0.255 -0.180 0.950
vn 0.915 -0.283 0.288
vn 0.195 0.204 0.959
vn -0.946 0.246 0.213
vn 0.338 -0.854 0.395
vn 0.768 -0.453 0.454
vn 0.974 -0.144 0.173
vn -0.965 0.240 0.105
vn 0.826 0.556 0.098
vn 0.777 0.613 0.140
vn -0.788 0.609 0.090
vn 0.725 0.685 0.073
vn -0.727 0.683 0.072
vn -0.612 0.787 0.085
vn 0.225 0.958 0.179
vn -0.333 0.938 0.099
vn 0.237 -0.648 0.724
vn -0.693 -0.489 0.530
vn -0.836 -0.417 0.357
vn 0.790 -0.389 0.473
vn 0.723 -0.672 0.159
vn -0.790 0.086 0.607
vn -0.859 -0.106 0.501
vn -0.993 0.098 0.071
vn 0.969 0.241 0.044
vn 0.856 0.513 0.061
vn 0.793 0.605 0.076
vn 0.522 0.847 0.101
vn -0.511 0.854 0.097
vn 0.203 0.973 0.114
vn -0.096 -0.990 -0.102
vn 0.982 0.034 0.187
vn -0.697 0.469 0.542
vn 0.761 -0.478 0.437
vn 0.894 -0.208 0.396
vn -0.926 -0.229 0.300
vn 0.247 -0.969 0.030
vn 0.518 -0.660 0.543
vn -0.764 0.325 0.558
vn -0.960 -0.052 0.274
vn 0.937 0.342 0.066
vn -0.915 0.399 0.061
vn 0.614 0.787 0.053
vn 0.361 0.923 0.134
vn -0.279 0.955 0.102
vn 0.429 -0.887 0.174
vn -0.854 -0.508 -0.110
vn 0.870 0.276 0.409
vn -0.871 0.258 0.418
vn 0.343 0.560 0.754
vn 0.446 -0.603 0.661
vn -0.470 -0.626 0.622
vn -0.677 -0.505 0.536
vn -0.812 -0.215 0.543
vn -0.730 0.235 0.642
vn -0.770 0.391 0.504
vn -0.900 -0.009 0.435
vn 0.950 -0.311 0.030
vn -0.837 0.543 0.060
vn -0.631 -0.749 0.203
vn 0.783 -0.547 0.294
vn -0.473 0.545 0.692
vn 0.604 0.401 0.689
vn -0.245 0.441 0.863
vn -0.103 -0.609 0.786
vn 0.371 -0.745 0.554
vn 0.439 -0.898 0.044
vn -0.567 0.407 0.716
vn 0.570 -0.821 -0.019
vn -0.664 0.301 0.684
vn 0.997 0.051 0.066
vn 0.658 -0.252 0.709
vn -0.994 -0.103 0.040
vn 0.637 -0.526 0.563
vn 0.361 -0.930 0.074
vn 0.801 -0.598 0.038
vn -0.917 -0.311 0.249
vn 0.985 -0.170 0.031
vn -0.992 -0.111 0.065
vn -0.999 -0.009 0.046
vn 0.902 0.427 0.061
vn -0.675 0.734 0.079
vn -0.471 0.879 0.072
vn 0.499 0.863 0.079
vn -0.146 -0.860 0.488
vn 0.519 -0.452 0.726
vn 0.729 -0.174 0.663
vn 0.725 -0.507 0.467
vn 0.753 -0.658 0.002
vn -0.959 -0.271 0.083
vn 0.986 0.159 0.050
vn 0.817 0.572 0.073
vn -0.814 0.576 0.074
vn -0.600 0.796 0.081
vn 0.193 0.976 0.096
vn -0.161 0.983 0.092
vn -0.754 -0.314 0.576
vn 0.275 -0.581 0.766
vn -0.741 0.224 0.633
vn 0.220 0.528 0.820
vn -0.659 0.391 0.642
vn -0.439 0.447 0.780
vn 0.884 -0.467 0.020
vn -0.998 0.053 0.027
vn -0.341 -0.319 0.884
vn 0.163 -0.012 0.987
vn -0.294 -0.602 0.742
vn -0.274 -0.425 0.863
vn 0.480 -0.173 0.860
vn -0.644 0.015 0.765
vn 0.372 -0.165 0.913
vn -0.370 0.214 0.904
vn 0.075 -0.997 0.020
vn -0.402 0.372 0.837
vn -0.593 -0.120 0.796
vn -0.851 -0.476 0.220
vn -0.847 -0.531 0.038
vn 0.998 -0.056 0.041
vn 0.913 0.405 0.054
vn -0.887 0.460 0.040
vn -0.779 0.623 0.061
vn -0.788 0.614 0.039
vn 0.367 0.926 0.087
vn -0.120 -0.560 0.820
vn -0.544 -0.317 0.777
vn 0.193 -0.455 0.869
vn -0.110 0.212 0.971
vn -0.050 -0.992 0.112
vn -0.121 -0.904 0.410
vn 0.305 -0.952 -0.001
vn 0.606 -0.796 0.018
vn -0.718 -0.633 0.289
vn -0.983 -0.182 0.028
vn -0.995 -0.099 0.027
vn -0.705 0.706 0.075
vn 0.202 0.976 0.082
vn -0.272 -0.205 0.940
vn -0.037 -0.045 0.998
vn 0.277 -0.062 0.959
vn -0.223 0.013 0.975
vn 0.012 0.151 0.989
vn -0.113 -0.251 0.961
vn -0.632 -0.700 0.333
vn 0.939 -0.344 0.026
vn -0.986 0.163 0.041
vn -0.951 0.300 0.077
vn 0.513 0.853 0.101
vn -0.465 0.880 0.092
vn -0.009 0.996 0.091
vn 0.059 -0.998 0.014
vn -0.216 -0.970 0.114
vn 0.942 -0.312 0.121
vn 0.979 -0.204 0.024
vn 0.942 0.330 0.056
vn 0.768 0.633 0.099
vn 0.643 0.761 0.084
vn -0.732 0.669 0.124
vn -0.381 0.921 0.082
vn 0.325 0.941 0.094
vn 0.156 0.984 0.088
vn -0.168 0.980 0.102
vn -0.344 -0.929 0.139
vn -0.404 -0.859 0.313
vn 0.693 -0.719 0.046
vn 0.839 -0.536 0.095
vn 0.906 -0.413 0.094
vn -0.963 -0.267 0.024
vn -0.915 0.395 0.080
vn -0.626 0.769 0.129
vn -0.890 -0.452 0.053
vn -0.999 -0.009 0.046
vn -0.966 0.253 0.045
vn -0.506 0.849 0.150
vn -0.395 -0.907 0.149
vn 0.454 -0.880 0.140
vn 0.957 -0.246 0.155
vn 0.974 -0.172 0.148
vn 0.965 0.250 0.080
vn -0.941 0.291 0.173
vn -0.879 0.472 0.066
vn 0.836 0.537 0.115
vn 0.068 -0.991 0.112
vn 0.253 -0.966 0.042
vn -0.582 -0.802 0.135
vn 0.568 -0.816 0.106
vn -0.742 -0.660 0.116
vn -0.822 -0.551 0.143
vn -0.983 -0.135 0.123
vn 0.993 -0.060 0.103
vn 0.989 0.070 0.129
vn -0.991 0.103 0.079
vn -0.966 0.229 0.123
vn -0.831 0.537 0.143
vn 0.868 0.477 0.138
vn -0.813 0.549 0.194
vn -0.330 0.936 0.125
vn 0.987 -0.055 0.153
vn 0.941 0.311 0.130
vn -0.871 0.466 0.157
vn 0.811 0.551 0.197
vn 0.661 0.734 0.158
vn 0.527 0.840 0.133
vn 0.046 0.992 0.116
vn -0.140 -0.985 0.096
vn 0.418 -0.892 0.169
vn -0.686 -0.718 0.117
vn 0.779 -0.618 0.106
vn 0.954 -0.267 0.136
vn 0.929 0.315 0.193
vn 0.136 0.969 0.205
vn -0.086 -0.974 0.207
vn -0.948 -0.303 0.094
vn 0.729 0.658 0.188
vn -0.700 0.675 0.233
vn 0.411 0.883 0.229
vn 0.343 0.927 0.155
vn -0.059 0.980 0.189
vn -0.164 -0.972 0.170
vn -0.603 -0.778 0.176
vn 0.675 -0.724 0.143
vn -0.792 -0.568 0.224
vn 0.893 -0.418 0.168
vn 0.960 0.196 0.202
vn 0.885 0.399 0.239
vn -0.826 0.522 0.214
vn 0.244 0.944 0.222
vn 0.066 0.966 0.250
vn -0.265 -0.942 0.204
vn 0.240 -0.951 0.196
vn -0.453 -0.874 0.177
vn -0.533 -0.803 0.266
vn -0.774 -0.611 0.167
vn 0.850 -0.483 0.213
vn -0.867 -0.469 0.165
vn -0.990 0.020 0.137
vn -0.757 0.591 0.277
vn 0.643 0.732 0.223
vn 0.582 0.784 0.215
vn 0.540 0.805 0.247
vn -0.363 0.905 0.223
vn 0.054 0.978 0.204
vn -0.233 0.952 0.199
vn -0.640 -0.719 0.271
vn 0.547 -0.781 0.301
vn 0.777 -0.592 0.215
vn 0.858 -0.468 0.212
vn -0.967 -0.254 0.031
vn 0.962 0.084 0.259
vn -0.864 0.438 0.250
vn -0.139 0.962 0.234
vn 0.038 -0.969 0.243
vn 0.524 -0.826 0.208
vn -0.772 -0.624 0.121
vn -0.971 0.159 0.181
vn -0.968 0.070 0.241
vn -0.906 0.363 0.217
vn 0.833 0.503 0.231
vn 0.658 0.716 0.232
vn -0.635 0.732 0.248
vn -0.536 0.808 0.245
vn 0.181 0.957 0.227
vn 0.259 -0.873 0.413
vn 0.722 -0.618 0.311
vn -0.894 -0.431 0.121
vn -0.975 0.005 0.220
vn 0.979 0.160 0.123
vn 0.933 0.253 0.254
vn -0.833 0.499 0.240
vn 0.732 0.628 0.264
vn -0.163 -0.935 0.315
vn -0.355 -0.893 0.277
vn 0.452 -0.846 0.283
vn 0.651 -0.714 0.259
vn -0.977 -0.121 -0.177
vn -0.950 0.146 0.275
vn -0.921 0.285 0.265
vn 0.892 0.349 0.286
vn -0.512 0.824 0.243
vn -0.462 0.862 0.211
vn -0.587 -0.744 0.320
vn -0.684 -0.629 0.369
vn 0.776 -0.573 -0.263
vn -0.808 -0.494 -0.320
vn 0.993 0.085 -0.086
vn 0.945 0.138 0.295
vn 0.925 0.267 0.271
vn 0.819 0.519 0.244
vn 0.515 0.825 0.234
vn 0.297 0.922 0.250
vn 0.670 -0.662 0.336
vn -0.993 -0.085 0.085
vn -0.907 0.327 0.264
vn -0.878 0.408 0.249
vn -0.769 0.592 0.242
vn 0.753 0.626 0.204
vn 0.435 0.870 0.232
vn 0.187 0.964 0.188
vn 0.011 0.900 0.436
vn -0.483 -0.808 0.338
vn -0.522 -0.740 0.424
vn 0.623 -0.666 0.411
vn 0.749 -0.589 0.304
vn 0.527 -0.807 -0.266
vn -0.317 -0.869 -0.380
vn -0.927 0.206 0.313
vn 0.917 0.306 0.257
vn 0.044 -0.933 0.357
vn -0.305 -0.875 0.376
vn 0.230 -0.972 -0.048
vn 0.296 -0.669 -0.682
vn 0.963 -0.199 -0.182
vn -0.964 0.182 0.194
vn 0.077 -0.836 0.544
vn -0.402 -0.810 0.427
vn 0.435 -0.800 0.414
vn -0.336 -0.796 0.503
vn -0.082 -0.956 -0.282
vn -0.292 -0.654 -0.698
vn 0.868 0.335 0.367
vn 0.942 0.131 0.308
vn -0.937 0.234 0.259
vn 0.531 0.828 0.183
vn -0.525 0.844 0.110
vn 0.282 -0.794 0.539
vn -0.588 -0.665 0.461
vn 0.497 -0.677 0.543
vn -0.625 -0.723 0.293
vn -0.764 -0.450 -0.463
vn 0.930 0.177 0.322
vn 0.848 0.479 0.227
vn 0.640 0.744 0.191
vn -0.667 0.711 0.224
vn 0.369 0.912 0.181
vn -0.154 -0.868 0.472
vn -0.487 -0.678 0.550
vn -0.464 -0.598 -0.654
vn 0.995 0.032 0.094
vn -0.987 0.146 0.062
vn 0.941 0.047 0.335
vn -0.940 0.160 0.302
vn -0.818 0.521 0.242
vn 0.491 0.861 0.134
vn 0.223 0.973 0.056
vn 0.175 -0.721 -0.670
vn 0.682 -0.706 -0.193
vn 0.533 -0.624 0.572
vn -0.839 -0.484 -0.249
vn 0.920 -0.254 -0.297
vn 0.852 0.114 0.511
vn -0.941 0.125 0.315
vn -0.905 0.329 0.269
vn -0.538 0.821 0.192
vn -0.303 0.943 0.137
vn -0.080 0.995 0.065
vn -0.357 -0.756 0.549
vn 0.046 -0.763 -0.644
vn -0.250 -0.815 -0.523
vn 0.840 -0.479 -0.255
vn 0.748 -0.469 -0.470
vn -0.736 0.368 0.568
vn -0.920 0.091 0.380
vn -0.827 0.524 0.204
vn -0.706 0.690 0.159
vn -0.344 0.932 -0.115
vn -0.121 -0.784 0.610
vn 0.378 -0.696 0.611
vn 0.339 -0.672 -0.659
vn -0.500 -0.654 0.567
vn -0.795 0.320 0.515
vn 0.558 -0.660 0.503
vn 0.589 0.388 0.709
vn 0.718 0.093 0.689
vn 0.932 0.209 0.295
vn 0.651 0.754 -0.093
vn 0.756 0.646 0.106
vn 0.466 0.883 -0.049
vn 0.016 0.983 -0.182
vn 0.208 -0.770 0.604
vn -0.955 -0.294 -0.037
vn -1.000 -0.023 0.009
vn -0.594 -0.553 0.584
vn -0.410 -0.770 0.488
vn 0.457 -0.371 0.809
vn -0.475 0.416 0.775
vn 0.370 0.178 0.912
vn -0.219 0.216 0.952
vn 0.432 -0.067 0.899
vn -0.594 0.174 0.785
vn -0.842 -0.011 0.540
vn 0.885 0.402 0.234
vn -0.756 -0.542 -0.366
vn 0.656 -0.516 -0.551
vn -0.335 -0.721 0.607
vn -0.818 -0.058 0.572
vn 0.404 -0.676 0.616
vn -0.486 -0.646 0.588
vn 0.951 -0.180 0.251
vn 0.604 0.415 0.680
vn -0.149 0.126 0.981
vn 0.588 -0.465 0.662
vn -0.752 -0.272 0.601
vn -0.911 0.249 0.328
vn 0.920 0.126 0.371
vn -0.620 0.784 0.021
vn -0.239 -0.706 0.666
vn -0.365 -0.682 0.634
vn 0.611 0.275 0.742
vn -0.607 0.423 0.673
vn 0.136 0.439 0.888
vn 0.578 -0.571 0.583
vn 0.160 0.425 0.891
vn 0.028 0.497 0.868
vn -0.727 -0.465 0.505
vn 0.840 -0.254 0.480
vn 0.906 -0.085 0.414
vn -0.900 0.299 0.316
vn 0.879 0.417 0.233
vn -0.811 0.576 0.106
vn 0.734 0.664 -0.141
vn 0.330 0.893 -0.307
vn 0.878 -0.473 0.075
vn 0.832 0.284 0.477
vn -0.654 0.272 0.706
vn 0.918 0.228 0.326
vn 0.317 -0.704 0.636
vn 0.493 -0.618 0.612
vn 0.768 -0.392 0.506
vn -0.861 -0.240 0.448
vn -0.902 -0.140 0.409
vn 0.943 0.189 0.275
vn -0.218 0.816 -0.535
vn 0.986 -0.166 0.033
vn 0.147 -0.799 -0.582
vn -0.912 0.151 0.380
vn -0.548 0.346 0.762
vn 0.114 -0.750 0.652
vn -0.555 -0.600 0.576
vn -0.594 -0.572 0.566
vn 0.646 -0.498 0.579
vn 0.840 -0.250 0.482
vn -0.903 0.371 0.217
vn 0.530 0.811 -0.248
vn 0.287 -0.814 0.504
vn -0.918 0.013 0.397
vn -0.718 -0.013 0.696
vn 0.918 0.003 0.397
vn -0.303 0.472 0.828
vn -0.053 -0.718 0.694
vn -0.431 -0.652 0.623
vn -0.603 -0.553 0.575
vn -0.778 -0.338 0.529
vn -0.845 -0.145 0.514
vn -0.931 0.050 0.362
vn 0.913 0.146 0.380
vn 0.833 0.545 0.101
vn 0.039 0.832 -0.554
vn 0.365 -0.717 0.593
vn -0.879 -0.393 -0.270
vn 0.678 0.120 0.726
vn 0.382 0.279 0.881
vn 0.041 0.488 0.872
vn -0.004 -0.749 0.663
vn 0.055 -0.721 0.690
vn -0.378 -0.666 0.643
vn 0.414 -0.639 0.648
vn 0.493 -0.561 0.665
vn -0.683 -0.475 0.555
vn 0.758 -0.375 0.534
vn 0.897 0.133 0.422
vn 0.919 0.383 -0.096
vn -0.841 0.536 -0.068
vn -0.665 0.702 -0.253
vn -0.505 0.741 -0.442
vn 0.606 0.685 -0.405
vn -0.709 -0.649 0.276
vn -0.333 -0.888 0.318
vn -0.476 -0.357 0.804
vn -0.102 -0.292 0.951
vn -0.391 0.427 0.816
vn -0.524 -0.584 0.620
vn 0.704 -0.298 0.644
vn 0.847 -0.154 0.508
vn 0.907 -0.053 0.418
vn -0.877 0.406 -0.257
vn 0.482 0.669 -0.566
vn -0.446 0.691 -0.569
vn 0.365 0.792 -0.490
vn 0.116 -0.712 0.692
vn -0.642 -0.485 0.593
vn 0.721 -0.419 0.552
vn 0.737 -0.373 0.564
vn -0.785 -0.234 0.573
vn 0.863 -0.021 0.505
vn 0.937 0.333 0.105
vn 0.668 0.572 -0.476
vn -0.148 -0.664 0.733
vn 0.348 -0.641 0.684
vn -0.334 -0.651 0.682
vn 0.458 -0.620 0.636
vn -0.446 -0.626 0.640
vn -0.511 -0.565 0.647
vn 0.651 -0.421 0.632
vn -0.605 -0.440 0.663
vn -0.737 -0.354 0.576
vn -0.895 0.090 0.437
vn -0.917 0.211 0.339
vn -0.950 0.194 0.246
vn 0.760 0.513 -0.399
vn -0.631 0.653 -0.419
vn 0.439 0.753 -0.490
vn 0.076 -0.687 0.722
vn 0.345 -0.598 0.723
vn 0.596 -0.495 0.633
vn -0.612 -0.474 0.633
vn 0.500 -0.483 0.719
vn -0.802 -0.147 0.579
vn -0.917 0.068 0.392
vn 0.868 -0.090 0.488
vn -0.777 0.505 -0.375
vn 0.894 0.355 -0.274
vn -0.582 0.619 -0.528
vn -0.695 0.542 -0.473
vn -0.379 0.806 -0.455
vn -0.292 -0.651 0.701
vn -0.467 -0.528 0.709
vn 0.755 -0.185 0.630
vn -0.852 0.003 0.523
vn 0.997 0.004 0.078
vn 0.985 0.116 -0.131
vn -0.108 0.793 -0.599
vn 0.040 -0.699 0.714
vn 0.240 -0.693 0.679
vn 0.138 -0.631 0.763
vn 0.259 -0.632 0.730
vn -0.295 -0.587 0.754
vn -0.595 -0.438 0.674
vn -0.628 -0.350 0.695
vn 0.626 -0.303 0.718
vn -0.708 -0.211 0.674
vn 0.850 -0.059 0.523
vn 0.916 -0.224 0.333
vn 0.689 0.658 -0.304
vn -0.738 0.531 -0.416
vn 0.555 0.774 -0.304
vn 0.140 0.944 -0.300
vn 0.171 0.786 -0.594
vn 0.340 -0.503 0.795
vn -0.343 -0.535 0.772
vn 0.595 -0.362 0.718
vn 0.765 -0.228 0.603
vn -0.954 0.290 0.076
vn 0.997 0.055 0.061
vn -0.898 0.352 -0.265
vn -0.601 0.647 -0.469
vn -0.517 0.852 -0.077
vn -0.636 0.749 -0.185
vn 0.358 0.865 -0.353
vn -0.089 0.940 -0.330
vn -0.324 -0.492 0.808
vn -0.529 -0.371 0.763
vn -0.768 -0.327 0.551
vn -0.885 -0.158 0.438
vn 0.978 -0.036 0.205
vn -0.998 0.057 0.035
vn 0.966 0.227 -0.125
vn 0.870 0.484 -0.097
vn -0.707 0.617 -0.345
vn -0.282 0.927 -0.247
vn 0.004 -0.582 0.813
vn 0.124 -0.503 0.855
vn -0.198 -0.549 0.812
vn 0.473 -0.408 0.781
vn -0.320 -0.456 0.830
vn 0.622 -0.336 0.708
vn -0.594 -0.353 0.723
vn 0.679 -0.382 0.627
vn -0.731 -0.295 0.615
vn -0.966 -0.024 0.259
vn -0.983 0.021 0.181
vn 0.997 0.029 -0.066
vn -1.000 -0.005 -0.013
vn 0.997 0.038 0.062
vn -0.977 0.190 -0.101
vn 0.770 0.636 -0.039
vn 0.824 -0.265 0.500
vn -0.892 -0.113 0.437
vn 0.941 -0.245 0.234
vn -0.848 0.488 -0.208
vn 0.455 0.875 -0.164
vn -0.092 -0.507 0.857
vn 0.265 -0.495 0.828
vn 0.340 -0.474 0.812
vn -0.456 -0.420 0.785
vn 0.623 -0.374 0.687
vn -0.476 -0.390 0.788
vn -0.468 -0.421 0.777
vn -0.932 -0.235 0.277
vn 0.963 -0.186 0.194
vn -0.701 0.708 0.086
vn -0.547 0.824 0.145
vn 0.574 0.809 -0.123
vn 0.078 0.990 -0.116
vn 0.179 -0.460 0.869
vn 0.478 -0.495 0.725
vn -0.811 -0.450 0.374
vn 0.929 0.323 0.180
vn 0.958 0.268 -0.106
vn -0.955 0.285 -0.083
vn 0.565 0.813 0.141
vn 0.246 0.959 0.141
vn -0.169 0.979 -0.114
vn -0.450 -0.470 0.759
vn 0.314 -0.566 0.763
vn -0.252 -0.524 0.814
vn -0.474 -0.655 0.589
vn -0.712 -0.365 0.599
vn 0.594 -0.597 0.540
vn 0.653 -0.561 0.509
vn 0.817 -0.473 0.329
vn -0.977 -0.151 0.150
vn -0.354 0.914 0.200
vn 0.369 -0.854 0.367
vn -0.014 -0.558 0.830
vn -0.256 -0.711 0.654
vn -0.626 -0.642 0.443
vn -0.845 -0.453 0.285
vn 0.978 -0.126 0.166
vn 0.828 0.507 0.240
vn -0.859 0.503 0.092
vn 0.716 0.661 0.226
vn 0.752 0.640 0.157
vn 0.680 0.660 0.319
vn -0.077 0.982 0.170
vn 0.139 -0.645 0.752
vn -0.917 -0.350 0.190
vn 0.934 -0.344 0.099
vn 0.979 0.065 0.192
vn -0.987 0.098 0.130
vn -0.912 0.357 0.199
vn -0.507 -0.843 0.179
vn 0.646 -0.702 0.299
vn -0.766 -0.608 0.207
vn 0.794 -0.483 0.369
vn 0.880 -0.389 0.272
vn -0.935 0.241 0.261
vn -0.750 0.601 0.275
vn 0.063 -0.881 0.468
vn -0.262 -0.940 0.220
vn -0.561 -0.828 -0.006
vn 0.956 -0.260 0.138
vn -0.975 -0.120 0.188
vn 0.295 0.890 0.347
vn 0.083 0.939 0.333
vn -0.018 -0.984 -0.180
vn 0.942 0.274 0.196
vn 0.790 0.546 0.280
vn 0.580 0.776 0.249
vn 0.449 0.838 0.310
vn -0.530 0.781 0.331
vn -0.284 0.895 0.345
vn -0.080 0.931 0.355
vn 0.584 -0.811 0.018
vn -0.552 -0.833 0.009
vn 0.802 -0.570 0.177
vn 0.997 0.011 0.070
vn -0.897 0.389 0.211
vn -0.833 0.458 0.312
vn 0.642 -0.767 0.023
vn 0.842 0.537 0.055
vn -0.777 0.544 0.317
vn -0.629 0.719 0.296
vn 0.174 0.922 0.346
vn 0.145 -0.891 -0.429
vn -0.405 -0.845 -0.351
vn -0.666 -0.728 -0.163
vn -0.876 -0.474 -0.092
vn -0.973 -0.200 0.113
vn -0.049 0.935 0.351
vn -0.407 0.863 0.299
vn 0.569 -0.740 -0.358
vn 0.296 -0.902 -0.314
vn 0.781 -0.606 -0.154
vn 0.959 0.284 0.001
vn -0.832 0.535 0.147
vn -0.561 0.822 0.101
vn -0.229 0.924 0.306
vn -0.698 -0.686 -0.204
vn 0.991 0.120 -0.054
vn -0.960 0.279 0.012
vn -0.796 0.594 0.115
vn 0.386 0.845 0.371
vn -0.213 0.966 0.147
vn -0.160 -0.874 -0.459
vn 0.462 -0.773 -0.435
vn -0.505 -0.757 -0.415
vn -0.695 -0.652 -0.302
vn 0.853 -0.495 -0.166
vn 0.941 -0.324 -0.094
vn -0.984 -0.145 -0.100
vn -0.884 0.458 -0.091
vn -0.535 0.838 0.108
vn 0.093 -0.904 -0.417
vn -0.611 -0.686 -0.395
vn -0.786 -0.560 -0.263
vn -0.990 0.087 0.115
vn 0.597 0.800 0.059
vn 0.358 0.933 0.040
vn 0.683 -0.652 -0.329
vn 0.736 0.676 0.048
vn -0.845 0.534 0.027
vn -0.589 0.808 0.022
vn -0.048 0.998 0.035
vn 0.871 -0.465 -0.158
vn -0.891 -0.426 -0.157
vn 0.939 -0.322 -0.119
vn 0.999 0.026 -0.026
vn -0.275 0.961 0.011
vn -0.487 -0.781 -0.392
vn 0.817 -0.527 -0.234
vn -0.836 0.548 -0.013
vn 0.746 0.665 0.028
vn 0.226 0.967 0.120
vn -0.414 -0.898 -0.149
vn 0.875 -0.391 -0.285
vn -0.937 -0.326 -0.125
vn 0.094 0.995 0.037
vn 0.409 -0.862 -0.300
vn 0.078 -0.957 -0.281
vn -0.247 -0.922 -0.300
vn 0.617 -0.725 -0.305
vn -0.977 -0.199 -0.069
vn 0.986 -0.144 -0.079
vn 0.912 0.408 -0.033
vn -0.473 0.876 0.092
vn -0.962 -0.250 -0.111
vn 0.990 0.132 -0.041
vn 0.846 0.532 0.034
vn 0.625 -0.752 -0.207
vn 0.996 -0.073 -0.058
vn -0.682 0.732 -0.006
vn -0.489 0.872 -0.011
vn -0.289 0.957 0.016
vn 0.052 -0.973 -0.226
vn -0.175 -0.967 -0.187
vn 0.332 -0.914 -0.234
vn -0.672 -0.682 -0.288
vn 0.891 -0.396 -0.224
vn 0.895 -0.420 -0.150
vn -0.998 -0.030 -0.059
vn 0.772 0.636 -0.012
vn 0.289 0.957 -0.031
vn -0.452 -0.869 -0.203
vn -0.677 -0.721 -0.146
vn 0.970 0.234 -0.070
vn -0.910 0.408 -0.073
vn 0.001 0.998 -0.059
vn 0.094 -0.987 -0.130
vn 0.346 -0.931 -0.121
vn -0.416 -0.906 -0.084
vn -0.894 -0.399 -0.206
vn -0.925 -0.328 -0.192
vn -0.928 -0.349 -0.132
vn 0.982 -0.182 -0.042
vn -0.990 -0.133 -0.049
vn -0.995 0.092 -0.032
vn 0.768 0.631 -0.106
vn -0.785 0.617 -0.063
vn 0.574 0.818 -0.022
vn 0.771 -0.608 -0.189
vn -0.891 -0.429 -0.147
vn -0.903 -0.402 -0.149
vn 0.938 -0.317 -0.138
vn -0.954 0.296 -0.046
vn 0.931 0.364 -0.003
vn 0.803 0.594 -0.053
vn -0.603 0.794 -0.076
vn 0.386 0.920 -0.066
vn -0.489 0.871 -0.053
vn 0.594 -0.803 -0.057
vn -0.170 0.981 -0.099
vn 0.160 -0.984 -0.085
vn -0.130 -0.989 -0.064
vn 0.920 -0.388 -0.046
vn -0.952 -0.269 -0.147
vn 0.962 -0.270 -0.036
vn 0.997 0.072 0.015
vn -0.720 0.690 -0.067
vn -0.152 0.988 -0.035
vn -0.680 -0.730 -0.068
vn -0.945 -0.319 -0.075
vn -0.997 -0.008 -0.080
vn -0.941 0.337 0.030
vn 0.117 0.992 -0.052
vn -0.328 0.943 -0.045
vn 0.968 -0.241 0.072
vn -0.969 -0.245 0.020
vn 0.967 -0.253 0.025
vn -0.445 0.895 -0.022
vn 0.365 0.931 0.021
vn -0.241 0.968 0.061
vn 0.107 -0.994 -0.019
vn -0.176 -0.984 -0.007
vn 0.309 -0.951 -0.026
vn 0.648 -0.762 -0.012
vn 0.974 0.198 0.107
vn -0.818 0.576 -0.008
vn 0.601 0.799 -0.037
vn -0.420 -0.908 0.009
vn -0.907 -0.420 0.014
vn 0.971 -0.211 0.116
vn 0.993 -0.066 0.100
vn -0.990 0.137 -0.035
vn -0.994 0.093 0.059
vn 0.870 0.492 -0.029
vn 0.608 0.789 0.085
vn 0.528 0.848 0.038
vn -0.528 0.844 0.089
vn 0.087 0.993 0.074
vn 0.835 -0.546 0.065
vn 0.965 -0.232 0.120
vn -0.760 0.642 0.098
vn 0.060 -0.995 0.075
vn 0.862 0.502 0.068
vn 0.762 0.644 0.069
vn -0.602 0.799 0.012
vn -0.725 0.678 0.123
vn 0.407 0.907 0.107
vn 0.367 -0.929 0.056
vn -0.543 -0.836 0.083
vn -0.973 -0.205 0.107
vn -0.964 0.229 0.135
vn 0.873 0.461 0.159
vn 0.715 0.666 0.213
vn -0.182 -0.982 0.056
vn -0.766 -0.642 0.039
vn 0.856 -0.494 0.151
vn 0.928 -0.356 0.105
vn -0.965 -0.249 0.084
vn 0.957 -0.210 0.202
vn -0.980 -0.189 0.066
vn 0.937 0.303 0.175
vn -0.858 0.504 0.100
vn -0.582 0.800 0.147
vn -0.421 0.887 0.192
vn 0.130 0.979 0.159
vn -0.002 0.996 0.086
vn 0.544 -0.831 0.113
vn -0.654 -0.741 0.150
vn 0.953 -0.237 0.188
vn -0.890 -0.424 0.166
vn 0.969 0.094 0.230
vn -0.902 0.393 0.176
vn -0.748 0.646 0.150
vn 0.291 -0.944 0.155
vn 0.578 0.802 0.148
vn -0.672 0.688 0.274
vn 0.477 0.848 0.230
vn -0.222 0.960 0.168
vn -0.084 0.967 0.241
vn -0.297 -0.947 0.119
vn 0.656 -0.718 0.231
vn -0.549 -0.786 0.285
vn -0.978 -0.056 0.200
vn -0.899 0.370 0.236
vn 0.794 0.536 0.288
vn -0.809 0.537 0.238
vn 0.371 0.865 0.337
vn 0.237 0.929 0.284
vn -0.478 0.828 0.294
vn 0.753 -0.627 0.198
vn 0.901 -0.366 0.234
vn 0.903 0.292 0.315
vn 0.039 -0.991 0.125
vn -0.940 -0.148 0.308
vn 0.947 -0.153 0.283
vn -0.951 0.098 0.292
vn 0.793 0.523 0.312
vn 0.655 0.651 0.384
vn 0.506 0.797 0.330
vn -0.260 0.906 0.333
vn 0.507 -0.813 0.286
vn 0.758 -0.599 0.258
vn 0.896 -0.249 0.367
vn -0.946 -0.217 0.242
vn 0.918 -0.193 0.345
vn -0.837 0.443 0.320
vn 0.203 -0.947 0.251
vn -0.306 -0.923 0.233
vn -0.815 -0.523 0.250
vn 0.888 -0.240 0.393
vn 0.913 0.013 0.407
vn 0.777 0.427 0.463
vn -0.722 0.603 0.339
vn 0.332 0.875 0.354
vn 0.001 0.927 0.376
vn -0.159 0.881 0.445
vn -0.103 -0.971 0.217
vn -0.099 -0.945 0.312
vn -0.407 -0.877 0.257
vn -0.799 -0.468 0.379
vn 0.892 -0.089 0.444
vn -0.873 0.254 0.417
vn 0.670 0.490 0.558
vn -0.788 0.419 0.450
vn -0.504 0.747 0.435
vn 0.268 0.830 0.488
vn -0.360 -0.883 0.300
vn -0.928 -0.165 0.335
vn 0.809 -0.095 0.581
vn 0.880 -0.167 0.444
vn -0.897 -0.156 0.413
vn -0.864 0.128 0.487
vn 0.534 0.687 0.493
vn 0.353 -0.841 0.410
vn -0.826 -0.281 0.489
vn 0.808 -0.086 0.582
vn 0.855 0.199 0.479
vn 0.353 0.730 0.586
vn -0.077 0.815 0.574
vn -0.295 -0.867 0.401
vn -0.870 -0.204 0.449
vn 0.793 -0.109 0.599
vn 0.712 0.177 0.679
vn -0.695 0.475 0.539
vn -0.354 0.778 0.518
vn 0.024 -0.639 0.769
vn 0.612 -0.605 0.510
vn -0.745 -0.118 0.656
vn 0.681 -0.268 0.682
vn -0.731 0.307 0.610
vn -0.416 0.658 0.628
vn 0.499 0.540 0.678
vn -0.774 -0.100 0.625
vn -0.629 -0.270 0.729
vn -0.477 0.529 0.702
vn 0.071 0.743 0.665
vn 0.106 -0.873 0.476
vn -0.584 -0.022 0.811
vn 0.419 0.172 0.892
vn -0.524 -0.149 0.839
vn 0.606 -0.144 0.782
vn -0.782 -0.111 0.613
vn -0.668 0.159 0.727
vn 0.361 0.460 0.811
vn -0.526 0.367 0.767
vn -0.196 0.352 0.915
vn -0.216 -0.313 0.925
vn -0.433 -0.723 0.538
vn 0.600 -0.084 0.796
vn 0.096 0.146 0.985
vn -0.261 0.267 0.928
vn -0.081 -0.251 0.965
vn 0.423 -0.329 0.845
vn -0.466 -0.254 0.848
vn -0.479 0.030 0.877
vn -0.054 0.554 0.831
vn -0.312 0.344 0.886
vn -0.028 -0.220 0.975
vn 0.506 0.247 0.826
vn 0.342 -0.001 0.940
vn -0.069 0.184 0.980
vn -0.334 0.217 0.917
vn 0.095 0.287 0.953
usemtl creature
f 2//2 6//6 1//1
f 3//3 2//2 1//1
f 3//3 1//1 11//11
f 4//4 3//3 11//11
f 2//2 5//5 6//6
f 1//1 6//6 8//8
f 2//2 3//3 10//10
f 8//8 11//11 1//1
f 4//4 9//9 3//3
f 7//7 6//6 5//5
f 3//3 9//9 10//10
f 8//8 16//16 11//11
f 8//8 6//6 13//13
f 7//7 13//13 6//6
f 5//5 12//12 7//7
f 2//2 10//10 5//5
f 5//5 10//10 14//14
f 11//11 16//16 18//18
f 15//15 4//4 11//11
f 13//13 16//16 8//8
f 15//15 11//11 18//18
f 20//20 18//18 16//16
f 20//20 16//16 29//29
f 14//14 12//12 5//5
f 27//27 4//4 15//15
f 10//10 9//9 17//17
f 17//17 9//9 21//21
f 9//9 4//4 24//24
f 27//27 24//24 4//4
f 13//13 7//7 23//23
f 12//12 14//14 28//28
f 19//19 14//14 10//10
f 24//24 21//21 9//9
f 22//22 16//16 13//13
f 19//19 28//28 14//14
f 12//12 23//23 7//7
f 23//23 22//22 13//13
f 22//22 29//29 16//16
f 17//17 32//32 10//10
f 18//18 30//30 15//15
f 23//23 12//12 37//37
f 28//28 37//37 12//12
f 10//10 32//32 19//19
f 31//31 30//30 18//18
f 27//27 15//15 30//30
f 20//20 31//31 18//18
f 40//40 20//20 29//29
f 27//27 25//25 24//24
f 37//37 26//26 23//23
f 26//26 22//22 23//23
f 40//40 31//31 20//20
f 17//17 21//21 32//32
f 32//32 21//21 25//25
f 24//24 25//25 21//21
f 28//28 41//41 37//37
f 19//19 42//42 28//28
f 41//41 28//28 42//42
f 33//33 32//32 25//25
f 31//31 35//35 30//30
f 33//33 25//25 27//27
f 38//38 33//33 27//27
f 32//32 42//42 19//19
f 32//32 33//33 34//34
f 38//38 27//27 36//36
f 35//35 27//27 30//30
f 40//40 29//29 22//22
f 42//42 32//32 43//43
f 46//46 31//31 40//40
f 34//34 33//33 38//38
f 36//36 27//27 35//35
f 36//36 35//35 45//45
f 26//26 39//39 22//22
f 39//39 40//40 22//22
f 39//39 46//46 40//40
f 34//34 44//44 32//32
f 43//43 32//32 44//44
f 47//47 31//31 46//46
f 44//44 34//34 53//53
f 54//54 35//35 31//31
f 53//53 34//34 48//48
f 38//38 48//48 34//34
f 54//54 45//45 35//35
f 51//51 38//38 36//36
f 41//41 52//52 37//37
f 39//39 26//26 50//50
f 31//31 47//47 54//54
f 51//51 48//48 38//38
f 45//45 51//51 36//36
f 26//26 37//37 52//52
f 49//49 41//41 42//42
f 52//52 50//50 26//26
f 42//42 43//43 58//58
f 56//56 46//46 39//39
f 52//52 41//41 49//49
f 49//49 42//42 58//58
f 56//56 39//39 50//50
f 63//63 45//45 54//54
f 56//56 50//50 61//61
f 90//90 46//46 56//56
f 62//62 44//44 53//53
f 66//66 54//54 47//47
f 48//48 67//67 53//53
f 51//51 55//55 48//48
f 52//52 71//71 50//50
f 66//66 46//46 90//90
f 66//66 47//47 46//46
f 63//63 54//54 66//66
f 55//55 67//67 48//48
f 45//45 63//63 64//64
f 51//51 59//59 55//55
f 45//45 64//64 51//51
f 52//52 49//49 57//57
f 71//71 61//61 50//50
f 43//43 79//79 58//58
f 44//44 62//62 43//43
f 59//59 67//67 55//55
f 57//57 60//60 52//52
f 43//43 68//68 79//79
f 62//62 53//53 67//67
f 57//57 49//49 58//58
f 52//52 60//60 71//71
f 72//72 56//56 61//61
f 72//72 90//90 56//56
f 63//63 78//78 64//64
f 59//59 69//69 67//67
f 64//64 59//59 51//51
f 70//70 59//59 65//65
f 58//58 79//79 74//74
f 71//71 72//72 61//61
f 43//43 62//62 68//68
f 77//77 69//69 59//59
f 64//64 78//78 59//59
f 59//59 78//78 65//65
f 73//73 57//57 58//58
f 83//83 63//63 66//66
f 75//75 76//76 63//63
f 83//83 75//75 63//63
f 62//62 67//67 95//95
f 95//95 67//67 84//84
f 69//69 84//84 67//67
f 76//76 78//78 63//63
f 74//74 73//73 58//58
f 88//88 79//79 68//68
f 69//69 77//77 85//85
f 77//77 59//59 80//80
f 59//59 70//70 81//81
f 71//71 89//89 72//72
f 90//90 72//72 89//89
f 117//117 66//66 90//90
f 117//117 83//83 66//66
f 75//75 98//98 76//76
f 59//59 81//81 80//80
f 87//87 73//73 74//74
f 57//57 93//93 60//60
f 68//68 62//62 95//95
f 98//98 75//75 83//83
f 69//69 85//85 84//84
f 77//77 80//80 85//85
f 70//70 102//102 81//81
f 71//71 60//60 93//93
f 74//74 79//79 87//87
f 95//95 82//82 68//68
f 65//65 78//78 86//86
f 101//101 108//108 80//80
f 101//101 80//80 81//81
f 70//70 65//65 92//92
f 79//79 91//91 87//87
f 91//91 79//79 88//88
f 82//82 88//88 68//68
f 117//117 90//90 115//115
f 117//117 98//98 83//83
f 108//108 85//85 80//80
f 93//93 121//121 71//71
f 115//115 90//90 89//89
f 117//117 112//112 98//98
f 76//76 86//86 78//78
f 84//84 85//85 108//108
f 92//92 65//65 86//86
f 88//88 130//130 91//91
f 71//71 99//99 89//89
f 82//82 116//116 88//88
f 84//84 107//107 95//95
f 113//113 98//98 112//112
f 121//121 99//99 71//71
f 115//115 89//89 94//94
f 107//107 84//84 96//96
f 97//97 84//84 108//108
f 96//96 84//84 97//97
f 86//86 76//76 98//98
f 106//106 101//101 81//81
f 106//106 81//81 102//102
f 57//57 121//121 93//93
f 100//100 89//89 99//99
f 94//94 89//89 100//100
f 96//96 97//97 108//108
f 92//92 86//86 105//105
f 70//70 92//92 102//102
f 102//102 92//92 109//109
f 87//87 111//111 73//73
f 111//111 57//57 73//73
f 126//126 87//87 91//91
f 130//130 88//88 103//103
f 116//116 103//103 88//88
f 95//95 116//116 82//82
f 107//107 96//96 138//138
f 104//104 98//98 113//113
f 98//98 104//104 86//86
f 105//105 86//86 124//124
f 92//92 105//105 124//124
f 108//108 101//101 106//106
f 128//128 111//111 87//87
f 104//104 124//124 86//86
f 133//133 132//132 106//106
f 110//110 106//106 102//102
f 110//110 102//102 125//125
f 128//128 87//87 126//126
f 127//127 99//99 121//121
f 95//95 118//118 116//116
f 95//95 107//107 118//118
f 119//119 96//96 108//108
f 106//106 119//119 108//108
f 124//124 102//102 109//109
f 125//125 106//106 110//110
f 125//125 133//133 106//106
f 130//130 126//126 91//91
f 127//127 100//100 99//99
f 104//104 114//114 124//124
f 109//109 92//92 124//124
f 102//102 120//120 125//125
f 130//130 103//103 122//122
f 103//103 116//116 122//122
f 122//122 116//116 118//118
f 131//131 117//117 115//115
f 131//131 112//112 117//117
f 112//112 104//104 113//113
f 123//123 96//96 119//119
f 123//123 119//119 106//106
f 102//102 124//124 120//120
f 111//111 121//121 57//57
f 129//129 115//115 100//100
f 94//94 100//100 115//115
f 132//132 123//123 106//106
f 121//121 129//129 127//127
f 127//127 129//129 100//100
f 130//130 122//122 135//135
f 118//118 135//135 122//122
f 142//142 112//112 131//131
f 107//107 138//138 158//158
f 96//96 123//123 147//147
f 147//147 123//123 161//161
f 132//132 161//161 123//123
f 128//128 126//126 145//145
f 134//134 126//126 130//130
f 145//145 126//126 134//134
f 163//163 129//129 121//121
f 134//134 130//130 135//135
f 118//118 141//141 135//135
f 107//107 136//136 118//118
f 138//138 96//96 143//143
f 96//96 147//147 143//143
f 120//120 124//124 114//114
f 139//139 132//132 133//133
f 133//133 125//125 155//155
f 155//155 125//125 120//120
f 115//115 137//137 142//142
f 142//142 131//131 115//115
f 136//136 141//141 118//118
f 153//153 112//112 142//142
f 166//166 104//104 112//112
f 104//104 167//167 114//114
f 132//132 139//139 161//161
f 148//148 120//120 114//114
f 148//148 155//155 120//120
f 133//133 155//155 139//139
f 111//111 163//163 121//121
f 157//157 129//129 163//163
f 137//137 115//115 129//129
f 107//107 154//154 136//136
f 191//191 166//166 112//112
f 107//107 158//158 154//154
f 166//166 167//167 104//104
f 144//144 148//148 114//114
f 144//144 114//114 160//160
f 134//134 151//151 145//145
f 135//135 140//140 134//134
f 129//129 157//157 137//137
f 141//141 140//140 135//135
f 142//142 137//137 153//153
f 154//154 141//141 136//136
f 143//143 158//158 138//138
f 158//158 143//143 147//147
f 167//167 160//160 114//114
f 171//171 161//161 139//139
f 145//145 150//150 128//128
f 150//150 111//111 128//128
f 134//134 140//140 146//146
f 146//146 140//140 141//141
f 191//191 112//112 153//153
f 168//168 167//167 166//166
f 180//180 158//158 147//147
f 160//160 167//167 159//159
f 160//160 148//148 144//144
f 155//155 149//149 139//139
f 162//162 155//155 148//148
f 111//111 150//150 163//163
f 156//156 134//134 146//146
f 151//151 134//134 156//156
f 157//157 163//163 164//164
f 152//152 146//146 141//141
f 165//165 152//152 141//141
f 154//154 165//165 141//141
f 147//147 169//169 180//180
f 171//171 139//139 149//149
f 151//151 150//150 145//145
f 146//146 152//152 156//156
f 137//137 186//186 153//153
f 153//153 186//186 191//191
f 161//161 169//169 147//147
f 181//181 172//172 148//148
f 162//162 148//148 172//172
f 149//149 155//155 162//162
f 164//164 137//137 157//157
f 158//158 165//165 154//154
f 160//160 181//181 148//148
f 160//160 159//159 181//181
f 176//176 149//149 162//162
f 150//150 164//164 163//163
f 173//173 151//151 156//156
f 156//156 152//152 173//173
f 164//164 186//186 137//137
f 152//152 165//165 184//184
f 179//179 166//166 191//191
f 179//179 168//168 166//166
f 159//159 167//167 168//168
f 159//159 168//168 175//175
f 169//169 161//161 170//170
f 161//161 171//171 170//170
f 193//193 171//171 149//149
f 194//194 193//193 149//149
f 151//151 196//196 150//150
f 173//173 177//177 151//151
f 183//183 186//186 164//164
f 180//180 187//187 158//158
f 179//179 175//175 168//168
f 181//181 159//159 175//175
f 193//193 188//188 171//171
f 162//162 172//172 176//176
f 195//195 194//194 149//149
f 195//195 149//149 176//176
f 150//150 182//182 164//164
f 183//183 164//164 182//182
f 174//174 173//173 152//152
f 152//152 184//184 174//174
f 192//192 184//184 165//165
f 170//170 171//171 188//188
f 202//202 172//172 181//181
f 202//202 176//176 172//172
f 189//189 196//196 151//151
f 150//150 196//196 182//182
f 182//182 178//178 183//183
f 158//158 187//187 165//165
f 231//231 175//175 179//179
f 185//185 170//170 188//188
f 177//177 189//189 151//151
f 183//183 190//190 186//186
f 191//191 186//186 228//228
f 287//287 179//179 191//191
f 180//180 169//169 210//210
f 170//170 210//210 169//169
f 175//175 208//208 181//181
f 202//202 243//243 176//176
f 182//182 197//197 178//178
f 178//178 190//190 183//183
f 173//173 174//174 203//203
f 204//204 228//228 186//186
f 187//187 192//192 165//165
f 177//177 173//173 203//203
f 190//190 178//178 197//197
f 199//199 191//191 228//228
f 231//231 179//179 287//287
f 170//170 201//201 210//210
f 201//201 170//170 185//185
f 243//243 202//202 221//221
f 195//195 176//176 243//243
f 182//182 196//196 213//213
f 184//184 203//203 174//174
f 186//186 190//190 204//204
f 198//198 199//199 228//228
f 192//192 217//217 184//184
f 191//191 199//199 200//200
f 287//287 191//191 200//200
f 187//187 180//180 210//210
f 231//231 208//208 175//175
f 188//188 201//201 185//185
f 181//181 208//208 202//202
f 188//188 193//193 211//211
f 194//194 211//211 193//193
f 243//243 194//194 195//195
f 243//243 234//234 194//194
f 177//177 203//203 240//240
f 217//217 203//203 184//184
f 206//206 198//198 205//205
f 198//198 228//228 205//205
f 207//207 206//206 205//205
f 206//206 199//199 198//198
f 200//200 199//199 206//206
f 207//207 200//200 206//206
f 287//287 200//200 207//207
f 229//229 192//192 187//187
f 201//201 188//188 237//237
f 211//211 225//225 188//188
f 234//234 211//211 194//194
f 189//189 223//223 196//196
f 223//223 213//213 196//196
f 213//213 197//197 182//182
f 204//204 190//190 197//197
f 228//228 209//209 205//205
f 207//207 205//205 209//209
f 207//207 209//209 287//287
f 177//177 249//249 189//189
f 222//222 249//249 177//177
f 177//177 240//240 222//222
f 227//227 204//204 213//213
f 213//213 204//204 197//197
f 203//203 244//244 240//240
f 217//217 216//216 203//203
f 228//228 247//247 209//209
f 287//287 209//209 247//247
f 231//231 235//235 208//208
f 224//224 208//208 235//235
f 208//208 220//220 202//202
f 215//215 221//221 202//202
f 232//232 225//225 211//211
f 233//233 243//243 221//221
f 212//212 249//249 222//222
f 228//228 204//204 260//260
f 247//247 214//214 287//287
f 210//210 201//201 237//237
f 208//208 219//219 220//220
f 237//237 188//188 225//225
f 234//234 284//284 211//211
f 253//253 189//189 249//249
f 253//253 223//223 189//189
f 226//226 227//227 223//223
f 227//227 213//213 223//223
f 216//216 244//244 203//203
f 227//227 259//259 204//204
f 259//259 260//260 204//204
f 192//192 229//229 246//246
f 187//187 230//230 229//229
f 187//187 210//210 218//218
f 256//256 235//235 231//231
f 236//236 219//219 208//208
f 224//224 236//236 208//208
f 251//251 237//237 225//225
f 202//202 238//238 215//215
f 202//202 220//220 238//238
f 221//221 215//215 238//238
f 233//233 221//221 298//298
f 284//284 316//316 211//211
f 240//240 244//244 280//280
f 217//217 192//192 246//246
f 187//187 218//218 230//230
f 237//237 257//257 210//210
f 219//219 236//236 220//220
f 236//236 238//238 220//220
f 221//221 238//238 298//298
f 217//217 255//255 216//216
f 218//218 210//210 262//262
f 241//241 217//217 246//246
f 267//267 247//247 228//228
f 339//339 231//231 287//287
f 339//339 256//256 231//231
f 262//262 210//210 257//257
f 235//235 236//236 224//224
f 252//252 251//251 225//225
f 232//232 252//252 225//225
f 239//239 234//234 243//243
f 223//223 253//253 250//250
f 240//240 258//258 222//222
f 223//223 250//250 226//226
f 244//244 216//216 245//245
f 255//255 217//217 241//241
f 260//260 267//267 228//228
f 261//261 287//287 214//214
f 263//263 236//236 235//235
f 264//264 257//257 237//237
f 236//236 274//274 238//238
f 238//238 248//248 298//298
f 233//233 298//298 242//242
f 239//239 275//275 234//234
f 258//258 269//269 222//222
f 226//226 250//250 276//276
f 251//251 264//264 237//237
f 242//242 239//239 243//243
f 243//243 233//233 242//242
f 254//254 226//226 276//276
f 227//227 226//226 254//254
f 245//245 280//280 244//244
f 227//227 270//270 259//259
f 241//241 272//272 255//255
f 247//247 261//261 214//214
f 316//316 232//232 211//211
f 253//253 249//249 299//299
f 240//240 280//280 258//258
f 270//270 227//227 254//254
f 216//216 255//255 245//245
f 241//241 246//246 272//272
f 230//230 308//308 229//229
f 236//236 263//263 274//274
f 264//264 251//251 265//265
f 332//332 265//265 251//251
f 298//298 248//248 292//292
f 268//268 239//239 242//242
f 277//277 238//238 274//274
f 238//238 277//277 248//248
f 266//266 252//252 232//232
f 313//313 232//232 316//316
f 268//268 275//275 239//239
f 253//253 299//299 279//279
f 245//245 293//293 280//280
f 255//255 272//272 271//271
f 218//218 303//303 273//273
f 262//262 303//303 218//218
f 235//235 256//256 339//339
f 264//264 265//265 332//332
f 252//252 283//283 251//251
f 266//266 283//283 252//252
f 313//313 266//266 232//232
f 250//250 253//253 279//279
f 260//260 259//259 295//295
f 229//229 301//301 246//246
f 365//365 287//287 261//261
f 218//218 273//273 230//230
f 274//274 263//263 288//288
f 234//234 285//285 284//284
f 275//275 285//285 234//234
f 269//269 212//212 222//222
f 276//276 250//250 279//279
f 255//255 293//293 245//245
f 271//271 293//293 255//255
f 260//260 295//295 267//267
f 261//261 247//247 365//365
f 230//230 302//302 308//308
f 257//257 303//303 262//262
f 264//264 304//304 257//257
f 332//332 251//251 283//283
f 292//292 248//248 277//277
f 242//242 298//298 278//278
f 315//315 268//268 242//242
f 306//306 269//269 258//258
f 212//212 299//299 249//249
f 293//293 327//327 280//280
f 281//281 270//270 254//254
f 246//246 301//301 272//272
f 229//229 282//282 301//301
f 247//247 267//267 365//365
f 296//296 339//339 287//287
f 303//303 257//257 304//304
f 235//235 288//288 263//263
f 274//274 288//288 277//277
f 291//291 283//283 266//266
f 327//327 258//258 280//280
f 286//286 276//276 279//279
f 270//270 281//281 259//259
f 294//294 295//295 259//259
f 301//301 271//271 272//272
f 230//230 273//273 302//302
f 287//287 365//365 296//296
f 348//348 311//311 235//235
f 235//235 310//310 348//348
f 311//311 288//288 235//235
f 288//288 311//311 297//297
f 277//277 288//288 289//289
f 290//290 292//292 277//277
f 290//290 277//277 289//289
f 313//313 291//291 266//266
f 278//278 298//298 292//292
f 315//315 242//242 314//314
f 242//242 278//278 314//314
f 212//212 269//269 299//299
f 326//326 286//286 279//279
f 254//254 276//276 286//286
f 281//281 294//294 259//259
f 319//319 271//271 301//301
f 229//229 308//308 282//282
f 291//291 305//305 283//283
f 353//353 275//275 268//268
f 269//269 317//317 299//299
f 279//279 325//325 326//326
f 326//326 254//254 286//286
f 327//327 293//293 318//318
f 307//307 294//294 254//254
f 254//254 294//294 281//281
f 300//300 293//293 271//271
f 307//307 295//295 294//294
f 271//271 319//319 300//300
f 347//347 339//339 296//296
f 273//273 303//303 320//320
f 303//303 304//304 340//340
f 332//332 283//283 305//305
f 288//288 297//297 289//289
f 316//316 333//333 313//313
f 284//284 285//285 316//316
f 306//306 317//317 269//269
f 299//299 317//317 279//279
f 325//325 279//279 317//317
f 258//258 327//327 306//306
f 300//300 319//319 293//293
f 331//331 295//295 307//307
f 282//282 319//319 301//301
f 365//365 267//267 363//363
f 273//273 309//309 302//302
f 320//320 309//309 273//273
f 310//310 235//235 339//339
f 321//321 304//304 264//264
f 264//264 332//332 321//321
f 289//289 297//297 322//322
f 332//332 305//305 328//328
f 322//322 290//290 289//289
f 291//291 328//328 305//305
f 322//322 292//292 290//290
f 291//291 313//313 312//312
f 293//293 319//319 318//318
f 331//331 267//267 295//295
f 302//302 309//309 308//308
f 332//332 304//304 321//321
f 297//297 311//311 348//348
f 312//312 328//328 291//291
f 278//278 292//292 329//329
f 292//292 322//322 297//297
f 314//314 278//278 329//329
f 313//313 333//333 312//312
f 315//315 314//314 329//329
f 285//285 275//275 359//359
f 353//353 268//268 315//315
f 323//323 317//317 306//306
f 317//317 324//324 325//325
f 254//254 326//326 330//330
f 254//254 344//344 307//307
f 319//319 282//282 334//334
f 267//267 331//331 371//371
f 371//371 363//363 267//267
f 282//282 308//308 309//309
f 347//347 296//296 365//365
f 339//339 391//391 310//310
f 391//391 348//348 310//310
f 341//341 332//332 328//328
f 292//292 297//297 329//329
f 316//316 285//285 359//359
f 369//369 359//359 275//275
f 369//369 275//275 353//353
f 323//323 306//306 336//336
f 336//336 306//306 327//327
f 330//330 326//326 325//325
f 327//327 318//318 336//336
f 344//344 254//254 330//330
f 344//344 331//331 307//307
f 309//309 335//335 282//282
f 341//341 304//304 332//332
f 356//356 297//297 348//348
f 316//316 350//350 333//333
f 351//351 315//315 329//329
f 316//316 352//352 350//350
f 317//317 323//323 370//370
f 317//317 370//370 324//324
f 334//334 318//318 319//319
f 331//331 388//388 346//346
f 346//346 371//371 331//331
f 356//356 348//348 383//383
f 312//312 341//341 328//328
f 342//342 333//333 350//350
f 353//353 315//315 351//351
f 336//336 343//343 323//323
f 325//325 344//344 330//330
f 336//336 318//318 337//337
f 337//337 318//318 355//355
f 344//344 388//388 331//331
f 318//318 334//334 345//345
f 320//320 338//338 309//309
f 347//347 444//444 339//339
f 391//391 339//339 444//444
f 391//391 381//381 348//348
f 304//304 341//341 340//340
f 358//358 329//329 297//297
f 358//358 297//297 356//356
f 333//333 357//357 312//312
f 351//351 329//329 358//358
f 342//342 357//357 333//333
f 352//352 316//316 359//359
f 323//323 343//343 370//370
f 336//336 386//386 343//343
f 337//337 355//355 336//336
f 318//318 345//345 355//355
f 388//388 404//404 346//346
f 423//423 347//347 365//365
f 303//303 392//392 320//320
f 340//340 392//392 303//303
f 383//383 348//348 381//381
f 357//357 341//341 312//312
f 353//353 351//351 385//385
f 386//386 375//375 343//343
f 336//336 360//360 386//386
f 325//325 388//388 344//344
f 379//379 334//334 282//282
f 335//335 379//379 282//282
f 389//389 423//423 365//365
f 366//366 335//335 309//309
f 398//398 347//347 423//423
f 444//444 347//347 398//398
f 382//382 383//383 381//381
f 399//399 341//341 394//394
f 341//341 357//357 394//394
f 349//349 358//358 356//356
f 350//350 357//357 342//342
f 352//352 373//373 350//350
f 369//369 418//418 359//359
f 387//387 370//370 343//343
f 324//324 370//370 354//354
f 386//386 360//360 377//377
f 376//376 324//324 354//354
f 355//355 360//360 336//336
f 324//324 402//402 325//325
f 334//334 379//379 345//345
f 371//371 346//346 404//404
f 361//361 379//379 335//335
f 335//335 362//362 361//361
f 389//389 365//365 363//363
f 335//335 364//364 362//362
f 366//366 364//364 335//335
f 309//309 338//338 366//366
f 367//367 349//349 356//356
f 383//383 367//367 356//356
f 372//372 351//351 358//358
f 384//384 351//351 372//372
f 351//351 384//384 385//385
f 373//373 352//352 368//368
f 359//359 368//368 352//352
f 369//369 353//353 385//385
f 343//343 375//375 387//387
f 324//324 376//376 402//402
f 402//402 388//388 325//325
f 422//422 404//404 388//388
f 405//405 363//363 371//371
f 389//389 363//363 405//405
f 392//392 340//340 393//393
f 350//350 394//394 357//357
f 373//373 394//394 350//350
f 374//374 373//373 368//368
f 374//374 359//359 418//418
f 374//374 368//368 359//359
f 418//418 369//369 395//395
f 387//387 410//410 370//370
f 370//370 410//410 354//354
f 386//386 377//377 411//411
f 360//360 355//355 377//377
f 345//345 378//378 355//355
f 404//404 380//380 371//371
f 362//362 379//379 361//361
f 405//405 371//371 380//380
f 364//364 366//366 362//362
f 430//430 366//366 390//390
f 366//366 338//338 390//390
f 338//338 320//320 392//392
f 391//391 445//445 381//381
f 424//424 381//381 445//445
f 399//399 340//340 341//341
f 393//393 340//340 399//399
f 382//382 381//381 424//424
f 367//367 383//383 349//349
f 349//349 372//372 358//358
f 416//416 394//394 373//373
f 419//419 395//395 369//369
f 419//419 369//369 385//385
f 397//397 377//377 355//355
f 378//378 397//397 355//355
f 345//345 397//397 378//378
f 345//345 379//379 397//397
f 366//366 379//379 362//362
f 383//383 382//382 424//424
f 383//383 372//372 349//349
f 400//400 373//373 374//374
f 400//400 374//374 441//441
f 418//418 441//441 374//374
f 419//419 385//385 384//384
f 396//396 387//387 375//375
f 420//420 386//386 411//411
f 375//375 386//386 420//420
f 401//401 354//354 410//410
f 402//402 354//354 401//401
f 402//402 376//376 354//354
f 422//422 388//388 403//403
f 413//413 379//379 366//366
f 399//399 414//414 393//393
f 414//414 399//399 425//425
f 383//383 424//424 406//406
f 372//372 383//383 407//407
f 384//384 372//372 407//407
f 418//418 395//395 419//419
f 448//448 418//418 419//419
f 434//434 411//411 377//377
f 412//412 434//434 377//377
f 421//421 412//412 377//377
f 421//421 377//377 397//397
f 388//388 402//402 403//403
f 397//397 379//379 421//421
f 405//405 380//380 404//404
f 379//379 413//413 453//453
f 398//398 423//423 454//454
f 456//456 445//445 391//391
f 456//456 391//391 455//455
f 383//383 406//406 407//407
f 426//426 394//394 416//416
f 432//432 419//419 384//384
f 417//417 441//441 418//418
f 375//375 420//420 427//427
f 396//396 409//409 387//387
f 410//410 387//387 409//409
f 453//453 421//421 379//379
f 405//405 404//404 429//429
f 389//389 405//405 429//429
f 479//479 338//338 392//392
f 454//454 444//444 398//398
f 392//392 393//393 414//414
f 425//425 399//399 394//394
f 416//416 373//373 426//426
f 433//433 373//373 400//400
f 408//408 432//432 384//384
f 441//441 433//433 400//400
f 375//375 427//427 396//396
f 427//427 409//409 396//396
f 442//442 401//401 410//410
f 442//442 402//402 401//401
f 442//442 451//451 402//402
f 429//429 404//404 422//422
f 511//511 389//389 429//429
f 366//366 453//453 413//413
f 461//461 389//389 511//511
f 390//390 338//338 479//479
f 444//444 455//455 391//391
f 424//424 445//445 446//446
f 406//406 424//424 446//446
f 415//415 466//466 394//394
f 426//426 415//415 394//394
f 475//475 419//419 432//432
f 420//420 411//411 434//434
f 435//435 403//403 402//402
f 403//403 429//429 422//422
f 428//428 421//421 453//453
f 366//366 430//430 453//453
f 389//389 461//461 454//454
f 454//454 423//423 389//389
f 392//392 431//431 479//479
f 513//513 431//431 392//392
f 414//414 513//513 392//392
f 425//425 465//465 414//414
f 466//466 425//425 394//394
f 373//373 433//433 426//426
f 384//384 407//407 408//408
f 441//441 440//440 433//433
f 470//470 420//420 434//434
f 420//420 470//470 427//427
f 427//427 449//449 409//409
f 410//410 409//409 442//442
f 450//450 451//451 442//442
f 435//435 402//402 451//451
f 421//421 436//436 412//412
f 390//390 437//437 430//430
f 454//454 574//574 444//444
f 444//444 500//500 455//455
f 465//465 463//463 414//414
f 438//438 468//468 407//407
f 439//439 426//426 433//433
f 468//468 408//408 407//407
f 432//432 408//408 474//474
f 448//448 419//419 458//458
f 441//441 417//417 504//504
f 418//418 504//504 417//417
f 477//477 504//504 418//418
f 442//442 409//409 449//449
f 434//434 412//412 436//436
f 443//443 436//436 421//421
f 443//443 421//421 428//428
f 435//435 429//429 403//403
f 435//435 452//452 429//429
f 430//430 486//486 453//453
f 486//486 430//430 462//462
f 437//437 462//462 430//430
f 479//479 437//437 390//390
f 467//467 406//406 446//446
f 407//407 406//406 467//467
f 466//466 415//415 426//426
f 407//407 467//467 438//438
f 447//447 426//426 439//439
f 433//433 447//447 439//439
f 481//481 447//447 433//433
f 440//440 481//481 433//433
f 481//481 440//440 441//441
f 475//475 458//458 419//419
f 448//448 477//477 418//418
f 472//472 451//451 450//450
f 508//508 452//452 451//451
f 435//435 451//451 452//452
f 429//429 452//452 460//460
f 511//511 429//429 460//460
f 456//456 455//455 500//500
f 446//446 445//445 456//456
f 465//465 425//425 466//466
f 466//466 426//426 517//517
f 481//481 441//441 457//457
f 504//504 482//482 441//441
f 477//477 448//448 458//458
f 449//449 427//427 505//505
f 507//507 442//442 449//449
f 472//472 450//450 442//442
f 508//508 451//451 472//472
f 436//436 443//443 428//428
f 453//453 459//459 428//428
f 486//486 484//484 453//453
f 498//498 500//500 444//444
f 513//513 414//414 463//463
f 467//467 446//446 464//464
f 467//467 468//468 438//438
f 474//474 408//408 468//468
f 432//432 474//474 475//475
f 457//457 441//441 482//482
f 458//458 475//475 476//476
f 427//427 470//470 471//471
f 505//505 427//427 471//471
f 472//472 442//442 507//507
f 484//484 459//459 453//453
f 485//485 461//461 511//511
f 487//487 486//486 462//462
f 498//498 444//444 521//521
f 584//584 464//464 446//446
f 467//467 464//464 584//584
f 468//468 467//467 473//473
f 469//469 426//426 447//447
f 481//481 469//469 447//447
f 492//492 458//458 502//502
f 492//492 477//477 458//458
f 505//505 493//493 449//449
f 470//470 434//434 478//478
f 434//434 494//494 483//483
f 434//434 436//436 494//494
f 428//428 494//494 436//436
f 484//484 428//428 459//459
f 486//486 510//510 484//484
f 574//574 454//454 461//461
f 437//437 479//479 462//462
f 444//444 574//574 539//539
f 431//431 488//488 479//479
f 576//576 521//521 444//444
f 465//465 489//489 463//463
f 500//500 446//446 456//456
f 500//500 584//584 446//446
f 465//465 466//466 490//490
f 584//584 516//516 467//467
f 466//466 517//517 490//490
f 426//426 469//469 517//517
f 475//475 474//474 476//476
f 476//476 502//502 458//458
f 559//559 482//482 504//504
f 504//504 477//477 492//492
f 534//534 470//470 478//478
f 471//471 470//470 525//525
f 478//478 434//434 534//534
f 434//434 483//483 534//534
f 507//507 508//508 472//472
f 495//495 452//452 508//508
f 428//428 484//484 510//510
f 496//496 510//510 486//486
f 529//529 574//574 461//461
f 487//487 462//462 479//479
f 576//576 444//444 539//539
f 463//463 480//480 513//513
f 489//489 465//465 490//490
f 469//469 545//545 517//517
f 468//468 473//473 491//491
f 468//468 491//491 474//474
f 523//523 469//469 481//481
f 491//491 476//476 474//474
f 457//457 523//523 481//481
f 502//502 476//476 558//558
f 503//503 559//559 504//504
f 505//505 471//471 525//525
f 493//493 505//505 567//567
f 534//534 506//506 470//470
f 449//449 535//535 507//507
f 428//428 527//527 569//569
f 494//494 428//428 569//569
f 428//428 510//510 527//527
f 460//460 452//452 495//495
f 495//495 511//511 460//460
f 554//554 496//496 486//486
f 487//487 554//554 486//486
f 529//529 461//461 485//485
f 479//479 554//554 487//487
f 431//431 513//513 488//488
f 490//490 517//517 545//545
f 501//501 473//473 467//467
f 501//501 467//467 516//516
f 557//557 457//457 482//482
f 470//470 506//506 525//525
f 493//493 535//535 449//449
f 483//483 494//494 534//534
f 534//534 494//494 569//569
f 509//509 495//495 508//508
f 529//529 511//511 497//497
f 511//511 529//529 485//485
f 512//512 554//554 479//479
f 479//479 538//538 512//512
f 583//583 498//498 521//521
f 514//514 500//500 498//498
f 489//489 480//480 463//463
f 515//515 500//500 514//514
f 499//499 500//500 515//515
f 584//584 500//500 499//499
f 501//501 491//491 473//473
f 523//523 545//545 469//469
f 518//518 476//476 491//491
f 518//518 558//558 476//476
f 535//535 493//493 560//560
f 535//535 519//519 507//507
f 526//526 507//507 519//519
f 520//520 508//508 507//507
f 526//526 520//520 507//507
f 510//510 496//496 561//561
f 488//488 540//540 479//479
f 513//513 540//540 488//488
f 522//522 514//514 498//498
f 515//515 531//531 499//499
f 515//515 514//514 522//522
f 515//515 522//522 531//531
f 491//491 532//532 518//518
f 457//457 547//547 523//523
f 548//548 557//557 482//482
f 559//559 548//548 482//482
f 502//502 533//533 492//492
f 533//533 504//504 492//492
f 526//526 508//508 520//520
f 526//526 536//536 508//508
f 536//536 509//509 508//508
f 511//511 495//495 528//528
f 554//554 553//553 496//496
f 512//512 538//538 554//554
f 530//530 538//538 479//479
f 540//540 530//530 479//479
f 480//480 541//541 513//513
f 600//600 498//498 583//583
f 498//498 531//531 522//522
f 544//544 516//516 584//584
f 490//490 545//545 577//577
f 524//524 502//502 558//558
f 504//504 533//533 618//618
f 503//503 504//504 618//618
f 505//505 525//525 567//567
f 493//493 567//567 560//560
f 536//536 526//526 519//519
f 510//510 561//561 527//527
f 536//536 495//495 509//509
f 497//497 511//511 580//580
f 553//553 537//537 496//496
f 553//553 554//554 537//537
f 489//489 490//490 543//543
f 584//584 499//499 531//531
f 543//543 490//490 563//563
f 544//544 585//585 516//516
f 585//585 501//501 516//516
f 490//490 577//577 563//563
f 546//546 491//491 501//501
f 545//545 523//523 547//547
f 547//547 457//457 565//565
f 565//565 457//457 557//557
f 558//558 518//518 594//594
f 559//559 605//605 548//548
f 533//533 502//502 524//524
f 525//525 549//549 567//567
f 560//560 550//550 535//535
f 550//550 519//519 535//535
f 569//569 527//527 588//588
f 527//527 561//561 631//631
f 536//536 552//552 495//495
f 552//552 528//528 495//495
f 552//552 511//511 528//528
f 580//580 511//511 552//552
f 537//537 551//551 496//496
f 561//561 496//496 551//551
f 497//497 580//580 572//572
f 572//572 529//529 497//497
f 581//581 554//554 538//538
f 574//574 572//572 573//573
f 574//574 529//529 572//572
f 538//538 530//530 540//540
f 513//513 647//647 540//540
f 541//541 647//647 513//513
f 480//480 582//582 541//541
f 489//489 562//562 480//480
f 600//600 531//531 498//498
f 564//564 501//501 585//585
f 564//564 546//546 501//501
f 546//546 532//532 491//491
f 547//547 578//578 545//545
f 556//556 518//518 532//532
f 555//555 556//556 532//532
f 555//555 518//518 556//556
f 605//605 557//557 548//548
f 503//503 566//566 559//559
f 617//617 618//618 533//533
f 617//617 533//533 524//524
f 506//506 597//597 525//525
f 534//534 607//607 506//506
f 609//609 537//537 554//554
f 581//581 609//609 554//554
f 538//538 625//625 581//581
f 576//576 539//539 574//574
f 540//540 575//575 538//538
f 521//521 576//576 626//626
f 489//489 542//542 562//562
f 543//543 542//542 489//489
f 532//532 546//546 564//564
f 565//565 578//578 547//547
f 524//524 558//558 594//594
f 559//559 586//586 605//605
f 503//503 618//618 566//566
f 567//567 549//549 568//568
f 534//534 569//569 607//607
f 527//527 631//631 588//588
f 580//580 552//552 536//536
f 590//590 580//580 536//536
f 561//561 551//551 570//570
f 538//538 575//575 625//625
f 591//591 576//576 574//574
f 627//627 583//583 521//521
f 614//614 544//544 584//584
f 542//542 543//543 601//601
f 543//543 602//602 601//601
f 543//543 563//563 602//602
f 577//577 545//545 578//578
f 564//564 555//555 532//532
f 605//605 578//578 565//565
f 594//594 518//518 555//555
f 605//605 565//565 557//557
f 524//524 594//594 641//641
f 579//579 566//566 618//618
f 525//525 597//597 549//549
f 560//560 567//567 568//568
f 560//560 620//620 550//550
f 506//506 607//607 587//587
f 570//570 631//631 561//561
f 571//571 572//572 580//580
f 572//572 571//571 573//573
f 574//574 573//573 646//646
f 700//700 521//521 626//626
f 582//582 648//648 541//541
f 701//701 600//600 583//583
f 542//542 592//592 562//562
f 614//614 584//584 531//531
f 563//563 577//577 602//602
f 564//564 585//585 615//615
f 650//650 577//577 604//604
f 604//604 577//577 578//578
f 603//603 555//555 564//564
f 586//586 559//559 566//566
f 617//617 524//524 641//641
f 629//629 618//618 617//617
f 597//597 606//606 549//549
f 506//506 587//587 597//597
f 620//620 568//568 549//549
f 620//620 560//560 568//568
f 607//607 569//569 588//588
f 550//550 620//620 519//519
f 620//620 536//536 519//519
f 536//536 589//589 590//590
f 551//551 537//537 609//609
f 591//591 574//574 646//646
f 576//576 591//591 662//662
f 662//662 626//626 576//576
f 627//627 521//521 700//700
f 612//612 582//582 480//480
f 612//612 480//480 613//613
f 627//627 701//701 583//583
f 562//562 613//613 480//480
f 613//613 562//562 599//599
f 592//592 599//599 562//562
f 592//592 542//542 593//593
f 600//600 614//614 531//531
f 544//544 614//614 585//585
f 650//650 602//602 577//577
f 564//564 615//615 603//603
f 605//605 604//604 578//578
f 641//641 594//594 595//595
f 640//640 605//605 586//586
f 587//587 630//630 597//597
f 622//622 607//607 588//588
f 622//622 588//588 598//598
f 620//620 589//589 536//536
f 590//590 571//571 580//580
f 570//570 551//551 631//631
f 571//571 660//660 573//573
f 609//609 581//581 625//625
f 540//540 647//647 575//575
f 635//635 600//600 701//701
f 635//635 614//614 600//600
f 542//542 601//601 593//593
f 615//615 585//585 637//637
f 603//603 594//594 555//555
f 616//616 604//604 605//605
f 640//640 586//586 642//642
f 629//629 617//617 641//641
f 642//642 586//586 566//566
f 579//579 596//596 566//566
f 596//596 579//579 618//618
f 587//587 607//607 630//630
f 620//620 623//623 589//589
f 598//598 588//588 631//631
f 590//590 624//624 571//571
f 631//631 551//551 608//608
f 608//608 551//551 673//673
f 632//632 571//571 624//624
f 660//660 571//571 632//632
f 625//625 634//634 609//609
f 646//646 573//573 633//633
f 634//634 625//625 575//575
f 611//611 610//610 575//575
f 647//647 611//611 575//575
f 541//541 648//648 647//647
f 613//613 599//599 592//592
f 638//638 616//616 605//605
f 596//596 642//642 566//566
f 643//643 618//618 629//629
f 597//597 619//619 606//606
f 549//549 606//606 620//620
f 670//670 598//598 631//631
f 589//589 624//624 590//590
f 551//551 609//609 673//673
f 634//634 659//659 609//609
f 633//633 573//573 660//660
f 611//611 634//634 610//610
f 610//610 634//634 575//575
f 613//613 649//649 612//612
f 613//613 592//592 593//593
f 664//664 614//614 635//635
f 585//585 614//614 637//637
f 604//604 651//651 650//650
f 675//675 628//628 615//615
f 615//615 628//628 603//603
f 638//638 604//604 616//616
f 639//639 638//638 605//605
f 640//640 639//639 605//605
f 655//655 596//596 618//618
f 681//681 630//630 607//607
f 630//630 619//619 597//597
f 621//621 620//620 606//606
f 621//621 623//623 620//620
f 623//623 644//644 589//589
f 631//631 608//608 658//658
f 609//609 659//659 673//673
f 697//697 659//659 634//634
f 611//611 663//663 634//634
f 662//662 591//591 646//646
f 663//663 611//611 647//647
f 593//593 649//649 613//613
f 636//636 614//614 664//664
f 636//636 703//703 614//614
f 703//703 637//637 614//614
f 650//650 601//601 602//602
f 603//603 628//628 675//675
f 594//594 603//603 595//595
f 641//641 595//595 652//652
f 653//653 629//629 641//641
f 643//643 655//655 618//618
f 619//619 669//669 606//606
f 630//630 681//681 619//619
f 669//669 657//657 606//606
f 681//681 607//607 622//622
f 631//631 658//658 670//670
f 645//645 632//632 624//624
f 661//661 697//697 634//634
f 663//663 661//661 634//634
f 730//730 626//626 662//662
f 612//612 648//648 582//582
f 664//664 635//635 701//701
f 638//638 651//651 604//604
f 653//653 643//643 629//629
f 718//718 596//596 654//654
f 718//718 642//642 596//596
f 654//654 596//596 780//780
f 596//596 655//655 780//780
f 657//657 621//621 606//606
f 621//621 644//644 623//623
f 622//622 598//598 670//670
f 589//589 644//644 624//624
f 644//644 694//694 624//624
f 711//711 645//645 624//624
f 694//694 711//711 624//624
f 645//645 711//711 632//632
f 711//711 660//660 632//632
f 648//648 663//663 647//647
f 716//716 626//626 730//730
f 716//716 700//700 626//626
f 684//684 648//648 612//612
f 627//627 717//717 701//701
f 601//601 686//686 593//593
f 650//650 651//651 674//674
f 687//687 615//615 637//637
f 652//652 603//603 675//675
f 652//652 595//595 603//603
f 676//676 638//638 639//639
f 640//640 676//676 639//639
f 652//652 653//653 641//641
f 718//718 736//736 640//640
f 718//718 640//640 642//642
f 668//668 667//667 656//656
f 668//668 656//656 666//666
f 656//656 665//665 666//666
f 668//668 666//666 680//680
f 708//708 667//667 668//668
f 708//708 668//668 691//691
f 681//681 622//622 723//723
f 710//710 644//644 621//621
f 710//710 671//671 644//644
f 658//658 672//672 670//670
f 694//694 644//644 671//671
f 697//697 661//661 663//663
f 715//715 646//646 633//633
f 662//662 646//646 715//715
f 717//717 627//627 700//700
f 649//649 593//593 685//685
f 686//686 685//685 593//593
f 734//734 615//615 687//687
f 675//675 615//615 734//734
f 674//674 651//651 638//638
f 736//736 676//676 640//640
f 767//767 736//736 718//718
f 707//707 780//780 655//655
f 738//738 678//678 656//656
f 677//677 738//738 667//667
f 667//667 738//738 656//656
f 656//656 678//678 665//665
f 667//667 679//679 677//677
f 667//667 708//708 679//679
f 673//673 695//695 608//608
f 659//659 695//695 673//673
f 711//711 696//696 660//660
f 713//713 659//659 697//697
f 729//729 697//697 663//663
f 730//730 662//662 715//715
f 776//776 663//663 648//648
f 648//648 683//683 682//682
f 683//683 648//648 743//743
f 648//648 684//684 743//743
f 612//612 649//649 684//684
f 685//685 684//684 649//649
f 701//701 636//636 664//664
f 686//686 601//601 745//745
f 650//650 745//745 601//601
f 703//703 687//687 637//637
f 674//674 638//638 689//689
f 704//704 675//675 734//734
f 638//638 676//676 689//689
f 736//736 689//689 676//676
f 735//735 655//655 653//653
f 653//653 655//655 643//643
f 738//738 737//737 678//678
f 747//747 665//665 678//678
f 677//677 679//679 720//720
f 719//719 665//665 747//747
f 719//719 666//666 665//665
f 666//666 719//719 749//749
f 740//740 680//680 666//666
f 680//680 690//690 668//668
f 668//668 690//690 691//691
f 772//772 657//657 669//669
f 724//724 681//681 723//723
f 670//670 672//672 692//692
f 658//658 693//693 672//672
f 633//633 660//660 696//696
f 776//776 648//648 698//698
f 682//682 698//698 648//648
f 716//716 699//699 700//700
f 798//798 717//717 700//700
f 703//703 636//636 701//701
f 745//745 702//702 686//686
f 650//650 731//731 745//745
f 674//674 731//731 650//650
f 675//675 704//704 652//652
f 652//652 688//688 705//705
f 653//653 652//652 705//705
f 653//653 705//705 735//735
f 718//718 654//654 706//706
f 677//677 720//720 738//738
f 708//708 739//739 679//679
f 749//749 740//740 666//666
f 721//721 739//739 708//708
f 740//740 690//690 680//680
f 722//722 708//708 691//691
f 787//787 691//691 690//690
f 726//726 619//619 681//681
f 619//619 772//772 669//669
f 772//772 791//791 657//657
f 622//622 692//692 723//723
f 709//709 621//621 657//657
f 670//670 692//692 622//622
f 693//693 692//692 672//672
f 608//608 741//741 658//658
f 695//695 741//741 608//608
f 774//774 711//711 694//694
f 712//712 696//696 711//711
f 659//659 758//758 695//695
f 713//713 758//758 659//659
f 696//696 712//712 633//633
f 633//633 712//712 715//715
f 715//715 869//869 775//775
f 663//663 714//714 729//729
f 761//761 730//730 715//715
f 776//776 714//714 663//663
f 886//886 699//699 716//716
f 886//886 700//700 699//699
f 798//798 700//700 886//886
f 717//717 817//817 701//701
f 817//817 703//703 701//701
f 687//687 732//732 733//733
f 733//733 734//734 687//687
f 764//764 746//746 674//674
f 764//764 674//674 689//689
f 779//779 764//764 689//689
f 779//779 689//689 736//736
f 720//720 800//800 738//738
f 749//749 805//805 740//740
f 750//750 722//722 691//691
f 750//750 691//691 787//787
f 724//724 725//725 681//681
f 725//725 726//726 681//681
f 692//692 753//753 723//723
f 709//709 657//657 791//791
f 693//693 727//727 692//692
f 658//658 728//728 693//693
f 671//671 774//774 694//694
f 758//758 741//741 695//695
f 697//697 758//758 713//713
f 697//697 729//729 758//758
f 761//761 715//715 775//775
f 716//716 730//730 761//761
f 684//684 685//685 743//743
f 702//702 685//685 686//686
f 703//703 817//817 687//687
f 777//777 731//731 674//674
f 652//652 704//704 778//778
f 688//688 652//652 778//778
f 838//838 779//779 736//736
f 767//767 838//838 736//736
f 718//718 706//706 767//767
f 707//707 655//655 766//766
f 678//678 737//737 893//893
f 857//857 747//747 678//678
f 679//679 739//739 720//720
f 768//768 749//749 719//719
f 708//708 784//784 721//721
f 722//722 784//784 708//708
f 690//690 751//751 787//787
f 723//723 754//754 755//755
f 753//753 754//754 723//723
f 726//726 772//772 619//619
f 692//692 727//727 753//753
f 621//621 709//709 791//791
f 728//728 756//756 693//693
f 658//658 741//741 756//756
f 658//658 756//756 728//728
f 796//796 712//712 711//711
f 774//774 796//796 711//711
f 774//774 715//715 712//712
f 869//869 715//715 759//759
f 762//762 776//776 742//742
f 698//698 742//742 776//776
f 798//798 817//817 717//717
f 746//746 851//851 674//674
f 655//655 735//735 766//766
f 738//738 800//800 781//781
f 857//857 678//678 893//893
f 720//720 801//801 800//800
f 721//721 784//784 739//739
f 785//785 751//751 690//690
f 770//770 750//750 787//787
f 723//723 755//755 724//724
f 693//693 771//771 727//727
f 756//756 771//771 693//693
f 621//621 791//791 710//710
f 794//794 710//710 791//791
f 741//741 757//757 756//756
f 741//741 758//758 757//757
f 796//796 774//774 712//712
f 715//715 774//774 759//759
f 729//729 760//760 758//758
f 729//729 714//714 760//760
f 743//743 685//685 814//814
f 744//744 817//817 798//798
f 745//745 685//685 702//702
f 687//687 817//817 732//732
f 732//732 763//763 818//818
f 818//818 733//733 732//732
f 734//734 733//733 799//799
f 674//674 819//819 777//777
f 674//674 851//851 819//819
f 734//734 778//778 704//704
f 688//688 778//778 705//705
f 765//765 735//735 705//705
f 735//735 765//765 766//766
f 779//779 838//838 852//852
f 707//707 840//840 780//780
f 737//737 738//738 781//781
f 802//802 747//747 857//857
f 748//748 801//801 720//720
f 739//739 748//748 720//720
f 782//782 749//749 768//768
f 805//805 749//749 782//782
f 722//722 786//786 784//784
f 785//785 690//690 740//740
f 805//805 785//785 740//740
f 750//750 786//786 722//722
f 769//769 786//786 750//750
f 770//770 769//769 750//750
f 806//806 751//751 785//785
f 787//787 751//751 788//788
f 771//771 787//787 752//752
f 727//727 752//752 753//753
f 753//753 752//752 808//808
f 771//771 752//752 727//727
f 756//756 773//773 771//771
f 755//755 790//790 724//724
f 724//724 790//790 725//725
f 725//725 790//790 726//726
f 757//757 773//773 756//756
f 794//794 671//671 710//710
f 671//671 795//795 774//774
f 886//886 716//716 761//761
f 814//814 685//685 815//815
f 745//745 731//731 850//850
f 818//818 799//799 733//733
f 746//746 764//764 851//851
f 779//779 851//851 764//764
f 707//707 766//766 821//821
f 839//839 838//838 767//767
f 839//839 767//767 706//706
f 737//737 781//781 893//893
f 915//915 857//857 893//893
f 748//748 823//823 801//801
f 768//768 747//747 802//802
f 747//747 768//768 719//719
f 783//783 748//748 739//739
f 787//787 769//769 770//770
f 789//789 769//769 787//787
f 788//788 751//751 806//806
f 771//771 789//789 787//787
f 752//752 787//787 808//808
f 787//787 788//788 808//808
f 789//789 771//771 773//773
f 753//753 808//808 846//846
f 754//754 790//790 755//755
f 790//790 831//831 726//726
f 831//831 772//772 726//726
f 791//791 792//792 794//794
f 758//758 793//793 773//773
f 758//758 773//773 757//757
f 760//760 812//812 758//758
f 998//998 775//775 797//797
f 776//776 813//813 714//714
f 998//998 870//870 775//775
f 870//870 761//761 775//775
f 953//953 886//886 761//761
f 685//685 850//850 815//815
f 816//816 817//817 744//744
f 850//850 685//685 745//745
f 817//817 763//763 732//732
f 873//873 734//734 799//799
f 734//734 873//873 778//778
f 778//778 873//873 705//705
f 820//820 851//851 779//779
f 765//765 705//705 835//835
f 821//821 766//766 765//765
f 840//840 839//839 706//706
f 780//780 840//840 706//706
f 739//739 784//784 783//783
f 843//843 805//805 782//782
f 784//784 804//804 828//828
f 865//865 806//806 805//805
f 806//806 785//785 805//805
f 769//769 807//807 786//786
f 789//789 807//807 769//769
f 808//808 788//788 806//806
f 846//846 754//754 753//753
f 830//830 809//809 773//773
f 789//789 773//773 809//809
f 831//831 791//791 772//772
f 794//794 832//832 671//671
f 758//758 810//810 793//793
f 811//811 810//810 758//758
f 812//812 811//811 758//758
f 869//869 797//797 775//775
f 714//714 813//813 760//760
f 870//870 953//953 761//761
f 888//888 744//744 798//798
f 744//744 888//888 816//816
f 891//891 731//731 777//777
f 705//705 873//873 834//834
f 852//852 836//836 779//779
f 822//822 840//840 707//707
f 707//707 821//821 822//822
f 800//800 856//856 781//781
f 858//858 768//768 802//802
f 748//748 988//988 823//823
f 803//803 842//842 826//826
f 826//826 842//842 824//824
f 876//876 826//826 824//824
f 748//748 825//825 988//988
f 803//803 826//826 827//827
f 826//826 876//876 844//844
f 803//803 827//827 862//862
f 783//783 825//825 748//748
f 827//827 826//826 844//844
f 828//828 783//783 784//784
f 900//900 805//805 843//843
f 845//845 805//805 900//900
f 786//786 804//804 784//784
f 786//786 945//945 804//804
f 945//945 786//786 829//829
f 789//789 809//809 807//807
f 806//806 865//865 808//808
f 808//808 865//865 879//879
f 808//808 879//879 846//846
f 793//793 830//830 773//773
f 951//951 791//791 831//831
f 832//832 795//795 671//671
f 774//774 795//795 932//932
f 868//868 759//759 774//774
f 932//932 868//868 774//774
f 813//813 776//776 871//871
f 762//762 871//871 776//776
f 762//762 742//742 833//833
f 762//762 833//833 815//815
f 814//814 815//815 833//833
f 850//850 887//887 815//815
f 817//817 816//816 763//763
f 850//850 731//731 909//909
f 889//889 818//818 763//763
f 891//891 777//777 819//819
f 818//818 873//873 799//799
f 835//835 705//705 834//834
f 779//779 836//836 874//874
f 837//837 765//765 835//835
f 839//839 912//912 838//838
f 781//781 892//892 893//893
f 856//856 800//800 801//801
f 823//823 856//856 801//801
f 858//858 782//782 768//768
f 842//842 841//841 824//824
f 782//782 858//858 894//894
f 842//842 861//861 918//918
f 803//803 861//861 842//842
f 803//803 862//862 861//861
f 828//828 825//825 783//783
f 877//877 827//827 844//844
f 903//903 805//805 845//845
f 903//903 865//865 805//805
f 807//807 829//829 786//786
f 830//830 807//807 809//809
f 904//904 846//846 879//879
f 754//754 846//846 790//790
f 846//846 881//881 790//790
f 881//881 847//847 790//790
f 790//790 847//847 831//831
f 791//791 951//951 848//848
f 791//791 848//848 792//792
f 832//832 792//792 848//848
f 832//832 794//794 792//792
f 849//849 795//795 832//832
f 867//867 810//810 811//811
f 849//849 932//932 795//795
f 869//869 759//759 868//868
f 797//797 869//869 998//998
f 872//872 816//816 888//888
f 834//834 873//873 982//982
f 851//851 820//820 936//936
f 779//779 936//936 820//820
f 779//779 874//874 936//936
f 852//852 874//874 836//836
f 984//984 958//958 852//852
f 853//853 821//821 765//765
f 912//912 854//854 838//838
f 840//840 961//961 839//839
f 781//781 856//856 855//855
f 987//987 802//802 857//857
f 842//842 859//859 841//841
f 824//824 841//841 917//917
f 917//917 860//860 824//824
f 860//860 923//923 824//824
f 988//988 825//825 895//895
f 923//923 876//876 824//824
f 875//875 843//843 782//782
f 844//844 876//876 877//877
f 827//827 877//877 863//863
f 903//903 845//845 900//900
f 807//807 864//864 829//829
f 830//830 864//864 807//807
f 904//904 881//881 846//846
f 847//847 930//930 831//831
f 930//930 951//951 831//831
f 848//848 951//951 832//832
f 810//810 905//905 793//793
f 882//882 849//849 832//832
f 866//866 997//997 810//810
f 867//867 866//866 810//810
f 812//812 867//867 811//811
f 998//998 869//869 868//868
f 907//907 760//760 813//813
f 953//953 1047//1047 954//954
f 954//954 886//886 953//953
f 815//815 979//979 762//762
f 1073//1073 888//888 798//798
f 850//850 909//909 887//887
f 889//889 816//816 872//872
f 889//889 763//763 816//816
f 909//909 731//731 891//891
f 889//889 873//873 818//818
f 819//819 851//851 891//891
f 958//958 874//874 852//852
f 854//854 852//852 838//838
f 854//854 912//912 852//852
f 781//781 855//855 892//892
f 841//841 859//859 917//917
f 923//923 860//860 917//917
f 921//921 923//923 917//917
f 875//875 782//782 894//894
f 825//825 896//896 895//895
f 941//941 918//918 861//861
f 897//897 896//896 825//825
f 843//843 875//875 924//924
f 825//825 899//899 898//898
f 944//944 843//843 924//924
f 925//925 862//862 878//878
f 878//878 862//862 827//827
f 899//899 825//825 828//828
f 863//863 878//878 827//827
f 947//947 903//903 900//900
f 879//879 865//865 903//903
f 830//830 974//974 864//864
f 793//793 974//974 830//830
f 793//793 905//905 974//974
f 951//951 880//880 832//832
f 928//928 832//832 880//880
f 906//906 882//882 832//832
f 928//928 906//906 832//832
f 883//883 905//905 810//810
f 884//884 883//883 810//810
f 997//997 884//884 810//810
f 931//931 849//849 882//882
f 931//931 932//932 849//849
f 812//812 907//907 867//867
f 760//760 907//907 812//812
f 953//953 870//870 998//998
f 762//762 885//885 871//871
f 1090//1090 886//886 954//954
f 934//934 798//798 886//886
f 934//934 1073//1073 798//798
f 888//888 980//980 872//872
f 891//891 890//890 909//909
f 1028//1028 873//873 889//889
f 936//936 1096//1096 851//851
f 982//982 835//835 834//834
f 912//912 911//911 852//852
f 985//985 857//857 915//915
f 987//987 857//857 985//985
f 823//823 1008//1008 856//856
f 858//858 802//802 987//987
f 859//859 842//842 918//918
f 921//921 917//917 920//920
f 875//875 894//894 922//922
f 1016//1016 876//876 923//923
f 898//898 897//897 825//825
f 925//925 861//861 862//862
f 968//968 972//972 877//877
f 876//876 968//968 877//877
f 900//900 843//843 1040//1040
f 804//804 899//899 828//828
f 863//863 901//901 878//878
f 972//972 863//863 877//877
f 863//863 972//972 994//994
f 949//949 878//878 901//901
f 1019//1019 947//947 900//900
f 951//951 950//950 880//880
f 906//906 931//931 882//882
f 932//932 931//931 952//952
f 1024//1024 932//932 952//952
f 868//868 932//932 998//998
f 871//871 907//907 813//813
f 908//908 885//885 762//762
f 908//908 762//762 979//979
f 934//934 886//886 1090//1090
f 979//979 815//815 935//935
f 887//887 935//935 815//815
f 888//888 1073//1073 980//980
f 891//891 851//851 981//981
f 1028//1028 1005//1005 873//873
f 982//982 956//956 837//837
f 835//835 982//982 837//837
f 765//765 837//837 910//910
f 765//765 910//910 853//853
f 852//852 960//960 984//984
f 911//911 960//960 852//852
f 822//822 821//821 853//853
f 912//912 913//913 911//911
f 913//913 912//912 839//839
f 961//961 913//913 839//839
f 959//959 840//840 822//822
f 893//893 892//892 914//914
f 914//914 915//915 893//893
f 917//917 859//859 916//916
f 938//938 922//922 894//894
f 989//989 918//918 941//941
f 923//923 921//921 939//939
f 938//938 875//875 922//922
f 861//861 966//966 941//941
f 942//942 896//896 897//897
f 990//990 875//875 938//938
f 923//923 939//939 1016//1016
f 925//925 966//966 861//861
f 968//968 876//876 1016//1016
f 899//899 897//897 898//898
f 843//843 944//944 1040//1040
f 804//804 926//926 899//899
f 1040//1040 1019//1019 900//900
f 925//925 878//878 946//946
f 864//864 902//902 829//829
f 879//879 903//903 947//947
f 975//975 879//879 947//947
f 879//879 975//975 904//904
f 880//880 950//950 927//927
f 904//904 995//995 881//881
f 928//928 931//931 906//906
f 1045//1045 952//952 931//931
f 867//867 997//997 866//866
f 998//998 932//932 933//933
f 953//953 998//998 1071//1071
f 871//871 908//908 1025//1025
f 885//885 908//908 871//871
f 887//887 909//909 1048//1048
f 980//980 889//889 872//872
f 1005//1005 982//982 873//873
f 958//958 936//936 874//874
f 910//910 837//837 957//957
f 840//840 1007//1007 961//961
f 855//855 962//962 892//892
f 856//856 962//962 855//855
f 1056//1056 858//858 987//987
f 823//823 988//988 1008//1008
f 894//894 858//858 1056//1056
f 916//916 918//918 1036//1036
f 916//916 937//937 917//917
f 859//859 918//918 916//916
f 918//918 989//989 1036//1036
f 919//919 920//920 917//917
f 894//894 1011//1011 938//938
f 919//919 921//921 920//920
f 896//896 942//942 940//940
f 940//940 942//942 990//990
f 940//940 990//990 938//938
f 942//942 1061//1061 990//990
f 965//965 924//924 875//875
f 990//990 965//965 875//875
f 965//965 943//943 924//924
f 944//944 924//924 943//943
f 946//946 1041//1041 925//925
f 972//972 968//968 1018//1018
f 949//949 946//946 878//878
f 972//972 993//993 994//994
f 902//902 945//945 829//829
f 946//946 949//949 948//948
f 949//949 901//901 863//863
f 974//974 973//973 864//864
f 951//951 1022//1022 950//950
f 951//951 930//930 929//929
f 1021//1021 931//931 928//928
f 1021//1021 1045//1045 931//931
f 881//881 1108//1108 847//847
f 847//847 1108//1108 930//930
f 933//933 932//932 1024//1024
f 871//871 1025//1025 907//907
f 955//955 889//889 980//980
f 981//981 851//851 1004//1004
f 1096//1096 1004//1004 851//851
f 984//984 1006//1006 958//958
f 853//853 910//910 983//983
f 822//822 853//853 959//959
f 853//853 983//983 959//959
f 913//913 960//960 911//911
f 1007//1007 840//840 959//959
f 1008//1008 962//962 856//856
f 1056//1056 1011//1011 894//894
f 963//963 917//917 937//937
f 919//919 917//917 963//963
f 895//895 1037//1037 988//988
f 964//964 1012//1012 938//938
f 1014//1014 989//989 941//941
f 940//940 938//938 1012//1012
f 967//967 965//965 990//990
f 967//967 944//944 943//943
f 967//967 943//943 965//965
f 1017//1017 897//897 899//899
f 970//970 969//969 899//899
f 899//899 969//969 1017//1017
f 967//967 1039//1039 944//944
f 944//944 1039//1039 1040//1040
f 925//925 1041//1041 966//966
f 971//971 899//899 926//926
f 971//971 970//970 899//899
f 804//804 971//971 926//926
f 804//804 1042//1042 971//971
f 1042//1042 804//804 945//945
f 949//949 863//863 994//994
f 864//864 973//973 902//902
f 949//949 976//976 948//948
f 977//977 949//949 994//994
f 927//927 976//976 880//880
f 880//880 976//976 949//949
f 880//880 949//949 928//928
f 977//977 928//928 949//949
f 995//995 904//904 975//975
f 977//977 1021//1021 928//928
f 996//996 905//905 883//883
f 1070//1070 929//929 930//930
f 930//930 1108//1108 1070//1070
f 884//884 997//997 883//883
f 998//998 933//933 1024//1024
f 907//907 978//978 867//867
f 1090//1090 1073//1073 934//934
f 1001//1001 979//979 935//935
f 887//887 1001//1001 935//935
f 887//887 1048//1048 1001//1001
f 909//909 1002//1002 1048//1048
f 909//909 890//890 1002//1002
f 1075//1075 889//889 955//955
f 889//889 1075//1075 1028//1028
f 936//936 1029//1029 1096//1096
f 959//959 983//983 1007//1007
f 1076//1076 961//961 1007//1007
f 1054//1054 915//915 914//914
f 1118//1118 985//985 915//915
f 937//937 916//916 963//963
f 896//896 1037//1037 895//895
f 921//921 919//919 1013//1013
f 940//940 1037//1037 896//896
f 1059//1059 940//940 1012//1012
f 1202//1202 939//939 921//921
f 966//966 1038//1038 941//941
f 897//897 1017//1017 942//942
f 990//990 1061//1061 1125//1125
f 991//991 1038//1038 966//966
f 1041//1041 991//991 966//966
f 1016//1016 1018//1018 968//968
f 902//902 1042//1042 945//945
f 1018//1018 1064//1064 972//972
f 946//946 948//948 1041//1041
f 976//976 992//992 948//948
f 1064//1064 993//993 972//972
f 975//975 947//947 1019//1019
f 1021//1021 977//977 994//994
f 1022//1022 927//927 950//950
f 905//905 996//996 974//974
f 951//951 929//929 1022//1022
f 1069//1069 1045//1045 1021//1021
f 1044//1044 881//881 995//995
f 1024//1024 952//952 1045//1045
f 867//867 978//978 997//997
f 999//999 978//978 907//907
f 1235//1235 953//953 1071//1071
f 1152//1152 1047//1047 953//953
f 979//979 1000//1000 908//908
f 890//890 891//891 1003//1003
f 891//891 981//981 1004//1004
f 1050//1050 982//982 1005//1005
f 957//957 956//956 982//982
f 957//957 837//837 956//956
f 936//936 958//958 1030//1030
f 1006//1006 1098//1098 958//958
f 960//960 913//913 961//961
f 1076//1076 960//960 961//961
f 914//914 892//892 1054//1054
f 962//962 1033//1033 892//892
f 1118//1118 915//915 1054//1054
f 988//988 1034//1034 1008//1008
f 916//916 1010//1010 963//963
f 988//988 1035//1035 1034//1034
f 1010//1010 919//919 963//963
f 1035//1035 988//988 1037//1037
f 964//964 938//938 1011//1011
f 1014//1014 1036//1036 989//989
f 1037//1037 940//940 1059//1059
f 1202//1202 921//921 1013//1013
f 941//941 1038//1038 1060//1060
f 1015//1015 1016//1016 939//939
f 942//942 1017//1017 1061//1061
f 967//967 990//990 1125//1125
f 1062//1062 1018//1018 1016//1016
f 1039//1039 1063//1063 1040//1040
f 1042//1042 902//902 973//973
f 1043//1043 993//993 1064//1064
f 1041//1041 948//948 992//992
f 1020//1020 975//975 1019//1019
f 1043//1043 994//994 993//993
f 1021//1021 994//994 1043//1043
f 927//927 1068//1068 976//976
f 1066//1066 974//974 996//996
f 1022//1022 1068//1068 927//927
f 1070//1070 1023//1023 929//929
f 881//881 1044//1044 1108//1108
f 997//997 978//978 883//883
f 1086//1086 998//998 1024//1024
f 999//999 1087//1087 978//978
f 998//998 1086//1086 1235//1235
f 1235//1235 1071//1071 998//998
f 1152//1152 953//953 1235//1235
f 907//907 1088//1088 999//999
f 1025//1025 1088//1088 907//907
f 1001//1001 1026//1026 979//979
f 1239//1239 980//980 1073//1073
f 1091//1091 955//955 980//980
f 1002//1002 890//890 1027//1027
f 1003//1003 891//891 1004//1004
f 1028//1028 1093//1093 1005//1005
f 1050//1050 1005//1005 1093//1093
f 1050//1050 1095//1095 982//982
f 957//957 982//982 1095//1095
f 936//936 1030//1030 1029//1029
f 1032//1032 910//910 1031//1031
f 1031//1031 910//910 957//957
f 984//984 960//960 1006//1006
f 1053//1053 1007//1007 983//983
f 1076//1076 1007//1007 1053//1053
f 1055//1055 962//962 1008//1008
f 987//987 985//985 1118//1118
f 1008//1008 986//986 1055//1055
f 1009//1009 1177//1177 916//916
f 916//916 1177//1177 1010//1010
f 916//916 1036//1036 1009//1009
f 1012//1012 964//964 1058//1058
f 1079//1079 1059//1059 1012//1012
f 941//941 1060//1060 1014//1014
f 1104//1104 1014//1014 1060//1060
f 1202//1202 1015//1015 939//939
f 1061//1061 1017//1017 969//969
f 1125//1125 1039//1039 967//967
f 1015//1015 1062//1062 1016//1016
f 1019//1019 1040//1040 1083//1083
f 974//974 1066//1066 973//973
f 1068//1068 992//992 976//976
f 1106//1106 1021//1021 1043//1043
f 1106//1106 1069//1069 1021//1021
f 883//883 1066//1066 996//996
f 1046//1046 1066//1066 883//883
f 929//929 1023//1023 1022//1022
f 1069//1069 1024//1024 1045//1045
f 883//883 978//978 1046//1046
f 1150//1150 1046//1046 978//978
f 908//908 1088//1088 1025//1025
f 908//908 1000//1000 1088//1088
f 1154//1154 1091//1091 980//980
f 1048//1048 1074//1074 1001//1001
f 1002//1002 1049//1049 1048//1048
f 1091//1091 1075//1075 955//955
f 1027//1027 890//890 1003//1003
f 1029//1029 1030//1030 1096//1096
f 957//957 1051//1051 1031//1031
f 1098//1098 1111//1111 958//958
f 1111//1111 1030//1030 958//958
f 1052//1052 1098//1098 1006//1006
f 910//910 1032//1032 983//983
f 960//960 1113//1113 1006//1006
f 1099//1099 1053//1053 983//983
f 1115//1115 960//960 1116//1116
f 1156//1156 1076//1076 1053//1053
f 892//892 1077//1077 1054//1054
f 1008//1008 1034//1034 986//986
f 1100//1100 1011//1011 1056//1056
f 1036//1036 1014//1014 1009//1009
f 1013//1013 919//919 1057//1057
f 1037//1037 1078//1078 1035//1035
f 1059//1059 1079//1079 1037//1037
f 1079//1079 1078//1078 1037//1037
f 991//991 1080//1080 1038//1038
f 1163//1163 969//969 970//970
f 1163//1163 1061//1061 969//969
f 1061//1061 1163//1163 1081//1081
f 1063//1063 1039//1039 1125//1125
f 1042//1042 970//970 971//971
f 1063//1063 1083//1083 1040//1040
f 1062//1062 1064//1064 1018//1018
f 1084//1084 1042//1042 973//973
f 1083//1083 1127//1127 1019//1019
f 1019//1019 1127//1127 1067//1067
f 1065//1065 1043//1043 1064//1064
f 992//992 1105//1105 1041//1041
f 1019//1019 1067//1067 1020//1020
f 1067//1067 975//975 1020//1020
f 1105//1105 992//992 1068//1068
f 995//995 975//975 1067//1067
f 1022//1022 1107//1107 1068//1068
f 1067//1067 1128//1128 995//995
f 1128//1128 1044//1044 995//995
f 1022//1022 1023//1023 1107//1107
f 1128//1128 1129//1129 1044//1044
f 1129//1129 1108//1108 1044//1044
f 999//999 1088//1088 1087//1087
f 1000//1000 1072//1072 1088//1088
f 954//954 1047//1047 1213//1213
f 954//954 1213//1213 1090//1090
f 1000//1000 979//979 1026//1026
f 1239//1239 1154//1154 980//980
f 1091//1091 1092//1092 1075//1075
f 1028//1028 1075//1075 1093//1093
f 1004//1004 1169//1169 1003//1003
f 1096//1096 1134//1134 1004//1004
f 1032//1032 1031//1031 983//983
f 1006//1006 1113//1113 1052//1052
f 1116//1116 960//960 1076//1076
f 1117//1117 1054//1054 1077//1077
f 1033//1033 1077//1077 892//892
f 1055//1055 1033//1033 962//962
f 1119//1119 919//919 1010//1010
f 1057//1057 919//919 1119//1119
f 1202//1202 1013//1013 1364//1364
f 1079//1079 1012//1012 1058//1058
f 1103//1103 1015//1015 1202//1202
f 1162//1162 1015//1015 1103//1103
f 1124//1124 1060//1060 1038//1038
f 1061//1061 1081//1081 1125//1125
f 1042//1042 1082//1082 970//970
f 1041//1041 1105//1105 991//991
f 1062//1062 1065//1065 1064//1064
f 1106//1106 1043//1043 1065//1065
f 1085//1085 973//973 1066//1066
f 1149//1149 1069//1069 1106//1106
f 1149//1149 1024//1024 1069//1069
f 1108//1108 1167//1167 1070//1070
f 1130//1130 1086//1086 1024//1024
f 978//978 1087//1087 1150//1150
f 1088//1088 1151//1151 1087//1087
f 1026//1026 1132//1132 1000//1000
f 1239//1239 1073//1073 1090//1090
f 1074//1074 1026//1026 1001//1001
f 1074//1074 1048//1048 1049//1049
f 1094//1094 1050//1050 1093//1093
f 1050//1050 1170//1170 1095//1095
f 1135//1135 1134//1134 1096//1096
f 983//983 1031//1031 1110//1110
f 1115//1115 1113//1113 960//960
f 1156//1156 1116//1116 1076//1076
f 1117//1117 1077//1077 1137//1137
f 1077//1077 1055//1055 1137//1137
f 1139//1139 1054//1054 1117//1117
f 1077//1077 1033//1033 1055//1055
f 1139//1139 1118//1118 1054//1054
f 1140//1140 1100//1100 1056//1056
f 1079//1079 1035//1035 1078//1078
f 1011//1011 1100//1100 964//964
f 1101//1101 1009//1009 1014//1014
f 1058//1058 964//964 1100//1100
f 1364//1364 1013//1013 1057//1057
f 1104//1104 1101//1101 1014//1014
f 1103//1103 1202//1202 1122//1122
f 1159//1159 1142//1142 1103//1103
f 1143//1143 1060//1060 1124//1124
f 1162//1162 1103//1103 1142//1142
f 1162//1162 1062//1062 1015//1015
f 1081//1081 1163//1163 1125//1125
f 1228//1228 970//970 1082//1082
f 1145//1145 970//970 1228//1228
f 1163//1163 970//970 1145//1145
f 1125//1125 1083//1083 1063//1063
f 1084//1084 1082//1082 1042//1042
f 973//973 1148//1148 1084//1084
f 1085//1085 1148//1148 973//973
f 1129//1129 1167//1167 1108//1108
f 1149//1149 1130//1130 1024//1024
f 1235//1235 1086//1086 1130//1130
f 1088//1088 1131//1131 1151//1151
f 1072//1072 1131//1131 1088//1088
f 1153//1153 1090//1090 1213//1213
f 1153//1153 1192//1192 1090//1090
f 1192//1192 1239//1239 1090//1090
f 1004//1004 1134//1134 1169//1169
f 1170//1170 1050//1050 1094//1094
f 1170//1170 1094//1094 1093//1093
f 1096//1096 1030//1030 1135//1135
f 1051//1051 957//957 1095//1095
f 1111//1111 1097//1097 1030//1030
f 1097//1097 1215//1215 1030//1030
f 1112//1112 1099//1099 983//983
f 1113//1113 1198//1198 1052//1052
f 1156//1156 1053//1053 1114//1114
f 1114//1114 1053//1053 1099//1099
f 1115//1115 1116//1116 1136//1136
f 1056//1056 987//987 1118//1118
f 1035//1035 1120//1120 1034//1034
f 1009//1009 1179//1179 1177//1177
f 1101//1101 1179//1179 1009//1009
f 1079//1079 1120//1120 1035//1035
f 1079//1079 1058//1058 1121//1121
f 1158//1158 1058//1058 1100//1100
f 1121//1121 1058//1058 1158//1158
f 1104//1104 1123//1123 1102//1102
f 1060//1060 1123//1123 1104//1104
f 1123//1123 1060//1060 1141//1141
f 1143//1143 1141//1141 1060//1060
f 1038//1038 1080//1080 1124//1124
f 1062//1062 1162//1162 1164//1164
f 1105//1105 1080//1080 991//991
f 1125//1125 1205//1205 1165//1165
f 1125//1125 1230//1230 1083//1083
f 1126//1126 1080//1080 1105//1105
f 1105//1105 1068//1068 1107//1107
f 1066//1066 1148//1148 1085//1085
f 1023//1023 1146//1146 1107//1107
f 1187//1187 1146//1146 1023//1023
f 1150//1150 1188//1188 1046//1046
f 1168//1168 1087//1087 1151//1151
f 1000//1000 1089//1089 1131//1131
f 1000//1000 1131//1131 1072//1072
f 1000//1000 1132//1132 1089//1089
f 1049//1049 1002//1002 1214//1214
f 1109//1109 1075//1075 1092//1092
f 1003//1003 1133//1133 1027//1027
f 1003//1003 1169//1169 1194//1194
f 1109//1109 1093//1093 1075//1075
f 1051//1051 1095//1095 1170//1170
f 1241//1241 1097//1097 1111//1111
f 1196//1196 1111//1111 1098//1098
f 1052//1052 1196//1196 1098//1098
f 1110//1110 1112//1112 983//983
f 1110//1110 1099//1099 1112//1112
f 1174//1174 1115//1115 1136//1136
f 1137//1137 1175//1175 1117//1117
f 1175//1175 1139//1139 1117//1117
f 1055//1055 1138//1138 1137//1137
f 1138//1138 1055//1055 986//986
f 1010//1010 1177//1177 1221//1221
f 1010//1010 1221//1221 1119//1119
f 1140//1140 1158//1158 1100//1100
f 1143//1143 1124//1124 1144//1144
f 1142//1142 1184//1184 1162//1162
f 1205//1205 1125//1125 1163//1163
f 1126//1126 1204//1204 1080//1080
f 1065//1065 1062//1062 1164//1164
f 1125//1125 1165//1165 1230//1230
f 1105//1105 1204//1204 1126//1126
f 1105//1105 1146//1146 1204//1204
f 1147//1147 1082//1082 1084//1084
f 1208//1208 1084//1084 1148//1148
f 1067//1067 1127//1127 1185//1185
f 1128//1128 1067//1067 1231//1231
f 1148//1148 1066//1066 1208//1208
f 1231//1231 1209//1209 1128//1128
f 1046//1046 1188//1188 1066//1066
f 1187//1187 1023//1023 1070//1070
f 1129//1129 1128//1128 1209//1209
f 1167//1167 1210//1210 1070//1070
f 1252//1252 1235//1235 1130//1130
f 1189//1189 1150//1150 1237//1237
f 1087//1087 1237//1237 1150//1150
f 1152//1152 1213//1213 1047//1047
f 1132//1132 1298//1298 1089//1089
f 1026//1026 1074//1074 1132//1132
f 1049//1049 1214//1214 1074//1074
f 1134//1134 1135//1135 1169//1169
f 1051//1051 1170//1170 1171//1171
f 1135//1135 1030//1030 1215//1215
f 1031//1031 1051//1051 1173//1173
f 1031//1031 1173//1173 1172//1172
f 1111//1111 1196//1196 1241//1241
f 1155//1155 1110//1110 1031//1031
f 1099//1099 1110//1110 1155//1155
f 1115//1115 1198//1198 1113//1113
f 1114//1114 1099//1099 1156//1156
f 1174//1174 1136//1136 1116//1116
f 1156//1156 1174//1174 1116//1116
f 1138//1138 1175//1175 1137//1137
f 1175//1175 1199//1199 1139//1139
f 1139//1139 1199//1199 1056//1056
f 1157//1157 1138//1138 986//986
f 1118//1118 1139//1139 1056//1056
f 1034//1034 1157//1157 986//986
f 1120//1120 1157//1157 1034//1034
f 1119//1119 1178//1178 1057//1057
f 1079//1079 1157//1157 1120//1120
f 1180//1180 1159//1159 1103//1103
f 1159//1159 1182//1182 1142//1142
f 1141//1141 1182//1182 1123//1123
f 1182//1182 1141//1141 1160//1160
f 1160//1160 1142//1142 1182//1182
f 1141//1141 1143//1143 1144//1144
f 1142//1142 1160//1160 1184//1184
f 1161//1161 1144//1144 1124//1124
f 1124//1124 1203//1203 1161//1161
f 1080//1080 1203//1203 1124//1124
f 1080//1080 1204//1204 1203//1203
f 1229//1229 1228//1228 1082//1082
f 1185//1185 1083//1083 1230//1230
f 1166//1166 1229//1229 1082//1082
f 1147//1147 1208//1208 1082//1082
f 1208//1208 1166//1166 1082//1082
f 1185//1185 1127//1127 1083//1083
f 1084//1084 1208//1208 1147//1147
f 1107//1107 1146//1146 1105//1105
f 1186//1186 1106//1106 1065//1065
f 1149//1149 1106//1106 1186//1186
f 1188//1188 1208//1208 1066//1066
f 1252//1252 1130//1130 1149//1149
f 1150//1150 1189//1189 1188//1188
f 1209//1209 1254//1254 1129//1129
f 1254//1254 1167//1167 1129//1129
f 1190//1190 1152//1152 1235//1235
f 1087//1087 1168//1168 1237//1237
f 1168//1168 1151//1151 1131//1131
f 1212//1212 1131//1131 1089//1089
f 1192//1192 1153//1153 1213//1213
f 1298//1298 1193//1193 1089//1089
f 1262//1262 1154//1154 1239//1239
f 1092//1092 1299//1299 1109//1109
f 1299//1299 1093//1093 1109//1109
f 1172//1172 1173//1173 1051//1051
f 1241//1241 1215//1215 1097//1097
f 1172//1172 1195//1195 1031//1031
f 1281//1281 1031//1031 1195//1195
f 1281//1281 1155//1155 1031//1031
f 1198//1198 1196//1196 1052//1052
f 1197//1197 1156//1156 1099//1099
f 1119//1119 1221//1221 1178//1178
f 1140//1140 1243//1243 1158//1158
f 1179//1179 1223//1223 1177//1177
f 1079//1079 1200//1200 1157//1157
f 1079//1079 1121//1121 1201//1201
f 1201//1201 1121//1121 1158//1158
f 1244//1244 1202//1202 1364//1364
f 1103//1103 1122//1122 1180//1180
f 1104//1104 1102//1102 1245//1245
f 1102//1102 1123//1123 1181//1181
f 1224//1224 1159//1159 1180//1180
f 1182//1182 1181//1181 1123//1123
f 1182//1182 1159//1159 1224//1224
f 1183//1183 1184//1184 1160//1160
f 1141//1141 1246//1246 1160//1160
f 1160//1160 1246//1246 1356//1356
f 1228//1228 1163//1163 1145//1145
f 1228//1228 1205//1205 1163//1163
f 1164//1164 1207//1207 1065//1065
f 1207//1207 1186//1186 1065//1065
f 1185//1185 1231//1231 1067//1067
f 1070//1070 1210//1210 1187//1187
f 1236//1236 1189//1189 1237//1237
f 1190//1190 1211//1211 1152//1152
f 1238//1238 1213//1213 1152//1152
f 1238//1238 1278//1278 1213//1213
f 1191//1191 1212//1212 1089//1089
f 1193//1193 1191//1191 1089//1089
f 1074//1074 1369//1369 1298//1298
f 1074//1074 1298//1298 1132//1132
f 1154//1154 1370//1370 1091//1091
f 1074//1074 1214//1214 1263//1263
f 1133//1133 1002//1002 1027//1027
f 1003//1003 1194//1194 1133//1133
f 1280//1280 1170//1170 1093//1093
f 1216//1216 1172//1172 1051//1051
f 1216//1216 1051//1051 1171//1171
f 1240//1240 1215//1215 1241//1241
f 1155//1155 1281//1281 1099//1099
f 1335//1335 1196//1196 1198//1198
f 1115//1115 1218//1218 1198//1198
f 1242//1242 1156//1156 1197//1197
f 1115//1115 1174//1174 1218//1218
f 1175//1175 1138//1138 1219//1219
f 1175//1175 1219//1219 1220//1220
f 1175//1175 1220//1220 1199//1199
f 1157//1157 1222//1222 1138//1138
f 1056//1056 1199//1199 1243//1243
f 1056//1056 1243//1243 1140//1140
f 1223//1223 1284//1284 1177//1177
f 1200//1200 1079//1079 1201//1201
f 1201//1201 1158//1158 1243//1243
f 1057//1057 1338//1338 1364//1364
f 1101//1101 1104//1104 1323//1323
f 1181//1181 1245//1245 1102//1102
f 1246//1246 1144//1144 1161//1161
f 1144//1144 1246//1246 1141//1141
f 1183//1183 1225//1225 1184//1184
f 1162//1162 1184//1184 1225//1225
f 1164//1164 1162//1162 1225//1225
f 1164//1164 1225//1225 1227//1227
f 1230//1230 1165//1165 1205//1205
f 1166//1166 1208//1208 1229//1229
f 1187//1187 1206//1206 1146//1146
f 1252//1252 1149//1149 1186//1186
f 1188//1188 1233//1233 1208//1208
f 1189//1189 1233//1233 1188//1188
f 1253//1253 1254//1254 1209//1209
f 1233//1233 1189//1189 1236//1236
f 1295//1295 1235//1235 1252//1252
f 1211//1211 1190//1190 1235//1235
f 1259//1259 1238//1238 1152//1152
f 1331//1331 1370//1370 1154//1154
f 1315//1315 1299//1299 1092//1092
f 1170//1170 1216//1216 1171//1171
f 1215//1215 1217//1217 1301//1301
f 1306//1306 1335//1335 1198//1198
f 1282//1282 1174//1174 1156//1156
f 1156//1156 1242//1242 1282//1282
f 1218//1218 1174//1174 1282//1282
f 1219//1219 1138//1138 1222//1222
f 1220//1220 1243//1243 1199//1199
f 1177//1177 1284//1284 1176//1176
f 1221//1221 1177//1177 1176//1176
f 1200//1200 1222//1222 1157//1157
f 1201//1201 1222//1222 1200//1200
f 1179//1179 1101//1101 1223//1223
f 1122//1122 1202//1202 1244//1244
f 1224//1224 1180//1180 1287//1287
f 1286//1286 1182//1182 1224//1224
f 1160//1160 1247//1247 1183//1183
f 1225//1225 1183//1183 1247//1247
f 1226//1226 1246//1246 1161//1161
f 1160//1160 1356//1356 1247//1247
f 1203//1203 1226//1226 1161//1161
f 1291//1291 1164//1164 1227//1227
f 1204//1204 1325//1325 1203//1203
f 1248//1248 1205//1205 1228//1228
f 1230//1230 1205//1205 1248//1248
f 1230//1230 1231//1231 1185//1185
f 1229//1229 1208//1208 1251//1251
f 1208//1208 1233//1233 1249//1249
f 1209//1209 1231//1231 1232//1232
f 1167//1167 1234//1234 1210//1210
f 1255//1255 1167//1167 1254//1254
f 1276//1276 1211//1211 1235//1235
f 1260//1260 1237//1237 1168//1168
f 1152//1152 1330//1330 1259//1259
f 1239//1239 1192//1192 1213//1213
f 1193//1193 1298//1298 1191//1191
f 1191//1191 1298//1298 1261//1261
f 1331//1331 1154//1154 1262//1262
f 1074//1074 1263//1263 1369//1369
f 1315//1315 1092//1092 1091//1091
f 1002//1002 1133//1133 1214//1214
f 1169//1169 1135//1135 1194//1194
f 1299//1299 1280//1280 1093//1093
f 1300//1300 1135//1135 1215//1215
f 1301//1301 1300//1300 1215//1215
f 1216//1216 1265//1265 1172//1172
f 1195//1195 1172//1172 1265//1265
f 1240//1240 1217//1217 1215//1215
f 1099//1099 1281//1281 1197//1197
f 1198//1198 1283//1283 1306//1306
f 1218//1218 1283//1283 1198//1198
f 1219//1219 1243//1243 1220//1220
f 1222//1222 1201//1201 1219//1219
f 1219//1219 1201//1201 1243//1243
f 1244//1244 1180//1180 1122//1122
f 1244//1244 1287//1287 1180//1180
f 1181//1181 1285//1285 1245//1245
f 1286//1286 1181//1181 1182//1182
f 1227//1227 1225//1225 1247//1247
f 1290//1290 1226//1226 1203//1203
f 1291//1291 1227//1227 1289//1289
f 1325//1325 1290//1290 1203//1203
f 1164//1164 1291//1291 1207//1207
f 1146//1146 1268//1268 1204//1204
f 1248//1248 1228//1228 1269//1269
f 1146//1146 1206//1206 1268//1268
f 1232//1232 1230//1230 1248//1248
f 1249//1249 1251//1251 1208//1208
f 1232//1232 1231//1231 1230//1230
f 1252//1252 1207//1207 1327//1327
f 1187//1187 1270//1270 1206//1206
f 1252//1252 1186//1186 1207//1207
f 1187//1187 1210//1210 1293//1293
f 1250//1250 1209//1209 1232//1232
f 1233//1233 1273//1273 1251//1251
f 1250//1250 1253//1253 1209//1209
f 1236//1236 1273//1273 1233//1233
f 1255//1255 1256//1256 1167//1167
f 1234//1234 1167//1167 1256//1256
f 1236//1236 1257//1257 1294//1294
f 1295//1295 1276//1276 1235//1235
f 1237//1237 1258//1258 1257//1257
f 1237//1237 1257//1257 1236//1236
f 1347//1347 1330//1330 1152//1152
f 1347//1347 1152//1152 1211//1211
f 1237//1237 1260//1260 1258//1258
f 1259//1259 1278//1278 1238//1238
f 1131//1131 1212//1212 1168//1168
f 1348//1348 1213//1213 1278//1278
f 1191//1191 1279//1279 1212//1212
f 1348//1348 1239//1239 1213//1213
f 1262//1262 1239//1239 1331//1331
f 1371//1371 1315//1315 1091//1091
f 1194//1194 1135//1135 1332//1332
f 1280//1280 1264//1264 1170//1170
f 1264//1264 1333//1333 1170//1170
f 1333//1333 1216//1216 1170//1170
f 1303//1303 1301//1301 1217//1217
f 1196//1196 1335//1335 1241//1241
f 1176//1176 1266//1266 1221//1221
f 1266//1266 1178//1178 1221//1221
f 1285//1285 1181//1181 1286//1286
f 1286//1286 1224//1224 1287//1287
f 1268//1268 1325//1325 1204//1204
f 1269//1269 1228//1228 1229//1229
f 1251//1251 1269//1269 1229//1229
f 1292//1292 1232//1232 1248//1248
f 1233//1233 1251//1251 1249//1249
f 1251//1251 1273//1273 1271//1271
f 1292//1292 1250//1250 1232//1232
f 1272//1272 1253//1253 1292//1292
f 1292//1292 1253//1253 1250//1250
f 1293//1293 1210//1210 1234//1234
f 1294//1294 1273//1273 1236//1236
f 1253//1253 1275//1275 1254//1254
f 1258//1258 1294//1294 1257//1257
f 1274//1274 1294//1294 1258//1258
f 1260//1260 1297//1297 1258//1258
f 1297//1297 1260//1260 1168//1168
f 1212//1212 1279//1279 1168//1168
f 1279//1279 1297//1297 1168//1168
f 1239//1239 1348//1348 1381//1381
f 1331//1331 1239//1239 1381//1381
f 1133//1133 1194//1194 1214//1214
f 1216//1216 1302//1302 1265//1265
f 1302//1302 1195//1195 1265//1265
f 1240//1240 1303//1303 1217//1217
f 1319//1319 1240//1240 1241//1241
f 1283//1283 1218//1218 1282//1282
f 1176//1176 1178//1178 1266//1266
f 1323//1323 1104//1104 1245//1245
f 1324//1324 1287//1287 1244//1244
f 1289//1289 1227//1227 1247//1247
f 1246//1246 1226//1226 1288//1288
f 1290//1290 1288//1288 1226//1226
f 1206//1206 1325//1325 1268//1268
f 1207//1207 1291//1291 1310//1310
f 1310//1310 1327//1327 1207//1207
f 1292//1292 1248//1248 1269//1269
f 1271//1271 1292//1292 1269//1269
f 1271//1271 1269//1269 1251//1251
f 1270//1270 1187//1187 1293//1293
f 1271//1271 1273//1273 1294//1294
f 1272//1272 1271//1271 1253//1253
f 1292//1292 1271//1271 1272//1272
f 1271//1271 1275//1275 1253//1253
f 1294//1294 1274//1274 1271//1271
f 1271//1271 1274//1274 1275//1275
f 1255//1255 1254//1254 1275//1275
f 1275//1275 1296//1296 1255//1255
f 1258//1258 1277//1277 1274//1274
f 1277//1277 1275//1275 1274//1274
f 1275//1275 1277//1277 1329//1329
f 1275//1275 1329//1329 1296//1296
f 1276//1276 1347//1347 1211//1211
f 1258//1258 1329//1329 1277//1277
f 1297//1297 1312//1312 1258//1258
f 1312//1312 1329//1329 1258//1258
f 1330//1330 1278//1278 1259//1259
f 1314//1314 1348//1348 1278//1278
f 1261//1261 1349//1349 1191//1191
f 1349//1349 1261//1261 1298//1298
f 1371//1371 1091//1091 1370//1370
f 1299//1299 1436//1436 1280//1280
f 1264//1264 1280//1280 1333//1333
f 1135//1135 1410//1410 1332//1332
f 1135//1135 1317//1317 1410//1410
f 1317//1317 1135//1135 1300//1300
f 1333//1333 1350//1350 1216//1216
f 1350//1350 1302//1302 1216//1216
f 1240//1240 1319//1319 1303//1303
f 1195//1195 1305//1305 1281//1281
f 1195//1195 1304//1304 1305//1305
f 1320//1320 1197//1197 1281//1281
f 1321//1321 1386//1386 1335//1335
f 1321//1321 1335//1335 1306//1306
f 1336//1336 1282//1282 1307//1307
f 1307//1307 1282//1282 1242//1242
f 1242//1242 1197//1197 1307//1307
f 1322//1322 1178//1178 1176//1176
f 1101//1101 1323//1323 1223//1223
f 1244//1244 1364//1364 1340//1340
f 1340//1340 1267//1267 1244//1244
f 1323//1323 1245//1245 1339//1339
f 1341//1341 1354//1354 1285//1285
f 1354//1354 1245//1245 1285//1285
f 1267//1267 1324//1324 1244//1244
f 1286//1286 1341//1341 1285//1285
f 1288//1288 1356//1356 1246//1246
f 1356//1356 1289//1289 1247//1247
f 1308//1308 1288//1288 1290//1290
f 1325//1325 1342//1342 1290//1290
f 1289//1289 1309//1309 1291//1291
f 1311//1311 1325//1325 1206//1206
f 1270//1270 1326//1326 1206//1206
f 1326//1326 1311//1311 1206//1206
f 1252//1252 1276//1276 1295//1295
f 1313//1313 1278//1278 1330//1330
f 1314//1314 1278//1278 1313//1313
f 1316//1316 1382//1382 1214//1214
f 1316//1316 1214//1214 1194//1194
f 1332//1332 1316//1316 1194//1194
f 1280//1280 1436//1436 1463//1463
f 1303//1303 1318//1318 1301//1301
f 1197//1197 1320//1320 1307//1307
f 1321//1321 1306//1306 1283//1283
f 1282//1282 1387//1387 1283//1283
f 1321//1321 1283//1283 1386//1386
f 1337//1337 1322//1322 1284//1284
f 1284//1284 1322//1322 1176//1176
f 1322//1322 1351//1351 1178//1178
f 1337//1337 1284//1284 1223//1223
f 1178//1178 1351//1351 1057//1057
f 1354//1354 1339//1339 1245//1245
f 1353//1353 1324//1324 1267//1267
f 1353//1353 1286//1286 1287//1287
f 1353//1353 1287//1287 1324//1324
f 1342//1342 1308//1308 1290//1290
f 1289//1289 1343//1343 1309//1309
f 1309//1309 1343//1343 1291//1291
f 1293//1293 1326//1326 1270//1270
f 1276//1276 1252//1252 1327//1327
f 1256//1256 1379//1379 1234//1234
f 1404//1404 1256//1256 1255//1255
f 1296//1296 1328//1328 1255//1255
f 1276//1276 1392//1392 1347//1347
f 1296//1296 1329//1329 1358//1358
f 1312//1312 1297//1297 1279//1279
f 1333//1333 1280//1280 1463//1463
f 1318//1318 1300//1300 1301//1301
f 1195//1195 1302//1302 1304//1304
f 1319//1319 1334//1334 1303//1303
f 1335//1335 1319//1319 1241//1241
f 1336//1336 1387//1387 1282//1282
f 1223//1223 1352//1352 1337//1337
f 1057//1057 1351//1351 1338//1338
f 1323//1323 1352//1352 1223//1223
f 1390//1390 1340//1340 1364//1364
f 1353//1353 1267//1267 1340//1340
f 1356//1356 1288//1288 1308//1308
f 1343//1343 1289//1289 1356//1356
f 1356//1356 1398//1398 1343//1343
f 1291//1291 1343//1343 1344//1344
f 1310//1310 1291//1291 1344//1344
f 1365//1365 1325//1325 1311//1311
f 1310//1310 1344//1344 1327//1327
f 1379//1379 1293//1293 1234//1234
f 1276//1276 1346//1346 1392//1392
f 1329//1329 1312//1312 1358//1358
f 1361//1361 1313//1313 1347//1347
f 1347//1347 1313//1313 1330//1330
f 1368//1368 1381//1381 1348//1348
f 1381//1381 1370//1370 1331//1331
f 1263//1263 1409//1409 1369//1369
f 1214//1214 1409//1409 1263//1263
f 1300//1300 1318//1318 1317//1317
f 1305//1305 1320//1320 1281//1281
f 1335//1335 1414//1414 1319//1319
f 1414//1414 1335//1335 1386//1386
f 1387//1387 1336//1336 1307//1307
f 1337//1337 1376//1376 1322//1322
f 1376//1376 1351//1351 1322//1322
f 1364//1364 1338//1338 1351//1351
f 1339//1339 1354//1354 1323//1323
f 1286//1286 1354//1354 1341//1341
f 1286//1286 1353//1353 1355//1355
f 1365//1365 1342//1342 1325//1325
f 1345//1345 1327//1327 1344//1344
f 1345//1345 1401//1401 1276//1276
f 1276//1276 1327//1327 1345//1345
f 1293//1293 1378//1378 1326//1326
f 1328//1328 1404//1404 1255//1255
f 1328//1328 1296//1296 1358//1358
f 1392//1392 1359//1359 1347//1347
f 1361//1361 1347//1347 1359//1359
f 1358//1358 1312//1312 1360//1360
f 1312//1312 1279//1279 1380//1380
f 1314//1314 1313//1313 1368//1368
f 1348//1348 1314//1314 1368//1368
f 1279//1279 1191//1191 1394//1394
f 1349//1349 1394//1394 1191//1191
f 1424//1424 1370//1370 1381//1381
f 1214//1214 1362//1362 1409//1409
f 1395//1395 1315//1315 1371//1371
f 1315//1315 1436//1436 1299//1299
f 1318//1318 1303//1303 1317//1317
f 1374//1374 1307//1307 1320//1320
f 1414//1414 1386//1386 1427//1427
f 1323//1323 1363//1363 1352//1352
f 1364//1364 1351//1351 1388//1388
f 1390//1390 1353//1353 1340//1340
f 1286//1286 1391//1391 1354//1354
f 1355//1355 1353//1353 1390//1390
f 1417//1417 1308//1308 1342//1342
f 1344//1344 1343//1343 1398//1398
f 1398//1398 1416//1416 1344//1344
f 1416//1416 1345//1345 1344//1344
f 1326//1326 1378//1378 1311//1311
f 1416//1416 1401//1401 1345//1345
f 1379//1379 1378//1378 1293//1293
f 1404//1404 1419//1419 1256//1256
f 1358//1358 1474//1474 1328//1328
f 1358//1358 1360//1360 1422//1422
f 1361//1361 1359//1359 1313//1313
f 1360//1360 1312//1312 1422//1422
f 1380//1380 1279//1279 1367//1367
f 1298//1298 1369//1369 1349//1349
f 1436//1436 1315//1315 1395//1395
f 1437//1437 1333//1333 1463//1463
f 1317//1317 1372//1372 1410//1410
f 1350//1350 1333//1333 1411//1411
f 1304//1304 1302//1302 1350//1350
f 1305//1305 1304//1304 1373//1373
f 1334//1334 1319//1319 1375//1375
f 1319//1319 1414//1414 1375//1375
f 1307//1307 1374//1374 1439//1439
f 1440//1440 1386//1386 1283//1283
f 1337//1337 1352//1352 1389//1389
f 1337//1337 1389//1389 1376//1376
f 1376//1376 1396//1396 1351//1351
f 1352//1352 1363//1363 1389//1389
f 1396//1396 1388//1388 1351//1351
f 1390//1390 1364//1364 1388//1388
f 1354//1354 1363//1363 1323//1323
f 1391//1391 1286//1286 1355//1355
f 1308//1308 1417//1417 1356//1356
f 1377//1377 1342//1342 1365//1365
f 1311//1311 1377//1377 1365//1365
f 1378//1378 1400//1400 1311//1311
f 1401//1401 1346//1346 1276//1276
f 1401//1401 1392//1392 1346//1346
f 1379//1379 1256//1256 1357//1357
f 1393//1393 1359//1359 1392//1392
f 1366//1366 1421//1421 1358//1358
f 1422//1422 1366//1366 1358//1358
f 1406//1406 1313//1313 1359//1359
f 1380//1380 1422//1422 1312//1312
f 1313//1313 1407//1407 1368//1368
f 1394//1394 1367//1367 1279//1279
f 1425//1425 1370//1370 1424//1424
f 1425//1425 1462//1462 1370//1370
f 1370//1370 1462//1462 1371//1371
f 1462//1462 1395//1395 1371//1371
f 1214//1214 1382//1382 1362//1362
f 1317//1317 1383//1383 1372//1372
f 1304//1304 1385//1385 1373//1373
f 1304//1304 1426//1426 1385//1385
f 1305//1305 1385//1385 1320//1320
f 1305//1305 1373//1373 1385//1385
f 1427//1427 1386//1386 1440//1440
f 1387//1387 1440//1440 1283//1283
f 1396//1396 1376//1376 1389//1389
f 1390//1390 1388//1388 1396//1396
f 1415//1415 1356//1356 1417//1417
f 1398//1398 1356//1356 1415//1415
f 1377//1377 1417//1417 1342//1342
f 1400//1400 1377//1377 1311//1311
f 1378//1378 1379//1379 1357//1357
f 1403//1403 1392//1392 1401//1401
f 1419//1419 1357//1357 1256//1256
f 1421//1421 1474//1474 1358//1358
f 1405//1405 1359//1359 1393//1393
f 1406//1406 1359//1359 1405//1405
f 1407//1407 1313//1313 1406//1406
f 1408//1408 1368//1368 1407//1407
f 1408//1408 1461//1461 1368//1368
f 1349//1349 1435//1435 1394//1394
f 1461//1461 1381//1381 1368//1368
f 1350//1350 1413//1413 1304//1304
f 1374//1374 1320//1320 1385//1385
f 1307//1307 1452//1452 1387//1387
f 1363//1363 1397//1397 1389//1389
f 1389//1389 1397//1397 1396//1396
f 1354//1354 1397//1397 1363//1363
f 1397//1397 1354//1354 1391//1391
f 1397//1397 1355//1355 1396//1396
f 1396//1396 1355//1355 1390//1390
f 1397//1397 1391//1391 1355//1355
f 1399//1399 1398//1398 1415//1415
f 1416//1416 1398//1398 1399//1399
f 1417//1417 1377//1377 1400//1400
f 1378//1378 1402//1402 1400//1400
f 1357//1357 1402//1402 1378//1378
f 1403//1403 1393//1393 1392//1392
f 1403//1403 1405//1405 1393//1393
f 1422//1422 1380//1380 1455//1455
f 1381//1381 1503//1503 1458//1458
f 1458//1458 1424//1424 1381//1381
f 1462//1462 1436//1436 1395//1395
f 1332//1332 1410//1410 1316//1316
f 1350//1350 1411//1411 1471//1471
f 1471//1471 1384//1384 1350//1350
f 1303//1303 1383//1383 1317//1317
f 1413//1413 1350//1350 1412//1412
f 1447//1447 1303//1303 1334//1334
f 1375//1375 1447//1447 1334//1334
f 1415//1415 1416//1416 1399//1399
f 1428//1428 1416//1416 1415//1415
f 1400//1400 1430//1430 1417//1417
f 1428//1428 1401//1401 1416//1416
f 1430//1430 1400//1400 1402//1402
f 1403//1403 1401//1401 1428//1428
f 1402//1402 1433//1433 1430//1430
f 1441//1441 1404//1404 1328//1328
f 1357//1357 1419//1419 1420//1420
f 1420//1420 1402//1402 1357//1357
f 1402//1402 1420//1420 1433//1433
f 1328//1328 1474//1474 1441//1441
f 1433//1433 1406//1406 1418//1418
f 1418//1418 1405//1405 1403//1403
f 1406//1406 1405//1405 1418//1418
f 1407//1407 1406//1406 1423//1423
f 1455//1455 1380//1380 1367//1367
f 1461//1461 1503//1503 1381//1381
f 1369//1369 1435//1435 1349//1349
f 1369//1369 1444//1444 1435//1435
f 1409//1409 1444//1444 1369//1369
f 1382//1382 1316//1316 1469//1469
f 1471//1471 1411//1411 1333//1333
f 1412//1412 1350//1350 1384//1384
f 1374//1374 1385//1385 1439//1439
f 1450//1450 1375//1375 1414//1414
f 1449//1449 1307//1307 1439//1439
f 1450//1450 1414//1414 1427//1427
f 1440//1440 1387//1387 1452//1452
f 1430//1430 1429//1429 1417//1417
f 1428//1428 1415//1415 1417//1417
f 1428//1428 1417//1417 1429//1429
f 1431//1431 1403//1403 1428//1428
f 1428//1428 1429//1429 1431//1431
f 1431//1431 1429//1429 1403//1403
f 1432//1432 1430//1430 1433//1433
f 1430//1430 1432//1432 1418//1418
f 1429//1429 1430//1430 1418//1418
f 1418//1418 1403//1403 1429//1429
f 1432//1432 1433//1433 1418//1418
f 1420//1420 1454//1454 1433//1433
f 1433//1433 1454//1454 1434//1434
f 1366//1366 1422//1422 1476//1476
f 1434//1434 1406//1406 1433//1433
f 1407//1407 1461//1461 1408//1408
f 1367//1367 1394//1394 1456//1456
f 1435//1435 1456//1456 1394//1394
f 1462//1462 1425//1425 1424//1424
f 1482//1482 1463//1463 1436//1436
f 1410//1410 1445//1445 1316//1316
f 1372//1372 1445//1445 1410//1410
f 1471//1471 1333//1333 1459//1459
f 1303//1303 1446//1446 1383//1383
f 1446//1446 1303//1303 1447//1447
f 1426//1426 1304//1304 1412//1412
f 1304//1304 1413//1413 1412//1412
f 1375//1375 1450//1450 1438//1438
f 1440//1440 1451//1451 1427//1427
f 1451//1451 1450//1450 1427//1427
f 1442//1442 1420//1420 1419//1419
f 1366//1366 1474//1474 1421//1421
f 1423//1423 1406//1406 1434//1434
f 1407//1407 1423//1423 1477//1477
f 1477//1477 1461//1461 1407//1407
f 1479//1479 1462//1462 1424//1424
f 1482//1482 1436//1436 1462//1462
f 1459//1459 1333//1333 1437//1437
f 1385//1385 1426//1426 1448//1448
f 1438//1438 1447//1447 1375//1375
f 1449//1449 1487//1487 1307//1307
f 1452//1452 1307//1307 1487//1487
f 1404//1404 1441//1441 1419//1419
f 1442//1442 1453//1453 1420//1420
f 1420//1420 1453//1453 1454//1454
f 1455//1455 1476//1476 1422//1422
f 1434//1434 1477//1477 1423//1423
f 1455//1455 1367//1367 1511//1511
f 1457//1457 1456//1456 1435//1435
f 1444//1444 1443//1443 1435//1435
f 1444//1444 1468//1468 1467//1467
f 1469//1469 1514//1514 1382//1382
f 1316//1316 1445//1445 1469//1469
f 1426//1426 1412//1412 1384//1384
f 1385//1385 1448//1448 1460//1460
f 1493//1493 1447//1447 1438//1438
f 1439//1439 1385//1385 1464//1464
f 1493//1493 1438//1438 1450//1450
f 1494//1494 1450//1450 1451//1451
f 1440//1440 1494//1494 1451//1451
f 1494//1494 1440//1440 1452//1452
f 1454//1454 1453//1453 1465//1465
f 1434//1434 1454//1454 1475//1475
f 1476//1476 1455//1455 1511//1511
f 1367//1367 1456//1456 1511//1511
f 1467//1467 1443//1443 1444//1444
f 1424//1424 1458//1458 1503//1503
f 1514//1514 1481//1481 1382//1382
f 1445//1445 1372//1372 1469//1469
f 1383//1383 1485//1485 1372//1372
f 1426//1426 1384//1384 1448//1448
f 1385//1385 1460//1460 1464//1464
f 1507//1507 1493//1493 1450//1450
f 1501//1501 1507//1507 1450//1450
f 1449//1449 1439//1439 1487//1487
f 1494//1494 1501//1501 1450//1450
f 1494//1494 1452//1452 1508//1508
f 1441//1441 1473//1473 1419//1419
f 1473//1473 1442//1442 1419//1419
f 1453//1453 1442//1442 1465//1465
f 1466//1466 1366//1366 1476//1476
f 1475//1475 1454//1454 1465//1465
f 1461//1461 1525//1525 1503//1503
f 1443//1443 1457//1457 1435//1435
f 1424//1424 1503//1503 1479//1479
f 1409//1409 1468//1468 1444//1444
f 1362//1362 1488//1488 1409//1409
f 1483//1483 1437//1437 1463//1463
f 1372//1372 1489//1489 1469//1469
f 1437//1437 1470//1470 1459//1459
f 1384//1384 1471//1471 1484//1484
f 1446//1446 1485//1485 1383//1383
f 1446//1446 1472//1472 1485//1485
f 1447//1447 1493//1493 1492//1492
f 1464//1464 1487//1487 1439//1439
f 1474//1474 1473//1473 1441//1441
f 1366//1366 1473//1473 1474//1474
f 1520//1520 1473//1473 1366//1366
f 1434//1434 1475//1475 1477//1477
f 1477//1477 1478//1478 1461//1461
f 1468//1468 1443//1443 1467//1467
f 1409//1409 1480//1480 1468//1468
f 1488//1488 1480//1480 1409//1409
f 1526//1526 1462//1462 1479//1479
f 1526//1526 1482//1482 1462//1462
f 1362//1362 1382//1382 1481//1481
f 1483//1483 1463//1463 1482//1482
f 1489//1489 1372//1372 1485//1485
f 1490//1490 1471//1471 1459//1459
f 1471//1471 1490//1490 1484//1484
f 1384//1384 1484//1484 1448//1448
f 1492//1492 1446//1446 1447//1447
f 1495//1495 1442//1442 1473//1473
f 1466//1466 1496//1496 1366//1366
f 1521//1521 1475//1475 1465//1465
f 1456//1456 1498//1498 1511//1511
f 1525//1525 1461//1461 1478//1478
f 1457//1457 1513//1513 1456//1456
f 1481//1481 1488//1488 1362//1362
f 1483//1483 1482//1482 1545//1545
f 1545//1545 1437//1437 1483//1483
f 1485//1485 1472//1472 1491//1491
f 1490//1490 1448//1448 1484//1484
f 1446//1446 1491//1491 1472//1472
f 1448//1448 1486//1486 1505//1505
f 1460//1460 1448//1448 1505//1505
f 1496//1496 1520//1520 1366//1366
f 1476//1476 1496//1496 1466//1466
f 1476//1476 1511//1511 1543//1543
f 1497//1497 1477//1477 1475//1475
f 1523//1523 1478//1478 1477//1477
f 1456//1456 1536//1536 1498//1498
f 1457//1457 1443//1443 1513//1513
f 1443//1443 1499//1499 1513//1513
f 1582//1582 1479//1479 1503//1503
f 1526//1526 1545//1545 1482//1482
f 1470//1470 1437//1437 1545//1545
f 1489//1489 1485//1485 1500//1500
f 1446//1446 1504//1504 1491//1491
f 1446//1446 1492//1492 1504//1504
f 1517//1517 1506//1506 1493//1493
f 1531//1531 1487//1487 1464//1464
f 1517//1517 1493//1493 1507//1507
f 1533//1533 1452//1452 1487//1487
f 1533//1533 1487//1487 1531//1531
f 1452//1452 1533//1533 1508//1508
f 1495//1495 1509//1509 1442//1442
f 1475//1475 1510//1510 1497//1497
f 1521//1521 1510//1510 1475//1475
f 1497//1497 1510//1510 1477//1477
f 1523//1523 1477//1477 1510//1510
f 1478//1478 1523//1523 1525//1525
f 1456//1456 1513//1513 1536//1536
f 1468//1468 1499//1499 1443//1443
f 1538//1538 1503//1503 1555//1555
f 1538//1538 1582//1582 1503//1503
f 1489//1489 1514//1514 1469//1469
f 1470//1470 1490//1490 1459//1459
f 1485//1485 1491//1491 1515//1515
f 1448//1448 1490//1490 1486//1486
f 1460//1460 1505//1505 1464//1464
f 1493//1493 1528//1528 1492//1492
f 1551//1551 1531//1531 1464//1464
f 1551//1551 1464//1464 1505//1505
f 1508//1508 1501//1501 1494//1494
f 1520//1520 1542//1542 1473//1473
f 1473//1473 1509//1509 1495//1495
f 1502//1502 1509//1509 1473//1473
f 1519//1519 1442//1442 1509//1509
f 1519//1519 1465//1465 1442//1442
f 1496//1496 1476//1476 1543//1543
f 1498//1498 1536//1536 1511//1511
f 1523//1523 1512//1512 1525//1525
f 1555//1555 1503//1503 1525//1525
f 1488//1488 1499//1499 1468//1468
f 1480//1480 1488//1488 1468//1468
f 1479//1479 1582//1582 1556//1556
f 1526//1526 1479//1479 1556//1556
f 1481//1481 1539//1539 1488//1488
f 1514//1514 1539//1539 1481//1481
f 1489//1489 1500//1500 1514//1514
f 1485//1485 1515//1515 1500//1500
f 1490//1490 1516//1516 1486//1486
f 1528//1528 1504//1504 1492//1492
f 1528//1528 1493//1493 1529//1529
f 1530//1530 1529//1529 1493//1493
f 1530//1530 1493//1493 1506//1506
f 1517//1517 1507//1507 1501//1501
f 1532//1532 1517//1517 1501//1501
f 1508//1508 1518//1518 1501//1501
f 1465//1465 1519//1519 1521//1521
f 1521//1521 1522//1522 1510//1510
f 1513//1513 1524//1524 1536//1536
f 1513//1513 1537//1537 1524//1524
f 1526//1526 1556//1556 1545//1545
f 1515//1515 1514//1514 1500//1500
f 1516//1516 1490//1490 1540//1540
f 1540//1540 1486//1486 1516//1516
f 1541//1541 1532//1532 1501//1501
f 1541//1541 1501//1501 1518//1518
f 1541//1541 1518//1518 1508//1508
f 1541//1541 1508//1508 1533//1533
f 1473//1473 1542//1542 1502//1502
f 1509//1509 1502//1502 1519//1519
f 1519//1519 1562//1562 1521//1521
f 1520//1520 1496//1496 1543//1543
f 1543//1543 1511//1511 1563//1563
f 1563//1563 1511//1511 1535//1535
f 1510//1510 1534//1534 1523//1523
f 1536//1536 1535//1535 1511//1511
f 1534//1534 1512//1512 1523//1523
f 1536//1536 1537//1537 1593//1593
f 1536//1536 1524//1524 1537//1537
f 1544//1544 1525//1525 1512//1512
f 1537//1537 1513//1513 1499//1499
f 1488//1488 1539//1539 1557//1557
f 1566//1566 1470//1470 1545//1545
f 1515//1515 1558//1558 1514//1514
f 1547//1547 1490//1490 1470//1470
f 1540//1540 1490//1490 1547//1547
f 1486//1486 1527//1527 1505//1505
f 1528//1528 1530//1530 1549//1549
f 1529//1529 1530//1530 1528//1528
f 1551//1551 1505//1505 1550//1550
f 1522//1522 1521//1521 1562//1562
f 1510//1510 1522//1522 1534//1534
f 1525//1525 1544//1544 1555//1555
f 1470//1470 1566//1566 1567//1567
f 1567//1567 1547//1547 1470//1470
f 1491//1491 1548//1548 1515//1515
f 1486//1486 1559//1559 1527//1527
f 1540//1540 1559//1559 1486//1486
f 1549//1549 1560//1560 1528//1528
f 1530//1530 1506//1506 1587//1587
f 1506//1506 1517//1517 1580//1580
f 1552//1552 1517//1517 1532//1532
f 1541//1541 1533//1533 1531//1531
f 1553//1553 1598//1598 1520//1520
f 1520//1520 1598//1598 1542//1542
f 1542//1542 1519//1519 1502//1502
f 1561//1561 1562//1562 1519//1519
f 1543//1543 1563//1563 1520//1520
f 1562//1562 1590//1590 1522//1522
f 1590//1590 1534//1534 1522//1522
f 1593//1593 1554//1554 1536//1536
f 1488//1488 1602//1602 1499//1499
f 1565//1565 1582//1582 1538//1538
f 1557//1557 1602//1602 1488//1488
f 1620//1620 1557//1557 1539//1539
f 1546//1546 1545//1545 1556//1556
f 1566//1566 1545//1545 1546//1546
f 1578//1578 1515//1515 1548//1548
f 1548//1548 1491//1491 1578//1578
f 1527//1527 1559//1559 1505//1505
f 1587//1587 1579//1579 1549//1549
f 1530//1530 1587//1587 1549//1549
f 1569//1569 1531//1531 1551//1551
f 1506//1506 1580//1580 1587//1587
f 1517//1517 1552//1552 1580//1580
f 1532//1532 1541//1541 1589//1589
f 1598//1598 1561//1561 1542//1542
f 1542//1542 1561//1561 1519//1519
f 1590//1590 1571//1571 1534//1534
f 1535//1535 1536//1536 1564//1564
f 1581//1581 1564//1564 1536//1536
f 1554//1554 1581//1581 1536//1536
f 1572//1572 1512//1512 1534//1534
f 1573//1573 1593//1593 1537//1537
f 1538//1538 1555//1555 1574//1574
f 1603//1603 1556//1556 1582//1582
f 1566//1566 1546//1546 1556//1556
f 1566//1566 1556//1556 1603//1603
f 1558//1558 1576//1576 1514//1514
f 1547//1547 1567//1567 1540//1540
f 1504//1504 1560//1560 1491//1491
f 1505//1505 1559//1559 1585//1585
f 1528//1528 1560//1560 1504//1504
f 1505//1505 1585//1585 1550//1550
f 1551//1551 1550//1550 1569//1569
f 1531//1531 1569//1569 1570//1570
f 1644//1644 1541//1541 1531//1531
f 1531//1531 1570//1570 1644//1644
f 1563//1563 1553//1553 1520//1520
f 1561//1561 1598//1598 1625//1625
f 1599//1599 1562//1562 1561//1561
f 1563//1563 1535//1535 1553//1553
f 1599//1599 1590//1590 1562//1562
f 1535//1535 1564//1564 1581//1581
f 1571//1571 1572//1572 1534//1534
f 1554//1554 1593//1593 1581//1581
f 1537//1537 1499//1499 1573//1573
f 1544//1544 1574//1574 1555//1555
f 1574//1574 1565//1565 1538//1538
f 1602//1602 1557//1557 1575//1575
f 1631//1631 1567//1567 1566//1566
f 1558//1558 1515//1515 1577//1577
f 1583//1583 1540//1540 1567//1567
f 1568//1568 1597//1597 1515//1515
f 1559//1559 1540//1540 1583//1583
f 1578//1578 1568//1568 1515//1515
f 1549//1549 1578//1578 1560//1560
f 1550//1550 1623//1623 1569//1569
f 1552//1552 1532//1532 1580//1580
f 1589//1589 1541//1541 1644//1644
f 1590//1590 1591//1591 1571//1571
f 1581//1581 1592//1592 1535//1535
f 1594//1594 1593//1593 1573//1573
f 1573//1573 1499//1499 1602//1602
f 1629//1629 1582//1582 1565//1565
f 1514//1514 1576//1576 1539//1539
f 1577//1577 1576//1576 1558//1558
f 1567//1567 1631//1631 1583//1583
f 1559//1559 1583//1583 1584//1584
f 1584//1584 1585//1585 1559//1559
f 1560//1560 1578//1578 1491//1491
f 1586//1586 1578//1578 1549//1549
f 1586//1586 1549//1549 1622//1622
f 1613//1613 1549//1549 1579//1579
f 1588//1588 1580//1580 1532//1532
f 1532//1532 1589//1589 1644//1644
f 1535//1535 1606//1606 1553//1553
f 1535//1535 1592//1592 1606//1606
f 1591//1591 1572//1572 1571//1571
f 1592//1592 1581//1581 1593//1593
f 1595//1595 1619//1619 1544//1544
f 1619//1619 1574//1574 1544//1544
f 1650//1650 1573//1573 1602//1602
f 1575//1575 1628//1628 1602//1602
f 1610//1610 1575//1575 1557//1557
f 1603//1603 1582//1582 1629//1629
f 1596//1596 1566//1566 1603//1603
f 1596//1596 1631//1631 1566//1566
f 1515//1515 1597//1597 1577//1577
f 1550//1550 1585//1585 1623//1623
f 1549//1549 1613//1613 1622//1622
f 1624//1624 1579//1579 1587//1587
f 1570//1570 1614//1614 1644//1644
f 1588//1588 1587//1587 1580//1580
f 1553//1553 1604//1604 1598//1598
f 1598//1598 1604//1604 1625//1625
f 1625//1625 1599//1599 1561//1561
f 1572//1572 1591//1591 1616//1616
f 1593//1593 1661//1661 1592//1592
f 1572//1572 1616//1616 1544//1544
f 1594//1594 1600//1600 1593//1593
f 1572//1572 1544//1544 1512//1512
f 1650//1650 1601//1601 1594//1594
f 1573//1573 1650//1650 1594//1594
f 1539//1539 1576//1576 1620//1620
f 1577//1577 1611//1611 1576//1576
f 1569//1569 1623//1623 1570//1570
f 1645//1645 1532//1532 1644//1644
f 1532//1532 1645//1645 1588//1588
f 1605//1605 1590//1590 1599//1599
f 1605//1605 1607//1607 1590//1590
f 1590//1590 1607//1607 1591//1591
f 1544//1544 1616//1616 1618//1618
f 1600//1600 1661//1661 1593//1593
f 1618//1618 1608//1608 1544//1544
f 1648//1648 1594//1594 1601//1601
f 1648//1648 1600//1600 1594//1594
f 1608//1608 1595//1595 1544//1544
f 1609//1609 1619//1619 1595//1595
f 1671//1671 1565//1565 1574//1574
f 1629//1629 1565//1565 1671//1671
f 1596//1596 1603//1603 1629//1629
f 1576//1576 1630//1630 1620//1620
f 1612//1612 1583//1583 1631//1631
f 1623//1623 1585//1585 1632//1632
f 1623//1623 1654//1654 1643//1643
f 1624//1624 1613//1613 1579//1579
f 1588//1588 1624//1624 1587//1587
f 1607//1607 1605//1605 1599//1599
f 1607//1607 1616//1616 1591//1591
f 1617//1617 1606//1606 1592//1592
f 1595//1595 1608//1608 1609//1609
f 1650//1650 1602//1602 1628//1628
f 1660//1660 1629//1629 1671//1671
f 1629//1629 1651//1651 1596//1596
f 1557//1557 1620//1620 1610//1610
f 1631//1631 1596//1596 1652//1652
f 1577//1577 1597//1597 1568//1568
f 1641//1641 1583//1583 1612//1612
f 1585//1585 1584//1584 1632//1632
f 1586//1586 1621//1621 1578//1578
f 1623//1623 1632//1632 1654//1654
f 1634//1634 1624//1624 1588//1588
f 1634//1634 1588//1588 1645//1645
f 1606//1606 1615//1615 1553//1553
f 1599//1599 1625//1625 1607//1607
f 1646//1646 1616//1616 1607//1607
f 1626//1626 1618//1618 1616//1616
f 1592//1592 1661//1661 1617//1617
f 1648//1648 1601//1601 1647//1647
f 1608//1608 1635//1635 1609//1609
f 1600//1600 1648//1648 1661//1661
f 1626//1626 1608//1608 1618//1618
f 1650//1650 1683//1683 1601//1601
f 1627//1627 1619//1619 1609//1609
f 1628//1628 1639//1639 1650//1650
f 1671//1671 1574//1574 1619//1619
f 1628//1628 1575//1575 1610//1610
f 1651//1651 1652//1652 1596//1596
f 1630//1630 1576//1576 1611//1611
f 1631//1631 1641//1641 1612//1612
f 1568//1568 1664//1664 1577//1577
f 1621//1621 1568//1568 1578//1578
f 1622//1622 1633//1633 1666//1666
f 1633//1633 1622//1622 1613//1613
f 1570//1570 1623//1623 1643//1643
f 1624//1624 1633//1633 1613//1613
f 1634//1634 1633//1633 1624//1624
f 1656//1656 1625//1625 1604//1604
f 1656//1656 1607//1607 1625//1625
f 1656//1656 1646//1646 1607//1607
f 1616//1616 1646//1646 1659//1659
f 1659//1659 1626//1626 1616//1616
f 1606//1606 1617//1617 1615//1615
f 1636//1636 1658//1658 1635//1635
f 1608//1608 1636//1636 1635//1635
f 1648//1648 1673//1673 1661//1661
f 1638//1638 1673//1673 1648//1648
f 1626//1626 1636//1636 1608//1608
f 1640//1640 1662//1662 1610//1610
f 1620//1620 1640//1640 1610//1610
f 1651//1651 1680//1680 1652//1652
f 1620//1620 1630//1630 1640//1640
f 1611//1611 1577//1577 1664//1664
f 1641//1641 1642//1642 1583//1583
f 1642//1642 1584//1584 1583//1583
f 1653//1653 1654//1654 1632//1632
f 1666//1666 1586//1586 1622//1622
f 1570//1570 1643//1643 1614//1614
f 1634//1634 1667//1667 1633//1633
f 1615//1615 1604//1604 1553//1553
f 1635//1635 1658//1658 1627//1627
f 1627//1627 1609//1609 1635//1635
f 1661//1661 1637//1637 1617//1617
f 1649//1649 1658//1658 1636//1636
f 1659//1659 1672//1672 1626//1626
f 1649//1649 1636//1636 1688//1688
f 1672//1672 1674//1674 1626//1626
f 1626//1626 1674//1674 1636//1636
f 1663//1663 1662//1662 1640//1640
f 1679//1679 1680//1680 1651//1651
f 1652//1652 1641//1641 1631//1631
f 1664//1664 1694//1694 1611//1611
f 1643//1643 1654//1654 1614//1614
f 1695//1695 1644//1644 1614//1614
f 1668//1668 1667//1667 1634//1634
f 1655//1655 1644//1644 1695//1695
f 1645//1645 1644//1644 1655//1655
f 1645//1645 1668//1668 1634//1634
f 1604//1604 1615//1615 1669//1669
f 1684//1684 1646//1646 1656//1656
f 1682//1682 1648//1648 1647//1647
f 1657//1657 1669//1669 1615//1615
f 1615//1615 1617//1617 1657//1657
f 1639//1639 1683//1683 1650//1650
f 1638//1638 1670//1670 1685//1685
f 1636//1636 1674//1674 1688//1688
f 1638//1638 1685//1685 1673//1673
f 1610//1610 1689//1689 1628//1628
f 1662//1662 1689//1689 1610//1610
f 1675//1675 1651//1651 1660//1660
f 1651//1651 1629//1629 1660//1660
f 1675//1675 1679//1679 1651//1651
f 1720//1720 1652//1652 1680//1680
f 1706//1706 1630//1630 1611//1611
f 1694//1694 1706//1706 1611//1611
f 1641//1641 1693//1693 1642//1642
f 1642//1642 1693//1693 1632//1632
f 1584//1584 1642//1642 1632//1632
f 1654//1654 1653//1653 1709//1709
f 1667//1667 1666//1666 1633//1633
f 1711//1711 1667//1667 1668//1668
f 1655//1655 1695//1695 1763//1763
f 1668//1668 1645//1645 1655//1655
f 1658//1658 1724//1724 1627//1627
f 1638//1638 1648//1648 1682//1682
f 1670//1670 1638//1638 1682//1682
f 1646//1646 1684//1684 1659//1659
f 1619//1619 1627//1627 1749//1749
f 1657//1657 1617//1617 1716//1716
f 1689//1689 1715//1715 1628//1628
f 1691//1691 1661//1661 1673//1673
f 1691//1691 1701//1701 1661//1661
f 1685//1685 1691//1691 1673//1673
f 1685//1685 1690//1690 1691//1691
f 1689//1689 1662//1662 1663//1663
f 1700//1700 1689//1689 1663//1663
f 1690//1690 1700//1700 1678//1678
f 1677//1677 1675//1675 1702//1702
f 1678//1678 1700//1700 1663//1663
f 1677//1677 1692//1692 1675//1675
f 1679//1679 1675//1675 1692//1692
f 1652//1652 1720//1720 1744//1744
f 1641//1641 1652//1652 1744//1744
f 1664//1664 1568//1568 1694//1694
f 1568//1568 1621//1621 1681//1681
f 1708//1708 1621//1621 1586//1586
f 1708//1708 1586//1586 1666//1666
f 1666//1666 1667//1667 1665//1665
f 1695//1695 1614//1614 1654//1654
f 1711//1711 1733//1733 1667//1667
f 1601//1601 1683//1683 1647//1647
f 1727//1727 1604//1604 1669//1669
f 1656//1656 1604//1604 1727//1727
f 1658//1658 1649//1649 1724//1724
f 1656//1656 1696//1696 1684//1684
f 1723//1723 1683//1683 1639//1639
f 1628//1628 1723//1723 1639//1639
f 1696//1696 1697//1697 1684//1684
f 1637//1637 1686//1686 1617//1617
f 1659//1659 1684//1684 1687//1687
f 1659//1659 1687//1687 1672//1672
f 1701//1701 1637//1637 1661//1661
f 1698//1698 1688//1688 1674//1674
f 1690//1690 1685//1685 1726//1726
f 1676//1676 1698//1698 1674//1674
f 1698//1698 1676//1676 1702//1702
f 1660//1660 1699//1699 1675//1675
f 1674//1674 1672//1672 1692//1692
f 1692//1692 1676//1676 1674//1674
f 1699//1699 1703//1703 1675//1675
f 1692//1692 1677//1677 1676//1676
f 1676//1676 1677//1677 1702//1702
f 1703//1703 1702//1702 1675//1675
f 1678//1678 1705//1705 1691//1691
f 1678//1678 1691//1691 1690//1690
f 1692//1692 1680//1680 1679//1679
f 1663//1663 1705//1705 1678//1678
f 1640//1640 1706//1706 1663//1663
f 1705//1705 1663//1663 1706//1706
f 1630//1630 1706//1706 1640//1640
f 1744//1744 1693//1693 1641//1641
f 1693//1693 1707//1707 1632//1632
f 1707//1707 1653//1653 1632//1632
f 1621//1621 1708//1708 1681//1681
f 1710//1710 1665//1665 1667//1667
f 1733//1733 1710//1710 1667//1667
f 1724//1724 1749//1749 1627//1627
f 1649//1649 1712//1712 1724//1724
f 1735//1735 1685//1685 1670//1670
f 1657//1657 1716//1716 1669//1669
f 1698//1698 1737//1737 1688//1688
f 1697//1697 1687//1687 1684//1684
f 1689//1689 1713//1713 1715//1715
f 1713//1713 1689//1689 1752//1752
f 1726//1726 1685//1685 1735//1735
f 1752//1752 1689//1689 1700//1700
f 1700//1700 1690//1690 1726//1726
f 1730//1730 1701//1701 1691//1691
f 1672//1672 1729//1729 1758//1758
f 1692//1692 1672//1672 1704//1704
f 1705//1705 1718//1718 1691//1691
f 1720//1720 1680//1680 1692//1692
f 1681//1681 1708//1708 1568//1568
f 1653//1653 1707//1707 1732//1732
f 1709//1709 1695//1695 1654//1654
f 1710//1710 1666//1666 1665//1665
f 1722//1722 1668//1668 1655//1655
f 1737//1737 1712//1712 1649//1649
f 1688//1688 1737//1737 1649//1649
f 1628//1628 1715//1715 1713//1713
f 1628//1628 1713//1713 1723//1723
f 1735//1735 1714//1714 1726//1726
f 1669//1669 1716//1716 1727//1727
f 1671//1671 1699//1699 1660//1660
f 1716//1716 1617//1617 1686//1686
f 1717//1717 1686//1686 1637//1637
f 1698//1698 1702//1702 1703//1703
f 1701//1701 1717//1717 1637//1637
f 1740//1740 1729//1729 1672//1672
f 1687//1687 1740//1740 1672//1672
f 1691//1691 1718//1718 1730//1730
f 1704//1704 1672//1672 1758//1758
f 1693//1693 1744//1744 1796//1796
f 1732//1732 1709//1709 1653//1653
f 1747//1747 1778//1778 1711//1711
f 1747//1747 1711//1711 1668//1668
f 1747//1747 1668//1668 1722//1722
f 1647//1647 1683//1683 1723//1723
f 1647//1647 1766//1766 1682//1682
f 1767//1767 1749//1749 1724//1724
f 1766//1766 1735//1735 1682//1682
f 1670//1670 1682//1682 1735//1735
f 1671//1671 1619//1619 1749//1749
f 1671//1671 1725//1725 1699//1699
f 1656//1656 1727//1727 1753//1753
f 1752//1752 1700//1700 1726//1726
f 1697//1697 1696//1696 1740//1740
f 1740//1740 1687//1687 1697//1697
f 1740//1740 1728//1728 1729//1729
f 1758//1758 1742//1742 1692//1692
f 1704//1704 1758//1758 1692//1692
f 1719//1719 1692//1692 1742//1742
f 1731//1731 1718//1718 1705//1705
f 1720//1720 1692//1692 1719//1719
f 1743//1743 1744//1744 1720//1720
f 1568//1568 1760//1760 1694//1694
f 1693//1693 1796//1796 1707//1707
f 1708//1708 1745//1745 1568//1568
f 1666//1666 1746//1746 1708//1708
f 1695//1695 1709//1709 1762//1762
f 1695//1695 1762//1762 1763//1763
f 1733//1733 1711//1711 1778//1778
f 1734//1734 1766//1766 1647//1647
f 1647//1647 1723//1723 1734//1734
f 1712//1712 1748//1748 1724//1724
f 1724//1724 1748//1748 1767//1767
f 1725//1725 1671//1671 1749//1749
f 1713//1713 1750//1750 1723//1723
f 1752//1752 1714//1714 1735//1735
f 1752//1752 1726//1726 1714//1714
f 1738//1738 1703//1703 1699//1699
f 1739//1739 1696//1696 1656//1656
f 1716//1716 1686//1686 1823//1823
f 1728//1728 1741//1741 1729//1729
f 1729//1729 1741//1741 1758//1758
f 1718//1718 1781//1781 1730//1730
f 1743//1743 1720//1720 1719//1719
f 1706//1706 1731//1731 1705//1705
f 1760//1760 1568//1568 1745//1745
f 1842//1842 1709//1709 1732//1732
f 1666//1666 1785//1785 1746//1746
f 1710//1710 1761//1761 1666//1666
f 1764//1764 1722//1722 1655//1655
f 1778//1778 1765//1765 1733//1733
f 1723//1723 1750//1750 1734//1734
f 1735//1735 1766//1766 1736//1736
f 1749//1749 1767//1767 1768//1768
f 1725//1725 1749//1749 1768//1768
f 1752//1752 1735//1735 1736//1736
f 1698//1698 1751//1751 1737//1737
f 1770//1770 1699//1699 1725//1725
f 1703//1703 1751//1751 1698//1698
f 1770//1770 1751//1751 1699//1699
f 1738//1738 1751//1751 1703//1703
f 1751//1751 1738//1738 1699//1699
f 1727//1727 1716//1716 1823//1823
f 1753//1753 1739//1739 1656//1656
f 1727//1727 1754//1754 1753//1753
f 1696//1696 1755//1755 1740//1740
f 1740//1740 1755//1755 1771//1771
f 1740//1740 1771//1771 1728//1728
f 1701//1701 1756//1756 1717//1717
f 1728//1728 1771//1771 1741//1741
f 1730//1730 1757//1757 1701//1701
f 1741//1741 1771//1771 1758//1758
f 1781//1781 1793//1793 1730//1730
f 1731//1731 1759//1759 1718//1718
f 1759//1759 1781//1781 1718//1718
f 1743//1743 1719//1719 1742//1742
f 1796//1796 1808//1808 1707//1707
f 1808//1808 1732//1732 1707//1707
f 1721//1721 1745//1745 1708//1708
f 1785//1785 1708//1708 1746//1746
f 1666//1666 1761//1761 1785//1785
f 1709//1709 1842//1842 1762//1762
f 1763//1763 1762//1762 1775//1775
f 1764//1764 1655//1655 1763//1763
f 1777//1777 1722//1722 1764//1764
f 1769//1769 1734//1734 1750//1750
f 1734//1734 1769//1769 1766//1766
f 1769//1769 1736//1736 1766//1766
f 1712//1712 1751//1751 1748//1748
f 1748//1748 1751//1751 1768//1768
f 1748//1748 1768//1768 1767//1767
f 1769//1769 1752//1752 1736//1736
f 1737//1737 1751//1751 1712//1712
f 1768//1768 1751//1751 1770//1770
f 1770//1770 1725//1725 1768//1768
f 1750//1750 1713//1713 1752//1752
f 1769//1769 1750//1750 1752//1752
f 1717//1717 1756//1756 1686//1686
f 1686//1686 1756//1756 1823//1823
f 1757//1757 1790//1790 1701//1701
f 1701//1701 1790//1790 1756//1756
f 1792//1792 1780//1780 1758//1758
f 1771//1771 1792//1792 1758//1758
f 1780//1780 1795//1795 1758//1758
f 1795//1795 1742//1742 1758//1758
f 1731//1731 1773//1773 1772//1772
f 1706//1706 1773//1773 1731//1731
f 1706//1706 1784//1784 1773//1773
f 1694//1694 1784//1784 1706//1706
f 1744//1744 1743//1743 1796//1796
f 1818//1818 1808//1808 1796//1796
f 1797//1797 1798//1798 1732//1732
f 1785//1785 1721//1721 1708//1708
f 1798//1798 1842//1842 1732//1732
f 1763//1763 1775//1775 1810//1810
f 1765//1765 1710//1710 1733//1733
f 1763//1763 1810//1810 1800//1800
f 1800//1800 1764//1764 1763//1763
f 1764//1764 1812//1812 1777//1777
f 1812//1812 1764//1764 1800//1800
f 1776//1776 1765//1765 1778//1778
f 1739//1739 1753//1753 1754//1754
f 1779//1779 1754//1754 1727//1727
f 1779//1779 1727//1727 1823//1823
f 1756//1756 1788//1788 1823//1823
f 1739//1739 1787//1787 1696//1696
f 1696//1696 1789//1789 1755//1755
f 1791//1791 1771//1771 1755//1755
f 1791//1791 1755//1755 1789//1789
f 1771//1771 1791//1791 1792//1792
f 1793//1793 1806//1806 1730//1730
f 1782//1782 1781//1781 1731//1731
f 1781//1781 1759//1759 1731//1731
f 1731//1731 1772//1772 1782//1782
f 1760//1760 1784//1784 1694//1694
f 1784//1784 1760//1760 1745//1745
f 1774//1774 1809//1809 1745//1745
f 1721//1721 1785//1785 1854//1854
f 1710//1710 1765//1765 1799//1799
f 1799//1799 1765//1765 1776//1776
f 1776//1776 1778//1778 1837//1837
f 1837//1837 1778//1778 1747//1747
f 1722//1722 1821//1821 1747//1747
f 1739//1739 1754//1754 1779//1779
f 1696//1696 1815//1815 1789//1789
f 1756//1756 1790//1790 1803//1803
f 1792//1792 1791//1791 1789//1789
f 1816//1816 1805//1805 1792//1792
f 1805//1805 1780//1780 1792//1792
f 1805//1805 1795//1795 1780//1780
f 1795//1795 1743//1743 1742//1742
f 1783//1783 1743//1743 1795//1795
f 1784//1784 1817//1817 1773//1773
f 1831//1831 1817//1817 1784//1784
f 1808//1808 1797//1797 1732//1732
f 1745//1745 1721//1721 1774//1774
f 1870//1870 1842//1842 1798//1798
f 1710//1710 1799//1799 1761//1761
f 1775//1775 1844//1844 1810//1810
f 1812//1812 1800//1800 1810//1810
f 1799//1799 1776//1776 1786//1786
f 1776//1776 1801//1801 1786//1786
f 1812//1812 1845//1845 1777//1777
f 1776//1776 1837//1837 1801//1801
f 1821//1821 1722//1722 1814//1814
f 1814//1814 1722//1722 1777//1777
f 1824//1824 1802//1802 1823//1823
f 1823//1823 1802//1802 1779//1779
f 1779//1779 1802//1802 1739//1739
f 1739//1739 1822//1822 1787//1787
f 1815//1815 1696//1696 1787//1787
f 1803//1803 1788//1788 1756//1756
f 1815//1815 1792//1792 1789//1789
f 1757//1757 1803//1803 1790//1790
f 1806//1806 1804//1804 1730//1730
f 1730//1730 1804//1804 1757//1757
f 1805//1805 1794//1794 1795//1795
f 1782//1782 1793//1793 1781//1781
f 1782//1782 1772//1772 1793//1793
f 1794//1794 1828//1828 1795//1795
f 1773//1773 1817//1817 1772//1772
f 1830//1830 1743//1743 1783//1783
f 1807//1807 1796//1796 1743//1743
f 1807//1807 1743//1743 1830//1830
f 1807//1807 1818//1818 1796//1796
f 1831//1831 1784//1784 1745//1745
f 1831//1831 1745//1745 1809//1809
f 1877//1877 1798//1798 1797//1797
f 1877//1877 1869//1869 1798//1798
f 1869//1869 1870//1870 1798//1798
f 1761//1761 1843//1843 1785//1785
f 1775//1775 1762//1762 1874//1874
f 1786//1786 1811//1811 1799//1799
f 1813//1813 1812//1812 1810//1810
f 1813//1813 1845//1845 1812//1812
f 1814//1814 1777//1777 1845//1845
f 1836//1836 1801//1801 1837//1837
f 1821//1821 1837//1837 1747//1747
f 1824//1824 1739//1739 1802//1802
f 1822//1822 1739//1739 1824//1824
f 1823//1823 1788//1788 1803//1803
f 1823//1823 1803//1803 1825//1825
f 1815//1815 1816//1816 1792//1792
f 1804//1804 1806//1806 1757//1757
f 1805//1805 1816//1816 1794//1794
f 1793//1793 1840//1840 1806//1806
f 1816//1816 1828//1828 1794//1794
f 1830//1830 1783//1783 1795//1795
f 1830//1830 1795//1795 1828//1828
f 1877//1877 1797//1797 1808//1808
f 1785//1785 1819//1819 1854//1854
f 1843//1843 1819//1819 1785//1785
f 1761//1761 1820//1820 1843//1843
f 1874//1874 1844//1844 1775//1775
f 1799//1799 1811//1811 1761//1761
f 1879//1879 1810//1810 1844//1844
f 1786//1786 1833//1833 1811//1811
f 1810//1810 1879//1879 1834//1834
f 1845//1845 1813//1813 1810//1810
f 1822//1822 1824//1824 1787//1787
f 1823//1823 1825//1825 1824//1824
f 1824//1824 1860//1860 1787//1787
f 1826//1826 1787//1787 1862//1862
f 1826//1826 1815//1815 1787//1787
f 1826//1826 1816//1816 1815//1815
f 1827//1827 1828//1828 1816//1816
f 1793//1793 1772//1772 1840//1840
f 1817//1817 1829//1829 1772//1772
f 1831//1831 1841//1841 1817//1817
f 1807//1807 1808//1808 1818//1818
f 1853//1853 1877//1877 1808//1808
f 1832//1832 1721//1721 1854//1854
f 1842//1842 1874//1874 1762//1762
f 1811//1811 1820//1820 1761//1761
f 1834//1834 1845//1845 1810//1810
f 1833//1833 1786//1786 1801//1801
f 1835//1835 1833//1833 1801//1801
f 1837//1837 1821//1821 1849//1849
f 1814//1814 1849//1849 1821//1821
f 1824//1824 1825//1825 1803//1803
f 1838//1838 1757//1757 1806//1806
f 1824//1824 1803//1803 1838//1838
f 1803//1803 1757//1757 1838//1838
f 1862//1862 1839//1839 1816//1816
f 1826//1826 1862//1862 1816//1816
f 1851//1851 1827//1827 1816//1816
f 1851//1851 1816//1816 1839//1839
f 1806//1806 1840//1840 1863//1863
f 1829//1829 1840//1840 1772//1772
f 1851//1851 1828//1828 1827//1827
f 1851//1851 1830//1830 1828//1828
f 1851//1851 1807//1807 1830//1830
f 1865//1865 1829//1829 1817//1817
f 1851//1851 1852//1852 1807//1807
f 1868//1868 1807//1807 1852//1852
f 1841//1841 1831//1831 1809//1809
f 1853//1853 1808//1808 1807//1807
f 1774//1774 1876//1876 1809//1809
f 1874//1874 1842//1842 1855//1855
f 1856//1856 1820//1820 1811//1811
f 1811//1811 1833//1833 1857//1857
f 1879//1879 1845//1845 1834//1834
f 1845//1845 1879//1879 1858//1858
f 1845//1845 1858//1858 1847//1847
f 1880//1880 1801//1801 1848//1848
f 1880//1880 1835//1835 1801//1801
f 1847//1847 1846//1846 1814//1814
f 1847//1847 1814//1814 1845//1845
f 1836//1836 1848//1848 1801//1801
f 1859//1859 1814//1814 1846//1846
f 1836//1836 1837//1837 1849//1849
f 1862//1862 1787//1787 1860//1860
f 1851//1851 1839//1839 1862//1862
f 1851//1851 1862//1862 1850//1850
f 1863//1863 1838//1838 1806//1806
f 1829//1829 1863//1863 1840//1840
f 1852//1852 1851//1851 1866//1866
f 1841//1841 1865//1865 1817//1817
f 1876//1876 1841//1841 1809//1809
f 1721//1721 1832//1832 1774//1774
f 1855//1855 1842//1842 1870//1870
f 1820//1820 1871//1871 1843//1843
f 1820//1820 1873//1873 1871//1871
f 1820//1820 1856//1856 1873//1873
f 1898//1898 1811//1811 1857//1857
f 1899//1899 1879//1879 1844//1844
f 1899//1899 1844//1844 1874//1874
f 1880//1880 1833//1833 1835//1835
f 1880//1880 1836//1836 1893//1893
f 1880//1880 1848//1848 1836//1836
f 1902//1902 1836//1836 1849//1849
f 1902//1902 1893//1893 1836//1836
f 1814//1814 1902//1902 1849//1849
f 1824//1824 1861//1861 1860//1860
f 1881//1881 1862//1862 1860//1860
f 1861//1861 1824//1824 1838//1838
f 1864//1864 1850//1850 1862//1862
f 1864//1864 1851//1851 1850//1850
f 1862//1862 1881//1881 1864//1864
f 1838//1838 1863//1863 1882//1882
f 1864//1864 1866//1866 1851//1851
f 1865//1865 1863//1863 1829//1829
f 1866//1866 1868//1868 1852//1852
f 1907//1907 1868//1868 1866//1866
f 1867//1867 1841//1841 1876//1876
f 1877//1877 1853//1853 1807//1807
f 1888//1888 1869//1869 1877//1877
f 1819//1819 1843//1843 1854//1854
f 1874//1874 1855//1855 1911//1911
f 1872//1872 1874//1874 1911//1911
f 1811//1811 1873//1873 1856//1856
f 1873//1873 1811//1811 1898//1898
f 1879//1879 1847//1847 1858//1858
f 1857//1857 1833//1833 1875//1875
f 1875//1875 1833//1833 1880//1880
f 1859//1859 1902//1902 1814//1814
f 1881//1881 1860//1860 1861//1861
f 1861//1861 1838//1838 1882//1882
f 1903//1903 1884//1884 1864//1864
f 1884//1884 1866//1866 1864//1864
f 1895//1895 1863//1863 1865//1865
f 1841//1841 1885//1885 1865//1865
f 1884//1884 1907//1907 1866//1866
f 1868//1868 1907//1907 1807//1807
f 1877//1877 1807//1807 1907//1907
f 1774//1774 1832//1832 1876//1876
f 1870//1870 1869//1869 1888//1888
f 1843//1843 1889//1889 1854//1854
f 1889//1889 1878//1878 1854//1854
f 1878//1878 1832//1832 1854//1854
f 1911//1911 1870//1870 1888//1888
f 1911//1911 1855//1855 1870//1870
f 1929//1929 1874//1874 1872//1872
f 1929//1929 1899//1899 1874//1874
f 1859//1859 1846//1846 1902//1902
f 1882//1882 1894//1894 1861//1861
f 1905//1905 1864//1864 1881//1881
f 1864//1864 1905//1905 1903//1903
f 1883//1883 1863//1863 1895//1895
f 1885//1885 1895//1895 1865//1865
f 1886//1886 1884//1884 1903//1903
f 1887//1887 1884//1884 1886//1886
f 1867//1867 1885//1885 1841//1841
f 1884//1884 1887//1887 1907//1907
f 1889//1889 1832//1832 1878//1878
f 1872//1872 1911//1911 1929//1929
f 1857//1857 1897//1897 1898//1898
f 1899//1899 1920//1920 1879//1879
f 1847//1847 1879//1879 1890//1890
f 1892//1892 1875//1875 1880//1880
f 1846//1846 1847//1847 1890//1890
f 1846//1846 1890//1890 1891//1891
f 1900//1900 1892//1892 1880//1880
f 1912//1912 1902//1902 1846//1846
f 1900//1900 1880//1880 1901//1901
f 1901//1901 1880//1880 1893//1893
f 1914//1914 1861//1861 1894//1894
f 1881//1881 1861//1861 1914//1914
f 1881//1881 1914//1914 1905//1905
f 1883//1883 1882//1882 1863//1863
f 1894//1894 1882//1882 1914//1914
f 1882//1882 1883//1883 1895//1895
f 1867//1867 1895//1895 1885//1885
f 1906//1906 1907//1907 1903//1903
f 1903//1903 1907//1907 1887//1887
f 1886//1886 1903//1903 1887//1887
f 1832//1832 1934//1934 1876//1876
f 1877//1877 1907//1907 1896//1896
f 1896//1896 1888//1888 1877//1877
f 1832//1832 1910//1910 1934//1934
f 1910//1910 1832//1832 1935//1935
f 1889//1889 1935//1935 1832//1832
f 1873//1873 1843//1843 1871//1871
f 1898//1898 1897//1897 1873//1873
f 1857//1857 1875//1875 1897//1897
f 1920//1920 1890//1890 1879//1879
f 1900//1900 1921//1921 1875//1875
f 1900//1900 1875//1875 1892//1892
f 1924//1924 1901//1901 1893//1893
f 1924//1924 1893//1893 1902//1902
f 1904//1904 1925//1925 1882//1882
f 1914//1914 1882//1882 1925//1925
f 1895//1895 1904//1904 1882//1882
f 1904//1904 1895//1895 1913//1913
f 1906//1906 1903//1903 1905//1905
f 1867//1867 1908//1908 1895//1895
f 1867//1867 1909//1909 1908//1908
f 1876//1876 1909//1909 1867//1867
f 1876//1876 1934//1934 1909//1909
f 1888//1888 1896//1896 1917//1917
f 1843//1843 1873//1873 1889//1889
f 1930//1930 1899//1899 1929//1929
f 1930//1930 1920//1920 1899//1899
f 1897//1897 1875//1875 1919//1919
f 1921//1921 1919//1919 1875//1875
f 1937//1937 1890//1890 1920//1920
f 1900//1900 1901//1901 1949//1949
f 1846//1846 1891//1891 1912//1912
f 1902//1902 1912//1912 1924//1924
f 1915//1915 1905//1905 1914//1914
f 1915//1915 1906//1906 1905//1905
f 1908//1908 1909//1909 1895//1895
f 1916//1916 1907//1907 1906//1906
f 1916//1916 1896//1896 1907//1907
f 1910//1910 1935//1935 1934//1934
f 1873//1873 1918//1918 1889//1889
f 1873//1873 1897//1897 1928//1928
f 1922//1922 1900//1900 1923//1923
f 1923//1923 1900//1900 1949//1949
f 1949//1949 1901//1901 1943//1943
f 1938//1938 1914//1914 1925//1925
f 1913//1913 1925//1925 1904//1904
f 1914//1914 1938//1938 1915//1915
f 1909//1909 1913//1913 1895//1895
f 1934//1934 1932//1932 1909//1909
f 1916//1916 1933//1933 1896//1896
f 1896//1896 1933//1933 1926//1926
f 1917//1917 1896//1896 1926//1926
f 1926//1926 1888//1888 1917//1917
f 1889//1889 1927//1927 1935//1935
f 1918//1918 1927//1927 1889//1889
f 1942//1942 1929//1929 1911//1911
f 1873//1873 1928//1928 1918//1918
f 1930//1930 1937//1937 1920//1920
f 1900//1900 1919//1919 1921//1921
f 1922//1922 1919//1919 1900//1900
f 1890//1890 1937//1937 1950//1950
f 1944//1944 1901//1901 1924//1924
f 1951//1951 1924//1924 1912//1912
f 1913//1913 1938//1938 1925//1925
f 1938//1938 1939//1939 1915//1915
f 1915//1915 1939//1939 1906//1906
f 1909//1909 1932//1932 1913//1913
f 1931//1931 1933//1933 1916//1916
f 1906//1906 1931//1931 1916//1916
f 1932//1932 1934//1934 1955//1955
f 1888//1888 1926//1926 1911//1911
f 1936//1936 1930//1930 1929//1929
f 1930//1930 1936//1936 1958//1958
f 1930//1930 1958//1958 1937//1937
f 1923//1923 1919//1919 1922//1922
f 1950//1950 1891//1891 1890//1890
f 1944//1944 1924//1924 1952//1952
f 1952//1952 1924//1924 1951//1951
f 1938//1938 1913//1913 1945//1945
f 1938//1938 1945//1945 1939//1939
f 1939//1939 1931//1931 1906//1906
f 1913//1913 1932//1932 1953//1953
f 1931//1931 1940//1940 1933//1933
f 1934//1934 1935//1935 1955//1955
f 1918//1918 1941//1941 1927//1927
f 1996//1996 1929//1929 1942//1942
f 1996//1996 1936//1936 1929//1929
f 1919//1919 1946//1946 1897//1897
f 1919//1919 1923//1923 1947//1947
f 1962//1962 1950//1950 1937//1937
f 1950//1950 1912//1912 1891//1891
f 1944//1944 1943//1943 1901//1901
f 1945//1945 1965//1965 1939//1939
f 1965//1965 1931//1931 1939//1939
f 1931//1931 1966//1966 1940//1940
f 1932//1932 1955//1955 1953//1953
f 1940//1940 1966//1966 1933//1933
f 1967//1967 1933//1933 1966//1966
f 1927//1927 1955//1955 1935//1935
f 1967//1967 1926//1926 1933//1933
f 1942//1942 1911//1911 1926//1926
f 1897//1897 1956//1956 1928//1928
f 1897//1897 1946//1946 1956//1956
f 1996//1996 1957//1957 1936//1936
f 1936//1936 1957//1957 1958//1958
f 1947//1947 1923//1923 1948//1948
f 1912//1912 1950//1950 1951//1951
f 1953//1953 1972//1972 1913//1913
f 1945//1945 1913//1913 1972//1972
f 1931//1931 1965//1965 1954//1954
f 1954//1954 1966//1966 1931//1931
f 1959//1959 1955//1955 1973//1973
f 1955//1955 1927//1927 1973//1973
f 1968//1968 1926//1926 1967//1967
f 1942//1942 1926//1926 1968//1968
f 1941//1941 1956//1956 1927//1927
f 1956//1956 1941//1941 1918//1918
f 1968//1968 1996//1996 1942//1942
f 1918//1918 1928//1928 1956//1956
f 1919//1919 1947//1947 1946//1946
f 1958//1958 1961//1961 1937//1937
f 1937//1937 1961//1961 1962//1962
f 1949//1949 1948//1948 1923//1923
f 1982//1982 1948//1948 1949//1949
f 1943//1943 1982//1982 1949//1949
f 1944//1944 1963//1963 1943//1943
f 1970//1970 1951//1951 1950//1950
f 1944//1944 1952//1952 1969//1969
f 1969//1969 1952//1952 1951//1951
f 1971//1971 1972//1972 1953//1953
f 1955//1955 1959//1959 1953//1953
f 1989//1989 1973//1973 1927//1927
f 1927//1927 1956//1956 1989//1989
f 1958//1958 1957//1957 1961//1961
f 1948//1948 1960//1960 1947//1947
f 1970//1970 1950//1950 1962//1962
f 1943//1943 1963//1963 1982//1982
f 1969//1969 1963//1963 1944//1944
f 1984//1984 1945//1945 1972//1972
f 1984//1984 1965//1965 1945//1945
f 1966//1966 1954//1954 1965//1965
f 1973//1973 1953//1953 1959//1959
f 1990//1990 1996//1996 1968//1968
f 1957//1957 1981//1981 1961//1961
f 1961//1961 1981//1981 1962//1962
f 1963//1963 2013//2013 1982//1982
f 1977//1977 1969//1969 1951//1951
f 1964//1964 1984//1984 1972//1972
f 1965//1965 1986//1986 1966//1966
f 1978//1978 1987//1987 1966//1966
f 1986//1986 1978//1978 1966//1966
f 1973//1973 1971//1971 1953//1953
f 1995//1995 1966//1966 1987//1987
f 1946//1946 1974//1974 1956//1956
f 1947//1947 1974//1974 1946//1946
f 1980//1980 1975//1975 1957//1957
f 1974//1974 1947//1947 1960//1960
f 1975//1975 1981//1981 1957//1957
f 1960//1960 1948//1948 2000//2000
f 1976//1976 1970//1970 1962//1962
f 1951//1951 1970//1970 1977//1977
f 1972//1972 1985//1985 1964//1964
f 1971//1971 1985//1985 1972//1972
f 1971//1971 1999//1999 1985//1985
f 1973//1973 1999//1999 1971//1971
f 1967//1967 1966//1966 1995//1995
f 1989//1989 1988//1988 1973//1973
f 1968//1968 1967//1967 1990//1990
f 1974//1974 1979//1979 1956//1956
f 2040//2040 1996//1996 1990//1990
f 1996//1996 1980//1980 1957//1957
f 1975//1975 1980//1980 1981//1981
f 1992//1992 1983//1983 1970//1970
f 1970//1970 1976//1976 1992//1992
f 1983//1983 2013//2013 1963//1963
f 1983//1983 1963//1963 1969//1969
f 1969//1969 1977//1977 1983//1983
f 1983//1983 1977//1977 1970//1970
f 1985//1985 1984//1984 1964//1964
f 1984//1984 1994//1994 1965//1965
f 1994//1994 1986//1986 1965//1965
f 1986//1986 1987//1987 1978//1978
f 1999//1999 1973//1973 1988//1988
f 1967//1967 2016//2016 1990//1990
f 1981//1981 1980//1980 1991//1991
f 1962//1962 1981//1981 1992//1992
f 1948//1948 1997//1997 2000//2000
f 1976//1976 1962//1962 1992//1992
f 2013//2013 1948//1948 1982//1982
f 2013//2013 1998//1998 1948//1948
f 1983//1983 2003//2003 2013//2013
f 1993//1993 1985//1985 2018//2018
f 1985//1985 1993//1993 1984//1984
f 1987//1987 1986//1986 1994//1994
f 1999//1999 1988//1988 2010//2010
f 1989//1989 2010//2010 1988//1988
f 1995//1995 2005//2005 1967//1967
f 1967//1967 2005//2005 2016//2016
f 1956//1956 2023//2023 1989//1989
f 1980//1980 1996//1996 2040//2040
f 1948//1948 1998//1998 1997//1997
f 2002//2002 2008//2008 1983//1983
f 1983//1983 1992//1992 2002//2002
f 1993//1993 2020//2020 1984//1984
f 2009//2009 1984//1984 2020//2020
f 2009//2009 1994//1994 1984//1984
f 2010//2010 1985//1985 1999//1999
f 1995//1995 1987//1987 1994//1994
f 1989//1989 2004//2004 2010//2010
f 2040//2040 1990//1990 2016//2016
f 2007//2007 2023//2023 1956//1956
f 1979//1979 2007//2007 1956//1956
f 1991//1991 1980//1980 2001//2001
f 1981//1981 1991//1991 2001//2001
f 1992//1992 2001//2001 2002//2002
f 1989//1989 2006//2006 2004//2004
f 2022//2022 2040//2040 2016//2016
f 1979//1979 1974//1974 2007//2007
f 1960//1960 2024//2024 1974//1974
f 1960//1960 2000//2000 2012//2012
f 2000//2000 1997//1997 2012//2012
f 1992//1992 1981//1981 2001//2001
f 2003//2003 1983//1983 2008//2008
f 2021//2021 2018//2018 1985//1985
f 2021//2021 1985//1985 2010//2010
f 1994//1994 2009//2009 2037//2037
f 2037//2037 1995//1995 1994//1994
f 2004//2004 2006//2006 2010//2010
f 1989//1989 2023//2023 2006//2006
f 2027//2027 2007//2007 1974//1974
f 2064//2064 2001//2001 1980//1980
f 2033//2033 2008//2008 2002//2002
f 2003//2003 2008//2008 2033//2033
f 1993//1993 2019//2019 2020//2020
f 1993//1993 2018//2018 2019//2019
f 2020//2020 2014//2014 2009//2009
f 2038//2038 2021//2021 2010//2010
f 2037//2037 2051//2051 1995//1995
f 2005//2005 1995//1995 2051//2051
f 2038//2038 2010//2010 2015//2015
f 2006//2006 2015//2015 2010//2010
f 2053//2053 2016//2016 2005//2005
f 2022//2022 2016//2016 2053//2053
f 2026//2026 2040//2040 2022//2022
f 1980//1980 2040//2040 2055//2055
f 1974//1974 2024//2024 2027//2027
f 2012//2012 2028//2028 1960//1960
f 2011//2011 2002//2002 2001//2001
f 1998//1998 2059//2059 1997//1997
f 2013//2013 2017//2017 1998//1998
f 2003//2003 2017//2017 2013//2013
f 2017//2017 2003//2003 2033//2033
f 2014//2014 2037//2037 2009//2009
f 2006//2006 2038//2038 2015//2015
f 2053//2053 2005//2005 2051//2051
f 2007//2007 2027//2027 2023//2023
f 2064//2064 1980//1980 2056//2056
f 1960//1960 2028//2028 2024//2024
f 2059//2059 2012//2012 1997//1997
f 2025//2025 2033//2033 2002//2002
f 2033//2033 2047//2047 2017//2017
f 2034//2034 2019//2019 2036//2036
f 2034//2034 2035//2035 2019//2019
f 2018//2018 2036//2036 2019//2019
f 2019//2019 2035//2035 2020//2020
f 2035//2035 2043//2043 2020//2020
f 2020//2020 2043//2043 2037//2037
f 2018//2018 2021//2021 2036//2036
f 2020//2020 2037//2037 2014//2014
f 2063//2063 2038//2038 2006//2006
f 2022//2022 2053//2053 2026//2026
f 2056//2056 1980//1980 2055//2055
f 2002//2002 2011//2011 2031//2031
f 2031//2031 2025//2025 2002//2002
f 2042//2042 2059//2059 1998//1998
f 2017//2017 2042//2042 1998//1998
f 2085//2085 2047//2047 2033//2033
f 2029//2029 2021//2021 2038//2038
f 2030//2030 2006//2006 2023//2023
f 2028//2028 2012//2012 2024//2024
f 2011//2011 2001//2001 2064//2064
f 2059//2059 2041//2041 2012//2012
f 2025//2025 2031//2031 2033//2033
f 2033//2033 2032//2032 2085//2085
f 2049//2049 2036//2036 2021//2021
f 2043//2043 2044//2044 2037//2037
f 2051//2051 2037//2037 2044//2044
f 2060//2060 2029//2029 2038//2038
f 2038//2038 2063//2063 2039//2039
f 2055//2055 2040//2040 2026//2026
f 2027//2027 2030//2030 2023//2023
f 2024//2024 2045//2045 2027//2027
f 2041//2041 2024//2024 2012//2012
f 2031//2031 2011//2011 2058//2058
f 2033//2033 2031//2031 2067//2067
f 2047//2047 2042//2042 2017//2017
f 2049//2049 2021//2021 2029//2029
f 2039//2039 2060//2060 2038//2038
f 2075//2075 2052//2052 2051//2051
f 2052//2052 2053//2053 2051//2051
f 2054//2054 2006//2006 2030//2030
f 2046//2046 2011//2011 2064//2064
f 2058//2058 2011//2011 2046//2046
f 2031//2031 2058//2058 2067//2067
f 2059//2059 2057//2057 2041//2041
f 2067//2067 2032//2032 2033//2033
f 2067//2067 2085//2085 2032//2032
f 2049//2049 2048//2048 2036//2036
f 2034//2034 2036//2036 2048//2048
f 2035//2035 2034//2034 2048//2048
f 2050//2050 2043//2043 2035//2035
f 2061//2061 2051//2051 2044//2044
f 2081//2081 2026//2026 2053//2053
f 2063//2063 2006//2006 2054//2054
f 2055//2055 2064//2064 2056//2056
f 2066//2066 2024//2024 2057//2057
f 2024//2024 2041//2041 2057//2057
f 2084//2084 2042//2042 2047//2047
f 2073//2073 2035//2035 2048//2048
f 2050//2050 2035//2035 2073//2073
f 2081//2081 2051//2051 2061//2061
f 2051//2051 2081//2081 2062//2062
f 2062//2062 2075//2075 2051//2051
f 2053//2053 2052//2052 2075//2075
f 2081//2081 2055//2055 2026//2026
f 2082//2082 2064//2064 2055//2055
f 2045//2045 2024//2024 2065//2065
f 2103//2103 2046//2046 2064//2064
f 2057//2057 2059//2059 2066//2066
f 2058//2058 2078//2078 2067//2067
f 2098//2098 2066//2066 2059//2059
f 2068//2068 2098//2098 2059//2059
f 2085//2085 2067//2067 2069//2069
f 2042//2042 2068//2068 2059//2059
f 2079//2079 2084//2084 2047//2047
f 2079//2079 2047//2047 2071//2071
f 2072//2072 2048//2048 2049//2049
f 2048//2048 2072//2072 2073//2073
f 2070//2070 2029//2029 2060//2060
f 2049//2049 2029//2029 2070//2070
f 2050//2050 2044//2044 2043//2043
f 2070//2070 2060//2060 2039//2039
f 2061//2061 2044//2044 2081//2081
f 2081//2081 2075//2075 2062//2062
f 2074//2074 2063//2063 2076//2076
f 2081//2081 2053//2053 2075//2075
f 2054//2054 2076//2076 2063//2063
f 2045//2045 2077//2077 2027//2027
f 2103//2103 2064//2064 2082//2082
f 2024//2024 2066//2066 2065//2065
f 2068//2068 2042//2042 2084//2084
f 2071//2071 2047//2047 2085//2085
f 2080//2080 2044//2044 2050//2050
f 2081//2081 2044//2044 2080//2080
f 2063//2063 2074//2074 2039//2039
f 2027//2027 2077//2077 2030//2030
f 2097//2097 2058//2058 2046//2046
f 2058//2058 2097//2097 2078//2078
f 2116//2116 2085//2085 2069//2069
f 2116//2116 2069//2069 2067//2067
f 2090//2090 2098//2098 2068//2068
f 2079//2079 2071//2071 2085//2085
f 2072//2072 2092//2092 2073//2073
f 2070//2070 2094//2094 2049//2049
f 2094//2094 2092//2092 2049//2049
f 2072//2072 2049//2049 2092//2092
f 2095//2095 2070//2070 2039//2039
f 2074//2074 2095//2095 2039//2039
f 2087//2087 2055//2055 2081//2081
f 2083//2083 2046//2046 2103//2103
f 2083//2083 2097//2097 2046//2046
f 2116//2116 2067//2067 2078//2078
f 2085//2085 2116//2116 2089//2089
f 2084//2084 2090//2090 2068//2068
f 2073//2073 2099//2099 2050//2050
f 2099//2099 2080//2080 2050//2050
f 2100//2100 2081//2081 2080//2080
f 2076//2076 2086//2086 2074//2074
f 2054//2054 2088//2088 2076//2076
f 2082//2082 2055//2055 2131//2131
f 2103//2103 2082//2082 2131//2131
f 2065//2065 2077//2077 2045//2045
f 2065//2065 2096//2096 2077//2077
f 2066//2066 2105//2105 2065//2065
f 2098//2098 2115//2115 2066//2066
f 2078//2078 2097//2097 2116//2116
f 2089//2089 2091//2091 2085//2085
f 2091//2091 2084//2084 2079//2079
f 2091//2091 2079//2079 2085//2085
f 2092//2092 2093//2093 2073//2073
f 2093//2093 2099//2099 2073//2073
f 2095//2095 2119//2119 2070//2070
f 2076//2076 2088//2088 2086//2086
f 2066//2066 2114//2114 2105//2105
f 2066//2066 2115//2115 2114//2114
f 2106//2106 2115//2115 2098//2098
f 2107//2107 2098//2098 2090//2090
f 2091//2091 2089//2089 2116//2116
f 2109//2109 2090//2090 2084//2084
f 2091//2091 2109//2109 2084//2084
f 2070//2070 2119//2119 2094//2094
f 2099//2099 2126//2126 2080//2080
f 2086//2086 2110//2110 2074//2074
f 2129//2129 2055//2055 2087//2087
f 2129//2129 2131//2131 2055//2055
f 2054//2054 2101//2101 2088//2088
f 2030//2030 2102//2102 2054//2054
f 2077//2077 2102//2102 2030//2030
f 2104//2104 2122//2122 2083//2083
f 2104//2104 2083//2083 2103//2103
f 2097//2097 2083//2083 2133//2133
f 2107//2107 2106//2106 2098//2098
f 2108//2108 2091//2091 2116//2116
f 2094//2094 2113//2113 2092//2092
f 2074//2074 2138//2138 2095//2095
f 2138//2138 2119//2119 2095//2095
f 2074//2074 2110//2110 2138//2138
f 2126//2126 2100//2100 2080//2080
f 2129//2129 2081//2081 2100//2100
f 2129//2129 2087//2087 2081//2081
f 2088//2088 2111//2111 2086//2086
f 2101//2101 2111//2111 2088//2088
f 2102//2102 2101//2101 2054//2054
f 2131//2131 2104//2104 2103//2103
f 2105//2105 2114//2114 2065//2065
f 2097//2097 2133//2133 2112//2112
f 2112//2112 2116//2116 2097//2097
f 2090//2090 2106//2106 2107//2107
f 2118//2118 2090//2090 2109//2109
f 2094//2094 2119//2119 2113//2113
f 2126//2126 2099//2099 2120//2120
f 2100//2100 2126//2126 2129//2129
f 2104//2104 2131//2131 2121//2121
f 2077//2077 2096//2096 2142//2142
f 2133//2133 2083//2083 2122//2122
f 2108//2108 2116//2116 2117//2117
f 2118//2118 2106//2106 2090//2090
f 2091//2091 2108//2108 2134//2134
f 2091//2091 2134//2134 2135//2135
f 2092//2092 2125//2125 2093//2093
f 2125//2125 2099//2099 2093//2093
f 2086//2086 2128//2128 2110//2110
f 2175//2175 2131//2131 2129//2129
f 2121//2121 2131//2131 2175//2175
f 2065//2065 2132//2132 2096//2096
f 2114//2114 2123//2123 2065//2065
f 2115//2115 2123//2123 2114//2114
f 2133//2133 2117//2117 2116//2116
f 2116//2116 2112//2112 2133//2133
f 2124//2124 2115//2115 2106//2106
f 2134//2134 2108//2108 2117//2117
f 2118//2118 2146//2146 2106//2106
f 2136//2136 2118//2118 2109//2109
f 2091//2091 2136//2136 2109//2109
f 2113//2113 2125//2125 2092//2092
f 2127//2127 2138//2138 2110//2110
f 2110//2110 2128//2128 2127//2127
f 2141//2141 2129//2129 2126//2126
f 2111//2111 2130//2130 2086//2086
f 2122//2122 2104//2104 2154//2154
f 2117//2117 2133//2133 2134//2134
f 2146//2146 2124//2124 2106//2106
f 2135//2135 2149//2149 2091//2091
f 2136//2136 2091//2091 2137//2137
f 2138//2138 2145//2145 2119//2119
f 2125//2125 2151//2151 2099//2099
f 2099//2099 2151//2151 2120//2120
f 2127//2127 2152//2152 2138//2138
f 2126//2126 2120//2120 2139//2139
f 2139//2139 2141//2141 2126//2126
f 2086//2086 2127//2127 2128//2128
f 2130//2130 2140//2140 2086//2086
f 2199//2199 2129//2129 2141//2141
f 2199//2199 2175//2175 2129//2129
f 2101//2101 2130//2130 2111//2111
f 2166//2166 2130//2130 2101//2101
f 2077//2077 2142//2142 2102//2102
f 2154//2154 2104//2104 2121//2121
f 2142//2142 2096//2096 2132//2132
f 2167//2167 2122//2122 2154//2154
f 2133//2133 2122//2122 2143//2143
f 2065//2065 2123//2123 2132//2132
f 2115//2115 2124//2124 2123//2123
f 2134//2134 2133//2133 2144//2144
f 2136//2136 2148//2148 2118//2118
f 2150//2150 2159//2159 2136//2136
f 2137//2137 2150//2150 2136//2136
f 2150//2150 2137//2137 2091//2091
f 2149//2149 2150//2150 2091//2091
f 2125//2125 2113//2113 2151//2151
f 2151//2151 2139//2139 2120//2120
f 2101//2101 2102//2102 2166//2166
f 2155//2155 2122//2122 2167//2167
f 2157//2157 2133//2133 2143//2143
f 2118//2118 2148//2148 2146//2146
f 2147//2147 2135//2135 2134//2134
f 2159//2159 2148//2148 2136//2136
f 2119//2119 2164//2164 2113//2113
f 2119//2119 2145//2145 2164//2164
f 2086//2086 2140//2140 2127//2127
f 2175//2175 2154//2154 2121//2121
f 2155//2155 2143//2143 2122//2122
f 2124//2124 2156//2156 2123//2123
f 2133//2133 2157//2157 2144//2144
f 2147//2147 2134//2134 2144//2144
f 2148//2148 2124//2124 2146//2146
f 2149//2149 2135//2135 2150//2150
f 2151//2151 2113//2113 2164//2164
f 2151//2151 2153//2153 2139//2139
f 2165//2165 2167//2167 2154//2154
f 2123//2123 2163//2163 2132//2132
f 2155//2155 2157//2157 2143//2143
f 2163//2163 2124//2124 2168//2168
f 2156//2156 2124//2124 2163//2163
f 2144//2144 2157//2157 2147//2147
f 2159//2159 2158//2158 2148//2148
f 2160//2160 2171//2171 2135//2135
f 2160//2160 2135//2135 2147//2147
f 2171//2171 2150//2150 2135//2135
f 2139//2139 2153//2153 2180//2180
f 2127//2127 2161//2161 2152//2152
f 2140//2140 2162//2162 2127//2127
f 2130//2130 2174//2174 2140//2140
f 2154//2154 2175//2175 2165//2165
f 2130//2130 2166//2166 2176//2176
f 2142//2142 2166//2166 2102//2102
f 2156//2156 2163//2163 2123//2123
f 2157//2157 2155//2155 2147//2147
f 2168//2168 2124//2124 2169//2169
f 2148//2148 2170//2170 2124//2124
f 2158//2158 2170//2170 2148//2148
f 2186//2186 2159//2159 2150//2150
f 2164//2164 2188//2188 2151//2151
f 2138//2138 2152//2152 2172//2172
f 2138//2138 2178//2178 2145//2145
f 2138//2138 2172//2172 2178//2178
f 2161//2161 2173//2173 2152//2152
f 2127//2127 2173//2173 2161//2161
f 2127//2127 2162//2162 2173//2173
f 2130//2130 2176//2176 2174//2174
f 2132//2132 2163//2163 2142//2142
f 2155//2155 2167//2167 2177//2177
f 2155//2155 2177//2177 2147//2147
f 2169//2169 2124//2124 2170//2170
f 2160//2160 2147//2147 2196//2196
f 2159//2159 2170//2170 2158//2158
f 2160//2160 2196//2196 2171//2171
f 2151//2151 2188//2188 2179//2179
f 2179//2179 2153//2153 2151//2151
f 2180//2180 2141//2141 2139//2139
f 2199//2199 2141//2141 2180//2180
f 2162//2162 2140//2140 2173//2173
f 2202//2202 2165//2165 2175//2175
f 2142//2142 2182//2182 2166//2166
f 2142//2142 2163//2163 2182//2182
f 2168//2168 2183//2183 2163//2163
f 2185//2185 2170//2170 2159//2159
f 2186//2186 2185//2185 2159//2159
f 2186//2186 2171//2171 2187//2187
f 2150//2150 2171//2171 2186//2186
f 2164//2164 2145//2145 2178//2178
f 2152//2152 2173//2173 2172//2172
f 2140//2140 2174//2174 2173//2173
f 2212//2212 2175//2175 2199//2199
f 2176//2176 2200//2200 2174//2174
f 2166//2166 2181//2181 2176//2176
f 2167//2167 2165//2165 2202//2202
f 2167//2167 2203//2203 2193//2193
f 2193//2193 2177//2177 2167//2167
f 2183//2183 2208//2208 2163//2163
f 2169//2169 2183//2183 2168//2168
f 2177//2177 2195//2195 2184//2184
f 2177//2177 2184//2184 2147//2147
f 2184//2184 2196//2196 2147//2147
f 2185//2185 2197//2197 2170//2170
f 2170//2170 2197//2197 2169//2169
f 2187//2187 2171//2171 2196//2196
f 2178//2178 2188//2188 2164//2164
f 2189//2189 2179//2179 2188//2188
f 2188//2188 2178//2178 2189//2189
f 2179//2179 2190//2190 2153//2153
f 2174//2174 2172//2172 2173//2173
f 2191//2191 2199//2199 2180//2180
f 2202//2202 2175//2175 2212//2212
f 2181//2181 2200//2200 2176//2176
f 2203//2203 2167//2167 2202//2202
f 2208//2208 2182//2182 2163//2163
f 2193//2193 2195//2195 2177//2177
f 2204//2204 2169//2169 2197//2197
f 2196//2196 2184//2184 2195//2195
f 2179//2179 2189//2189 2198//2198
f 2198//2198 2190//2190 2179//2179
f 2198//2198 2153//2153 2190//2190
f 2180//2180 2153//2153 2191//2191
f 2153//2153 2206//2206 2191//2191
f 2207//2207 2174//2174 2192//2192
f 2206//2206 2199//2199 2191//2191
f 2200//2200 2192//2192 2174//2174
f 2201//2201 2200//2200 2181//2181
f 2166//2166 2201//2201 2181//2181
f 2182//2182 2201//2201 2166//2166
f 2203//2203 2195//2195 2193//2193
f 2194//2194 2183//2183 2169//2169
f 2169//2169 2204//2204 2194//2194
f 2216//2216 2187//2187 2196//2196
f 2197//2197 2185//2185 2186//2186
f 2197//2197 2186//2186 2187//2187
f 2178//2178 2172//2172 2205//2205
f 2205//2205 2228//2228 2178//2178
f 2189//2189 2211//2211 2198//2198
f 2211//2211 2153//2153 2198//2198
f 2174//2174 2218//2218 2172//2172
f 2239//2239 2206//2206 2153//2153
f 2207//2207 2218//2218 2174//2174
f 2224//2224 2199//2199 2206//2206
f 2207//2207 2192//2192 2200//2200
f 2212//2212 2199//2199 2224//2224
f 2200//2200 2201//2201 2213//2213
f 2202//2202 2212//2212 2233//2233
f 2195//2195 2203//2203 2215//2215
f 2196//2196 2195//2195 2215//2215
f 2197//2197 2209//2209 2204//2204
f 2210//2210 2227//2227 2197//2197
f 2187//2187 2210//2210 2197//2197
f 2210//2210 2187//2187 2216//2216
f 2178//2178 2228//2228 2189//2189
f 2228//2228 2211//2211 2189//2189
f 2153//2153 2211//2211 2239//2239
f 2213//2213 2220//2220 2200//2200
f 2182//2182 2213//2213 2201//2201
f 2182//2182 2214//2214 2213//2213
f 2208//2208 2214//2214 2182//2182
f 2203//2203 2221//2221 2215//2215
f 2222//2222 2196//2196 2215//2215
f 2216//2216 2196//2196 2222//2222
f 2209//2209 2197//2197 2227//2227
f 2210//2210 2216//2216 2222//2222
f 2228//2228 2239//2239 2211//2211
f 2218//2218 2205//2205 2172//2172
f 2239//2239 2219//2219 2206//2206
f 2224//2224 2206//2206 2219//2219
f 2200//2200 2220//2220 2244//2244
f 2224//2224 2233//2233 2212//2212
f 2203//2203 2202//2202 2233//2233
f 2221//2221 2203//2203 2233//2233
f 2183//2183 2214//2214 2208//2208
f 2214//2214 2183//2183 2194//2194
f 2204//2204 2223//2223 2194//2194
f 2223//2223 2214//2214 2194//2194
f 2221//2221 2222//2222 2215//2215
f 2209//2209 2223//2223 2204//2204
f 2209//2209 2227//2227 2223//2223
f 2227//2227 2210//2210 2222//2222
f 2228//2228 2217//2217 2239//2239
f 2205//2205 2218//2218 2228//2228
f 2230//2230 2240//2240 2200//2200
f 2200//2200 2240//2240 2207//2207
f 2244//2244 2230//2230 2200//2200
f 2224//2224 2225//2225 2233//2233
f 2220//2220 2213//2213 2214//2214
f 2233//2233 2234//2234 2221//2221
f 2236//2236 2221//2221 2234//2234
f 2226//2226 2222//2222 2221//2221
f 2226//2226 2221//2221 2236//2236
f 2247//2247 2222//2222 2226//2226
f 2247//2247 2227//2227 2222//2222
f 2207//2207 2240//2240 2218//2218
f 2218//2218 2240//2240 2228//2228
f 2229//2229 2224//2224 2219//2219
f 2242//2242 2224//2224 2229//2229
f 2231//2231 2224//2224 2242//2242
f 2245//2245 2225//2225 2224//2224
f 2245//2245 2224//2224 2231//2231
f 2232//2232 2244//2244 2220//2220
f 2245//2245 2233//2233 2225//2225
f 2232//2232 2220//2220 2214//2214
f 2246//2246 2234//2234 2233//2233
f 2235//2235 2250//2250 2214//2214
f 2235//2235 2214//2214 2223//2223
f 2236//2236 2247//2247 2226//2226
f 2235//2235 2223//2223 2227//2227
f 2238//2238 2239//2239 2217//2217
f 2240//2240 2217//2217 2228//2228
f 2229//2229 2239//2239 2238//2238
f 2229//2229 2219//2219 2239//2239
f 2241//2241 2240//2240 2230//2230
f 2230//2230 2242//2242 2241//2241
f 2230//2230 2243//2243 2242//2242
f 2242//2242 2243//2243 2231//2231
f 2230//2230 2244//2244 2243//2243
f 2243//2243 2245//2245 2231//2231
f 2232//2232 2251//2251 2244//2244
f 2245//2245 2246//2246 2233//2233
f 2214//2214 2251//2251 2232//2232
f 2214//2214 2250//2250 2251//2251
f 2248//2248 2236//2236 2246//2246
f 2236//2236 2234//2234 2246//2246
f 2237//2237 2247//2247 2248//2248
f 2248//2248 2247//2247 2236//2236
f 2227//2227 2247//2247 2235//2235
f 2241//2241 2217//2217 2240//2240
f 2238//2238 2217//2217 2241//2241
f 2229//2229 2238//2238 2242//2242
f 2241//2241 2242//2242 2238//2238
f 2243//2243 2244//2244 2249//2249
f 2249//2249 2245//2245 2243//2243
f 2251//2251 2249//2249 2244//2244
f 2249//2249 2252//2252 2246//2246
f 2249//2249 2246//2246 2245//2245
f 2251//2251 2252//2252 2249//2249
f 2246//2246 2252//2252 2253//2253
f 2235//2235 2251//2251 2250//2250
f 2254//2254 2251//2251 2235//2235
f 2251//2251 2247//2247 2252//2252
f 2251//2251 2254//2254 2247//2247
f 2252//2252 2248//2248 2253//2253
f 2253//2253 2248//2248 2246//2246
f 2254//2254 2235//2235 2247//2247
f 2247//2247 2237//2237 2252//2252
f 2252//2252 2237//2237 2248//2248
