# sdf_ceratopsian: docs/prototypes/mammoth.html ‚Ì‹——£ŠÖ”‚©‚çÄ‚¢‚½–Ô–Ú
# —§‚¿pE–Ñ”ç‚İB‘O‚Í+ZiUnityjA‘«‚Ì— ‚Íy=0B’PˆÊ‚Íƒ[ƒgƒ‹‘Š“–
mtllib sdf_ceratopsian.mtl
o sdf_ceratopsian
v -0.0165 1.0022 -2.5465
v 0.0225 0.9804 -2.5366
v 0.0057 0.9400 -2.4841
v -0.0713 1.0195 -2.5004
v -0.0398 1.0609 -2.5264
v 0.0647 1.0359 -2.5092
v 0.0289 1.0732 -2.5173
v 0.0597 0.9714 -2.4940
v -0.0467 0.9583 -2.4962
v 0.0990 1.0032 -2.3552
v 0.1196 1.1708 -2.2838
v -0.0605 1.1496 -2.3868
v 0.0837 1.1978 -2.3018
v -0.0156 1.4165 -2.0324
v -0.1588 1.0961 -2.2188
v 0.0894 0.9788 -2.2287
v 0.0072 1.1109 -2.4696
v -0.1282 1.2155 -2.2198
v -0.0813 0.9717 -2.1638
v -0.0707 0.9684 -2.3220
v 0.1386 1.0705 -2.2809
v -0.0901 1.2784 -2.1900
v 0.1502 1.0271 -2.1065
v -0.1438 1.1878 -2.2215
v -0.1217 1.0161 -2.2581
v -0.2338 1.1482 -1.9581
v 0.1961 1.1834 -2.0989
v 0.0587 1.3323 -2.1367
v -0.2001 1.0587 -1.9248
v 0.2049 1.0936 -2.0137
v 0.1097 1.2958 -2.1512
v -0.0726 1.4553 -1.9639
v 0.2161 1.0539 -1.8576
v 0.2839 1.1693 -1.8559
v -0.2402 1.2224 -1.9672
v -0.2253 1.2948 -1.9649
v 0.2234 1.3228 -1.9522
v -0.1562 1.4198 -1.9475
v 0.1530 1.3924 -1.9845
v 0.1628 1.4695 -1.8964
v 0.0197 0.9570 -1.9079
v -0.1005 0.9733 -1.9100
v 0.0675 0.9671 -1.9101
v 0.1225 0.9859 -1.8862
v 0.2522 1.1332 -1.8997
v 0.2297 1.4191 -1.8798
v -0.2920 1.1732 -1.8497
v 0.2344 1.3524 -1.9154
v -0.2014 1.4179 -1.9078
v 0.0237 1.6147 -1.7876
v 0.0831 0.9310 -1.7841
v 0.1717 0.9739 -1.7935
v -0.1984 1.0284 -1.8615
v 0.2663 1.0662 -1.8068
v -0.0675 1.5559 -1.8539
v 0.0480 1.7381 -1.6642
v 0.4581 1.3211 -1.6894
v -0.2773 1.3211 -1.8712
v 0.2283 1.5182 -1.8053
v 0.3096 1.0500 -1.7546
v 0.3335 1.1843 -1.7992
v -0.3905 1.2351 -1.7500
v 0.2992 1.4431 -1.7998
v 0.3728 1.3773 -1.7584
v 0.0883 1.5611 -1.8427
v 0.0407 1.6473 -1.7504
v 0.0322 0.8967 -1.7459
v -0.1964 0.9846 -1.7956
v -0.2166 0.9844 -1.7732
v -0.3368 1.1423 -1.7826
v -0.2721 1.4924 -1.7915
v -0.1548 1.5328 -1.8424
v 0.2704 1.5537 -1.7456
v -0.1186 1.6265 -1.7585
v -0.0818 0.9133 -1.7594
v 0.2650 0.9876 -1.7417
v -0.3187 1.0045 -1.7142
v -0.3517 1.0518 -1.7210
v -0.3621 1.2734 -1.7821
v -0.2566 1.5496 -1.7605
v 0.1711 1.7012 -1.6739
v 0.0542 0.7813 -1.6095
v -0.0413 0.7757 -1.6051
v 0.3514 0.9799 -1.6738
v -0.2725 1.0195 -1.7621
v 0.4393 1.1370 -1.6841
v 0.4285 1.2576 -1.7167
v -0.3408 1.4002 -1.7825
v -0.1012 1.7221 -1.6716
v 0.2096 0.8444 -1.6399
v 0.2240 0.9185 -1.7033
v 0.3025 0.9172 -1.6584
v 0.3933 1.0196 -1.6676
v 0.4683 1.2155 -1.6763
v 0.4475 1.4163 -1.6803
v 0.3935 1.5051 -1.6907
v 0.2728 1.6099 -1.7064
v -0.3048 0.9272 -1.6658
v 0.4627 1.0835 -1.6406
v -0.4373 1.1353 -1.6865
v 0.4180 1.5009 -1.6777
v -0.2075 1.6605 -1.6990
v 0.1001 0.8002 -1.6244
v -0.1360 0.8276 -1.6480
v -0.2104 0.9101 -1.7040
v 0.3365 0.9086 -1.6268
v -0.6014 1.2178 -1.5455
v 0.5582 1.3417 -1.5790
v -0.4407 1.4659 -1.6689
v 0.4150 1.5635 -1.6351
v 0.4667 0.9675 -1.5659
v 0.5070 1.0645 -1.5915
v 0.4520 1.5812 -1.5864
v -0.3086 1.6562 -1.6453
v 0.3476 1.6336 -1.6373
v -0.4353 0.9746 -1.6026
v -0.4835 1.3944 -1.6531
v -0.3915 1.4774 -1.7062
v 0.4779 1.5055 -1.6124
v -0.3779 1.5815 -1.6565
v -0.1338 0.7790 -1.5890
v 0.3170 0.8010 -1.5094
v 0.2647 0.8477 -1.6104
v 0.4335 0.8832 -1.5211
v -0.3930 0.9000 -1.5767
v -0.5302 1.0669 -1.5739
v -0.5036 1.0749 -1.5999
v -0.4899 1.5294 -1.5800
v -0.2467 1.7373 -1.5996
v 0.1808 0.7776 -1.5650
v 0.0614 0.6877 -1.4422
v -0.0179 0.7084 -1.4907
v -0.2488 0.7790 -1.5346
v -0.3251 0.8175 -1.5402
v -0.4979 1.0213 -1.5783
v 0.6043 1.0948 -1.5188
v -0.7043 1.2978 -1.4151
v 0.3624 1.6926 -1.5632
v -0.3672 1.6746 -1.5792
v 0.1253 1.8011 -1.5668
v 0.1489 0.7570 -1.5432
v 0.5005 0.9371 -1.5167
v 0.6886 1.1989 -1.4561
v -0.6323 1.1495 -1.5068
v -0.4630 1.6110 -1.5413
v 0.4593 1.6556 -1.4940
v -0.3567 1.7224 -1.5284
v 0.2989 1.7109 -1.5996
v -0.0754 1.7961 -1.5918
v -0.1323 0.7405 -1.5233
v 0.4752 0.8207 -1.4429
v -0.5704 0.9393 -1.4919
v 0.5522 0.9275 -1.4737
v 0.5384 1.0190 -1.5392
v 0.1908 1.8160 -1.5149
v -0.5301 0.1381 -1.5058
v -0.2896 0.6848 -1.3993
v 0.3627 0.7847 -1.4608
v -0.4720 0.8533 -1.5001
v -0.5707 0.8223 -1.4489
v -0.6320 1.0693 -1.4860
v 0.6471 1.0597 -1.4653
v 0.6906 1.1316 -1.4454
v -0.7182 1.2140 -1.4216
v 0.4179 1.7136 -1.4643
v -0.4393 1.7203 -1.4283
v -0.5449 0.0184 -1.4524
v -0.4227 0.0935 -1.4692
v -0.5637 0.1898 -1.4941
v -0.3699 0.7543 -1.4687
v 0.6122 0.9861 -1.4608
v -0.6126 1.4207 -1.4739
v -0.5372 1.5908 -1.4463
v -0.4433 1.6887 -1.4686
v 0.0705 1.8330 -1.5289
v -0.6099 0.0730 -1.4617
v -0.6696 0.1608 -1.4427
v -0.6180 0.1440 -1.4814
v -0.4118 0.4425 -1.4365
v -0.4321 0.1675 -1.4839
v 0.0908 0.6935 -1.4372
v -0.3496 0.7023 -1.4310
v -0.4202 0.7009 -1.4391
v -0.7130 0.9193 -1.3651
v 0.6906 1.3399 -1.4110
v -0.5172 1.5726 -1.5015
v 0.5449 1.5365 -1.4925
v -0.2296 1.8066 -1.5074
v -0.3246 0.2391 -1.3765
v -0.4306 0.6332 -1.4224
v -0.5204 0.6833 -1.4314
v -0.1506 0.6656 -1.3442
v 0.4301 0.7264 -1.3854
v -0.6470 0.8302 -1.4077
v 0.5876 0.8797 -1.4247
v -0.6824 1.2608 -1.4541
v -0.6340 1.4245 -1.4364
v -0.6340 1.4465 -1.4179
v -0.6340 1.4465 -1.4179
v 0.5205 1.6231 -1.4360
v 0.4103 1.7403 -1.4389
v 0.0623 1.8974 -1.3789
v -0.6729 0.0369 -1.3805
v -0.3621 0.0630 -1.4006
v -0.6645 0.6576 -1.3774
v -0.3652 0.6025 -1.3912
v -0.5807 0.6554 -1.4188
v 0.2254 0.7251 -1.4425
v -0.1861 0.6982 -1.4147
v 0.1604 0.6737 -1.3499
v 0.6005 0.8541 -1.4012
v -0.6340 1.4465 -1.4179
v -0.6464 1.4465 -1.3959
v -0.6340 1.4685 -1.3959
v -0.6340 1.4685 -1.3959
v 0.2769 1.8277 -1.4212
v -0.7339 0.2644 -1.3154
v -0.3493 0.1566 -1.4165
v -0.3097 0.5495 -1.3437
v 0.5358 0.7591 -1.3836
v 0.6249 0.8208 -1.3709
v -0.7245 0.8163 -1.3287
v 0.7426 1.1201 -1.3764
v 0.7406 1.2740 -1.3665
v -0.7944 1.1981 -1.3006
v -0.6340 1.4685 -1.3959
v -0.6452 1.4685 -1.3739
v -0.6320 1.4905 -1.3739
v 0.3724 1.7804 -1.4006
v 0.1321 1.9001 -1.3447
v -0.0327 1.8798 -1.4352
v -0.1071 1.8591 -1.4689
v -0.2715 0.5997 -1.3188
v 0.3178 0.7152 -1.3868
v 0.6437 0.7352 -1.3252
v 0.4581 0.6745 -1.3532
v 0.6909 0.8896 -1.3425
v -0.7600 1.2838 -1.3315
v 0.2833 1.8508 -1.3463
v -0.4869 0.0006 -1.4280
v -0.3264 0.1092 -1.3742
v -0.6989 0.3921 -1.3781
v -0.2324 0.6433 -1.3265
v 0.3468 0.6555 -1.3260
v 0.5644 0.6460 -1.3317
v -0.0056 0.6399 -1.2677
v -0.7287 0.7324 -1.3086
v 0.5484 1.6579 -1.2960
v -0.5245 1.6624 -1.3621
v -0.0450 1.8921 -1.4126
v -0.6617 0.0008 -1.2872
v 0.5217 0.1079 -1.3059
v 0.4872 0.5306 -1.3251
v 0.5563 0.6106 -1.3249
v 0.5096 0.6060 -1.3292
v -0.0933 0.6503 -1.2915
v 0.6668 0.6435 -1.2806
v -0.7089 0.7774 -1.3416
v -0.7542 1.0993 -1.3543
v -0.7134 1.3973 -1.3213
v 0.6928 1.4701 -1.2533
v -0.3107 1.8243 -1.3860
v -0.4199 1.7772 -1.3234
v -0.1728 1.8921 -1.3414
v -0.3408 0.0421 -1.2768
v 0.4340 0.0909 -1.2848
v 0.6199 0.2449 -1.2860
v -0.3031 0.3199 -1.3305
v 0.6187 0.6043 -1.3044
v 0.3319 0.5963 -1.2694
v 0.7792 1.3075 -1.2520
v 0.7151 1.3924 -1.3290
v -0.6634 1.4780 -1.3210
v -0.7194 1.4461 -1.2075
v 0.4214 1.7857 -1.2927
v 0.2226 1.8954 -1.2571
v -0.4012 0.0007 -1.3659
v 0.5836 0.0037 -1.2282
v 0.6156 0.0709 -1.2711
v 0.4602 0.0450 -1.2667
v -0.7208 0.1167 -1.3629
v 0.5884 0.1384 -1.2963
v 0.3878 0.0896 -1.2572
v 0.3998 0.5840 -1.3062
v 0.6924 0.3934 -1.2380
v 0.7662 0.9098 -1.2285
v 0.7455 0.9877 -1.3172
v -0.7728 0.9421 -1.2589
v -0.5023 1.7225 -1.2576
v 0.6497 0.1607 -1.2632
v 0.3797 0.2228 -1.2614
v -0.2761 0.4603 -1.2283
v -0.1552 0.6414 -1.2701
v -0.7519 0.7050 -1.2541
v 0.8176 1.1790 -1.1630
v 0.7959 1.1936 -1.2857
v -0.6257 1.5640 -1.2535
v 0.4917 1.7213 -1.2986
v -0.3065 1.8596 -1.2819
v 0.3926 0.0044 -1.1746
v -0.4187 0.0034 -1.1822
v -0.6352 0.0029 -1.2009
v -0.7267 0.0990 -1.2832
v -0.7096 0.0921 -1.2169
v -0.3047 0.1790 -1.2940
v -0.7412 0.3507 -1.2131
v 0.7081 0.6317 -1.2320
v -0.7464 0.4907 -1.2632
v 0.2144 0.6549 -1.2872
v -0.3621 1.8331 -1.2587
v -0.0724 1.9406 -1.1990
v 0.3288 0.1115 -1.1749
v 0.3328 0.1603 -1.1957
v 0.2822 0.5982 -1.2321
v 0.7369 1.3878 -1.2842
v -0.7440 1.3843 -1.2603
v -0.5650 1.6593 -1.2158
v 0.5288 1.7090 -1.2038
v -0.5009 1.7395 -1.2148
v -0.2342 1.9080 -1.1656
v 0.4755 0.0004 -1.2325
v -0.3335 0.0958 -1.2081
v -0.6852 0.0889 -1.1748
v 0.7016 0.1261 -1.2054
v -0.3291 0.1326 -1.2005
v 0.3137 0.1182 -1.1310
v -0.3012 0.3146 -1.1823
v 0.7432 0.7079 -1.1971
v 0.8038 1.1099 -1.2215
v -0.8101 1.2092 -1.2248
v 0.1283 1.9298 -1.2058
v 0.6598 0.0021 -1.1357
v 0.3804 0.0013 -1.0807
v 0.6820 0.0710 -1.2086
v 0.2989 0.5061 -1.2009
v -0.7507 0.5259 -1.1589
v 0.7571 0.6496 -1.1359
v 0.7697 0.8104 -1.1557
v 0.7816 0.9114 -1.1681
v -0.7780 1.3456 -1.1162
v -0.7352 1.4296 -1.1652
v 0.4045 1.8191 -1.1878
v 0.3089 1.8584 -1.2820
v -0.5217 0.0008 -1.1444
v -0.3907 0.0796 -1.1412
v 0.7206 0.0813 -1.0862
v 0.7293 0.1514 -1.1255
v 0.2802 0.5007 -1.1480
v -0.1686 0.6194 -1.1550
v -0.0114 0.6260 -1.1395
v 0.7696 0.8085 -1.0605
v 0.7899 0.9607 -1.1109
v -0.7922 0.9683 -1.1750
v 0.5724 1.6695 -1.0993
v 0.3807 1.8469 -1.0765
v 0.4220 0.0005 -1.0659
v -0.7221 0.3531 -1.1416
v 0.7346 0.2159 -1.1051
v -0.3339 0.4777 -1.0500
v -0.2404 0.5686 -1.1751
v -0.7686 0.7845 -1.1258
v -0.7450 0.7916 -1.0521
v -0.8018 1.1192 -1.0723
v -0.4000 1.8318 -1.1282
v 0.0288 1.9515 -1.1033
v 0.4190 0.0009 -1.0002
v -0.5099 0.0602 -1.1006
v -0.6095 0.0661 -1.1197
v 0.1643 0.6198 -1.1224
v 0.7888 1.3193 -1.1268
v 0.6953 1.4878 -1.1540
v -0.4581 0.0811 -1.1032
v -0.6462 0.2375 -1.0883
v 0.2696 0.5209 -1.0609
v -0.7360 0.6041 -1.0771
v 0.2513 0.5579 -1.1387
v -0.2856 0.5472 -1.0790
v 0.1699 0.6203 -1.0797
v -0.2485 0.6168 -0.9985
v 0.0428 0.6221 -1.0703
v -0.8122 1.1979 -1.0907
v 0.6322 1.5843 -1.0165
v 0.5217 1.7438 -0.9655
v 0.4805 1.7720 -1.0963
v -0.3250 1.8751 -1.1049
v 0.3290 1.8825 -0.9370
v 0.0758 1.9446 -1.1382
v 0.3355 0.0476 -1.0971
v -0.5988 0.1785 -1.0786
v -0.0659 0.6266 -0.9566
v 0.8165 1.1825 -1.1201
v 0.7771 1.2067 -0.9771
v 0.2573 1.9084 -1.0969
v 0.7297 0.2566 -1.0394
v -0.6747 0.3677 -1.0700
v -0.3195 0.5641 -1.0152
v 0.7506 0.5972 -1.0138
v 0.7243 0.6507 -0.9470
v -0.7260 0.8452 -1.0008
v 0.7417 1.3468 -0.9545
v 0.3212 0.1253 -1.0256
v -0.4331 0.4690 -0.9856
v 0.7183 0.5822 -0.9488
v -0.6762 0.5543 -1.0133
v -0.7276 1.1060 -0.8871
v 0.7752 1.3541 -1.1129
v 0.6748 1.5127 -1.0049
v -0.5673 1.6828 -1.0353
v -0.4767 1.7782 -1.0839
v -0.2150 1.9183 -1.1470
v -0.3240 1.8852 -0.9667
v 0.4830 0.0063 -0.9545
v -0.5369 0.5463 -0.9499
v -0.6124 0.5189 -0.9803
v 0.2914 0.4844 -0.9998
v -0.3940 0.5474 -0.9738
v -0.1920 0.6304 -0.9918
v 0.7666 0.8861 -1.0250
v 0.6897 1.4707 -0.9514
v -0.3649 1.8604 -0.9782
v 0.6261 0.0000 -0.9987
v 0.6891 0.1017 -0.9821
v 0.7009 0.1445 -0.9901
v 0.1296 0.6286 -0.9476
v -0.6951 0.6126 -1.0082
v 0.7366 0.8244 -0.9698
v 0.7481 1.1018 -0.9264
v 0.7771 1.1490 -0.9809
v 0.8029 1.2632 -1.0891
v -0.7695 1.3440 -1.0539
v -0.5298 1.7289 -0.9924
v 0.4882 1.7723 -0.9007
v 0.1507 1.9411 -1.0239
v 0.6931 0.1606 -0.9752
v 0.2607 0.5815 -0.9625
v -0.5176 0.6233 -0.9224
v 0.2217 0.6060 -0.9600
v -0.5813 0.6527 -0.9310
v 0.6910 0.8183 -0.9028
v -0.6674 0.7092 -0.9736
v -0.6853 0.9616 -0.8930
v -0.7733 1.1782 -0.9637
v 0.3776 0.0826 -0.9551
v 0.3876 0.1072 -0.9396
v 0.6229 0.0807 -0.9237
v 0.6698 0.5354 -0.9026
v -0.4881 0.7058 -0.8838
v 0.6818 0.9822 -0.8460
v -0.7726 1.1451 -0.9687
v 0.6602 1.5314 -0.8806
v -0.5598 1.6950 -0.9199
v 0.4855 1.7731 -0.8650
v -0.2533 1.9128 -1.0736
v 0.0917 1.9551 -0.8575
v 0.4616 0.0711 -0.9080
v 0.4334 0.2105 -0.8978
v 0.5755 0.1091 -0.8980
v 0.6404 0.3862 -0.8973
v 0.1462 0.6425 -0.8267
v -0.3144 0.6687 -0.8914
v -0.5264 0.7695 -0.8550
v -0.6345 0.7860 -0.9223
v -0.6103 0.8384 -0.8738
v -0.4854 1.7731 -0.8131
v 0.4802 0.1646 -0.8888
v 0.4691 0.5689 -0.8418
v 0.3452 0.4976 -0.9130
v 0.6107 0.6399 -0.8518
v 0.3321 0.5303 -0.9100
v 0.2639 0.6573 -0.8160
v -0.3846 0.6625 -0.9023
v 0.7104 1.2215 -0.8028
v 0.7032 1.3282 -0.7925
v -0.3463 1.8724 -0.7502
v -0.0836 1.9523 -1.0088
v 0.0147 1.9606 -0.7232
v 0.5655 0.5777 -0.8450
v 0.4296 0.5123 -0.8611
v 0.2878 0.6227 -0.8774
v 0.6653 0.7731 -0.8836
v 0.5952 0.8611 -0.7928
v 0.7162 1.0941 -0.8643
v -0.7445 1.2397 -0.8903
v -0.7073 1.2257 -0.7808
v 0.6945 1.3654 -0.7713
v -0.7114 1.4039 -0.9143
v -0.6420 1.5683 -0.9429
v -0.4552 1.7983 -0.9554
v -0.4081 1.8349 -0.7654
v -0.0624 1.9576 -0.7458
v 0.5360 0.5970 -0.8367
v 0.3884 0.6385 -0.8262
v -0.4503 0.7401 -0.8327
v -0.6221 0.9435 -0.8023
v -0.6891 1.0811 -0.8190
v 0.4968 1.7632 -0.8102
v -0.2706 1.9067 -0.8356
v -0.0765 0.6337 -0.7736
v -0.2190 0.6620 -0.7936
v 0.5688 0.7288 -0.8250
v -0.5978 0.8510 -0.8539
v -0.5473 0.8424 -0.8040
v -0.6794 1.0960 -0.7747
v 0.6859 1.0772 -0.8020
v 0.2291 1.9213 -0.9071
v 0.0439 0.6321 -0.7660
v -0.1930 0.6560 -0.6854
v 0.4579 0.6852 -0.8016
v -0.3884 0.7322 -0.7873
v 0.5155 0.7668 -0.7801
v 0.6829 1.1035 -0.7722
v 0.6942 1.2145 -0.6858
v -0.6092 1.6214 -0.7678
v 0.4970 1.7631 -0.7906
v 0.4482 1.8045 -0.8447
v -0.2342 1.9223 -0.7704
v -0.0087 0.6312 -0.6478
v 0.3623 0.7037 -0.7573
v 0.4478 0.7424 -0.7587
v -0.4965 0.8207 -0.7442
v 0.6160 0.9355 -0.7652
v 0.6565 1.0508 -0.7403
v -0.7034 1.2950 -0.7651
v 0.6636 1.5132 -0.7167
v -0.6408 1.5632 -0.7422
v 0.5843 1.6618 -0.8573
v 0.5917 1.6533 -0.6819
v 0.5675 1.6838 -0.7465
v -0.5552 1.7006 -0.7203
v -0.5121 1.7506 -0.6765
v -0.1228 1.9509 -0.6934
v 0.5413 0.8600 -0.7111
v -0.5769 0.9134 -0.7348
v 0.6297 1.0052 -0.6832
v -0.6505 1.0479 -0.7019
v 0.5198 1.7406 -0.8002
v 0.4081 1.8357 -0.7063
v 0.3662 1.8610 -0.7541
v -0.3306 1.8822 -0.6874
v 0.3330 1.8794 -0.7482
v 0.1914 0.6563 -0.6460
v -0.5669 0.9029 -0.6685
v -0.6883 1.4212 -0.8069
v -0.4304 1.8202 -0.7251
v 0.2113 1.9324 -0.6450
v 0.0498 1.9617 -0.6398
v 0.4244 0.7528 -0.7191
v 0.6396 1.5685 -0.6778
v 0.4998 1.7665 -0.7160
v -0.3756 1.8575 -0.6800
v -0.2054 1.9381 -0.5942
v -0.4678 0.8007 -0.6270
v -0.1029 1.9592 -0.5992
v -0.3638 0.7280 -0.7362
v 0.7094 1.3232 -0.5258
v -0.6707 1.4935 -0.6703
v -0.6135 1.6176 -0.7175
v -0.5262 1.7488 -0.5831
v 0.0913 0.6365 -0.5886
v 0.2446 0.6717 -0.5818
v -0.3833 0.7380 -0.5645
v 0.5735 0.9127 -0.6353
v -0.6684 1.0901 -0.6679
v 0.5892 1.6697 -0.5584
v 0.6922 1.4267 -0.5671
v -0.3321 1.8909 -0.5756
v -0.4199 1.8389 -0.5597
v 0.1863 1.9441 -0.5841
v -0.1650 0.6473 -0.5227
v 0.3760 0.7345 -0.6333
v -0.5853 0.9232 -0.5628
v 0.6675 1.0858 -0.6361
v 0.6844 1.4774 -0.5195
v -0.6279 1.6095 -0.5497
v -0.4975 1.7763 -0.5514
v 0.3597 1.8757 -0.5812
v 0.4898 1.7812 -0.5862
v 0.1623 1.9522 -0.5773
v 0.4718 0.8046 -0.6203
v -0.4557 0.7812 -0.4741
v 0.6150 0.9684 -0.5404
v 0.3135 1.9067 -0.5270
v 0.0632 0.6276 -0.4614
v -0.2193 0.6634 -0.5706
v 0.7093 1.2442 -0.4971
v -0.5894 1.7003 -0.4331
v -0.4456 0.7624 -0.3349
v -0.3361 0.7095 -0.5430
v -0.6785 1.1108 -0.5847
v -0.2768 1.9389 -0.4519
v 0.3915 0.7316 -0.4397
v 0.5114 0.8234 -0.4173
v 0.6396 0.9964 -0.4498
v 0.7269 1.2363 -0.2905
v -0.6864 1.4632 -0.5429
v 0.7020 1.4786 -0.3800
v 0.6703 1.5158 -0.5332
v -0.4540 1.8355 -0.4563
v 0.1206 0.6302 -0.3818
v -0.6353 0.9899 -0.4597
v 0.6243 1.6126 -0.5539
v -0.4900 1.8313 -0.3529
v -0.1599 1.9873 -0.3980
v 0.1236 1.9654 -0.5328
v -0.0134 0.6203 -0.3976
v 0.5801 0.8998 -0.4132
v -0.6410 0.9905 -0.4170
v -0.7020 1.3054 -0.6855
v 0.7371 1.3362 -0.2437
v -0.3792 1.8861 -0.4593
v -0.0547 1.9836 -0.4914
v 0.2919 0.6802 -0.4575
v -0.5476 0.8608 -0.4271
v 0.6710 1.0709 -0.4813
v 0.7223 1.3717 -0.3628
v 0.6720 1.5965 -0.3050
v -0.6476 1.6964 -0.1505
v 0.6052 1.6899 -0.3918
v 0.4718 1.8049 -0.5216
v 0.2001 0.6468 -0.3829
v 0.5298 0.8399 -0.3793
v -0.6478 1.5790 -0.5200
v -0.5471 1.7783 -0.3366
v -0.1509 2.0271 -0.2392
v 0.1588 1.9827 -0.4186
v -0.3236 0.6937 -0.3975
v 0.7260 1.4617 -0.2192
v -0.4338 1.9081 -0.2334
v 0.3458 1.9216 -0.3864
v 0.3910 1.8952 -0.3885
v -0.2776 1.9636 -0.3472
v -0.2091 0.6503 -0.4156
v 0.2877 0.6762 -0.3395
v -0.5357 0.8416 -0.2761
v 0.6922 1.1062 -0.3849
v 0.6167 0.9376 -0.2242
v -0.6897 1.0959 -0.3463
v -0.7107 1.1906 -0.4067
v 0.1217 2.0385 -0.2157
v -0.0615 2.0330 -0.2695
v -0.2978 0.6773 -0.2254
v 0.4689 0.7816 -0.3014
v -0.4086 0.7383 -0.3016
v -0.7097 1.5025 -0.2768
v 0.5509 1.7508 -0.4273
v 0.2730 1.9761 -0.3016
v 0.0153 0.6189 -0.1959
v -0.0521 0.6210 -0.2957
v -0.1275 0.6302 -0.2612
v 0.3519 0.7036 -0.2242
v -0.5662 0.8701 -0.1807
v 0.6819 1.0440 -0.1125
v -0.7283 1.1873 -0.1636
v -0.7062 1.3572 -0.5344
v -0.5383 1.8181 -0.2280
v 0.1006 2.0643 -0.1218
v 0.3531 0.7066 -0.2897
v -0.3375 0.6971 -0.1559
v 0.6469 0.9942 -0.3092
v -0.6435 0.9783 -0.1955
v 0.7029 1.1119 -0.2299
v -0.7207 1.1767 -0.2277
v -0.6938 1.5584 -0.2598
v 0.6983 1.5797 -0.1766
v 0.4988 1.8587 -0.2307
v 0.4532 1.8774 -0.2951
v 0.1288 0.6306 -0.2147
v 0.2059 0.6474 -0.1578
v -0.2594 0.6647 -0.1607
v 0.2641 0.6666 -0.1311
v -0.5995 0.9141 -0.2292
v -0.6084 1.7393 -0.2065
v 0.3603 1.9652 -0.1826
v -0.3758 1.9533 -0.1963
v -0.2740 2.0077 -0.1717
v -0.2248 2.0150 -0.2113
v -0.1659 2.0356 -0.1897
v -0.5878 0.8962 -0.1542
v -0.6877 1.0728 -0.2694
v 0.7517 1.3344 -0.0597
v -0.6754 1.6307 -0.1902
v -0.0373 2.0454 -0.2310
v 0.4046 0.7327 -0.2107
v 0.7489 1.4007 -0.0673
v -0.5264 1.8565 -0.1265
v -0.4089 1.9437 -0.1499
v 0.3108 1.9940 -0.1601
v 0.2432 2.0168 -0.1777
v -0.1637 0.6358 -0.3239
v 0.5461 0.8484 -0.1735
v 0.7481 1.2602 -0.0324
v -0.7160 1.3158 -0.4583
v -0.7386 1.4772 -0.0897
v 0.6594 1.6808 -0.1360
v -0.6196 1.7590 -0.0795
v -0.5955 1.7624 -0.1875
v -0.5838 1.8098 -0.0659
v 0.5333 1.8418 -0.1609
v -0.4254 1.9413 -0.1246
v 0.1869 2.0441 -0.1336
v -0.2114 2.0513 -0.0674
v 0.0277 2.0699 -0.1225
v 0.3217 0.6882 -0.0485
v -0.4280 0.7494 -0.1534
v 0.4691 0.7792 -0.1425
v 0.6742 1.0191 -0.0446
v 0.7028 1.0861 -0.0522
v -0.7356 1.2139 -0.1345
v -0.7477 1.3494 -0.1199
v 0.7395 1.4662 -0.0846
v 0.4200 1.9461 -0.1104
v 0.3760 1.9805 -0.0789
v -0.1659 2.0462 -0.1431
v 0.4497 0.7637 -0.1021
v -0.4343 0.7546 -0.0291
v -0.5267 0.8288 -0.0505
v -0.6143 0.9288 -0.0814
v 0.6302 0.9474 -0.0758
v -0.6858 1.0479 -0.0600
v 0.7383 1.2130 -0.0632
v 0.7501 1.3518 -0.0723
v 0.7504 1.3626 -0.0658
v 0.7121 1.5747 -0.0821
v -0.5920 1.7994 -0.0640
v 0.2934 2.0098 -0.1239
v -0.3437 1.9956 -0.0889
v -0.1145 2.0774 -0.0442
v 0.0166 0.6216 -0.0720
v -0.0654 0.6242 -0.0687
v -0.1755 0.6375 -0.1997
v -0.3459 0.7035 -0.0467
v 0.4336 0.7413 -0.0397
v 0.1908 2.0595 -0.0463
v -0.4236 0.7483 -0.0431
v 0.5641 0.8129 0.0170
v 0.5975 0.9013 -0.0742
v -0.7473 1.2433 -0.0307
v -0.6605 1.6843 -0.1124
v 0.5875 1.7915 -0.1236
v -0.5204 1.8755 -0.0752
v -0.4406 1.9548 0.0058
v -0.0079 0.6310 0.0985
v 0.5505 0.8488 -0.1167
v 0.5045 0.7771 -0.0130
v 0.5550 0.8428 -0.0455
v -0.6134 0.9009 0.0297
v -0.6109 0.9145 -0.0263
v 0.7371 1.1516 0.0243
v 0.7412 1.4968 0.0203
v -0.7384 1.4706 -0.0877
v 0.7238 1.5257 -0.1140
v 0.7168 1.5950 0.0187
v -0.6783 1.6610 -0.0767
v 0.4929 1.8879 -0.1329
v 0.5582 1.8464 -0.0292
v 0.1155 2.0851 0.0139
v -0.0797 2.0934 0.0387
v 0.1883 0.6477 0.0260
v -0.1818 0.6453 -0.0020
v -0.4333 0.7424 0.0343
v 0.6705 0.9683 0.0309
v -0.7077 1.0940 -0.0295
v 0.5475 1.8641 -0.0118
v -0.1949 2.0611 -0.0404
v 0.3560 0.6995 -0.0176
v -0.3053 0.6872 0.0511
v 0.4642 0.7234 0.0204
v 0.6260 0.9130 -0.0070
v 0.7591 1.2531 0.0385
v 0.7573 1.3682 0.0225
v -0.7524 1.4240 0.0141
v -0.7045 1.6232 0.0022
v 0.4108 1.9741 0.0057
v -0.3569 1.9995 -0.0286
v 0.2437 2.0520 -0.0070
v 0.1366 2.0725 -0.0433
v 0.2868 0.6612 0.0452
v -0.2708 0.6747 0.1201
v -0.5010 0.7843 0.0400
v -0.5430 0.8326 0.0094
v -0.6026 0.8967 0.0071
v -0.7520 1.3065 -0.0346
v 0.6627 1.7146 0.0150
v -0.6491 1.7398 0.0401
v 0.6114 1.7830 -0.0273
v -0.5218 1.8944 0.0453
v 0.2985 2.0344 0.0162
v 0.5543 0.0399 0.0683
v 0.5708 0.1495 0.0299
v 0.5046 0.1405 0.0156
v 0.4683 0.1519 0.0181
v 0.0846 0.6261 -0.0364
v 0.1942 0.6466 0.1142
v 0.1217 0.6390 0.0825
v 0.4048 0.6663 0.0518
v 0.5083 0.6891 0.0650
v 0.6268 0.8708 0.0443
v 0.7350 1.1842 -0.0362
v 0.7544 1.4276 0.0407
v -0.5007 1.9172 0.0808
v -0.3000 2.0403 0.0498
v 0.2964 2.0393 0.0508
v 0.0013 2.0966 0.0288
v 0.4653 0.0049 0.0971
v 0.4508 0.0471 0.0566
v 0.6331 0.1146 0.0742
v 0.5483 0.6094 0.0837
v 0.4174 0.5104 0.0773
v 0.4720 0.6419 0.0670
v -0.1180 0.6398 0.0789
v 0.5798 0.7128 0.0937
v -0.5214 0.7857 0.0667
v -0.6379 0.9007 0.0856
v 0.6958 0.9920 0.0700
v -0.7488 1.0529 0.1968
v 0.7520 1.1825 0.0570
v -0.7364 1.5249 0.0351
v -0.6681 1.7192 0.1343
v -0.6404 1.7614 0.1120
v -0.5702 1.8438 0.0348
v -0.5930 1.8293 0.1529
v 0.4635 1.9355 -0.0091
v 0.1491 2.0925 0.1303
v 0.3952 0.1199 0.0503
v 0.6194 0.2719 0.0740
v 0.3588 0.2707 0.0891
v 0.3935 0.3249 0.0687
v 0.5891 0.5564 0.0933
v 0.4287 0.5789 0.0761
v 0.0130 0.6334 0.1012
v -0.3308 0.6841 0.1112
v 0.6187 0.7801 0.0972
v -0.4758 0.7464 0.0803
v 0.6383 0.8235 0.0959
v 0.6783 0.8751 0.1304
v -0.7669 1.2144 0.1005
v -0.7608 1.2959 0.0305
v -0.7275 1.5597 0.0339
v 0.7088 1.6271 0.1533
v 0.6982 1.6536 0.1672
v -0.6376 1.7675 0.1410
v 0.4958 1.9194 0.0623
v -0.4621 1.9571 0.1528
v -0.3715 2.0088 0.1055
v 0.0478 2.0996 0.0782
v 0.6608 0.3192 0.1238
v 0.3349 0.5053 0.1338
v 0.6070 0.3419 0.0722
v 0.6472 0.5825 0.1381
v 0.6363 0.6219 0.1350
v -0.5686 0.8030 0.0998
v -0.6223 0.8600 0.1072
v 0.7109 0.9935 0.1073
v -0.7064 0.9749 0.1496
v 0.5448 1.8782 0.1016
v 0.4072 1.9921 0.1409
v 0.3623 2.0089 0.0493
v 0.4144 0.0007 0.1387
v 0.3486 0.0602 0.1409
v 0.6794 0.1285 0.1390
v 0.3532 0.1420 0.0847
v 0.3562 0.5608 0.1118
v -0.1818 0.6586 0.1692
v -0.4099 0.6635 0.1543
v -0.6108 0.8125 0.1367
v 0.6882 0.8257 0.1711
v -0.7340 1.1318 0.0335
v 0.6362 1.7686 0.1360
v -0.4832 1.9386 0.1758
v -0.2014 2.0778 0.1147
v 0.5881 0.0013 0.1436
v 0.6230 0.0407 0.1234
v 0.6621 0.0561 0.2032
v 0.3114 0.1217 0.1907
v 0.6921 0.2748 0.1962
v 0.2937 0.5646 0.1801
v 0.6842 0.6701 0.1992
v 0.2844 0.6374 0.1038
v -0.0089 0.6409 0.1781
v 0.7686 1.1187 0.2051
v -0.5814 1.8398 0.2482
v 0.5616 1.8678 0.1447
v -0.4001 1.9990 0.1594
v 0.2637 2.0596 0.1251
v -0.2794 2.0536 0.1322
v -0.1394 2.0953 0.1506
v 0.3155 0.2468 0.1559
v 0.6960 0.4109 0.2052
v 0.6898 0.5402 0.2005
v 0.2625 0.6184 0.1676
v 0.1336 0.6480 0.1793
v -0.4548 0.6283 0.1798
v 0.6837 0.7030 0.1952
v -0.5657 0.7236 0.1614
v -0.6447 0.8084 0.1809
v 0.7081 0.8480 0.2075
v 0.7235 0.8292 0.2892
v 0.7905 1.2240 0.2965
v 0.7869 1.3056 0.2151
v -0.7687 1.3743 0.1193
v 0.7233 1.5833 0.0972
v 0.6928 0.1527 0.2176
v -0.4792 0.3740 0.2008
v -0.5427 0.1169 0.2189
v -0.4354 0.2661 0.2155
v 0.6820 0.4680 0.1771
v -0.4468 0.5475 0.1940
v -0.5371 0.5218 0.1958
v -0.4073 0.6254 0.1856
v -0.3174 0.6166 0.2298
v -0.3813 0.6144 0.1989
v -0.5409 0.6520 0.1864
v 0.0121 0.6490 0.2271
v -0.5921 0.6459 0.2096
v 0.7339 0.9473 0.2268
v -0.7308 0.9794 0.2216
v 0.7854 1.1929 0.2497
v -0.7783 1.1809 0.1858
v 0.7871 1.2186 0.1977
v 0.7892 1.3098 0.2908
v -0.7624 1.4288 0.1505
v -0.7617 1.4465 0.2452
v -0.7209 1.5915 0.1342
v -0.6617 1.7248 0.2191
v 0.6730 1.7095 0.1809
v 0.2797 2.0561 0.2341
v 0.0007 2.1088 0.1715
v -0.2078 2.0790 0.2094
v 0.0257 2.1077 0.2349
v 0.3987 0.0022 0.2602
v 0.3418 0.0519 0.2447
v -0.4358 0.0801 0.2397
v 0.6736 0.1039 0.2685
v -0.4672 0.1162 0.2164
v -0.5020 0.1925 0.2104
v -0.4235 0.1535 0.2280
v 0.6903 0.2678 0.2769
v -0.4022 0.3287 0.2262
v -0.3878 0.4963 0.2225
v -0.5819 0.1461 0.2312
v 0.2695 0.5740 0.2391
v 0.2052 0.6402 0.2314
v -0.1370 0.6653 0.2761
v -0.2797 0.6341 0.2423
v -0.7842 1.3111 0.1954
v -0.7442 1.5009 0.2738
v 0.5131 1.9140 0.1945
v -0.3108 2.0429 0.2279
v -0.1177 2.0989 0.1985
v -0.3563 0.4788 0.2459
v 0.6993 0.3882 0.2773
v 0.2929 0.4296 0.2122
v -0.6202 0.4010 0.2419
v -0.3317 0.5474 0.2579
v -0.6285 0.6575 0.2343
v 0.7062 0.5370 0.2912
v -0.1452 0.6815 0.3711
v 0.7134 0.7057 0.3084
v 0.7282 0.8745 0.2965
v -0.7905 1.2469 0.2390
v 0.6881 1.6383 0.3373
v -0.6968 1.6518 0.2101
v -0.6864 1.6535 0.3074
v -0.5554 1.8684 0.2386
v -0.4661 1.9514 0.2388
v 0.3720 2.0109 0.2651
v 0.5648 0.0049 0.3057
v 0.5987 0.0017 0.2791
v -0.6323 0.1401 0.2658
v -0.3756 0.1354 0.2588
v 0.3018 0.2824 0.1964
v -0.6553 0.4160 0.2759
v -0.6494 0.6586 0.2535
v -0.6651 0.6105 0.2761
v 0.7427 0.9594 0.2913
v -0.7605 1.0677 0.2574
v 0.7681 1.0972 0.3146
v 0.7455 1.4957 0.2799
v 0.4626 1.9529 0.2444
v 0.1685 2.0887 0.2353
v -0.1619 2.0942 0.2398
v 0.4160 0.0034 0.2926
v -0.4628 0.0016 0.3025
v -0.5603 0.0382 0.2649
v -0.6336 0.0946 0.2772
v -0.6686 0.1344 0.3155
v 0.3045 0.2670 0.2760
v -0.3070 0.4991 0.3041
v -0.3146 0.5784 0.2608
v -0.2211 0.6578 0.2375
v -0.0119 0.6778 0.3630
v -0.6557 0.7194 0.2408
v -0.6571 1.7237 0.2802
v 0.6344 1.7381 0.3707
v 0.6103 1.8061 0.2229
v -0.5786 1.8292 0.3264
v 0.4958 1.9189 0.3129
v -0.4528 1.9498 0.3390
v -0.3037 2.0398 0.2981
v 0.1178 2.0997 0.2324
v -0.4407 0.0169 0.2841
v -0.6184 0.0374 0.3148
v 0.6708 0.1062 0.2879
v 0.3334 0.1033 0.2916
v -0.3252 0.1066 0.3308
v 0.3341 0.2377 0.3381
v -0.6683 0.3553 0.2984
v -0.2973 0.5225 0.3201
v -0.6854 0.6607 0.3037
v 0.7092 0.6652 0.2872
v 0.1862 0.6585 0.3100
v 0.7035 0.6238 0.3514
v 0.1103 0.6897 0.3916
v -0.7074 0.8469 0.2657
v -0.7226 0.8924 0.2847
v 0.7484 1.0567 0.3886
v -0.7242 1.5367 0.3298
v 0.7232 1.5383 0.3348
v -0.3096 2.0313 0.3517
v 0.4515 0.0020 0.3118
v -0.4096 0.0010 0.3482
v -0.3619 0.0463 0.3331
v -0.3471 0.0896 0.3044
v 0.6554 0.2001 0.3339
v -0.6867 0.1336 0.3608
v 0.6777 0.4618 0.3693
v 0.3010 0.4755 0.3565
v -0.6931 0.4256 0.3496
v -0.2738 0.5950 0.3281
v 0.1680 0.6789 0.3712
v -0.7053 0.7105 0.3397
v -0.6922 0.7259 0.2962
v -0.7144 0.7505 0.3615
v -0.7762 1.3622 0.3297
v 0.7764 1.3807 0.2991
v -0.6204 1.7772 0.3081
v 0.5709 1.8410 0.3153
v 0.5599 1.8481 0.3521
v -0.5200 1.8903 0.3431
v -0.3990 1.9908 0.3106
v 0.1905 2.0796 0.3111
v -0.2193 2.0667 0.3431
v 0.4951 0.0670 0.3821
v -0.3370 0.0557 0.4029
v 0.6177 0.0908 0.3463
v -0.3116 0.2128 0.3541
v 0.6652 0.2877 0.3448
v -0.2870 0.5189 0.3523
v 0.2514 0.6106 0.3339
v -0.7873 1.2153 0.3172
v 0.7619 1.4003 0.3632
v 0.4325 1.9598 0.3568
v -0.5416 0.0009 0.2943
v -0.6196 0.0101 0.3885
v 0.4063 0.0765 0.3563
v -0.6673 0.0771 0.3563
v 0.4121 0.1044 0.3708
v -0.3046 0.2365 0.3861
v -0.3040 0.2448 0.3860
v -0.3040 0.2442 0.3861
v -0.2806 0.5264 0.4211
v -0.6891 0.1018 0.3962
v 0.6298 0.4044 0.4146
v 0.3645 0.2909 0.3880
v -0.6996 0.4329 0.3860
v 0.3371 0.4239 0.3974
v 0.2431 0.6420 0.3757
v -0.7101 0.6661 0.3854
v 0.6857 0.6461 0.4069
v 0.6930 0.7515 0.4059
v 0.7168 0.8810 0.3806
v 0.7310 1.0008 0.4017
v -0.7390 0.9913 0.3960
v 0.7228 1.4644 0.4375
v 0.6678 1.6267 0.4407
v -0.6876 1.6141 0.3796
v 0.6500 1.6311 0.4939
v 0.6588 1.6870 0.3716
v 0.4839 1.9070 0.4043
v 0.3433 2.0158 0.3504
v 0.2214 2.0584 0.4009
v 0.2030 2.0558 0.4279
v -0.2510 2.0405 0.4251
v -0.4022 0.0006 0.4617
v 0.5803 0.1079 0.3770
v -0.3040 0.2364 0.4081
v -0.3040 0.2365 0.4081
v 0.4009 0.2704 0.4071
v -0.3023 0.2585 0.4081
v -0.6979 0.3730 0.4080
v 0.6691 0.3786 0.3633
v 0.3206 0.5449 0.4164
v 0.2750 0.5604 0.3370
v -0.2668 0.5924 0.4075
v 0.2697 0.6529 0.4276
v -0.2206 0.6528 0.3836
v -0.7328 0.9241 0.3744
v 0.7578 1.3263 0.4308
v 0.0985 2.0910 0.3531
v 0.0054 2.0845 0.4246
v -0.1479 2.0752 0.3973
v -0.6668 0.0645 0.4174
v -0.6845 0.1501 0.4464
v -0.3100 0.1679 0.4332
v -0.3040 0.2365 0.4082
v -0.3059 0.2365 0.4301
v 0.6241 0.2942 0.3933
v 0.2993 0.6150 0.4257
v 0.2248 0.6968 0.4403
v -0.0187 0.7005 0.4394
v -0.7085 0.6874 0.4387
v 0.7013 0.9244 0.4338
v -0.7803 1.2511 0.3823
v -0.7369 1.4453 0.4056
v -0.7353 1.4674 0.3916
v -0.6985 1.5132 0.4636
v -0.6238 1.7553 0.3799
v 0.6109 1.7282 0.4713
v -0.6128 1.7302 0.4594
v 0.5760 1.7985 0.4300
v 0.5421 1.8428 0.4233
v -0.0288 2.0993 0.3433
v -0.3809 0.0351 0.4892
v -0.6871 0.1736 0.4387
v 0.5218 0.3059 0.4411
v -0.2978 0.3526 0.4376
v 0.5668 0.3300 0.4353
v -0.6898 0.2932 0.4504
v 0.6861 0.8344 0.4326
v -0.7389 1.3009 0.4815
v 0.6840 1.5250 0.4915
v 0.3603 1.9706 0.4877
v -0.3313 1.9773 0.5152
v -0.3785 1.9852 0.4045
v 0.1570 2.0620 0.4587
v -0.3236 0.1062 0.4610
v -0.3065 0.3724 0.4750
v 0.4427 0.2608 0.4240
v -0.2920 0.5697 0.4880
v 0.3514 0.5818 0.4592
v -0.2728 0.6320 0.4855
v 0.3102 0.6997 0.4928
v -0.1748 0.7064 0.4666
v 0.6566 0.7545 0.4612
v 0.6345 0.8678 0.5036
v 0.6867 0.9316 0.4614
v -0.7052 0.9089 0.4665
v 0.7115 1.0421 0.4651
v 0.7499 1.2931 0.4563
v -0.7527 1.2391 0.4562
v 0.7287 1.3941 0.4708
v -0.6633 1.6357 0.4414
v -0.5597 1.8128 0.4530
v -0.4885 1.8815 0.4705
v 0.4767 1.9128 0.4129
v 0.4160 1.9445 0.4595
v -0.5956 0.0244 0.4978
v -0.6695 0.0947 0.4752
v -0.3293 0.2138 0.4949
v 0.5545 0.4171 0.4616
v 0.4484 0.5196 0.4902
v 0.4741 0.6643 0.5298
v 0.6203 0.4732 0.4416
v 0.5868 0.6475 0.5056
v 0.6181 0.6648 0.4854
v 0.3735 0.6201 0.4896
v -0.2312 0.6916 0.4909
v 0.0408 0.7287 0.5171
v -0.2704 0.7229 0.5524
v -0.7161 1.0109 0.4712
v 0.7141 1.1989 0.5190
v -0.7221 1.1641 0.4967
v -0.7285 1.3847 0.4754
v -0.5613 1.7791 0.5111
v 0.5454 1.8096 0.4955
v 0.4952 1.8695 0.4806
v 0.4593 1.8756 0.5402
v 0.2535 1.9997 0.5466
v -0.2912 2.0034 0.4933
v -0.1826 2.0440 0.4913
v -0.0946 2.0683 0.4610
v -0.3842 0.0719 0.5248
v -0.6434 0.1247 0.5248
v -0.3490 0.1154 0.5126
v -0.6568 0.4052 0.5281
v 0.4136 0.5829 0.4971
v -0.6753 0.4071 0.4992
v 0.5446 0.6075 0.5096
v 0.3719 0.6922 0.5159
v 0.2285 0.7778 0.5669
v 0.1899 0.7434 0.5121
v 0.7605 1.2266 0.4374
v -0.6128 1.6860 0.5230
v -0.5223 1.8129 0.5357
v -0.2021 2.0178 0.5458
v -0.4574 0.0361 0.5456
v -0.5784 0.0019 0.4878
v -0.5685 0.0532 0.5490
v -0.3479 0.3628 0.5399
v -0.3107 0.4677 0.5034
v 0.3790 0.7279 0.5305
v 0.6233 0.9348 0.5345
v 0.6645 0.9954 0.5136
v -0.6973 1.1581 0.5353
v -0.6839 1.4624 0.5303
v -0.6432 1.6467 0.4941
v 0.6341 1.5508 0.5881
v 0.5846 1.6892 0.5798
v 0.5298 1.7977 0.5471
v -0.4269 1.9262 0.4913
v 0.1338 2.0408 0.5379
v -0.4251 0.1224 0.5752
v -0.3815 0.1502 0.5516
v -0.6105 0.1349 0.5554
v -0.6322 0.5256 0.5619
v -0.3318 0.5517 0.5444
v -0.6778 0.6123 0.5200
v -0.3029 0.6792 0.5518
v -0.1014 0.7720 0.6000
v 0.4943 0.7480 0.5434
v 0.5846 0.8798 0.5445
v -0.6670 0.9057 0.5307
v 0.5794 1.1055 0.6409
v -0.6270 1.6089 0.5630
v -0.5023 1.8208 0.5600
v -0.4471 1.8852 0.5427
v 0.4347 1.8779 0.5749
v 0.2972 2.0038 0.4884
v 0.1914 2.0308 0.5246
v 0.0836 2.0494 0.5291
v -0.4883 0.1047 0.5882
v -0.5649 0.0988 0.5737
v -0.5736 0.1256 0.5756
v -0.3866 0.3042 0.5680
v -0.3692 0.4661 0.5704
v -0.3346 0.5972 0.5533
v -0.6653 0.6768 0.5419
v 0.3085 0.7968 0.5775
v -0.1745 0.7534 0.5548
v 0.5134 0.8243 0.5629
v -0.6478 0.7795 0.5500
v 0.5548 1.0292 0.6265
v -0.6788 1.2240 0.5770
v 0.6293 1.1121 0.5966
v 0.6873 1.2165 0.5641
v -0.6583 1.3881 0.6025
v -0.6285 1.5904 0.5743
v -0.1216 2.0319 0.5570
v -0.5360 0.1353 0.5874
v -0.4997 0.2417 0.5976
v -0.5680 0.3748 0.5919
v -0.4419 0.2641 0.5915
v -0.5999 0.5921 0.5896
v -0.4035 0.5912 0.6002
v -0.6182 0.6272 0.5811
v -0.5830 0.7366 0.5989
v -0.3436 0.7356 0.5950
v -0.3022 0.7990 0.6180
v 0.2534 0.8276 0.6304
v -0.5993 0.8973 0.5891
v 0.5473 0.9138 0.5789
v 0.5232 0.9234 0.5963
v 0.6392 1.1988 0.6167
v 0.7012 1.3257 0.5479
v -0.6717 1.4444 0.5641
v 0.5712 1.4183 0.7383
v -0.6437 1.5214 0.5843
v 0.5084 1.7916 0.5918
v -0.4931 1.8083 0.5948
v 0.3807 1.9275 0.5582
v -0.3780 1.8884 0.6316
v 0.3232 1.9563 0.5694
v -0.5560 0.6706 0.6142
v -0.5226 0.6837 0.6226
v -0.3829 0.6303 0.5967
v 0.0139 0.7403 0.5508
v -0.4410 0.7799 0.6249
v -0.5423 0.8575 0.6128
v -0.5722 0.8072 0.5994
v 0.4337 0.8790 0.6127
v 0.5036 0.9517 0.6224
v -0.5824 0.9563 0.6091
v -0.6047 1.0903 0.6247
v 0.6866 1.4154 0.5484
v 0.5493 1.5334 0.7508
v -0.5995 1.6620 0.5786
v -0.5179 1.7804 0.5955
v -0.4373 1.8491 0.6180
v -0.0354 2.0510 0.5364
v 0.0458 0.7926 0.6487
v -0.0419 0.7829 0.6343
v -0.2367 0.8255 0.6466
v -0.3937 0.7976 0.6258
v -0.4801 0.8795 0.6382
v -0.5060 0.9590 0.6536
v -0.6330 0.9886 0.5773
v 0.5968 1.1958 0.6620
v 0.6267 1.2693 0.6464
v 0.5760 1.2061 0.6893
v 0.5927 1.3569 0.6974
v -0.5640 1.5898 0.6939
v -0.5639 1.6453 0.6527
v 0.5275 1.6571 0.7080
v -0.4739 1.7707 0.6739
v 0.4238 1.7867 0.7313
v 0.3844 1.8594 0.6720
v 0.3326 1.8990 0.6659
v 0.2651 1.9489 0.6416
v 0.1465 1.9839 0.6524
v -0.3673 0.8842 0.6706
v 0.3509 0.8801 0.6467
v 0.4285 0.9573 0.6704
v -0.4887 0.9845 0.6721
v -0.6239 1.2762 0.6514
v -0.6868 1.3262 0.5691
v 0.6041 1.3984 0.6798
v 0.5841 1.6046 0.6474
v -0.5356 1.6842 0.6677
v -0.3385 1.9405 0.5828
v -0.2617 1.9893 0.5618
v 0.2436 0.8525 0.6688
v -0.2402 0.8714 0.7012
v 0.2837 0.9048 0.7178
v -0.3232 0.9327 0.7275
v -0.4374 0.9448 0.6800
v 0.4712 1.0529 0.7091
v 0.4396 1.0713 0.7585
v -0.5223 1.0453 0.6762
v -0.5474 1.1004 0.6781
v -0.5932 1.1951 0.6667
v 0.5204 1.7331 0.6428
v 0.4726 1.7353 0.7244
v -0.3991 1.8167 0.7257
v 0.2788 1.8939 0.7427
v -0.1253 1.9791 0.6733
v 0.1345 0.8348 0.6960
v -0.4876 1.0594 0.7119
v -0.5381 1.5654 0.7638
v 0.0907 1.9667 0.7198
v 0.0294 1.9601 0.7523
v -0.0749 1.9676 0.7184
v -0.1520 1.9586 0.7063
v 0.1701 0.9213 0.8179
v 0.3636 0.9739 0.7355
v 0.4013 0.9534 0.6873
v -0.4338 1.0266 0.7332
v 0.4482 1.0409 0.7223
v 0.4839 1.1321 0.7579
v 0.5421 1.1985 0.7259
v -0.5807 1.3039 0.7090
v 0.5514 1.4771 0.7696
v 0.5143 1.5539 0.8170
v -0.4850 1.7111 0.7318
v 0.5074 1.6658 0.7377
v -0.2596 1.9128 0.7218
v 0.0194 1.9922 0.6737
v -0.1716 0.9072 0.7933
v -0.4611 1.0813 0.7497
v 0.4489 1.7472 0.7482
v -0.4548 1.7171 0.7814
v -0.3194 1.8487 0.7876
v 0.3304 1.8475 0.7722
v 0.1143 1.9370 0.7908
v -0.2019 1.9386 0.7208
v 0.1270 0.8787 0.7670
v 0.0185 0.8216 0.7019
v -0.2603 0.9284 0.7673
v -0.3949 1.0082 0.7491
v -0.3378 1.0100 0.8162
v 0.4120 1.0285 0.7473
v -0.4707 1.2070 0.8523
v 0.4622 1.1305 0.7895
v 0.5011 1.1886 0.7780
v -0.5123 1.1967 0.7646
v -0.5444 1.2795 0.7598
v 0.5721 1.3147 0.7225
v -0.5429 1.4772 0.7888
v 0.4994 1.6177 0.8040
v -0.5020 1.6420 0.7742
v -0.4155 1.7855 0.7506
v 0.0964 0.9075 0.8262
v -0.1268 0.9073 0.8150
v -0.2035 0.9410 0.8303
v -0.3217 0.9543 0.7530
v 0.3640 1.0036 0.7719
v -0.4297 1.0908 0.7970
v -0.5300 1.2874 0.7976
v 0.5332 1.3363 0.8042
v -0.5884 1.4603 0.6989
v -0.5209 1.5561 0.8039
v -0.2680 1.8814 0.7864
v 0.1589 1.9236 0.7981
v -0.0876 0.8964 0.8100
v -0.3040 0.9845 0.8126
v 0.5072 1.3241 0.8577
v -0.5766 1.3992 0.7235
v 0.5163 1.4524 0.8599
v -0.4934 1.6101 0.8333
v 0.4591 1.6538 0.8649
v 0.2273 1.8822 0.8426
v -0.0374 1.9402 0.8099
v 0.2545 0.9507 0.8076
v -0.2868 0.9869 0.8360
v 0.5238 1.2447 0.7770
v -0.4803 1.6069 0.8684
v 0.4285 1.7307 0.8166
v -0.2379 1.8762 0.8447
v -0.1514 1.9240 0.8015
v -0.1306 0.9611 0.9179
v -0.1495 0.9437 0.8695
v -0.2280 0.9750 0.8710
v -0.3838 1.0941 0.8742
v 0.4453 1.1741 0.8736
v -0.4883 1.2852 0.8834
v 0.4813 1.2930 0.9038
v -0.5213 1.3183 0.8237
v 0.4760 1.6039 0.8819
v -0.3896 1.7785 0.8137
v 0.0862 1.9044 0.9233
v 0.0327 1.9244 0.8677
v 0.0636 0.9475 0.9163
v 0.4469 1.2313 0.9313
v 0.4679 1.2637 0.9137
v 0.5070 1.3697 0.8772
v 0.4407 1.4345 1.0868
v -0.5083 1.4607 0.8808
v -0.4213 1.6736 0.9438
v -0.0123 0.9134 0.8525
v 0.1956 0.9758 0.9024
v -0.3219 1.0379 0.8775
v 0.3768 1.0881 0.8757
v -0.4316 1.1912 0.9192
v -0.5031 1.4241 0.9002
v -0.3567 1.7814 0.8811
v -0.2857 1.8385 0.8777
v 0.1831 1.8656 0.9688
v -0.0892 1.9322 0.8266
v 0.1791 1.8978 0.8553
v -0.2323 0.9976 0.9108
v -0.3006 1.0640 0.9536
v 0.3354 1.0561 0.8879
v -0.3288 1.0982 0.9737
v 0.3678 1.1318 0.9630
v -0.4898 1.4828 0.9350
v 0.4978 1.5008 0.8996
v 0.4043 1.7235 0.8963
v 0.3434 1.7624 0.9650
v 0.3470 1.7988 0.8584
v -0.2040 1.8732 0.9079
v 0.0839 1.8806 1.0191
v -0.0183 1.0023 1.0466
v 0.1272 0.9745 0.9458
v 0.4217 1.1892 0.9382
v 0.4495 1.5144 1.0459
v 0.2851 1.8501 0.8409
v 0.2355 1.8309 1.0027
v -0.2090 1.8549 0.9668
v 0.0672 1.0294 1.0976
v -0.1372 0.9767 0.9468
v 0.3123 1.0954 0.9944
v -0.3821 1.1828 1.0165
v -0.4858 1.3477 0.9302
v -0.4695 1.5649 0.9444
v 0.4193 1.5704 1.0911
v 0.4138 1.6323 1.0343
v 0.3339 1.7646 0.9876
v -0.3084 1.7772 1.0167
v 0.2429 1.0457 0.9983
v 0.4419 1.3415 1.0487
v -0.4387 1.6438 0.9439
v -0.3873 1.6882 1.0204
v 0.3204 1.7443 1.0702
v 0.1781 1.8601 1.0031
v -0.1655 1.0348 1.0507
v 0.2835 1.1156 1.0800
v -0.3248 1.1357 1.0470
v 0.3803 1.1677 0.9972
v 0.3991 1.2309 1.0451
v -0.4339 1.3004 1.0388
v 0.2499 1.8101 1.0388
v -0.2274 1.8164 1.0595
v -0.2056 1.8426 1.0182
v -0.0875 1.8833 1.0072
v -0.2733 1.0978 1.0603
v 0.3765 1.2476 1.1124
v -0.4160 1.5648 1.1090
v 0.3689 1.6744 1.0886
v 0.2482 1.8013 1.0684
v 0.1401 1.8499 1.0757
v -0.0012 1.8814 1.0412
v -0.0620 1.0171 1.0681
v 0.2034 1.1165 1.1701
v -0.4445 1.3913 1.0682
v 0.1579 1.8298 1.1063
v -0.1200 1.8597 1.0576
v 0.0561 1.0432 1.1235
v -0.1121 1.0175 1.0492
v -0.2303 1.0953 1.1104
v -0.3233 1.1776 1.1162
v -0.3782 1.2448 1.1073
v 0.3212 1.1735 1.1147
v 0.4100 1.3036 1.0942
v 0.4062 1.3521 1.1353
v -0.4511 1.4827 1.0512
v 0.4303 1.4766 1.1060
v 0.3692 1.6483 1.1176
v -0.3882 1.6361 1.0956
v 0.3124 1.7326 1.1018
v 0.0168 1.0295 1.1041
v -0.1820 1.0667 1.1057
v 0.2827 1.1367 1.1140
v -0.3469 1.7007 1.0919
v -0.0810 1.8611 1.0841
v 0.1477 1.0597 1.1168
v -0.2373 1.1181 1.1369
v 0.3667 1.2694 1.1472
v 0.3895 1.4670 1.1867
v -0.4095 1.5636 1.1168
v -0.3651 1.6432 1.1307
v 0.2727 1.7346 1.1606
v -0.3098 1.7341 1.1054
v -0.2584 1.7857 1.0873
v 0.1317 1.8096 1.1778
v -0.2978 1.1910 1.1657
v 0.3146 1.2076 1.1646
v -0.3877 1.4901 1.1918
v 0.2081 1.7719 1.1805
v -0.1200 1.8378 1.1218
v -0.0271 1.0507 1.1454
v -0.1097 1.0840 1.1774
v 0.2231 1.1655 1.2181
v 0.3599 1.4282 1.2409
v -0.4154 1.4482 1.1427
v -0.3617 1.5616 1.2146
v -0.3309 1.6437 1.1938
v -0.2267 1.7470 1.2242
v -0.0115 1.8263 1.2128
v 0.0395 1.8479 1.1326
v -0.0117 1.0890 1.2204
v 0.1345 1.1220 1.2331
v -0.1502 1.1217 1.2188
v -0.3075 1.2614 1.2281
v -0.3524 1.3423 1.2193
v -0.4002 1.3050 1.1221
v 0.3815 1.5308 1.1891
v -0.3232 1.6365 1.2330
v 0.2529 1.7292 1.2089
v -0.2616 1.7218 1.2111
v 0.0877 1.1112 1.2642
v 0.2787 1.2206 1.2262
v 0.3548 1.5896 1.2021
v 0.3198 1.6326 1.2452
v -0.0902 1.8158 1.2021
v -0.1069 1.1137 1.2671
v -0.2410 1.1928 1.2394
v 0.3458 1.3427 1.2321
v -0.3678 1.4210 1.2312
v -0.3466 1.5786 1.2440
v 0.2074 1.7658 1.2422
v -0.1040 1.8180 1.2485
v 0.3195 1.2892 1.2339
v 0.3295 1.3191 1.2872
v 0.2835 1.7059 1.2676
v 0.0675 1.8211 1.2362
v 0.1876 1.1409 1.3125
v 0.2359 1.1897 1.2626
v -0.1981 1.1585 1.2810
v -0.3486 1.3838 1.2754
v 0.3572 1.3800 1.3136
v -0.3581 1.5497 1.2835
v 0.3559 1.5344 1.2818
v -0.2904 1.7033 1.2676
v -0.3250 1.6975 1.2919
v -0.1600 1.8109 1.2657
v -0.0193 1.8567 1.2717
v 0.1702 1.8480 1.2860
v 0.1652 1.8175 1.2711
v 0.0194 1.0858 1.3156
v -0.2587 1.2092 1.2934
v -0.2874 1.2514 1.2918
v 0.3500 1.6390 1.2950
v 0.3108 1.7491 1.2953
v -0.2813 1.8366 1.2975
v -0.2278 1.8256 1.2906
v 0.4181 1.9320 1.3207
v 0.3240 1.8931 1.3066
v -0.2220 1.9125 1.2939
v -0.2518 1.9059 1.2993
v 0.2759 1.9160 1.3007
v 0.0410 1.9102 1.2880
v 0.0953 2.1455 1.3129
v -0.1105 2.1794 1.3191
v -0.0258 1.0999 1.2767
v 0.2727 1.2185 1.3061
v -0.3440 1.3323 1.3128
v 0.4286 1.6265 1.3231
v 0.3935 1.6975 1.3139
v 0.4275 1.6888 1.3198
v -0.3772 1.6597 1.3098
v 0.4473 1.7657 1.3213
v 0.4312 1.7942 1.3183
v -0.4245 1.8686 1.3193
v 0.2909 1.9986 1.3104
v 0.4109 1.9829 1.3248
v 0.3409 2.1361 1.3352
v 0.2803 2.1044 1.3213
v -0.3325 2.0669 1.3224
v 0.0022 2.1543 1.3135
v -0.1256 2.0483 1.3023
v 0.0379 2.0394 1.2981
v -0.2482 2.1697 1.3286
v -0.0465 2.3008 1.3460
v -0.2789 1.1629 1.3774
v 0.2667 1.1419 1.3846
v 0.3360 1.2602 1.3528
v 0.3674 1.3036 1.3539
v 0.4030 1.3668 1.3537
v -0.3839 1.4724 1.3181
v 0.3906 1.4912 1.3210
v 0.4396 1.5033 1.3380
v -0.4210 1.5104 1.3318
v -0.4466 1.6196 1.3275
v 0.5433 1.6901 1.3442
v 0.5088 1.5991 1.3421
v 0.5531 1.7552 1.3445
v 0.5733 1.8406 1.3495
v -0.4869 1.8908 1.3308
v -0.4976 2.0647 1.3527
v -0.5851 1.9624 1.3619
v 0.4000 2.0625 1.3332
v -0.3841 2.0738 1.3299
v 0.4977 2.1238 1.3643
v -0.4144 2.1994 1.3588
v 0.2472 2.2289 1.3419
v -0.2282 2.2887 1.3549
v 0.0514 2.3039 1.3478
v 0.1154 1.1062 1.3127
v 0.2402 1.1354 1.3731
v -0.3931 1.3466 1.3559
v 0.4253 1.3384 1.3704
v 0.4651 1.3599 1.3736
v -0.5877 1.4651 1.3867
v -0.5318 1.4129 1.3792
v 0.5439 1.4999 1.3650
v 0.6082 1.5388 1.3791
v 0.5760 1.6445 1.3565
v 0.6008 1.6352 1.3640
v 0.7175 1.6893 1.4061
v -0.5544 1.7646 1.3439
v -0.6448 1.7653 1.3717
v 0.5879 1.8934 1.3582
v 0.6155 1.8851 1.3659
v 0.5268 2.0156 1.3517
v -0.5829 2.0328 1.3716
v -0.4925 2.1633 1.3718
v -0.5184 2.1841 1.3866
v 0.4638 2.2323 1.3845
v 0.4114 2.2022 1.3612
v -0.4296 2.2988 1.3999
v 0.3313 2.2129 1.3481
v 0.2937 2.3471 1.3868
v -0.1779 2.3496 1.3722
v 0.0661 2.2831 1.3396
v 0.0158 1.0230 1.4347
v -0.1855 1.1296 1.3263
v -0.3169 1.2001 1.3767
v 0.4094 1.2284 1.4084
v -0.4733 1.2792 1.4074
v 0.5569 1.4259 1.3854
v -0.6094 1.6132 1.3670
v 0.6893 1.6644 1.3970
v 0.6642 1.8419 1.3811
v 0.6515 1.9565 1.3868
v 0.6297 2.0132 1.3864
v -0.6189 2.0416 1.3874
v 0.5239 2.1419 1.3733
v 0.4592 2.2942 1.4085
v -0.3531 2.2941 1.3777
v 0.3530 2.3703 1.4107
v -0.2033 2.3941 1.3922
v -0.3352 2.3709 1.4089
v 0.1663 2.3738 1.3793
v 0.0029 2.4175 1.3905
v -0.1103 2.4181 1.3921
v 0.3911 1.1922 1.4232
v -0.3600 1.2003 1.3993
v 0.4827 1.2451 1.4329
v -0.6373 1.4146 1.4255
v 0.5122 1.3092 1.4104
v 0.5983 1.3443 1.4377
v 0.5801 1.3889 1.4078
v 0.5962 1.4275 1.3999
v 0.6607 1.5058 1.4112
v 0.6761 1.5678 1.4037
v -0.7015 1.5461 1.4248
v 0.7199 1.5905 1.4268
v 0.7248 1.7736 1.4115
v 0.7583 1.8006 1.4349
v -0.7091 1.8367 1.4012
v 0.7187 1.9200 1.4164
v -0.6905 1.9851 1.4081
v 0.6491 2.0712 1.4081
v 0.6965 2.0538 1.4359
v -0.6334 2.1341 1.4191
v 0.5854 2.1703 1.4090
v -0.5235 2.2714 1.4253
v 0.4982 2.3116 1.4357
v 0.4596 2.3140 1.4216
v 0.3367 2.3726 1.4117
v 0.0903 2.4249 1.3982
v -0.0279 2.4913 1.4484
v -0.1528 1.0425 1.4474
v -0.2316 1.0629 1.4650
v -0.2399 1.0864 1.4319
v 0.1668 1.0721 1.4001
v -0.3036 1.1163 1.4393
v 0.6323 1.3645 1.4583
v 0.6851 1.4636 1.4437
v -0.7002 1.5740 1.4122
v -0.7480 1.7144 1.4280
v -0.7442 1.7984 1.4244
v 0.7599 1.8970 1.4468
v 0.6420 2.1695 1.4474
v -0.6097 2.2196 1.4591
v 0.5570 2.2549 1.4365
v -0.4133 2.3629 1.4339
v 0.2753 2.4160 1.4214
v -0.1967 2.4715 1.4552
v 0.1164 2.4597 1.4210
v 0.1285 1.0305 1.4516
v -0.0885 1.0177 1.4689
v -0.4392 1.1847 1.4661
v -0.5489 1.2795 1.4525
v -0.6332 1.3761 1.4509
v -0.7276 1.5341 1.4591
v 0.7573 1.6040 1.4700
v 0.7832 1.7465 1.4864
v 0.6910 2.1188 1.4762
v -0.6654 2.1497 1.4619
v 0.5839 2.2592 1.4753
v -0.5444 2.2810 1.4450
v -0.4583 2.3658 1.4779
v 0.2698 2.4508 1.4550
v -0.3129 2.4255 1.4421
v 0.2035 1.0450 1.5254
v 0.2909 1.0908 1.4889
v 0.4331 1.1770 1.4755
v 0.4202 1.1725 1.5045
v -0.3600 1.1329 1.5175
v -0.4952 1.2230 1.4936
v 0.6961 1.4490 1.4937
v -0.7191 1.4977 1.4998
v -0.7784 1.8330 1.4659
v 0.7495 1.9854 1.4762
v -0.7584 1.9520 1.4714
v -0.7294 2.0272 1.4570
v -0.6539 2.1796 1.4887
v -0.5637 2.2782 1.5032
v 0.4667 2.3572 1.4617
v -0.2818 2.4548 1.5008
v 0.1568 2.4872 1.4720
v -0.0777 2.4987 1.5004
v 0.0451 1.0049 1.5000
v -0.1174 1.0245 1.4582
v 0.2969 1.1001 1.4546
v -0.5546 1.2737 1.4867
v 0.5563 1.2694 1.4821
v -0.5498 1.2830 1.5221
v -0.6526 1.3795 1.4764
v 0.5952 1.3355 1.5277
v 0.7574 1.6642 1.5290
v -0.7240 2.0354 1.5124
v 0.7564 1.9517 1.5110
v -0.5215 2.3081 1.5133
v 0.5571 2.2765 1.5177
v 0.4938 2.3229 1.5256
v 0.2115 2.4601 1.5300
v 0.0430 2.4986 1.5082
v 0.0980 1.0097 1.5381
v -0.1674 1.0313 1.5409
v -0.2957 1.0915 1.5262
v -0.5094 1.2571 1.5284
v 0.5009 1.2591 1.5378
v 0.5734 1.3172 1.5288
v -0.6397 1.3824 1.5182
v 0.6514 1.4354 1.5427
v -0.7739 1.6691 1.4860
v 0.6901 2.0795 1.5332
v 0.6364 2.1818 1.5221
v 0.4186 2.3683 1.5288
v 0.4092 2.3559 1.5484
v 0.3375 2.4307 1.5058
v -0.4279 1.2125 1.5522
v 0.7187 1.5277 1.5241
v -0.7374 1.5909 1.5311
v 0.7622 1.7534 1.5366
v -0.7683 1.7997 1.5246
v -0.6587 2.1243 1.5365
v -0.5870 2.1735 1.5610
v -0.5959 2.2070 1.5408
v -0.4838 2.3284 1.5282
v -0.3921 2.3896 1.5258
v -0.2633 2.4236 1.5457
v -0.1392 2.4677 1.5362
v -0.0118 0.9964 1.6234
v 0.0067 0.9994 1.5513
v -0.2199 1.0530 1.5429
v -0.2981 1.1232 1.6405
v 0.4369 1.2969 1.5990
v -0.5871 1.3547 1.5461
v -0.6630 1.4358 1.5390
v 0.6704 1.5265 1.5618
v -0.7720 1.8631 1.5157
v 0.6556 1.8833 1.5944
v -0.7154 1.9856 1.5451
v 0.6038 2.1286 1.5709
v -0.6258 2.0758 1.5746
v 0.5308 2.2127 1.5714
v 0.4858 2.2754 1.5615
v 0.3327 2.3786 1.5586
v -0.2795 2.3882 1.5668
v -0.3740 2.3662 1.5552
v 0.2843 2.3955 1.5618
v -0.0314 2.4532 1.5595
v -0.1690 2.4511 1.5472
v 0.2858 1.0996 1.5816
v -0.3414 1.1715 1.6287
v -0.3769 1.1792 1.5703
v 0.3881 1.1980 1.5770
v -0.4469 1.2721 1.5797
v -0.4964 1.3082 1.5688
v -0.4903 1.3604 1.5910
v -0.5803 1.5068 1.5982
v -0.6169 1.5193 1.5857
v -0.6670 1.5688 1.5732
v 0.6338 1.5699 1.5893
v -0.6943 1.6330 1.5692
v -0.6745 1.7843 1.5879
v -0.6274 1.9026 1.6014
v -0.6795 1.9010 1.5795
v 0.7097 1.9618 1.5576
v 0.5036 2.1652 1.5951
v -0.5077 2.2204 1.5780
v -0.4621 2.2364 1.5866
v -0.4030 2.2800 1.5870
v 0.4186 2.2772 1.5851
v 0.2915 2.3278 1.5939
v -0.3120 2.3324 1.5878
v 0.1166 2.4478 1.5582
v -0.0298 2.4115 1.5849
v -0.0977 1.0090 1.5707
v 0.1433 1.0196 1.6981
v -0.2352 1.0650 1.6005
v -0.4189 1.2739 1.6030
v -0.4182 1.3637 1.6425
v 0.4970 1.3473 1.5863
v -0.4833 1.4360 1.6130
v 0.4963 1.4628 1.6153
v 0.5366 1.5198 1.6121
v -0.6034 1.6491 1.6082
v -0.7083 1.7630 1.5734
v 0.6411 1.7191 1.6009
v 0.5507 1.7392 1.6295
v 0.5826 1.8441 1.6204
v 0.5758 1.8930 1.6174
v 0.5050 2.0721 1.6190
v -0.5757 2.0170 1.6063
v -0.5376 2.1279 1.5957
v 0.5347 2.0851 1.6063
v 0.4344 2.2161 1.6002
v -0.3578 2.2449 1.6089
v -0.2137 2.3575 1.5949
v 0.0891 2.3652 1.6022
v -0.0892 2.3808 1.5957
v 0.2200 2.3504 1.5969
v -0.1609 1.0262 1.6727
v 0.3245 1.1563 1.6554
v 0.3457 1.1644 1.6001
v 0.4273 1.4288 1.6425
v -0.4365 1.4048 1.6325
v -0.4548 1.6173 1.6437
v 0.4759 1.5507 1.6328
v -0.4526 1.5110 1.6341
v 0.5114 1.6628 1.6340
v 0.3444 1.7767 1.6689
v -0.6276 1.7519 1.6058
v -0.5966 1.7837 1.6157
v -0.5260 1.8271 1.6339
v -0.5454 1.8557 1.6280
v 0.3975 1.9621 1.6540
v -0.4853 2.0165 1.6295
v -0.5012 2.0076 1.6261
v 0.4098 2.0805 1.6349
v -0.4084 2.0854 1.6343
v -0.4330 2.1860 1.6096
v -0.3610 2.1547 1.6304
v 0.2211 2.1547 1.6477
v -0.2979 2.2442 1.6200
v 0.3703 2.1736 1.6255
v 0.1584 2.2548 1.6318
v 0.0719 2.2784 1.6308
v 0.0326 2.2693 1.6335
v -0.2249 2.2344 1.6311
v 0.2777 1.1057 1.6602
v -0.2482 1.0809 1.6834
v 0.3962 1.2693 1.6308
v -0.3650 1.2368 1.6825
v 0.3843 1.3186 1.6935
v -0.4360 1.5345 1.6429
v 0.3248 1.6409 1.6838
v -0.3816 1.5910 1.6653
v 0.3737 1.6616 1.6613
v -0.5108 1.7065 1.6364
v -0.3896 1.8140 1.6606
v 0.3963 1.8208 1.6600
v -0.5386 1.9242 1.6274
v 0.4155 1.8879 1.6553
v -0.3852 1.9840 1.6549
v 0.3361 2.0301 1.6561
v 0.2597 2.0320 1.6624
v 0.1533 2.1438 1.6552
v -0.2203 2.1249 1.6531
v 0.2984 2.1222 1.6449
v -0.0576 2.2226 1.6454
v -0.0266 2.1449 1.6603
v 0.2430 2.2558 1.6249
v 0.1364 2.1308 1.6579
v -0.0725 2.2817 1.6302
v -0.1562 2.1922 1.6465
v 0.1793 1.0356 1.7132
v 0.3795 1.4334 1.7269
v 0.3785 1.5471 1.6754
v -0.3839 1.6415 1.6590
v -0.2698 1.7712 1.6733
v -0.3762 1.7070 1.6607
v 0.2589 1.7762 1.6758
v -0.3354 1.7725 1.6677
v 0.2070 1.8299 1.6796
v 0.1026 1.8406 1.6843
v 0.0140 1.9075 1.6836
v -0.1968 1.8562 1.6785
v 0.1937 1.9235 1.6799
v -0.0969 2.0040 1.6753
v -0.2013 1.9649 1.6749
v -0.0901 2.0091 1.6752
v 0.2363 2.0188 1.6710
v 0.0666 2.0800 1.6680
v -0.0711 2.0763 1.6678
v -0.2413 2.0351 1.6646
v 0.0447 2.1644 1.6556
v 0.0516 0.9936 1.7503
v -0.3529 1.5595 1.6941
v 0.2852 1.6599 1.6952
v 0.0888 1.7254 1.7398
v 0.1685 1.7629 1.6925
v -0.0117 1.8075 1.6916
v -0.1168 1.7737 1.6980
v 0.3600 1.8975 1.7711
v 0.0920 1.8425 1.6843
v 0.0527 1.8331 1.6865
v -0.4123 1.9012 1.6555
v -0.2066 1.9381 1.7316
v 0.3554 2.0388 1.6895
v 0.3496 1.2032 1.6896
v 0.3645 1.2412 1.7147
v -0.3835 1.3201 1.7142
v -0.3906 1.4506 1.6824
v 0.3320 1.5671 1.7178
v -0.2903 1.6474 1.6983
v -0.1891 1.7014 1.7204
v -0.3193 1.8043 1.7188
v 0.3989 1.9278 1.7209
v 0.2102 1.9942 1.7313
v 0.3986 1.9814 1.7618
v 0.3882 2.0680 1.8011
v -0.2453 2.0318 1.6825
v 0.3605 2.0964 1.7725
v -0.2652 1.0916 1.7440
v 0.3074 1.1388 1.7215
v -0.3252 1.1631 1.6946
v -0.3392 1.5286 1.7478
v 0.1894 1.6988 1.7238
v -0.1332 1.7028 1.7599
v 0.2387 1.8567 1.7322
v -0.2137 2.0079 1.7696
v -0.3344 2.0315 1.6586
v -0.0850 0.9976 1.7761
v 0.1064 1.0030 1.8262
v 0.2181 1.0558 1.7429
v -0.2735 1.6242 1.7375
v -0.2715 1.6075 1.7950
v 0.2295 1.6483 1.7631
v -0.1499 1.6954 1.7696
v -0.0615 1.7379 1.7352
v -0.2419 1.7845 1.6786
v -0.3748 1.8944 1.7544
v -0.3828 2.0562 1.7588
v -0.3363 2.1827 1.8372
v 0.2586 2.1120 1.7866
v -0.3255 2.1257 1.7792
v -0.1904 1.0350 1.8222
v 0.3489 1.5015 1.7979
v 0.2928 1.5851 1.7823
v 0.3314 1.7964 1.7043
v 0.2734 1.8001 1.7102
v -0.3588 1.9415 1.8063
v 0.2279 1.9247 1.7695
v -0.3961 1.9965 1.7653
v 0.2339 2.0889 1.8079
v -0.2768 2.1314 1.7919
v -0.0796 1.0017 1.8755
v -0.1854 1.0357 1.8432
v 0.1966 1.0487 1.9215
v 0.3711 1.4374 1.7962
v -0.3466 1.5012 1.8318
v -0.2655 1.6064 1.8549
v -0.0476 1.7140 1.8034
v -0.2255 1.8373 1.7052
v 0.2203 2.0080 1.8017
v 0.3882 2.1469 1.8751
v 0.1649 1.0254 1.8657
v 0.2782 1.1085 1.8647
v 0.2990 1.1212 1.8283
v 0.3557 1.2426 1.9097
v -0.3798 1.4007 1.7597
v 0.1104 1.6997 1.8044
v -0.3168 2.0070 1.8825
v 0.3308 2.0178 1.8878
v 0.2481 2.0344 1.8716
v 0.3051 2.1263 1.7744
v 0.2890 2.1896 1.8451
v 0.1224 1.0100 1.8501
v -0.1531 1.0249 1.8835
v -0.3411 1.1905 1.8705
v 0.3758 1.3884 1.8610
v 0.3002 1.5695 1.8600
v 0.2681 1.6004 1.8863
v -0.1443 1.6748 1.9266
v -0.2968 1.9068 1.8015
v -0.2601 2.0240 1.8773
v 0.2276 2.1050 1.8555
v 0.3897 2.0989 1.8918
v -0.2330 2.1085 1.8350
v 0.2413 2.1670 1.8768
v 0.0368 0.9899 1.8523
v -0.0265 0.9906 1.8446
v -0.2836 1.1166 1.8821
v -0.3050 1.5549 1.9033
v 0.2789 2.0047 1.8770
v -0.2313 2.0589 1.8534
v -0.3878 2.0848 1.8400
v -0.2451 2.1644 1.9377
v -0.2566 2.1782 1.8605
v -0.3550 2.2059 1.9270
v 0.1278 1.0238 1.9529
v -0.3075 1.1402 1.8863
v -0.3789 1.3237 1.8491
v 0.3436 1.4633 1.9642
v 0.1749 1.6595 1.9299
v 0.0236 1.7009 1.9467
v -0.3590 2.0164 1.8682
v 0.3711 2.0246 1.8585
v -0.3902 2.1459 1.8750
v 0.3547 2.1776 1.8479
v -0.2361 1.0866 1.9592
v 0.2742 1.1397 2.0085
v 0.2981 1.1399 1.9238
v 0.3710 1.3149 1.9163
v -0.3673 1.3964 1.9292
v -0.3532 1.4577 1.9151
v -0.2364 1.6263 1.9085
v 0.2167 1.6356 1.9160
v -0.3620 2.0690 1.9275
v -0.2423 2.0929 1.9223
v 0.3265 2.2227 1.9233
v 0.2895 2.2230 1.9289
v -0.3045 1.1854 2.0310
v -0.2923 2.0846 1.9558
v 0.3625 2.0943 1.9427
v -0.3678 2.1818 1.9701
v 0.2539 2.1739 1.9604
v -0.0325 1.0128 1.9951
v -0.3392 1.4718 1.9671
v 0.2930 1.5574 1.9612
v -0.2515 1.5921 1.9817
v 0.0355 1.7617 2.0108
v -0.2709 2.1450 1.9819
v 0.3757 2.1609 1.9403
v -0.2881 2.2217 1.9310
v 0.3341 1.2032 1.9385
v -0.2932 1.5331 2.0171
v 0.2176 1.6015 2.0464
v -0.0357 1.6979 1.9527
v 0.0614 1.6921 1.9799
v 0.0115 1.8729 2.0869
v 0.2718 2.0722 1.9404
v 0.2533 2.1047 1.9436
v -0.3557 2.1976 2.0260
v 0.2696 2.2366 2.0192
v 0.3629 2.2189 1.9754
v 0.0770 1.0480 2.0902
v 0.0450 1.0343 2.0585
v -0.1274 1.0363 1.9983
v -0.3607 1.3515 1.9797
v 0.2766 1.5366 2.0501
v 0.1426 1.6456 2.0431
v -0.1233 1.6696 1.9842
v -0.0667 1.6794 2.0098
v -0.0289 1.8225 2.0580
v 0.3216 2.0879 1.9596
v -0.3334 2.1430 1.9970
v -0.3457 2.2388 1.9667
v -0.2662 2.2165 1.9757
v -0.0678 1.0441 2.0890
v -0.3558 1.2614 1.9559
v 0.3572 1.3665 2.0014
v 0.3195 1.4840 2.0273
v -0.1809 1.6390 2.0006
v -0.1948 1.6167 2.0479
v 0.0636 1.6780 2.0247
v 0.3609 2.2445 2.0440
v 0.3397 2.3344 2.1263
v -0.1697 1.0742 2.0554
v -0.2778 1.1791 2.0811
v 0.2987 1.1993 2.0536
v 0.3388 1.3098 2.0519
v 0.2486 1.5595 2.0673
v 0.2033 1.6028 2.0598
v -0.0642 1.6691 2.0430
v -0.0544 1.6825 2.0414
v 0.0415 1.7807 2.0678
v 0.2846 2.1964 2.0384
v -0.1763 1.1029 2.1144
v -0.2382 1.1147 2.0356
v -0.3161 1.4161 2.0936
v 0.1924 1.5956 2.0995
v 0.0983 1.6152 2.1561
v -0.1003 1.6210 2.1407
v -0.0240 1.6684 2.0648
v -0.0355 1.7864 2.0844
v 0.2836 2.2901 2.0766
v 0.3122 2.3443 2.1310
v -0.3142 2.2841 2.0222
v -0.0759 1.0541 2.1378
v 0.1123 1.0660 2.1111
v 0.2546 1.1654 2.1015
v -0.3356 1.4018 2.0578
v 0.2739 1.4562 2.1556
v -0.2819 1.5143 2.0835
v 0.2491 1.5232 2.1297
v -0.2352 1.5472 2.1172
v 0.0190 1.6675 2.0679
v 0.0277 1.8400 2.1073
v -0.0237 1.8708 2.1036
v 0.3271 2.1969 2.0532
v 0.3073 2.2858 2.1351
v -0.3394 2.2496 2.0947
v 0.3506 2.2879 2.1032
v -0.3358 2.3415 2.1429
v 0.1657 1.1349 2.2020
v 0.2861 1.2658 2.1475
v -0.2704 1.5104 2.1035
v 0.0703 1.6390 2.1162
v -0.3183 2.2916 2.1459
v 0.3348 2.3131 2.1553
v -0.3528 2.2910 2.0912
v -0.2810 2.2764 2.0785
v -0.3012 2.3298 2.1149
v 0.0008 1.0318 2.1948
v 0.2107 1.1021 2.0602
v -0.2636 1.2182 2.1469
v -0.2954 1.3531 2.1568
v -0.2602 1.5028 2.1417
v 0.2344 1.5094 2.1647
v 0.1685 1.5557 2.1940
v -0.1978 1.5757 2.1260
v -0.0035 1.8657 2.1329
v -0.3009 2.3211 2.1551
v -0.1356 1.0950 2.1746
v 0.1880 1.1471 2.1788
v -0.1981 1.1391 2.1468
v -0.1981 1.1519 2.1687
v -0.3027 1.2674 2.1189
v 0.2909 1.3766 2.1600
v -0.0033 1.6187 2.1788
v 0.2983 2.3254 2.1477
v 0.1006 1.0672 2.1664
v 0.2527 1.2223 2.1684
v 0.2567 1.3660 2.2205
v 0.1469 1.5234 2.2496
v 0.0744 1.0435 2.2644
v -0.1864 1.1745 2.2252
v -0.2526 1.3285 2.2221
v -0.2785 1.4109 2.1749
v -0.2399 1.4235 2.2265
v -0.1483 1.5970 2.1474
v -0.0670 1.0382 2.2929
v 0.1856 1.2120 2.2616
v -0.1668 1.5263 2.2281
v -0.1326 1.4993 2.2807
v -0.0186 1.5840 2.2337
v -0.1046 1.0707 2.2558
v 0.2048 1.4311 2.2612
v 0.0028 1.0175 2.3326
v 0.1266 1.0965 2.2712
v 0.1676 1.2732 2.3153
v 0.1868 1.4733 2.2560
v -0.1377 1.4975 2.2725
v -0.0738 1.5442 2.2626
v -0.0229 1.0181 2.2984
v 0.0524 1.0313 2.3499
v 0.0836 1.5312 2.2762
v 0.1143 1.0958 2.3876
v 0.1603 1.1774 2.3055
v 0.1538 1.3273 2.3325
v -0.2083 1.4074 2.2672
v -0.0349 1.5143 2.3076
v 0.1113 1.0813 2.3645
v -0.1730 1.1800 2.2668
v -0.1451 1.3386 2.3386
v 0.1015 1.3950 2.3521
v -0.1171 1.4165 2.3330
v -0.1765 1.2631 2.3005
v 0.1060 1.3315 2.3882
v -0.1496 1.2939 2.3493
v 0.0576 1.4226 2.3560
v -0.0329 1.4987 2.3135
v 0.0285 1.0377 2.4059
v -0.1128 1.0962 2.3964
v 0.1272 1.1700 2.4388
v -0.0969 1.3509 2.3841
v 0.0528 1.3791 2.3913
v -0.0666 1.3486 2.4141
v -0.0233 1.3928 2.3852
v -0.0559 1.0419 2.3880
v -0.1120 1.2326 2.4679
v 0.0567 1.1162 2.5040
v -0.0496 1.0671 2.4533
v -0.1086 1.1349 2.4584
v 0.1061 1.2390 2.4730
v 0.0533 1.2933 2.5000
v 0.0337 1.0794 2.4843
v 0.0813 1.1577 2.5025
v 0.0961 1.1803 2.4889
v -0.0459 1.3088 2.4870
v -0.0722 1.2111 2.5205
v -0.0341 1.2556 2.5319
v 0.0204 1.3033 2.5058
v -0.0407 1.1514 2.5350
v 0.0364 1.2185 2.5427
v -0.0033 1.1668 2.5465
vn -0.141 -0.034 -0.989
vn 0.303 -0.563 -0.769
vn 0.057 -0.998 -0.006
vn -0.920 0.070 -0.386
vn -0.440 0.595 -0.672
vn 0.885 0.110 -0.452
vn 0.474 0.605 -0.640
vn 0.703 -0.626 -0.338
vn -0.635 -0.716 -0.291
vn 0.828 -0.543 -0.142
vn 0.842 0.338 -0.421
vn -0.447 0.710 -0.544
vn 0.540 0.662 -0.520
vn -0.002 0.801 -0.598
vn -0.954 -0.034 -0.299
vn 0.478 -0.878 -0.027
vn 0.042 0.816 -0.577
vn -0.709 0.520 -0.477
vn -0.595 -0.803 -0.041
vn -0.541 -0.841 -0.022
vn 0.955 -0.120 -0.270
vn -0.448 0.716 -0.535
vn 0.800 -0.594 -0.089
vn -0.829 0.366 -0.423
vn -0.854 -0.501 -0.142
vn -0.912 -0.331 -0.241
vn 0.942 0.041 -0.334
vn 0.266 0.794 -0.547
vn -0.759 -0.640 -0.117
vn 0.871 -0.452 -0.191
vn 0.516 0.687 -0.511
vn -0.189 0.730 -0.657
vn 0.688 -0.626 -0.368
vn 0.876 -0.131 -0.464
vn -0.925 0.034 -0.379
vn -0.829 0.327 -0.453
vn 0.833 0.320 -0.451
vn -0.577 0.620 -0.532
vn 0.472 0.676 -0.567
vn 0.432 0.619 -0.656
vn 0.014 -0.998 -0.063
vn -0.349 -0.936 -0.047
vn 0.220 -0.965 -0.144
vn 0.600 -0.786 -0.148
vn 0.890 -0.366 -0.270
vn 0.620 0.410 -0.669
vn -0.817 -0.204 -0.540
vn 0.728 0.178 -0.663
vn -0.595 0.464 -0.656
vn -0.024 0.729 -0.684
vn 0.191 -0.857 -0.478
vn 0.390 -0.711 -0.585
vn -0.709 -0.539 -0.454
vn 0.675 -0.387 -0.628
vn -0.141 0.745 -0.652
vn 0.066 0.754 -0.654
vn 0.711 0.030 -0.702
vn -0.786 0.151 -0.600
vn 0.477 0.562 -0.676
vn 0.608 -0.432 -0.666
vn 0.720 -0.125 -0.683
vn -0.705 -0.134 -0.697
vn 0.595 0.407 -0.694
vn 0.674 0.262 -0.691
vn 0.209 0.700 -0.683
vn -0.013 0.708 -0.706
vn 0.010 -0.760 -0.650
vn -0.367 -0.822 -0.435
vn -0.536 -0.613 -0.580
vn -0.685 -0.293 -0.667
vn -0.566 0.498 -0.657
vn -0.402 0.633 -0.662
vn 0.452 0.543 -0.708
vn -0.216 0.691 -0.690
vn -0.118 -0.819 -0.562
vn 0.458 -0.564 -0.687
vn -0.551 -0.503 -0.666
vn -0.571 -0.414 -0.709
vn -0.708 0.039 -0.705
vn -0.457 0.529 -0.715
vn 0.266 0.700 -0.663
vn 0.054 -0.815 -0.577
vn -0.057 -0.798 -0.599
vn 0.517 -0.520 -0.680
vn -0.569 -0.511 -0.644
vn 0.662 -0.231 -0.713
vn 0.677 -0.025 -0.736
vn -0.657 0.270 -0.704
vn -0.124 0.711 -0.692
vn 0.309 -0.713 -0.629
vn 0.447 -0.626 -0.639
vn 0.414 -0.611 -0.675
vn 0.574 -0.454 -0.682
vn 0.697 -0.098 -0.711
vn 0.682 0.208 -0.701
vn 0.567 0.391 -0.725
vn 0.412 0.573 -0.709
vn -0.463 -0.579 -0.671
vn 0.614 -0.340 -0.713
vn -0.645 -0.259 -0.719
vn 0.629 0.366 -0.686
vn -0.293 0.663 -0.688
vn 0.189 -0.750 -0.634
vn -0.239 -0.732 -0.638
vn -0.340 -0.685 -0.644
vn 0.497 -0.613 -0.614
vn -0.712 -0.006 -0.702
vn 0.744 0.188 -0.641
vn -0.676 0.326 -0.661
vn 0.595 0.480 -0.644
vn 0.548 -0.507 -0.665
vn 0.625 -0.346 -0.700
vn 0.653 0.528 -0.543
vn -0.440 0.599 -0.669
vn 0.520 0.549 -0.654
vn -0.530 -0.477 -0.701
vn -0.727 0.167 -0.666
vn -0.586 0.375 -0.718
vn 0.756 0.332 -0.564
vn -0.567 0.490 -0.663
vn -0.172 -0.826 -0.537
vn 0.361 -0.743 -0.564
vn 0.414 -0.698 -0.584
vn 0.452 -0.594 -0.665
vn -0.431 -0.578 -0.693
vn -0.612 -0.302 -0.731
vn -0.602 -0.358 -0.714
vn -0.724 0.382 -0.574
vn -0.333 0.735 -0.591
vn 0.264 -0.823 -0.502
vn 0.067 -0.932 -0.357
vn -0.058 -0.900 -0.433
vn -0.222 -0.787 -0.576
vn -0.323 -0.673 -0.665
vn -0.563 -0.388 -0.730
vn 0.664 -0.215 -0.717
vn -0.777 0.240 -0.582
vn 0.567 0.631 -0.530
vn -0.546 0.624 -0.559
vn 0.219 0.779 -0.587
vn 0.146 -0.861 -0.488
vn 0.478 -0.551 -0.684
vn 0.750 0.006 -0.661
vn -0.712 -0.138 -0.688
vn -0.656 0.556 -0.510
vn 0.666 0.580 -0.470
vn -0.485 0.742 -0.463
vn 0.389 0.730 -0.562
vn -0.111 0.801 -0.588
vn -0.179 -0.871 -0.458
vn 0.324 -0.577 -0.750
vn -0.569 -0.275 -0.775
vn 0.525 -0.441 -0.728
vn 0.597 -0.395 -0.699
vn 0.278 0.857 -0.435
vn 0.056 -0.027 -0.998
vn 0.129 -0.694 -0.709
vn 0.246 -0.715 -0.654
vn -0.337 -0.436 -0.834
vn -0.418 -0.285 -0.863
vn -0.646 -0.243 -0.723
vn 0.684 -0.300 -0.665
vn 0.722 -0.171 -0.670
vn -0.784 -0.040 -0.620
vn 0.549 0.687 -0.475
vn -0.586 0.714 -0.382
vn -0.148 -0.723 -0.675
vn 0.384 -0.372 -0.845
vn -0.191 0.139 -0.972
vn -0.122 -0.585 -0.802
vn 0.590 -0.378 -0.713
vn -0.770 0.344 -0.537
vn -0.760 0.496 -0.421
vn -0.606 0.634 -0.481
vn 0.063 0.872 -0.485
vn -0.409 -0.424 -0.808
vn -0.756 0.055 -0.652
vn -0.517 -0.010 -0.856
vn 0.471 0.114 -0.875
vn 0.489 0.076 -0.869
vn 0.207 -0.910 -0.360
vn 0.211 -0.439 -0.873
vn 0.026 -0.373 -0.928
vn -0.704 -0.177 -0.688
vn 0.784 0.275 -0.556
vn -0.741 0.472 -0.478
vn 0.765 0.439 -0.472
vn -0.349 0.837 -0.421
vn 0.780 0.037 -0.625
vn 0.183 0.100 -0.978
vn -0.150 -0.054 -0.987
vn -0.010 -0.943 -0.331
vn 0.145 -0.624 -0.768
vn -0.549 -0.148 -0.822
vn 0.518 -0.421 -0.745
vn -0.719 0.172 -0.673
vn -0.800 0.369 -0.472
vn -0.743 0.453 -0.492
vn -0.799 0.392 -0.457
vn 0.760 0.553 -0.341
vn 0.567 0.728 -0.386
vn 0.115 0.906 -0.408
vn -0.670 -0.582 -0.460
vn 0.663 -0.517 -0.541
vn -0.582 0.073 -0.810
vn 0.623 -0.048 -0.780
vn -0.370 0.149 -0.917
vn 0.228 -0.864 -0.449
vn -0.106 -0.888 -0.448
vn 0.118 -0.936 -0.331
vn 0.423 -0.450 -0.787
vn -0.782 0.441 -0.441
vn -0.792 0.441 -0.423
vn -0.777 0.435 -0.455
vn -0.789 0.445 -0.424
vn 0.386 0.850 -0.359
vn -0.977 -0.015 -0.214
vn 0.791 -0.044 -0.610
vn 0.847 -0.074 -0.527
vn 0.317 -0.415 -0.853
vn 0.507 -0.336 -0.794
vn -0.854 -0.116 -0.507
vn 0.825 -0.152 -0.545
vn 0.855 0.217 -0.471
vn -0.940 -0.047 -0.339
vn -0.795 0.478 -0.373
vn -0.789 0.481 -0.381
vn -0.792 0.507 -0.341
vn 0.497 0.817 -0.292
vn 0.159 0.952 -0.262
vn -0.028 0.883 -0.468
vn -0.187 0.888 -0.420
vn 0.692 -0.558 -0.458
vn 0.095 -0.803 -0.589
vn 0.463 -0.302 -0.833
vn 0.034 -0.475 -0.880
vn 0.656 -0.285 -0.698
vn -0.879 0.285 -0.382
vn 0.396 0.873 -0.284
vn 0.102 -0.956 -0.276
vn 0.939 -0.235 -0.250
vn -0.852 0.057 -0.521
vn 0.167 -0.817 -0.551
vn -0.196 -0.634 -0.748
vn 0.303 -0.293 -0.907
vn 0.048 -0.990 -0.135
vn -0.788 -0.112 -0.606
vn 0.776 0.580 -0.246
vn -0.759 0.591 -0.273
vn 0.003 0.956 -0.294
vn -0.398 -0.913 -0.093
vn -0.001 -0.122 -0.993
vn -0.151 -0.052 -0.987
vn 0.170 -0.062 -0.983
vn -0.081 -0.207 -0.975
vn -0.021 -0.959 -0.284
vn 0.688 -0.188 -0.701
vn -0.696 -0.134 -0.706
vn -0.856 -0.122 -0.502
vn -0.814 0.427 -0.395
vn 0.806 0.553 -0.210
vn -0.469 0.814 -0.344
vn -0.600 0.758 -0.256
vn -0.253 0.930 -0.265
vn 0.831 -0.556 0.023
vn -0.338 -0.132 -0.932
vn 0.489 -0.047 -0.871
vn 0.950 -0.032 -0.309
vn 0.479 -0.047 -0.876
vn -0.411 -0.577 -0.706
vn 0.942 0.262 -0.210
vn 0.793 0.462 -0.397
vn -0.801 0.526 -0.285
vn -0.824 0.530 -0.197
vn 0.570 0.790 -0.229
vn 0.289 0.938 -0.193
vn 0.175 -0.983 -0.060
vn 0.281 -0.763 -0.582
vn 0.372 -0.430 -0.823
vn -0.115 -0.585 -0.802
vn -0.880 -0.173 -0.442
vn 0.300 -0.062 -0.952
vn -0.747 -0.340 -0.571
vn -0.461 -0.137 -0.877
vn 0.768 -0.044 -0.639
vn 0.941 -0.148 -0.304
vn 0.856 -0.208 -0.473
vn -0.940 -0.149 -0.308
vn -0.711 0.663 -0.233
vn 0.623 -0.062 -0.780
vn -0.692 -0.070 -0.719
vn 0.980 -0.200 0.006
vn 0.188 -0.945 -0.267
vn -0.952 -0.027 -0.306
vn 0.995 -0.079 -0.068
vn 0.943 0.048 -0.328
vn -0.796 0.568 -0.208
vn 0.683 0.685 -0.253
vn -0.378 0.899 -0.223
vn -0.581 -0.690 -0.431
vn 0.435 -0.820 0.372
vn -0.248 -0.954 0.169
vn -0.931 -0.363 0.049
vn -0.955 -0.191 0.225
vn 0.991 -0.121 -0.051
vn -0.991 -0.079 0.108
vn 0.848 -0.068 -0.526
vn -0.988 -0.026 -0.152
vn -0.097 -0.928 -0.360
vn -0.548 0.815 -0.190
vn -0.059 0.984 -0.171
vn -0.829 -0.272 -0.488
vn -0.854 -0.098 -0.511
vn -0.500 -0.777 -0.382
vn 0.877 0.426 -0.220
vn -0.911 0.368 -0.188
vn -0.796 0.593 -0.124
vn 0.742 0.657 -0.134
vn -0.675 0.726 -0.130
vn -0.383 0.911 -0.152
vn -0.037 -0.990 -0.134
vn 0.856 -0.402 0.325
vn -0.727 -0.282 0.626
vn 0.894 -0.088 -0.438
vn 0.870 -0.208 0.447
vn -0.985 -0.122 -0.123
vn 0.973 -0.120 0.197
vn 0.875 -0.184 -0.447
vn 0.955 -0.155 -0.255
vn -0.985 0.132 -0.111
vn 0.171 0.972 -0.161
vn 0.233 -0.971 -0.051
vn -0.331 -0.943 0.028
vn 0.732 -0.523 -0.436
vn -0.802 -0.117 -0.586
vn -0.994 -0.088 0.062
vn 0.976 -0.064 -0.207
vn 0.983 -0.118 -0.143
vn 0.981 -0.143 -0.133
vn -0.954 0.296 0.049
vn -0.843 0.538 -0.011
vn 0.550 0.825 -0.127
vn 0.396 0.901 -0.177
vn -0.038 -0.960 0.278
vn 0.622 -0.331 0.710
vn 0.913 -0.399 0.086
vn 0.970 -0.130 -0.203
vn -0.963 -0.160 -0.216
vn 0.392 -0.920 -0.020
vn -0.053 -0.997 -0.053
vn 0.986 -0.079 0.148
vn 0.990 -0.111 0.084
vn -0.992 -0.112 -0.060
vn 0.795 0.603 -0.058
vn 0.546 0.836 -0.044
vn 0.003 -1.000 0.003
vn -0.899 -0.158 0.408
vn 0.996 -0.069 -0.050
vn 0.723 -0.263 0.639
vn 0.841 -0.537 -0.068
vn -0.991 -0.089 0.096
vn -0.918 -0.141 0.371
vn -0.967 -0.140 0.212
vn -0.525 0.844 -0.107
vn 0.033 0.997 -0.063
vn -0.257 -0.940 0.223
vn 0.035 -0.359 0.933
vn -0.435 -0.439 0.786
vn -0.004 -0.990 0.140
vn 0.937 0.350 0.016
vn 0.830 0.551 -0.082
vn 0.445 -0.290 0.847
vn -0.672 -0.231 0.703
vn -0.957 -0.276 0.085
vn -0.885 -0.147 0.442
vn -0.780 -0.546 -0.304
vn 0.733 -0.600 0.321
vn -0.438 -0.898 -0.032
vn 0.359 -0.883 0.304
vn -0.051 -0.994 -0.091
vn -0.988 0.080 0.134
vn 0.845 0.535 0.004
vn 0.739 0.673 -0.023
vn 0.668 0.740 -0.078
vn -0.428 0.901 -0.070
vn 0.485 0.874 -0.017
vn 0.187 0.979 -0.084
vn -0.850 -0.527 0.019
vn -0.315 -0.284 0.905
vn -0.067 -0.997 0.040
vn 0.989 -0.034 0.143
vn 0.940 0.003 0.340
vn 0.350 0.932 -0.090
vn 0.973 -0.075 0.220
vn -0.676 -0.228 0.700
vn 0.421 -0.624 0.658
vn 0.967 -0.057 0.248
vn 0.883 0.088 0.460
vn -0.750 -0.259 0.609
vn 0.948 0.175 0.264
vn -0.934 -0.155 0.323
vn 0.284 -0.314 0.906
vn 0.786 -0.071 0.614
vn -0.694 -0.230 0.683
vn -0.875 -0.205 0.439
vn 0.891 0.447 0.077
vn 0.863 0.494 0.100
vn -0.803 0.595 -0.044
vn -0.655 0.754 -0.050
vn -0.275 0.956 -0.104
vn -0.505 0.862 -0.029
vn 0.043 -0.747 0.664
vn -0.073 -0.307 0.949
vn -0.430 -0.255 0.866
vn -0.857 -0.164 0.489
vn 0.340 -0.432 0.835
vn -0.040 -0.996 0.083
vn 0.931 -0.105 0.349
vn 0.907 0.395 0.146
vn -0.509 0.860 -0.038
vn 0.378 -0.873 0.307
vn 0.775 -0.429 0.464
vn 0.935 -0.119 0.335
vn -0.023 -0.995 0.093
vn -0.673 -0.148 0.724
vn 0.887 -0.061 0.458
vn 0.901 -0.107 0.420
vn 0.945 -0.072 0.318
vn 0.970 0.194 0.144
vn -0.914 0.369 0.172
vn -0.745 0.667 -0.011
vn 0.620 0.784 -0.000
vn 0.198 0.979 -0.043
vn 0.770 -0.094 0.631
vn -0.759 -0.549 0.349
vn -0.281 -0.301 0.911
vn -0.509 -0.810 0.291
vn -0.468 -0.253 0.846
vn 0.766 -0.135 0.628
vn -0.674 -0.167 0.719
vn -0.765 -0.317 0.561
vn -0.928 -0.032 0.371
vn -0.699 -0.512 0.499
vn -0.729 -0.126 0.673
vn 0.461 -0.296 0.837
vn 0.672 -0.074 0.737
vn -0.088 -0.463 0.882
vn 0.838 -0.203 0.506
vn -0.926 -0.139 0.351
vn 0.922 0.386 0.038
vn -0.808 0.590 -0.009
vn 0.724 0.690 -0.016
vn -0.294 0.956 -0.018
vn 0.117 0.993 -0.019
vn -0.215 -0.423 0.880
vn -0.427 -0.106 0.898
vn 0.149 -0.139 0.979
vn 0.606 -0.099 0.789
vn 0.173 -0.982 0.070
vn -0.086 -0.901 0.424
vn -0.497 -0.519 0.695
vn -0.668 -0.247 0.702
vn -0.562 -0.353 0.748
vn -0.687 0.727 -0.007
vn -0.226 -0.126 0.966
vn -0.050 -0.164 0.985
vn -0.622 -0.135 0.771
vn 0.438 -0.082 0.895
vn -0.558 -0.459 0.692
vn 0.001 -0.931 0.366
vn 0.051 -0.650 0.758
vn 0.967 -0.026 0.253
vn 0.977 0.063 0.204
vn -0.440 0.898 -0.005
vn -0.121 0.992 -0.028
vn -0.001 1.000 -0.025
vn 0.252 -0.100 0.963
vn -0.411 -0.202 0.889
vn -0.278 -0.756 0.592
vn 0.653 -0.147 0.743
vn 0.701 -0.326 0.635
vn 0.895 -0.143 0.422
vn -0.943 0.141 0.302
vn -0.965 -0.055 0.255
vn 0.977 0.204 0.056
vn -0.936 0.278 0.217
vn -0.879 0.474 0.057
vn -0.609 0.793 -0.011
vn -0.565 0.825 -0.012
vn -0.124 0.992 -0.020
vn 0.089 -0.147 0.985
vn -0.219 -0.499 0.838
vn -0.395 -0.786 0.475
vn -0.828 -0.448 0.337
vn -0.861 -0.384 0.335
vn 0.667 0.745 -0.004
vn -0.407 0.913 -0.003
vn -0.083 -0.996 0.016
vn -0.248 -0.959 0.139
vn 0.511 -0.145 0.847
vn -0.656 -0.547 0.519
vn -0.708 -0.477 0.521
vn -0.921 -0.279 0.272
vn 0.909 -0.222 0.351
vn 0.309 0.951 -0.012
vn 0.047 -0.998 0.030
vn -0.306 -0.952 0.010
vn 0.204 -0.353 0.913
vn -0.427 -0.881 0.205
vn 0.516 -0.477 0.711
vn 0.912 -0.166 0.375
vn 0.991 -0.132 -0.031
vn -0.882 0.468 -0.055
vn 0.682 0.730 -0.048
vn 0.585 0.811 -0.017
vn -0.265 0.964 -0.014
vn -0.039 -0.999 -0.018
vn 0.238 -0.913 0.330
vn 0.399 -0.821 0.408
vn -0.651 -0.729 0.211
vn 0.823 -0.425 0.377
vn 0.921 -0.330 0.205
vn -0.993 0.023 0.116
vn 0.945 0.327 -0.020
vn -0.908 0.418 -0.005
vn 0.844 0.537 -0.009
vn 0.778 0.629 -0.001
vn 0.773 0.634 -0.002
vn -0.770 0.638 0.005
vn -0.728 0.685 -0.042
vn -0.252 0.966 -0.048
vn 0.735 -0.608 0.300
vn -0.716 -0.692 0.086
vn 0.872 -0.483 0.073
vn -0.909 -0.407 0.090
vn 0.758 0.651 -0.023
vn 0.564 0.826 -0.022
vn 0.556 0.831 -0.011
vn -0.446 0.893 -0.059
vn 0.439 0.898 -0.022
vn 0.314 -0.949 0.040
vn -0.799 -0.598 0.058
vn -0.968 0.248 0.024
vn -0.603 0.797 -0.017
vn 0.289 0.957 -0.040
vn 0.053 0.996 -0.071
vn 0.505 -0.838 0.207
vn 0.897 0.441 -0.039
vn 0.709 0.704 -0.034
vn -0.514 0.857 -0.049
vn -0.327 0.934 -0.142
vn -0.664 -0.747 -0.028
vn -0.151 0.981 -0.122
vn -0.493 -0.870 0.012
vn 0.997 0.019 -0.079
vn -0.962 0.270 -0.036
vn -0.857 0.513 -0.041
vn -0.732 0.676 -0.082
vn 0.157 -0.987 -0.011
vn 0.310 -0.950 -0.038
vn -0.557 -0.830 -0.027
vn 0.780 -0.625 -0.033
vn -0.965 -0.260 0.026
vn 0.787 0.606 -0.113
vn 0.979 0.188 -0.080
vn -0.447 0.892 -0.069
vn -0.578 0.793 -0.193
vn 0.305 0.951 -0.057
vn -0.155 -0.988 -0.012
vn 0.469 -0.883 0.004
vn -0.833 -0.551 -0.053
vn 0.943 -0.331 -0.008
vn 0.951 0.282 -0.128
vn -0.818 0.574 -0.030
vn -0.672 0.726 -0.148
vn 0.512 0.850 -0.127
vn 0.670 0.737 -0.087
vn 0.225 0.961 -0.162
vn 0.630 -0.776 -0.012
vn -0.605 -0.794 -0.053
vn 0.865 -0.499 -0.056
vn 0.408 0.895 -0.179
vn 0.168 -0.985 -0.038
vn -0.310 -0.950 -0.041
vn 0.996 -0.020 -0.081
vn -0.791 0.589 -0.165
vn -0.616 -0.787 -0.030
vn -0.448 -0.893 -0.044
vn -0.950 -0.303 -0.081
vn -0.362 0.911 -0.198
vn 0.541 -0.839 -0.052
vn 0.680 -0.731 -0.060
vn 0.883 -0.464 -0.063
vn 0.987 -0.138 -0.077
vn -0.951 0.296 -0.090
vn 0.953 0.279 -0.117
vn 0.931 0.351 -0.097
vn -0.580 0.791 -0.197
vn 0.131 -0.991 -0.033
vn -0.882 -0.453 -0.128
vn 0.868 0.487 -0.095
vn -0.661 0.727 -0.187
vn -0.209 0.955 -0.209
vn 0.086 0.971 -0.224
vn -0.044 -0.998 -0.040
vn 0.800 -0.598 -0.049
vn -0.860 -0.507 -0.055
vn -0.996 -0.072 -0.058
vn 0.996 0.007 -0.090
vn -0.504 0.844 -0.185
vn -0.021 0.980 -0.196
vn 0.451 -0.890 -0.064
vn -0.747 -0.663 -0.052
vn 0.948 -0.311 -0.068
vn 0.988 0.114 -0.105
vn 0.901 0.410 -0.143
vn -0.844 0.512 -0.157
vn 0.822 0.549 -0.153
vn 0.635 0.751 -0.180
vn 0.276 -0.961 -0.031
vn 0.701 -0.712 -0.025
vn -0.893 0.429 -0.138
vn -0.731 0.654 -0.194
vn -0.201 0.953 -0.227
vn 0.259 0.939 -0.228
vn -0.426 -0.904 -0.045
vn 0.979 0.172 -0.110
vn -0.552 0.808 -0.206
vn 0.469 0.859 -0.206
vn 0.572 0.783 -0.246
vn -0.367 0.902 -0.227
vn -0.229 -0.972 -0.044
vn 0.378 -0.926 -0.013
vn -0.683 -0.730 -0.024
vn 0.954 -0.292 -0.068
vn 0.822 -0.568 -0.041
vn -0.943 -0.325 -0.067
vn -0.984 -0.161 -0.078
vn 0.209 0.953 -0.221
vn -0.026 0.973 -0.229
vn -0.382 -0.924 -0.013
vn 0.599 -0.800 -0.029
vn -0.493 -0.870 -0.015
vn -0.955 0.270 -0.122
vn 0.754 0.634 -0.171
vn 0.338 0.917 -0.211
vn 0.041 -0.999 0.000
vn -0.091 -0.996 0.002
vn -0.127 -0.992 -0.018
vn 0.483 -0.875 -0.008
vn -0.748 -0.663 -0.030
vn 0.895 -0.444 -0.049
vn -0.962 -0.266 -0.055
vn -0.985 0.155 -0.078
vn -0.695 0.695 -0.182
vn 0.094 0.971 -0.222
vn 0.445 -0.895 -0.035
vn -0.462 -0.887 0.007
vn 0.881 -0.470 -0.050
vn -0.865 -0.501 -0.031
vn 0.941 -0.336 -0.049
vn -0.959 -0.273 -0.073
vn -0.932 0.338 -0.131
vn 0.922 0.364 -0.131
vn 0.636 0.749 -0.188
vn 0.542 0.816 -0.201
vn 0.204 -0.979 0.009
vn 0.245 -0.969 0.005
vn -0.321 -0.947 0.025
vn 0.360 -0.933 0.008
vn -0.810 -0.585 -0.046
vn -0.817 0.554 -0.160
vn 0.491 0.846 -0.209
vn -0.455 0.864 -0.215
vn -0.376 0.904 -0.206
vn -0.274 0.933 -0.233
vn -0.225 0.950 -0.215
vn -0.788 -0.616 -0.004
vn -0.932 -0.358 -0.055
vn 0.998 -0.045 -0.050
vn -0.913 0.386 -0.133
vn -0.023 0.973 -0.230
vn 0.506 -0.863 -0.001
vn 0.993 0.049 -0.111
vn -0.677 0.712 -0.188
vn -0.512 0.832 -0.214
vn 0.404 0.889 -0.215
vn 0.303 0.928 -0.217
vn -0.239 -0.971 -0.016
vn 0.719 -0.695 -0.035
vn 0.992 -0.090 -0.086
vn -0.996 -0.011 -0.085
vn -0.980 0.171 -0.100
vn 0.857 0.494 -0.147
vn -0.828 0.545 -0.133
vn -0.772 0.613 -0.170
vn -0.755 0.639 -0.144
vn 0.712 0.683 -0.161
vn -0.539 0.823 -0.180
vn 0.241 0.947 -0.212
vn -0.318 0.929 -0.187
vn 0.009 0.983 -0.183
vn 0.380 -0.923 -0.053
vn -0.516 -0.857 0.004
vn 0.617 -0.787 -0.002
vn 0.884 -0.437 -0.169
vn 0.929 -0.348 -0.125
vn -0.988 -0.135 -0.071
vn -0.995 0.023 -0.092
vn 0.983 0.164 -0.087
vn 0.554 0.810 -0.190
vn 0.456 0.874 -0.168
vn -0.171 0.961 -0.216
vn 0.529 -0.839 -0.126
vn -0.569 -0.822 -0.025
vn -0.670 -0.742 -0.034
vn -0.806 -0.589 -0.048
vn 0.844 -0.527 -0.103
vn -0.878 -0.470 -0.090
vn 0.984 -0.166 -0.065
vn 0.996 0.028 -0.079
vn 0.996 0.032 -0.079
vn 0.923 0.366 -0.116
vn -0.800 0.591 -0.103
vn 0.382 0.905 -0.187
vn -0.435 0.883 -0.177
vn -0.159 0.974 -0.161
vn 0.004 -0.999 0.041
vn -0.101 -0.994 0.033
vn -0.225 -0.974 0.014
vn -0.454 -0.891 0.023
vn 0.505 -0.810 -0.299
vn 0.224 0.958 -0.176
vn -0.499 -0.866 0.011
vn 0.626 -0.533 -0.570
vn 0.788 -0.614 -0.054
vn -0.979 -0.155 -0.132
vn -0.865 0.486 -0.127
vn 0.769 0.616 -0.169
vn -0.655 0.740 -0.153
vn -0.556 0.823 -0.119
vn -0.062 -0.994 0.091
vn 0.698 -0.700 -0.150
vn 0.561 -0.756 -0.338
vn 0.786 -0.551 -0.281
vn -0.680 -0.682 -0.271
vn -0.796 -0.573 -0.193
vn 0.941 -0.247 -0.233
vn 0.975 0.215 -0.049
vn -0.992 0.091 -0.085
vn 0.954 0.276 -0.116
vn 0.949 0.308 -0.065
vn -0.879 0.463 -0.112
vn 0.621 0.763 -0.178
vn 0.732 0.660 -0.167
vn 0.105 0.987 -0.124
vn -0.076 0.987 -0.138
vn 0.225 -0.974 0.023
vn -0.227 -0.973 0.041
vn -0.470 -0.855 -0.220
vn 0.851 -0.405 -0.333
vn -0.925 -0.346 -0.155
vn 0.732 0.674 -0.097
vn -0.239 0.967 -0.090
vn 0.250 -0.882 -0.400
vn -0.344 -0.939 -0.017
vn 0.446 -0.648 -0.617
vn 0.787 -0.530 -0.316
vn 0.979 -0.089 -0.182
vn 0.992 0.099 -0.075
vn -0.989 0.114 -0.090
vn -0.931 0.354 -0.085
vn 0.536 0.836 -0.121
vn -0.425 0.892 -0.154
vn 0.306 0.940 -0.147
vn 0.185 0.972 -0.145
vn 0.050 -0.933 -0.355
vn -0.211 -0.977 -0.013
vn -0.520 -0.746 -0.416
vn -0.678 -0.680 -0.280
vn -0.711 -0.675 -0.196
vn -0.994 -0.045 -0.102
vn 0.860 0.504 -0.075
vn -0.844 0.527 -0.094
vn 0.809 0.575 -0.121
vn -0.677 0.730 -0.094
vn 0.404 0.901 -0.161
vn 0.272 -0.564 -0.780
vn 0.357 0.078 -0.931
vn 0.144 -0.073 -0.987
vn -0.201 0.080 -0.976
vn 0.133 -0.991 0.026
vn 0.006 -0.994 -0.113
vn 0.094 -0.992 0.090
vn 0.095 -0.670 -0.736
vn 0.348 -0.377 -0.859
vn 0.782 -0.445 -0.436
vn 0.967 -0.232 -0.110
vn 0.988 0.130 -0.081
vn -0.669 0.741 -0.061
vn -0.389 0.914 -0.114
vn 0.379 0.921 -0.092
vn -0.011 0.993 -0.120
vn 0.008 -0.880 -0.475
vn -0.296 -0.522 -0.800
vn 0.615 -0.216 -0.758
vn 0.194 0.095 -0.976
vn -0.492 0.073 -0.867
vn 0.138 -0.197 -0.971
vn -0.128 -0.989 0.081
vn 0.603 -0.172 -0.779
vn -0.537 -0.749 -0.389
vn -0.815 -0.469 -0.341
vn 0.911 -0.302 -0.282
vn -0.947 -0.264 -0.182
vn 0.950 -0.259 -0.174
vn -0.972 0.231 -0.038
vn -0.899 0.438 -0.026
vn -0.810 0.583 -0.067
vn -0.763 0.640 -0.092
vn -0.763 0.646 0.001
vn 0.594 0.794 -0.129
vn 0.186 0.980 -0.074
vn -0.537 -0.182 -0.824
vn 0.709 0.057 -0.703
vn -0.724 0.056 -0.688
vn -0.516 0.084 -0.852
vn 0.507 0.148 -0.849
vn -0.109 -0.019 -0.994
vn 0.073 -0.992 0.100
vn -0.106 -0.925 -0.364
vn 0.719 -0.288 -0.633
vn -0.385 -0.734 -0.560
vn 0.733 -0.390 -0.558
vn 0.836 -0.333 -0.437
vn -0.985 -0.066 -0.160
vn -0.989 -0.017 -0.148
vn -0.955 0.287 -0.071
vn 0.939 0.344 -0.009
vn 0.928 0.370 0.051
vn -0.815 0.579 -0.018
vn 0.632 0.773 -0.064
vn -0.616 0.785 -0.066
vn -0.537 0.824 -0.180
vn 0.089 0.992 -0.085
vn 0.844 0.058 -0.533
vn -0.770 0.014 -0.638
vn 0.619 0.104 -0.779
vn 0.694 0.058 -0.717
vn 0.733 0.153 -0.663
vn -0.613 -0.664 -0.428
vn -0.693 -0.558 -0.457
vn 0.876 -0.328 -0.354
vn -0.870 -0.381 -0.313
vn 0.674 0.735 -0.078
vn 0.532 0.846 -0.041
vn 0.452 0.887 -0.096
vn -0.342 -0.924 -0.173
vn -0.742 -0.519 -0.425
vn 0.917 -0.122 -0.380
vn -0.847 -0.094 -0.523
vn -0.556 -0.284 -0.781
vn -0.128 -0.989 0.073
vn -0.087 -0.706 -0.703
vn -0.591 -0.522 -0.615
vn 0.886 -0.174 -0.431
vn -0.943 -0.252 -0.217
vn 0.822 0.568 -0.043
vn -0.563 0.799 0.214
vn -0.258 0.960 -0.112
vn 0.167 -0.981 -0.103
vn 0.693 -0.556 -0.460
vn 0.809 -0.588 -0.029
vn -0.980 -0.171 -0.097
vn 0.981 0.007 -0.195
vn -0.813 -0.298 -0.501
vn 0.890 0.041 -0.454
vn -0.349 -0.738 -0.577
vn 0.001 -0.991 0.137
vn 0.970 -0.202 -0.136
vn -0.751 0.659 0.028
vn 0.742 0.669 -0.055
vn -0.509 0.861 0.003
vn 0.347 0.937 -0.049
vn -0.354 0.935 -0.023
vn -0.178 0.982 -0.061
vn -0.907 0.002 -0.421
vn 0.982 -0.011 -0.191
vn 0.902 0.041 -0.430
vn -0.718 -0.597 -0.359
vn -0.013 -0.990 0.141
vn -0.066 -0.305 -0.950
vn 0.811 -0.170 -0.560
vn -0.475 -0.483 -0.735
vn -0.772 -0.351 -0.529
vn 0.930 -0.195 -0.311
vn 0.978 -0.180 -0.104
vn 0.989 -0.075 0.126
vn 0.992 0.080 -0.100
vn -0.992 0.070 -0.102
vn 0.954 0.300 -0.016
vn 0.987 -0.104 0.121
vn 0.052 -0.055 -0.997
vn -0.207 -0.221 -0.953
vn 0.330 -0.063 -0.942
vn 0.803 0.099 -0.588
vn 0.211 -0.103 -0.972
vn -0.239 -0.054 -0.970
vn 0.168 -0.367 -0.915
vn 0.420 -0.487 -0.765
vn 0.449 -0.308 -0.839
vn -0.140 -0.187 -0.972
vn 0.011 -0.985 0.172
vn -0.456 -0.085 -0.886
vn 0.968 -0.198 -0.157
vn -0.903 -0.310 -0.298
vn 0.983 -0.180 -0.028
vn -0.980 -0.172 -0.098
vn 0.989 -0.056 -0.140
vn 0.991 0.103 0.080
vn -0.984 0.175 -0.043
vn -0.971 0.241 -0.001
vn -0.953 0.304 0.001
vn -0.867 0.495 0.064
vn 0.881 0.470 0.056
vn 0.373 0.927 0.040
vn 0.003 0.999 -0.045
vn -0.286 0.956 -0.060
vn 0.008 0.999 0.031
vn -0.193 -0.981 0.020
vn -0.783 -0.618 0.073
vn 0.472 -0.424 -0.773
vn 0.977 -0.211 0.025
vn 0.116 -0.296 -0.948
vn -0.047 -0.059 -0.997
vn 0.435 -0.097 -0.895
vn 0.981 -0.080 0.175
vn 0.476 -0.064 -0.877
vn 0.479 -0.032 -0.877
vn -0.443 -0.064 -0.894
vn -0.948 -0.318 -0.012
vn -0.386 -0.918 -0.092
vn 0.002 -0.994 0.108
vn 0.319 -0.821 -0.473
vn -0.992 0.107 -0.064
vn -0.948 0.304 0.095
vn 0.686 0.727 0.027
vn -0.388 0.921 0.024
vn -0.146 0.989 -0.024
vn 0.700 -0.095 -0.708
vn 0.985 -0.066 0.159
vn -0.949 -0.080 -0.306
vn -0.591 -0.045 -0.806
vn 0.694 -0.186 -0.695
vn -0.624 -0.121 -0.772
vn 0.996 -0.052 0.073
vn 0.111 -0.965 0.238
vn 0.997 -0.077 0.011
vn 0.988 -0.147 0.046
vn -0.999 0.009 -0.041
vn 0.919 0.365 0.149
vn -0.929 0.367 0.036
vn -0.919 0.369 0.141
vn -0.686 0.726 0.048
vn -0.631 0.775 0.038
vn 0.508 0.859 0.065
vn 0.232 -0.698 0.677
vn 0.397 -0.903 0.166
vn -0.744 -0.051 -0.666
vn 0.653 -0.108 -0.749
vn -0.952 -0.014 -0.306
vn -0.793 -0.041 -0.608
vn -0.735 -0.057 -0.676
vn -0.813 -0.035 -0.581
vn 0.982 -0.187 0.009
vn -0.970 -0.230 -0.079
vn 0.979 -0.169 0.115
vn 0.948 0.305 0.092
vn 0.581 0.813 0.047
vn 0.265 0.964 0.004
vn -0.190 0.979 0.072
vn -0.270 -0.936 0.226
vn 0.121 -0.948 -0.294
vn -0.398 -0.527 -0.751
vn -0.622 -0.381 -0.684
vn -0.866 -0.185 -0.464
vn -0.981 -0.112 0.156
vn 0.863 -0.094 -0.497
vn 0.743 -0.383 -0.549
vn 0.232 -0.962 -0.146
vn 0.027 -0.973 0.230
vn -0.712 -0.270 -0.648
vn -0.856 0.510 0.089
vn 0.848 0.503 0.167
vn 0.803 0.591 0.073
vn -0.756 0.638 0.149
vn 0.646 0.755 0.111
vn -0.607 0.775 0.178
vn -0.330 0.939 0.091
vn 0.116 0.991 0.060
vn 0.304 -0.640 -0.705
vn -0.610 -0.664 -0.433
vn 0.862 -0.354 0.361
vn -0.856 -0.295 0.424
vn 0.890 -0.119 -0.440
vn -0.809 -0.190 0.557
vn -0.859 -0.051 -0.509
vn 0.933 -0.099 -0.346
vn -0.914 -0.059 -0.402
vn 0.982 -0.046 -0.182
vn -0.428 -0.883 0.193
vn 0.981 -0.061 0.183
vn 0.005 -0.961 0.275
vn -0.868 -0.304 -0.393
vn -0.969 -0.191 -0.154
vn 0.926 -0.169 0.339
vn -0.934 0.318 0.161
vn 0.935 0.298 0.194
vn -0.400 0.908 0.128
vn -0.114 -0.806 0.581
vn 0.184 -0.981 -0.060
vn 0.665 -0.651 -0.368
vn 0.666 -0.474 -0.577
vn 0.886 -0.129 0.445
vn -0.923 -0.072 -0.379
vn 0.884 -0.128 0.450
vn -0.938 -0.149 0.313
vn -0.974 -0.032 -0.225
vn 0.813 -0.546 -0.200
vn -0.240 -0.886 0.397
vn -0.933 -0.169 -0.318
vn -0.881 -0.135 -0.454
vn -0.987 -0.126 -0.099
vn -0.977 0.175 0.119
vn 0.976 0.219 -0.011
vn -0.824 0.561 0.077
vn 0.728 0.682 0.070
vn 0.761 0.626 0.173
vn -0.704 0.692 0.161
vn -0.500 0.861 0.090
vn 0.234 0.966 0.109
vn -0.294 0.946 0.133
vn 0.014 -0.425 0.905
vn 0.797 -0.604 -0.001
vn 0.571 -0.408 0.713
vn 0.978 -0.082 -0.191
vn 0.834 -0.139 0.534
vn 0.967 -0.119 -0.226
vn -0.753 -0.635 0.171
vn -0.987 -0.157 0.046
vn 0.948 0.233 0.218
vn 0.555 0.817 0.153
vn -0.088 -0.923 -0.376
vn -0.568 -0.823 0.000
vn -0.571 -0.436 0.695
vn -0.831 -0.478 -0.284
vn -0.476 -0.256 0.841
vn 0.988 -0.129 -0.083
vn 0.991 -0.069 -0.111
vn 0.997 -0.076 -0.028
vn 0.993 -0.102 0.060
vn -0.996 -0.086 -0.018
vn 0.648 -0.186 0.739
vn -0.610 -0.217 0.762
vn -0.992 -0.039 -0.117
vn -0.804 -0.180 0.567
vn -0.733 -0.556 0.393
vn -0.995 -0.039 -0.086
vn 0.844 -0.121 0.523
vn 0.946 -0.085 0.313
vn 0.961 -0.158 0.228
vn 0.927 -0.185 0.327
vn -0.954 -0.145 0.262
vn 0.919 0.275 0.283
vn 0.915 0.313 0.255
vn -0.911 0.351 0.218
vn 0.874 0.341 0.346
vn 0.887 0.399 0.234
vn 0.681 0.712 0.174
vn 0.442 0.881 0.169
vn 0.348 0.918 0.190
vn 0.175 0.951 0.254
vn -0.344 0.912 0.223
vn 0.246 -0.951 0.188
vn 0.427 -0.244 0.871
vn 0.997 -0.077 0.026
vn 0.997 -0.077 -0.027
vn -0.472 -0.199 0.859
vn 0.995 -0.083 0.055
vn -0.996 -0.035 0.077
vn 0.877 -0.128 0.462
vn -0.787 -0.221 0.576
vn -0.879 -0.369 0.302
vn 0.889 -0.427 0.165
vn -0.568 -0.623 0.537
vn 0.546 -0.830 0.112
vn -0.986 -0.131 0.106
vn 0.950 0.115 0.292
vn 0.111 0.984 0.142
vn 0.030 0.970 0.243
vn -0.184 0.967 0.177
vn -0.823 -0.568 0.017
vn -0.967 -0.109 0.230
vn 0.984 -0.114 0.136
vn 0.993 -0.075 0.087
vn 0.996 -0.067 0.056
vn 0.615 -0.199 0.763
vn -0.741 -0.405 0.535
vn -0.334 -0.783 0.524
vn 0.006 -0.937 0.350
vn -0.974 -0.032 0.223
vn 0.888 -0.159 0.431
vn -0.968 -0.031 0.249
vn -0.939 0.203 0.276
vn -0.932 0.292 0.213
vn -0.902 0.277 0.332
vn -0.840 0.502 0.205
vn 0.818 0.482 0.314
vn -0.823 0.488 0.292
vn 0.786 0.572 0.233
vn 0.702 0.667 0.250
vn -0.040 0.992 0.122
vn 0.676 -0.591 0.441
vn -0.984 -0.040 0.176
vn 0.063 -0.242 0.968
vn 0.979 -0.075 0.191
vn 0.424 -0.214 0.880
vn -0.968 -0.041 0.248
vn 0.831 -0.124 0.543
vn -0.891 0.055 0.451
vn 0.892 0.266 0.365
vn 0.480 0.832 0.278
vn -0.439 0.839 0.322
vn -0.484 0.847 0.221
vn 0.126 0.963 0.240
vn 0.922 -0.291 0.254
vn 0.935 -0.074 0.347
vn -0.281 -0.242 0.929
vn 0.903 -0.155 0.401
vn -0.552 -0.272 0.788
vn 0.745 -0.365 0.559
vn -0.315 -0.601 0.735
vn 0.120 -0.914 0.388
vn 0.773 -0.101 0.626
vn 0.621 -0.159 0.768
vn 0.797 -0.200 0.570
vn -0.916 -0.080 0.393
vn 0.857 -0.190 0.479
vn 0.899 0.052 0.435
vn -0.898 -0.078 0.434
vn 0.900 0.210 0.381
vn -0.899 0.362 0.246
vn -0.747 0.618 0.244
vn -0.663 0.701 0.262
vn 0.644 0.726 0.241
vn 0.552 0.790 0.267
vn -0.629 -0.542 0.557
vn -0.852 -0.312 0.421
vn 0.915 -0.079 0.396
vn 0.254 -0.225 0.941
vn -0.201 -0.234 0.951
vn -0.033 -0.230 0.973
vn 0.649 -0.171 0.741
vn 0.521 -0.160 0.838
vn 0.524 -0.147 0.839
vn -0.429 -0.349 0.833
vn 0.599 -0.687 0.411
vn 0.073 -0.937 0.342
vn 0.358 -0.603 0.713
vn -0.857 -0.120 0.501
vn 0.855 -0.178 0.487
vn -0.862 -0.106 0.495
vn -0.914 0.179 0.365
vn -0.773 0.520 0.363
vn 0.742 0.606 0.286
vn 0.673 0.680 0.291
vn 0.638 0.673 0.374
vn 0.317 0.861 0.398
vn -0.386 0.881 0.275
vn -0.263 0.919 0.294
vn -0.114 0.960 0.256
vn 0.633 -0.438 0.638
vn -0.756 -0.122 0.644
vn 0.772 -0.154 0.616
vn -0.778 -0.049 0.627
vn -0.368 -0.248 0.896
vn -0.884 -0.052 0.464
vn 0.168 -0.208 0.964
vn -0.284 -0.288 0.914
vn 0.068 -0.830 0.554
vn 0.056 -0.872 0.486
vn 0.945 -0.069 0.319
vn -0.815 0.459 0.353
vn -0.703 0.631 0.329
vn -0.250 0.888 0.387
vn 0.197 -0.682 0.704
vn -0.141 -0.974 0.178
vn -0.357 -0.568 0.742
vn 0.691 -0.073 0.719
vn 0.889 -0.081 0.450
vn -0.001 -0.435 0.900
vn 0.617 -0.288 0.732
vn 0.748 -0.232 0.622
vn -0.843 -0.101 0.529
vn -0.883 0.243 0.402
vn -0.882 0.339 0.327
vn 0.865 0.206 0.457
vn 0.806 0.420 0.417
vn 0.745 0.544 0.386
vn -0.557 0.770 0.312
vn 0.138 0.905 0.401
vn 0.425 -0.250 0.870
vn 0.595 -0.086 0.799
vn -0.584 -0.065 0.809
vn -0.672 -0.047 0.739
vn 0.747 -0.074 0.661
vn -0.877 -0.038 0.479
vn 0.631 -0.470 0.617
vn -0.105 -0.863 0.494
vn 0.128 -0.189 0.974
vn 0.521 -0.314 0.794
vn -0.740 -0.047 0.671
vn 0.651 -0.335 0.682
vn -0.862 0.326 0.387
vn -0.676 0.638 0.369
vn -0.627 0.684 0.372
vn 0.615 0.679 0.401
vn 0.393 0.879 0.271
vn 0.268 0.920 0.286
vn 0.146 0.947 0.284
vn 0.069 -0.257 0.964
vn -0.382 -0.347 0.857
vn -0.419 -0.061 0.906
vn 0.564 -0.072 0.823
vn 0.529 -0.077 0.845
vn 0.748 -0.065 0.661
vn -0.857 0.004 0.515
vn 0.068 -0.671 0.739
vn 0.032 -0.873 0.487
vn 0.324 -0.309 0.894
vn -0.716 0.029 0.698
vn 0.564 -0.367 0.740
vn -0.789 -0.114 0.604
vn 0.716 -0.254 0.650
vn 0.798 -0.130 0.589
vn -0.850 0.111 0.515
vn -0.875 0.266 0.404
vn -0.157 0.917 0.366
vn -0.194 -0.069 0.978
vn -0.000 -0.060 0.998
vn -0.358 -0.054 0.932
vn 0.305 -0.068 0.950
vn -0.493 -0.051 0.869
vn 0.377 -0.074 0.923
vn -0.607 -0.016 0.795
vn -0.450 0.030 0.892
vn 0.358 -0.283 0.890
vn 0.058 -0.543 0.838
vn 0.226 -0.795 0.563
vn -0.563 -0.046 0.825
vn 0.495 -0.280 0.823
vn 0.520 -0.313 0.795
vn 0.740 -0.212 0.639
vn 0.851 0.052 0.523
vn -0.866 0.176 0.468
vn 0.884 0.056 0.463
vn -0.871 0.225 0.436
vn 0.676 0.599 0.429
vn -0.668 0.630 0.397
vn 0.523 0.761 0.385
vn -0.538 0.738 0.408
vn 0.434 0.813 0.389
vn -0.277 -0.045 0.960
vn -0.078 -0.016 0.997
vn 0.490 -0.171 0.854
vn 0.010 -0.912 0.409
vn 0.048 -0.062 0.997
vn -0.346 -0.133 0.929
vn -0.373 0.019 0.928
vn 0.263 -0.532 0.805
vn 0.466 -0.417 0.781
vn -0.534 -0.144 0.833
vn -0.696 -0.168 0.698
vn 0.872 0.179 0.456
vn 0.890 0.168 0.425
vn -0.813 0.394 0.429
vn -0.743 0.518 0.424
vn -0.622 0.657 0.426
vn -0.020 0.936 0.352
vn 0.098 -0.878 0.469
vn -0.082 -0.853 0.515
vn -0.124 -0.785 0.607
vn 0.011 -0.320 0.947
vn -0.271 -0.292 0.917
vn -0.478 -0.230 0.848
vn -0.688 -0.160 0.707
vn 0.729 -0.201 0.654
vn 0.780 -0.084 0.620
vn 0.763 -0.183 0.619
vn 0.821 -0.022 0.571
vn -0.837 0.319 0.444
vn -0.796 0.372 0.478
vn 0.810 0.395 0.434
vn -0.646 0.606 0.464
vn 0.686 0.624 0.375
vn 0.572 0.719 0.394
vn 0.478 0.775 0.412
vn 0.349 0.847 0.401
vn 0.215 0.894 0.393
vn -0.159 -0.557 0.815
vn 0.316 -0.687 0.654
vn 0.491 -0.501 0.713
vn -0.393 -0.299 0.869
vn -0.770 -0.107 0.629
vn -0.833 0.025 0.553
vn 0.836 0.050 0.546
vn 0.848 0.301 0.436
vn -0.789 0.422 0.447
vn -0.470 0.787 0.400
vn -0.367 0.851 0.376
vn 0.275 -0.766 0.581
vn -0.316 -0.768 0.557
vn 0.354 -0.756 0.550
vn -0.334 -0.653 0.680
vn -0.382 -0.450 0.808
vn 0.567 -0.465 0.680
vn 0.645 -0.582 0.495
vn -0.533 -0.321 0.783
vn -0.653 -0.277 0.705
vn -0.730 -0.204 0.652
vn 0.761 0.486 0.431
vn 0.738 0.543 0.401
vn -0.600 0.692 0.402
vn 0.417 0.839 0.350
vn -0.159 0.903 0.399
vn 0.167 -0.846 0.507
vn -0.600 -0.401 0.692
vn -0.855 0.293 0.429
vn 0.100 0.935 0.340
vn 0.040 0.934 0.356
vn -0.111 0.924 0.367
vn -0.212 0.885 0.414
vn 0.287 -0.816 0.502
vn 0.469 -0.686 0.557
vn 0.469 -0.601 0.647
vn -0.537 -0.456 0.710
vn 0.597 -0.548 0.586
vn 0.684 -0.403 0.608
vn 0.718 -0.325 0.615
vn -0.816 -0.101 0.570
vn 0.917 0.134 0.376
vn 0.880 0.289 0.378
vn -0.753 0.506 0.420
vn 0.779 0.457 0.429
vn -0.364 0.852 0.376
vn 0.046 0.918 0.394
vn -0.282 -0.815 0.505
vn -0.680 -0.484 0.551
vn 0.699 0.615 0.365
vn -0.794 0.509 0.333
vn -0.565 0.761 0.319
vn 0.568 0.746 0.348
vn 0.219 0.911 0.350
vn -0.317 0.866 0.387
vn 0.278 -0.820 0.501
vn -0.011 -0.858 0.514
vn -0.374 -0.759 0.532
vn -0.505 -0.584 0.636
vn -0.573 -0.666 0.477
vn 0.596 -0.548 0.587
vn -0.829 -0.395 0.396
vn 0.732 -0.496 0.468
vn 0.801 -0.381 0.462
vn -0.778 -0.299 0.552
vn -0.847 -0.319 0.425
vn 0.834 -0.114 0.540
vn -0.907 0.121 0.402
vn 0.853 0.374 0.365
vn -0.869 0.385 0.311
vn -0.694 0.630 0.350
vn 0.285 -0.819 0.498
vn -0.213 -0.806 0.552
vn -0.343 -0.813 0.471
vn -0.465 -0.724 0.509
vn 0.527 -0.713 0.462
vn -0.705 -0.548 0.450
vn -0.868 -0.153 0.472
vn 0.898 -0.059 0.435
vn -0.878 0.081 0.471
vn -0.876 0.176 0.450
vn -0.475 0.800 0.367
vn 0.245 0.934 0.261
vn -0.158 -0.852 0.499
vn -0.510 -0.706 0.492
vn 0.905 -0.185 0.382
vn -0.874 -0.056 0.483
vn 0.935 0.038 0.352
vn -0.878 0.316 0.360
vn 0.833 0.464 0.302
vn 0.425 0.858 0.287
vn -0.032 0.955 0.296
vn 0.395 -0.772 0.499
vn -0.432 -0.765 0.478
vn 0.846 -0.280 0.453
vn -0.888 0.350 0.298
vn 0.769 0.543 0.339
vn -0.424 0.863 0.274
vn -0.278 0.910 0.308
vn -0.216 -0.863 0.457
vn -0.262 -0.870 0.417
vn -0.447 -0.781 0.437
vn -0.686 -0.608 0.401
vn 0.788 -0.467 0.400
vn -0.885 -0.257 0.389
vn 0.898 -0.251 0.360
vn -0.884 -0.194 0.425
vn 0.891 0.334 0.308
vn -0.698 0.652 0.296
vn 0.116 0.957 0.265
vn 0.065 0.959 0.277
vn 0.140 -0.888 0.438
vn 0.841 -0.403 0.360
vn 0.861 -0.351 0.368
vn 0.934 -0.087 0.347
vn 0.931 -0.038 0.363
vn -0.940 0.010 0.341
vn -0.814 0.529 0.240
vn -0.023 -0.884 0.466
vn 0.349 -0.844 0.408
vn -0.565 -0.711 0.419
vn 0.669 -0.621 0.409
vn -0.767 -0.516 0.383
vn -0.947 -0.038 0.320
vn -0.660 0.702 0.269
vn -0.539 0.799 0.266
vn 0.425 0.870 0.250
vn -0.125 0.959 0.256
vn 0.298 0.918 0.262
vn -0.417 -0.812 0.409
vn -0.532 -0.753 0.388
vn 0.626 -0.641 0.445
vn -0.643 -0.662 0.384
vn 0.701 -0.604 0.379
vn -0.938 0.143 0.317
vn 0.938 0.121 0.324
vn 0.720 0.622 0.308
vn 0.707 0.662 0.247
vn 0.640 0.721 0.268
vn -0.352 0.896 0.271
vn 0.133 0.958 0.253
vn -0.051 -0.910 0.412
vn 0.232 -0.888 0.397
vn 0.788 -0.495 0.366
vn 0.930 0.193 0.314
vn 0.522 0.806 0.278
vn 0.515 0.813 0.272
vn -0.365 0.899 0.243
vn 0.172 -0.893 0.415
vn -0.194 -0.891 0.411
vn 0.596 -0.713 0.368
vn -0.774 -0.512 0.372
vn -0.922 -0.139 0.360
vn -0.916 0.275 0.293
vn 0.883 0.299 0.363
vn 0.854 0.421 0.306
vn 0.670 0.687 0.279
vn -0.621 0.733 0.277
vn 0.479 -0.778 0.407
vn 0.915 -0.201 0.351
vn -0.833 0.460 0.307
vn -0.775 0.561 0.292
vn 0.611 0.739 0.284
vn 0.338 0.906 0.254
vn -0.302 -0.871 0.387
vn 0.586 -0.705 0.400
vn -0.640 -0.655 0.402
vn 0.720 -0.582 0.379
vn 0.798 -0.470 0.377
vn -0.873 -0.335 0.354
vn 0.492 0.825 0.277
vn -0.437 0.828 0.351
vn -0.380 0.885 0.269
vn -0.205 0.943 0.261
vn -0.517 -0.760 0.394
vn 0.795 -0.440 0.418
vn -0.902 0.281 0.328
vn 0.786 0.526 0.324
vn 0.485 0.796 0.361
vn 0.291 0.894 0.340
vn -0.004 0.963 0.269
vn -0.133 -0.895 0.426
vn 0.446 -0.768 0.461
vn -0.929 -0.098 0.357
vn 0.292 0.881 0.372
vn -0.288 0.913 0.288
vn 0.125 -0.792 0.598
vn -0.233 -0.875 0.424
vn -0.472 -0.751 0.462
vn -0.653 -0.610 0.449
vn -0.758 -0.478 0.445
vn 0.702 -0.578 0.415
vn 0.860 -0.344 0.377
vn 0.863 -0.211 0.458
vn -0.935 0.072 0.347
vn 0.896 0.128 0.425
vn 0.819 0.407 0.406
vn -0.832 0.382 0.402
vn 0.655 0.646 0.392
vn 0.026 -0.893 0.449
vn -0.340 -0.834 0.435
vn 0.591 -0.644 0.486
vn -0.730 0.584 0.356
vn -0.125 0.934 0.334
vn 0.279 -0.846 0.454
vn -0.517 -0.703 0.489
vn 0.780 -0.388 0.490
vn 0.887 0.081 0.455
vn -0.827 0.246 0.505
vn -0.760 0.509 0.404
vn 0.611 0.695 0.380
vn -0.651 0.651 0.390
vn -0.528 0.769 0.360
vn 0.309 0.908 0.282
vn -0.658 -0.555 0.509
vn 0.699 -0.536 0.473
vn -0.871 0.179 0.457
vn 0.468 0.841 0.272
vn -0.326 0.885 0.334
vn -0.021 -0.879 0.476
vn -0.248 -0.842 0.480
vn 0.533 -0.714 0.453
vn 0.934 -0.155 0.323
vn -0.903 -0.027 0.430
vn -0.912 0.256 0.321
vn -0.791 0.472 0.388
vn -0.493 0.866 0.085
vn 0.090 0.969 0.230
vn 0.025 0.945 0.325
vn -0.014 -0.942 0.335
vn 0.291 -0.895 0.338
vn -0.360 -0.844 0.397
vn -0.785 -0.462 0.413
vn -0.776 -0.304 0.553
vn -0.849 -0.289 0.443
vn 0.948 0.112 0.297
vn -0.801 0.558 0.217
vn 0.717 0.690 0.095
vn -0.736 0.656 0.169
vn 0.199 -0.959 -0.203
vn 0.682 -0.606 0.408
vn 0.858 0.365 0.361
vn 0.832 0.527 0.171
vn -0.294 0.914 0.280
vn -0.396 -0.918 -0.030
vn -0.611 -0.734 0.297
vn 0.861 -0.286 0.420
vn -0.917 -0.118 0.382
vn -0.895 0.430 0.121
vn 0.508 0.840 -0.191
vn -0.222 0.892 -0.393
vn 0.788 -0.461 0.407
vn 0.885 -0.453 -0.110
vn 0.635 0.524 -0.568
vn 0.208 0.941 -0.268
vn 0.492 -0.794 -0.358
vn 0.688 -0.725 0.021
vn -0.426 -0.839 -0.338
vn -0.961 -0.264 -0.081
vn 0.917 -0.186 -0.353
vn -0.932 0.133 -0.337
vn 0.982 0.153 -0.113
vn -0.752 0.575 -0.321
vn -0.379 0.218 -0.899
vn -0.393 0.606 -0.692
vn -0.046 0.531 -0.846
vn 0.281 0.273 -0.920
vn 0.163 0.395 -0.904
vn 0.040 -0.894 -0.446
vn -0.770 -0.637 0.028
vn -0.769 -0.559 -0.310
vn 0.544 0.099 -0.833
vn 0.190 0.112 -0.975
vn -0.155 0.066 -0.986
vn -0.160 0.165 -0.973
vn 0.163 0.069 -0.984
vn 0.135 0.030 -0.990
vn -0.068 0.135 -0.988
vn -0.141 0.070 -0.987
vn 0.083 0.077 -0.994
vn -0.028 0.104 -0.994
vn 0.050 0.152 -0.987
vn -0.030 0.160 -0.987
vn -0.176 -0.919 -0.352
vn 0.679 -0.587 -0.441
vn -0.719 -0.350 -0.600
vn 0.266 -0.029 -0.964
vn 0.181 -0.049 -0.982
vn 0.201 -0.042 -0.979
vn -0.261 0.006 -0.965
vn 0.188 0.006 -0.982
vn 0.183 0.016 -0.983
vn -0.156 0.016 -0.988
vn 0.126 0.105 -0.986
vn 0.185 0.102 -0.977
vn 0.161 0.172 -0.972
vn 0.094 0.150 -0.984
vn -0.044 0.175 -0.984
vn -0.029 0.175 -0.984
vn -0.040 0.110 -0.993
vn 0.056 0.107 -0.993
vn -0.121 0.168 -0.978
vn -0.033 0.267 -0.963
vn -0.544 -0.588 -0.598
vn 0.496 -0.610 -0.618
vn 0.589 -0.443 -0.676
vn 0.494 -0.303 -0.815
vn 0.547 -0.210 -0.810
vn -0.708 -0.109 -0.697
vn 0.497 -0.126 -0.859
vn 0.277 -0.141 -0.951
vn -0.275 -0.138 -0.952
vn -0.225 -0.072 -0.972
vn 0.225 -0.042 -0.973
vn 0.235 -0.090 -0.968
vn 0.294 -0.017 -0.956
vn 0.258 0.028 -0.966
vn -0.190 0.059 -0.980
vn -0.228 0.140 -0.964
vn -0.312 0.075 -0.947
vn 0.184 0.150 -0.972
vn -0.165 0.109 -0.980
vn 0.213 0.206 -0.955
vn -0.179 0.229 -0.957
vn 0.099 0.244 -0.965
vn -0.098 0.283 -0.954
vn -0.012 0.300 -0.954
vn 0.293 -0.860 -0.418
vn 0.449 -0.751 -0.483
vn -0.403 -0.269 -0.875
vn 0.361 -0.298 -0.884
vn 0.315 -0.289 -0.904
vn -0.379 -0.212 -0.901
vn -0.297 -0.232 -0.926
vn 0.277 -0.169 -0.946
vn 0.340 -0.159 -0.927
vn 0.260 -0.076 -0.963
vn 0.337 -0.075 -0.939
vn 0.471 -0.050 -0.881
vn -0.259 -0.002 -0.966
vn -0.391 -0.034 -0.920
vn 0.280 0.086 -0.956
vn 0.326 0.092 -0.941
vn 0.237 0.135 -0.962
vn -0.332 0.198 -0.922
vn -0.285 0.212 -0.935
vn -0.342 0.337 -0.877
vn 0.245 0.320 -0.915
vn 0.208 0.270 -0.940
vn -0.311 0.420 -0.852
vn 0.160 0.250 -0.955
vn 0.165 0.393 -0.904
vn -0.069 0.348 -0.935
vn 0.066 0.270 -0.961
vn 0.072 -0.908 -0.413
vn -0.447 -0.778 -0.442
vn -0.575 -0.509 -0.640
vn 0.389 -0.396 -0.832
vn -0.382 -0.424 -0.821
vn 0.294 -0.257 -0.921
vn -0.315 -0.103 -0.944
vn 0.424 -0.127 -0.896
vn 0.438 0.036 -0.898
vn 0.372 0.112 -0.921
vn 0.375 0.172 -0.911
vn -0.399 0.218 -0.891
vn 0.344 0.270 -0.899
vn 0.348 0.392 -0.852
vn -0.168 0.312 -0.935
vn 0.289 0.506 -0.813
vn -0.145 0.474 -0.869
vn -0.212 0.454 -0.865
vn 0.106 0.357 -0.928
vn 0.005 0.484 -0.875
vn -0.061 0.496 -0.866
vn 0.442 -0.591 -0.675
vn -0.445 -0.481 -0.755
vn 0.452 -0.558 -0.696
vn -0.517 -0.369 -0.772
vn 0.364 -0.383 -0.849
vn 0.478 -0.450 -0.754
vn 0.333 -0.383 -0.862
vn 0.459 -0.290 -0.840
vn 0.472 -0.245 -0.847
vn 0.454 -0.166 -0.876
vn -0.673 -0.321 -0.666
vn 0.720 -0.257 -0.645
vn 0.508 0.036 -0.860
vn 0.732 -0.016 -0.681
vn -0.442 0.061 -0.895
vn 0.532 0.142 -0.835
vn -0.552 0.160 -0.818
vn 0.472 0.252 -0.845
vn 0.693 0.298 -0.657
vn -0.496 0.336 -0.801
vn 0.421 0.354 -0.835
vn -0.366 0.375 -0.852
vn 0.391 0.459 -0.798
vn 0.337 0.494 -0.801
vn 0.162 0.478 -0.863
vn 0.047 0.407 -0.912
vn -0.023 0.827 -0.562
vn -0.304 -0.816 -0.492
vn -0.378 -0.853 -0.359
vn -0.392 -0.771 -0.501
vn 0.311 -0.808 -0.501
vn -0.464 -0.666 -0.584
vn 0.767 -0.566 -0.301
vn 0.682 -0.356 -0.639
vn -0.557 -0.172 -0.812
vn -0.598 -0.081 -0.797
vn -0.683 0.058 -0.728
vn 0.833 0.138 -0.536
vn 0.631 0.446 -0.634
vn -0.680 0.506 -0.530
vn 0.568 0.543 -0.618
vn -0.393 0.615 -0.683
vn 0.183 0.567 -0.803
vn -0.181 0.822 -0.539
vn 0.110 0.638 -0.762
vn 0.275 -0.914 -0.297
vn -0.119 -0.982 -0.148
vn -0.509 -0.750 -0.424
vn -0.554 -0.599 -0.578
vn -0.640 -0.530 -0.556
vn -0.828 -0.336 -0.449
vn 0.926 -0.232 -0.297
vn 1.000 -0.004 -0.012
vn 0.872 0.490 -0.013
vn -0.720 0.464 -0.515
vn 0.731 0.670 -0.127
vn -0.574 0.632 -0.520
vn -0.527 0.841 -0.122
vn 0.319 0.822 -0.471
vn -0.313 0.760 -0.569
vn 0.407 -0.914 -0.013
vn 0.494 -0.869 -0.025
vn 0.538 -0.826 -0.168
vn 0.590 -0.706 0.393
vn -0.580 -0.751 0.316
vn -0.597 -0.770 0.225
vn 0.877 -0.480 0.017
vn -0.898 -0.395 0.195
vn -0.889 0.071 -0.452
vn 0.903 0.319 -0.287
vn -0.928 0.228 -0.295
vn -0.816 0.367 -0.446
vn -0.817 0.571 0.076
vn -0.702 0.704 0.104
vn 0.525 0.811 -0.257
vn -0.327 0.915 0.237
vn 0.178 0.973 -0.149
vn -0.114 0.969 0.220
vn 0.025 -0.988 -0.153
vn -0.228 -0.926 -0.302
vn 0.425 -0.797 -0.428
vn -0.706 -0.707 0.026
vn 0.674 -0.739 -0.020
vn -0.592 -0.567 0.573
vn -0.814 -0.581 -0.019
vn 0.635 -0.522 0.570
vn 0.673 -0.149 0.724
vn -0.871 0.362 0.333
vn 0.910 0.208 0.360
vn -0.571 0.678 0.463
vn 0.595 0.624 0.507
vn 0.524 0.730 0.440
vn 0.192 0.733 0.653
vn 0.059 0.927 0.371
vn 0.207 -0.977 -0.053
vn -0.300 -0.951 -0.079
vn -0.531 -0.846 0.059
vn -0.525 -0.704 0.477
vn 0.524 -0.553 0.648
vn 0.588 -0.664 0.462
vn -0.679 -0.598 0.425
vn 0.500 -0.331 0.800
vn -0.976 -0.172 -0.134
vn 0.705 0.354 0.615
vn 0.661 0.505 0.555
vn 0.429 0.721 0.544
vn 0.326 0.519 0.790
vn 0.393 0.872 0.293
vn -0.576 -0.574 0.581
vn 0.797 -0.307 0.521
vn -0.718 -0.174 0.674
vn 0.634 0.017 0.773
vn -0.835 -0.052 0.548
vn -0.631 0.369 0.682
vn -0.420 0.309 0.853
vn -0.547 0.495 0.675
vn -0.438 0.567 0.698
vn -0.426 0.780 0.459
vn -0.253 0.676 0.692
vn -0.129 0.810 0.572
vn -0.062 -0.997 -0.037
vn -0.080 -0.991 -0.105
vn -0.402 -0.915 -0.038
vn -0.681 -0.725 0.100
vn 0.642 -0.324 0.695
vn -0.518 -0.454 0.724
vn -0.543 -0.327 0.774
vn 0.534 -0.198 0.822
vn -0.818 0.147 0.556
vn 0.399 0.076 0.914
vn -0.547 0.165 0.821
vn 0.409 0.272 0.871
vn -0.434 0.226 0.872
vn 0.406 0.400 0.822
vn 0.412 0.464 0.784
vn 0.259 0.548 0.796
vn -0.177 0.497 0.849
vn -0.302 0.522 0.798
vn 0.214 0.533 0.818
vn -0.015 0.617 0.787
vn -0.131 0.566 0.814
vn 0.566 -0.818 0.104
vn -0.743 -0.604 0.289
vn -0.634 -0.692 0.346
vn 0.685 -0.537 0.492
vn -0.525 -0.496 0.692
vn -0.456 -0.418 0.785
vn -0.390 -0.274 0.879
vn -0.328 -0.191 0.925
vn -0.422 -0.238 0.875
vn -0.450 -0.173 0.876
vn 0.367 -0.152 0.918
vn -0.464 -0.099 0.881
vn -0.368 0.031 0.929
vn -0.346 0.090 0.934
vn -0.465 0.093 0.880
vn 0.505 0.155 0.849
vn 0.294 0.278 0.914
vn -0.349 0.385 0.854
vn -0.282 0.361 0.889
vn -0.237 0.351 0.906
vn 0.249 0.342 0.906
vn 0.164 0.370 0.915
vn -0.189 0.369 0.910
vn 0.085 0.573 0.815
vn -0.002 0.368 0.930
vn -0.225 -0.974 -0.042
vn 0.376 -0.927 -0.009
vn -0.492 -0.869 0.055
vn -0.689 -0.344 0.638
vn -0.883 -0.260 0.390
vn 0.412 -0.294 0.862
vn -0.373 -0.196 0.907
vn 0.380 -0.116 0.918
vn 0.278 -0.126 0.952
vn -0.307 -0.086 0.948
vn -0.540 -0.009 0.842
vn 0.379 -0.037 0.925
vn 0.248 -0.034 0.968
vn 0.238 0.039 0.970
vn 0.284 0.103 0.953
vn 0.235 0.125 0.964
vn -0.337 0.135 0.932
vn -0.289 0.221 0.931
vn 0.323 0.198 0.926
vn 0.245 0.251 0.937
vn -0.187 0.280 0.942
vn -0.099 0.343 0.934
vn 0.053 0.376 0.925
vn -0.052 0.400 0.915
vn 0.142 0.400 0.906
vn -0.375 -0.927 -0.033
vn 0.721 -0.660 0.211
vn 0.658 -0.668 0.346
vn 0.699 -0.088 0.709
vn -0.696 -0.104 0.710
vn -0.255 -0.058 0.965
vn 0.254 -0.067 0.965
vn -0.366 -0.075 0.928
vn 0.178 -0.053 0.983
vn 0.186 -0.124 0.975
vn -0.296 -0.051 0.954
vn -0.287 0.013 0.958
vn -0.217 0.008 0.976
vn -0.254 0.074 0.964
vn 0.639 0.256 0.726
vn -0.220 0.144 0.965
vn -0.246 0.121 0.962
vn 0.172 0.166 0.971
vn -0.173 0.179 0.969
vn -0.225 0.224 0.948
vn -0.143 0.182 0.973
vn 0.082 0.186 0.979
vn -0.133 0.250 0.959
vn 0.176 0.237 0.956
vn 0.066 0.250 0.966
vn 0.029 0.254 0.967
vn 0.012 0.267 0.964
vn -0.091 0.244 0.966
vn 0.741 -0.666 0.083
vn -0.581 -0.813 0.030
vn 0.855 -0.370 0.365
vn -0.914 -0.363 0.180
vn 0.967 -0.136 0.217
vn -0.312 -0.092 0.946
vn 0.376 0.167 0.912
vn -0.439 0.150 0.886
vn 0.261 0.068 0.963
vn -0.225 -0.034 0.974
vn -0.410 -0.170 0.896
vn 0.536 -0.245 0.808
vn -0.227 0.058 0.972
vn 0.369 0.022 0.929
vn -0.746 0.370 0.554
vn 0.265 0.504 0.822
vn -0.059 0.909 0.413
vn 0.073 0.169 0.983
vn -0.088 0.164 0.983
vn 0.122 0.185 0.975
vn -0.033 0.240 0.970
vn -0.013 0.128 0.992
vn 0.113 0.256 0.960
vn 0.029 0.151 0.988
vn -0.030 0.256 0.966
vn -0.060 0.196 0.979
vn 0.459 -0.887 -0.048
vn 0.960 0.111 0.257
vn 0.675 0.191 0.712
vn -0.186 0.012 0.983
vn -0.248 0.116 0.962
vn -0.159 -0.019 0.987
vn 0.127 -0.027 0.991
vn -0.235 -0.393 0.889
vn -0.163 -0.032 0.986
vn 0.054 0.118 0.992
vn 0.003 0.085 0.996
vn 0.129 0.053 0.990
vn -0.360 0.093 0.928
vn -0.035 0.079 0.996
vn 0.331 0.157 0.931
vn -0.037 0.128 0.991
vn -0.717 0.655 0.241
vn 0.020 0.102 0.995
vn -0.019 0.118 0.993
vn -0.069 0.197 0.978
vn 0.017 0.159 0.987
vn 0.133 -0.991 -0.030
vn -0.723 0.319 0.613
vn 0.560 0.548 0.622
vn 0.104 0.763 0.638
vn 0.210 0.377 0.902
vn 0.038 0.339 0.940
vn -0.090 0.312 0.946
vn 0.672 -0.468 0.574
vn 0.029 0.092 0.995
vn 0.036 0.100 0.994
vn -0.698 -0.016 0.716
vn 0.937 -0.098 0.336
vn 0.645 0.598 -0.476
vn 0.852 -0.502 0.147
vn 0.928 -0.363 0.087
vn -0.974 -0.154 0.166
vn -0.855 0.161 0.493
vn 0.786 0.459 0.413
vn -0.507 0.377 0.775
vn -0.367 0.591 0.718
vn -0.231 -0.661 0.714
vn 0.920 -0.201 0.336
vn -0.984 0.178 0.021
vn 0.992 0.003 0.127
vn 0.985 0.157 -0.076
vn 0.650 0.658 -0.381
vn 0.647 0.594 -0.478
vn -0.693 -0.721 0.013
vn 0.740 -0.672 -0.031
vn -0.832 -0.553 0.044
vn -0.815 0.508 0.278
vn 0.313 0.748 0.585
vn -0.295 0.892 0.343
vn -0.539 -0.514 0.667
vn 0.987 0.137 0.081
vn -0.317 0.885 -0.340
vn -0.196 -0.980 -0.022
vn 0.335 -0.942 -0.013
vn 0.564 -0.826 0.010
vn -0.663 0.638 0.392
vn -0.685 0.700 0.200
vn 0.568 0.772 0.283
vn -0.432 0.883 0.181
vn -0.124 0.839 0.529
vn 0.205 -0.411 0.888
vn -0.608 -0.493 0.622
vn -0.817 0.472 -0.332
vn -0.412 0.750 -0.518
vn -0.625 0.639 -0.449
vn 0.166 0.753 -0.636
vn -0.513 -0.858 0.007
vn 0.877 0.462 0.131
vn 0.748 0.645 0.157
vn 0.232 -0.644 0.729
vn -0.288 -0.637 0.715
vn -0.818 -0.341 0.464
vn -0.788 -0.319 0.527
vn -0.985 -0.049 0.167
vn -0.912 0.372 -0.171
vn 0.339 0.732 -0.591
vn -0.179 -0.976 0.127
vn -0.505 -0.858 0.094
vn 0.531 -0.822 0.205
vn 0.954 0.275 0.115
vn -0.902 0.417 0.112
vn -0.691 0.720 0.060
vn -0.068 0.982 0.176
vn 0.699 -0.408 0.588
vn -0.935 -0.154 0.320
vn 0.911 0.359 -0.203
vn 0.465 -0.884 0.057
vn 0.659 -0.737 0.150
vn 0.782 -0.623 0.036
vn 0.942 -0.325 0.090
vn -0.987 0.123 0.106
vn 0.263 0.951 0.164
vn -0.109 -0.667 0.737
vn 0.279 -0.632 0.723
vn -0.833 -0.354 0.426
vn -0.090 0.777 -0.623
vn -0.195 0.823 -0.534
vn 0.349 -0.937 0.014
vn -0.352 -0.925 0.142
vn -0.904 -0.425 0.043
vn 0.989 0.102 0.105
vn 0.780 0.621 0.081
vn 0.666 0.735 0.124
vn -0.338 0.930 0.146
vn 0.103 -0.622 0.776
vn 0.529 -0.539 0.656
vn -0.993 0.044 0.113
vn 0.964 -0.166 0.209
vn 0.929 0.332 -0.163
vn -0.765 0.574 -0.293
vn 0.116 -0.988 0.103
vn -0.063 -0.998 -0.001
vn -0.681 -0.730 0.048
vn -0.801 0.581 0.144
vn -0.286 -0.613 0.737
vn 0.917 -0.195 0.348
vn -0.998 0.061 -0.002
vn 0.981 0.113 0.156
vn 0.627 0.684 -0.373
vn -0.802 0.568 -0.186
vn 0.220 -0.955 0.200
vn -0.796 -0.574 0.190
vn -0.990 -0.117 0.076
vn 0.929 0.337 0.152
vn 0.448 0.879 0.163
vn 0.122 0.965 -0.233
vn -0.802 -0.397 0.446
vn 0.829 -0.363 0.426
vn -0.979 0.201 -0.036
vn 0.549 0.705 -0.449
vn -0.561 -0.807 0.181
vn 0.751 -0.607 0.260
vn 0.706 -0.683 0.187
vn 0.992 -0.080 0.102
vn -0.984 0.125 0.124
vn -0.948 0.295 0.116
vn -0.598 0.788 0.150
vn 0.584 0.792 0.176
vn -0.726 -0.431 0.536
vn 0.872 -0.255 0.418
vn 0.398 0.820 -0.411
vn -0.477 0.800 -0.363
vn -0.787 -0.558 0.263
vn 0.180 -0.652 0.736
vn 0.709 -0.442 0.549
vn -0.959 -0.013 0.282
vn -0.969 0.181 0.170
vn -0.050 -0.978 0.200
vn -0.908 0.359 0.216
vn 0.765 0.616 0.188
vn -0.671 0.699 0.248
vn 0.850 0.414 -0.326
vn 0.766 -0.343 0.544
vn 0.983 0.141 0.121
vn 0.236 0.875 -0.423
vn 0.881 -0.426 0.205
vn -0.792 0.554 0.258
vn 0.606 0.760 0.235
vn -0.340 0.907 -0.249
vn 0.417 0.907 0.067
vn 0.238 0.710 -0.663
vn -0.377 -0.598 0.707
vn -0.892 -0.219 0.396
vn -0.973 -0.119 0.200
vn -0.972 0.235 0.014
vn 0.792 0.569 -0.219
vn 0.226 -0.963 0.145
vn 0.082 -0.962 0.262
vn -0.359 -0.908 0.214
vn -0.970 0.064 0.236
vn 0.753 0.583 0.305
vn 0.387 0.872 0.299
vn -0.317 0.912 0.261
vn -0.829 0.558 -0.033
vn -0.854 0.412 -0.316
vn 0.046 -0.663 0.747
vn -0.461 -0.585 0.667
vn -0.646 0.689 -0.328
vn 0.761 0.615 -0.206
vn -0.208 -0.960 0.187
vn -0.942 -0.240 0.235
vn 0.951 0.153 0.269
vn 0.873 0.364 0.325
vn -0.471 0.856 0.213
vn -0.517 0.796 0.315
vn 0.610 0.698 0.374
vn 0.987 0.079 0.139
vn 0.526 0.759 -0.384
vn -0.455 -0.840 0.296
vn -0.780 -0.507 0.367
vn 0.858 -0.407 0.314
vn 0.924 -0.189 0.333
vn 0.668 0.652 0.360
vn 0.471 0.824 0.314
vn -0.326 0.881 0.344
vn -0.904 0.082 0.419
vn 0.937 0.305 -0.171
vn -0.630 -0.440 0.640
vn -0.562 -0.760 0.326
vn -0.668 -0.688 0.285
vn -0.855 0.272 0.441
vn 0.519 0.754 0.402
vn 0.265 0.837 0.479
vn -0.260 0.875 0.408
vn -0.339 0.475 0.812
vn -0.867 -0.045 0.497
vn -0.965 0.259 0.035
vn -0.306 0.899 -0.314
vn 0.138 0.871 -0.472
vn -0.418 -0.908 -0.025
vn 0.399 -0.894 0.205
vn 0.721 -0.566 0.400
vn -0.944 0.095 0.317
vn 0.840 0.299 0.453
vn -0.797 0.512 0.321
vn 0.696 0.563 0.446
vn -0.668 0.658 0.348
vn 0.350 0.390 0.852
vn 0.777 -0.062 0.626
vn -0.879 0.477 0.023
vn 0.366 -0.609 0.704
vn -0.547 -0.514 0.660
vn -0.687 -0.453 0.569
vn 0.880 -0.283 0.381
vn -0.634 0.772 -0.041
vn 0.745 -0.628 0.226
vn 0.839 -0.257 0.479
vn -0.700 0.604 0.381
vn 0.164 0.906 0.390
vn 0.175 -0.596 0.784
vn 0.538 -0.327 0.777
vn -0.965 0.261 -0.013
vn 0.978 0.083 0.192
vn 0.588 0.762 -0.271
vn 0.052 -0.996 -0.068
vn 0.580 -0.766 0.277
vn -0.772 -0.422 0.476
vn -0.896 0.057 0.441
vn -0.736 0.464 0.493
vn 0.706 0.467 0.533
vn 0.472 0.717 0.513
vn -0.557 0.695 0.456
vn -0.121 -0.143 0.982
vn 0.809 0.109 0.578
vn -0.632 -0.762 0.143
vn 0.706 -0.539 0.461
vn -0.633 -0.684 0.363
vn -0.644 -0.662 0.382
vn -0.870 -0.245 0.427
vn 0.904 0.107 0.415
vn -0.010 0.890 0.455
vn -0.847 0.108 0.520
vn 0.518 -0.847 0.115
vn 0.764 -0.451 0.461
vn 0.795 -0.009 0.607
vn 0.502 0.539 0.676
vn 0.500 -0.865 -0.044
vn -0.797 -0.515 0.316
vn -0.797 -0.076 0.600
vn -0.852 0.188 0.489
vn -0.728 0.328 0.602
vn -0.433 0.743 0.510
vn -0.603 -0.798 0.008
vn 0.824 -0.341 0.453
vn -0.514 0.623 0.590
vn -0.418 0.567 0.710
vn -0.106 0.792 0.601
vn -0.781 -0.603 0.163
vn 0.696 0.227 0.681
vn 0.063 -0.993 0.096
vn 0.710 -0.705 0.005
vn 0.889 0.018 0.458
vn 0.608 0.460 0.647
vn -0.639 0.433 0.636
vn -0.283 0.728 0.624
vn -0.070 -0.996 -0.059
vn 0.520 -0.827 0.214
vn 0.238 0.671 0.702
vn 0.763 -0.545 0.346
vn 0.945 -0.208 0.253
vn 0.712 0.182 0.678
vn -0.690 0.210 0.693
vn -0.058 0.611 0.790
vn 0.824 -0.551 0.130
vn -0.942 -0.117 0.314
vn -0.582 0.257 0.771
vn 0.542 0.364 0.758
vn -0.456 0.411 0.790
vn -0.797 -0.216 0.564
vn 0.730 0.431 0.531
vn -0.861 0.113 0.496
vn 0.205 0.552 0.808
vn -0.103 0.541 0.834
vn 0.031 -0.929 0.368
vn -0.799 -0.575 0.177
vn 0.917 -0.180 0.357
vn -0.647 0.481 0.592
vn 0.265 0.654 0.709
vn -0.430 0.741 0.516
vn -0.124 0.692 0.711
vn -0.401 -0.885 0.238
vn -0.877 0.168 0.450
vn 0.601 -0.456 0.657
vn -0.370 -0.750 0.548
vn -0.855 -0.263 0.446
vn 0.816 0.245 0.524
vn 0.487 0.617 0.619
vn 0.260 -0.764 0.590
vn 0.686 -0.143 0.714
vn 0.814 -0.039 0.579
vn -0.468 0.622 0.627
vn -0.692 -0.012 0.722
vn -0.322 0.329 0.888
vn 0.048 0.672 0.739
vn -0.402 -0.432 0.807
vn 0.413 0.120 0.903
vn 0.057 -0.250 0.967
usemtl creature
f 6//6 2//2 1//1
f 1//1 4//4 5//5
f 7//7 6//6 1//1
f 5//5 7//7 1//1
f 9//9 2//2 8//8
f 2//2 9//9 1//1
f 9//9 4//4 1//1
f 2//2 6//6 8//8
f 8//8 3//3 9//9
f 6//6 10//10 8//8
f 6//6 21//21 10//10
f 25//25 4//4 9//9
f 17//17 7//7 5//5
f 3//3 8//8 10//10
f 12//12 5//5 4//4
f 11//11 6//6 7//7
f 13//13 11//11 7//7
f 17//17 5//5 12//12
f 3//3 20//20 9//9
f 13//13 7//7 17//17
f 3//3 10//10 16//16
f 4//4 18//18 12//12
f 15//15 4//4 25//25
f 6//6 11//11 21//21
f 18//18 4//4 24//24
f 20//20 25//25 9//9
f 15//15 24//24 4//4
f 11//11 27//27 21//21
f 14//14 17//17 12//12
f 22//22 12//12 18//18
f 12//12 22//22 14//14
f 3//3 16//16 41//41
f 20//20 3//3 19//19
f 16//16 10//10 23//23
f 26//26 15//15 25//25
f 28//28 13//13 17//17
f 14//14 28//28 17//17
f 41//41 16//16 43//43
f 36//36 24//24 15//15
f 38//38 14//14 22//22
f 41//41 42//42 3//3
f 23//23 10//10 21//21
f 26//26 25//25 29//29
f 23//23 21//21 30//30
f 37//37 11//11 13//13
f 24//24 22//22 18//18
f 31//31 37//37 13//13
f 28//28 31//31 13//13
f 27//27 30//30 21//21
f 11//11 37//37 27//27
f 38//38 22//22 24//24
f 19//19 25//25 20//20
f 16//16 44//44 43//43
f 26//26 35//35 15//15
f 45//45 30//30 27//27
f 35//35 36//36 15//15
f 38//38 24//24 36//36
f 19//19 29//29 25//25
f 39//39 37//37 31//31
f 38//38 32//32 14//14
f 31//31 28//28 14//14
f 3//3 42//42 19//19
f 16//16 23//23 44//44
f 44//44 23//23 30//30
f 31//31 14//14 39//39
f 42//42 29//29 19//19
f 27//27 34//34 45//45
f 37//37 34//34 27//27
f 49//49 38//38 36//36
f 65//65 14//14 32//32
f 44//44 30//30 33//33
f 33//33 30//30 45//45
f 35//35 58//58 36//36
f 39//39 14//14 40//40
f 53//53 29//29 42//42
f 26//26 29//29 53//53
f 47//47 35//35 26//26
f 58//58 35//35 47//47
f 39//39 48//48 37//37
f 49//49 36//36 58//58
f 40//40 48//48 39//39
f 40//40 14//14 65//65
f 55//55 32//32 72//72
f 33//33 52//52 44//44
f 26//26 53//53 47//47
f 37//37 61//61 34//34
f 40//40 46//46 48//48
f 49//49 32//32 38//38
f 49//49 72//72 32//32
f 50//50 65//65 32//32
f 41//41 68//68 42//42
f 42//42 68//68 53//53
f 34//34 33//33 45//45
f 44//44 51//51 43//43
f 34//34 54//54 33//33
f 79//79 58//58 47//47
f 88//88 49//49 58//58
f 64//64 48//48 46//46
f 88//88 71//71 49//49
f 71//71 72//72 49//49
f 40//40 65//65 59//59
f 43//43 51//51 75//75
f 43//43 75//75 41//41
f 41//41 75//75 68//68
f 48//48 61//61 37//37
f 40//40 63//63 46//46
f 59//59 63//63 40//40
f 55//55 50//50 32//32
f 51//51 44//44 52//52
f 85//85 53//53 68//68
f 85//85 70//70 53//53
f 53//53 70//70 47//47
f 62//62 47//47 70//70
f 62//62 79//79 47//47
f 48//48 57//57 61//61
f 48//48 64//64 57//57
f 63//63 64//64 46//46
f 51//51 67//67 75//75
f 105//105 69//69 68//68
f 69//69 85//85 68//68
f 54//54 60//60 33//33
f 88//88 58//58 79//79
f 96//96 63//63 59//59
f 80//80 74//74 72//72
f 55//55 72//72 74//74
f 66//66 56//56 65//65
f 50//50 66//66 65//65
f 55//55 74//74 50//50
f 60//60 76//76 52//52
f 60//60 52//52 33//33
f 85//85 100//100 70//70
f 63//63 96//96 64//64
f 59//59 73//73 96//96
f 73//73 59//59 65//65
f 81//81 65//65 56//56
f 105//105 85//85 69//69
f 85//85 77//77 78//78
f 78//78 100//100 85//85
f 34//34 60//60 54//54
f 61//61 60//60 34//34
f 57//57 87//87 61//61
f 80//80 71//71 88//88
f 80//80 72//72 71//71
f 97//97 73//73 65//65
f 65//65 81//81 97//97
f 74//74 80//80 102//102
f 50//50 74//74 89//89
f 51//51 52//52 103//103
f 67//67 82//82 75//75
f 60//60 93//93 76//76
f 61//61 86//86 60//60
f 94//94 86//86 61//61
f 61//61 87//87 94//94
f 88//88 117//117 118//118
f 118//118 117//117 109//109
f 96//96 95//95 64//64
f 97//97 96//96 73//73
f 102//102 89//89 74//74
f 51//51 103//103 67//67
f 75//75 82//82 83//83
f 75//75 105//105 68//68
f 91//91 90//90 52//52
f 76//76 90//90 91//91
f 76//76 91//91 52//52
f 85//85 105//105 98//98
f 76//76 84//84 92//92
f 98//98 77//77 85//85
f 98//98 78//78 77//77
f 76//76 93//93 84//84
f 100//100 107//107 70//70
f 70//70 107//107 62//62
f 107//107 79//79 62//62
f 117//117 88//88 79//79
f 118//118 80//80 88//88
f 97//97 101//101 96//96
f 120//120 80//80 118//118
f 50//50 56//56 66//66
f 149//149 50//50 89//89
f 67//67 103//103 82//82
f 104//104 75//75 83//83
f 104//104 105//105 75//75
f 76//76 92//92 90//90
f 98//98 116//116 78//78
f 135//135 78//78 116//116
f 86//86 99//99 60//60
f 99//99 93//93 60//60
f 78//78 135//135 100//100
f 57//57 94//94 87//87
f 64//64 108//108 57//57
f 115//115 101//101 97//97
f 80//80 120//120 114//114
f 148//148 115//115 97//97
f 80//80 114//114 102//102
f 148//148 97//97 81//81
f 114//114 129//129 102//102
f 50//50 149//149 56//56
f 104//104 83//83 121//121
f 52//52 90//90 103//103
f 134//134 125//125 98//98
f 84//84 106//106 92//92
f 125//125 116//116 98//98
f 93//93 106//106 84//84
f 99//99 112//112 93//93
f 79//79 107//107 117//117
f 95//95 108//108 64//64
f 96//96 101//101 95//95
f 115//115 110//110 101//101
f 149//149 89//89 102//102
f 104//104 133//133 105//105
f 92//92 123//123 90//90
f 134//134 98//98 105//105
f 93//93 111//111 106//106
f 135//135 127//127 100//100
f 100//100 127//127 126//126
f 101//101 119//119 108//108
f 108//108 95//95 101//101
f 117//117 128//128 109//109
f 128//128 118//118 109//109
f 128//128 120//120 118//118
f 113//113 110//110 115//115
f 139//139 129//129 114//114
f 129//129 149//149 102//102
f 103//103 90//90 130//130
f 133//133 104//104 121//121
f 134//134 105//105 133//133
f 92//92 106//106 123//123
f 93//93 154//154 111//111
f 112//112 154//154 93//93
f 135//135 126//126 127//127
f 57//57 143//143 94//94
f 119//119 101//101 110//110
f 110//110 113//113 119//119
f 145//145 139//139 120//120
f 139//139 114//114 120//120
f 138//138 115//115 148//148
f 140//140 148//148 81//81
f 56//56 140//140 81//81
f 140//140 56//56 175//175
f 175//175 56//56 149//149
f 123//123 106//106 122//122
f 111//111 124//124 106//106
f 99//99 86//86 112//112
f 161//161 100//100 126//126
f 100//100 144//144 107//107
f 86//86 94//94 143//143
f 137//137 117//117 107//107
f 145//145 120//120 128//128
f 138//138 113//113 115//115
f 147//147 129//129 139//139
f 140//140 155//155 148//148
f 149//149 129//129 188//188
f 131//131 132//132 82//82
f 103//103 130//130 82//82
f 90//90 122//122 130//130
f 123//123 122//122 90//90
f 124//124 122//122 106//106
f 159//159 116//116 125//125
f 159//159 135//135 116//116
f 86//86 136//136 112//112
f 161//161 144//144 100//100
f 57//57 108//108 143//143
f 137//137 107//107 196//196
f 172//172 117//117 137//137
f 128//128 117//117 172//172
f 146//146 113//113 138//138
f 82//82 141//141 131//131
f 82//82 130//130 141//141
f 82//82 132//132 83//83
f 159//159 125//125 134//134
f 111//111 142//142 124//124
f 152//152 126//126 135//135
f 152//152 161//161 126//126
f 112//112 136//136 154//154
f 86//86 143//143 136//136
f 144//144 164//164 107//107
f 164//164 196//196 107//107
f 187//187 119//119 113//113
f 145//145 128//128 186//186
f 155//155 140//140 175//175
f 132//132 121//121 83//83
f 121//121 132//132 150//150
f 141//141 130//130 131//131
f 124//124 151//151 122//122
f 134//134 170//170 159//159
f 153//153 195//195 124//124
f 142//142 153//153 124//124
f 152//152 135//135 159//159
f 142//142 111//111 153//153
f 136//136 162//162 154//154
f 143//143 163//163 136//136
f 187//187 272//272 119//119
f 174//174 139//139 145//145
f 174//174 147//147 139//139
f 155//155 201//201 148//148
f 231//231 175//175 149//149
f 231//231 149//149 232//232
f 130//130 208//208 131//131
f 133//133 121//121 150//150
f 122//122 208//208 130//130
f 151//151 158//158 122//122
f 152//152 159//159 160//160
f 111//111 154//154 153//153
f 136//136 163//163 162//162
f 185//185 108//108 119//119
f 173//173 186//186 128//128
f 173//173 145//145 186//186
f 113//113 146//146 187//187
f 165//165 146//146 138//138
f 165//165 138//138 148//148
f 201//201 165//165 148//148
f 188//188 129//129 147//147
f 216//216 201//201 155//155
f 232//232 149//149 188//188
f 156//156 168//168 167//167
f 167//167 176//176 156//156
f 180//180 168//168 156//156
f 176//176 178//178 156//156
f 156//156 178//178 169//169
f 133//133 150//150 209//209
f 170//170 134//134 157//157
f 159//159 170//170 183//183
f 124//124 195//195 151//151
f 194//194 152//152 160//160
f 154//154 171//171 153//153
f 162//162 171//171 154//154
f 144//144 161//161 184//184
f 185//185 119//119 272//272
f 172//172 173//173 128//128
f 166//166 174//174 145//145
f 173//173 166//166 145//145
f 166//166 188//188 147//147
f 168//168 240//240 167//167
f 180//180 218//218 168//168
f 190//190 179//179 180//180
f 190//190 180//180 156//156
f 190//190 156//156 169//169
f 131//131 192//192 132//132
f 133//133 157//157 134//134
f 234//234 208//208 122//122
f 170//170 182//182 183//183
f 183//183 191//191 159//159
f 159//159 191//191 160//160
f 194//194 222//222 152//152
f 184//184 161//161 152//152
f 144//144 184//184 164//164
f 108//108 185//185 143//143
f 166//166 147//147 174//174
f 230//230 216//216 155//155
f 175//175 250//250 155//155
f 250//250 175//175 231//231
f 167//167 203//203 176//176
f 168//168 204//204 240//240
f 203//203 178//178 176//176
f 168//168 218//218 204//204
f 203//203 281//281 178//178
f 178//178 281//281 177//177
f 180//180 189//189 218//218
f 205//205 178//178 177//177
f 177//177 242//242 205//205
f 179//179 206//206 180//180
f 169//169 178//178 205//205
f 169//169 191//191 190//190
f 191//191 169//169 207//207
f 209//209 150//150 132//132
f 183//183 190//190 191//191
f 131//131 208//208 181//181
f 157//157 182//182 170//170
f 210//210 208//208 234//234
f 158//158 234//234 122//122
f 160//160 191//191 194//194
f 151//151 193//193 158//158
f 195//195 220//220 151//151
f 171//171 195//195 153//153
f 162//162 195//195 171//171
f 152//152 222//222 184//184
f 163//163 223//223 162//162
f 259//259 164//164 184//184
f 197//197 172//172 137//137
f 260//260 197//197 137//137
f 199//199 198//198 197//197
f 198//198 172//172 197//197
f 199//199 197//197 260//260
f 272//272 187//187 200//200
f 187//187 146//146 200//200
f 146//146 201//201 200//200
f 201//201 146//146 165//165
f 216//216 229//229 201//201
f 188//188 166//166 262//262
f 232//232 188//188 264//264
f 202//202 155//155 250//250
f 202//202 230//230 155//155
f 204//204 277//277 240//240
f 218//218 241//241 204//204
f 189//189 180//180 206//206
f 190//190 206//206 179//179
f 205//205 207//207 169//169
f 182//182 206//206 183//183
f 183//183 206//206 190//190
f 191//191 207//207 205//205
f 192//192 209//209 132//132
f 157//157 133//133 243//243
f 209//209 243//243 133//133
f 205//205 194//194 191//191
f 158//158 193//193 234//234
f 195//195 211//211 220//220
f 287//287 237//237 162//162
f 162//162 223//223 287//287
f 163//163 143//143 223//223
f 143//143 185//185 224//224
f 164//164 137//137 196//196
f 185//185 272//272 315//315
f 212//212 198//198 199//199
f 213//213 212//212 199//199
f 213//213 199//199 260//260
f 215//215 214//214 212//212
f 214//214 198//198 212//212
f 214//214 172//172 198//198
f 215//215 212//212 213//213
f 214//214 173//173 172//172
f 299//299 188//188 262//262
f 264//264 188//188 299//299
f 240//240 251//251 167//167
f 251//251 203//203 167//167
f 182//182 157//157 206//206
f 181//181 208//208 210//210
f 193//193 236//236 234//234
f 211//211 221//221 220//220
f 211//211 195//195 221//221
f 162//162 237//237 195//195
f 164//164 259//259 225//225
f 143//143 296//296 223//223
f 143//143 224//224 296//296
f 260//260 137//137 238//238
f 226//226 214//214 215//215
f 227//227 226//226 215//215
f 227//227 215//215 213//213
f 260//260 227//227 213//213
f 273//273 228//228 226//226
f 228//228 214//214 226//226
f 228//228 173//173 214//214
f 273//273 226//226 227//227
f 232//232 264//264 250//250
f 303//303 281//281 203//203
f 218//218 305//305 241//241
f 217//217 177//177 281//281
f 206//206 268//268 189//189
f 206//206 219//219 268//268
f 206//206 233//233 219//219
f 157//157 233//233 206//206
f 181//181 210//210 131//131
f 131//131 256//256 192//192
f 309//309 210//210 234//234
f 209//209 192//192 243//243
f 151//151 236//236 193//193
f 220//220 236//236 151//151
f 194//194 258//258 222//222
f 221//221 235//235 220//220
f 237//237 221//221 195//195
f 238//238 164//164 225//225
f 224//224 185//185 315//315
f 238//238 137//137 164//164
f 260//260 273//273 227//227
f 249//249 228//228 273//273
f 249//249 173//173 228//228
f 201//201 248//248 200//200
f 275//275 201//201 229//229
f 262//262 166//166 263//263
f 216//216 275//275 229//229
f 239//239 216//216 230//230
f 250//250 231//231 232//232
f 277//277 204//204 265//265
f 204//204 241//241 265//265
f 217//217 242//242 177//177
f 157//157 243//243 233//233
f 210//210 246//246 131//131
f 246//246 256//256 131//131
f 243//243 192//192 293//293
f 220//220 245//245 236//236
f 236//236 244//244 234//234
f 234//234 244//244 309//309
f 235//235 245//245 220//220
f 247//247 194//194 205//205
f 247//247 258//258 194//194
f 287//287 257//257 237//237
f 184//184 222//222 259//259
f 296//296 287//287 223//223
f 224//224 315//315 271//271
f 248//248 272//272 200//200
f 173//173 249//249 166//166
f 310//310 299//299 262//262
f 343//343 239//239 230//230
f 305//305 218//218 189//189
f 253//253 254//254 252//252
f 217//217 308//308 242//242
f 255//255 254//254 253//253
f 233//233 292//292 219//219
f 255//255 253//253 284//284
f 254//254 255//255 236//236
f 269//269 254//254 245//245
f 245//245 254//254 236//236
f 236//236 255//255 284//284
f 284//284 244//244 236//236
f 294//294 205//205 242//242
f 309//309 246//246 210//210
f 247//247 205//205 294//294
f 235//235 257//257 245//245
f 247//247 222//222 258//258
f 221//221 237//237 235//235
f 316//316 260//260 238//238
f 249//249 273//273 274//274
f 261//261 272//272 248//248
f 298//298 248//248 201//201
f 166//166 249//249 263//263
f 275//275 298//298 201//201
f 239//239 343//343 275//275
f 239//239 275//275 216//216
f 250//250 230//230 202//202
f 344//344 302//302 277//277
f 251//251 303//303 203//203
f 241//241 305//305 265//265
f 282//282 252//252 254//254
f 266//266 253//253 252//252
f 284//284 253//253 266//266
f 267//267 282//282 269//269
f 269//269 282//282 254//254
f 284//284 266//266 291//291
f 284//284 270//270 244//244
f 269//269 245//245 257//257
f 270//270 309//309 244//244
f 237//237 257//257 235//235
f 294//294 222//222 247//247
f 288//288 259//259 222//222
f 330//330 238//238 225//225
f 271//271 296//296 224//224
f 310//310 262//262 263//263
f 263//263 319//319 310//310
f 230//230 276//276 343//343
f 264//264 311//311 250//250
f 301//301 344//344 277//277
f 252//252 279//279 280//280
f 280//280 266//266 252//252
f 282//282 279//279 252//252
f 305//305 322//322 265//265
f 282//282 290//290 279//279
f 303//303 217//217 281//281
f 290//290 282//282 267//267
f 291//291 266//266 283//283
f 189//189 268//268 305//305
f 269//269 290//290 267//267
f 219//219 292//292 268//268
f 269//269 285//285 290//290
f 257//257 285//285 269//269
f 308//308 294//294 242//242
f 233//233 243//243 293//293
f 270//270 314//314 309//309
f 256//256 293//293 192//192
f 259//259 288//288 225//225
f 329//329 287//287 296//296
f 273//273 260//260 274//274
f 318//318 248//248 298//298
f 289//289 263//263 249//249
f 311//311 230//230 250//250
f 277//277 265//265 301//301
f 240//240 302//302 251//251
f 279//279 278//278 280//280
f 280//280 278//278 321//321
f 303//303 251//251 302//302
f 290//290 324//324 279//279
f 304//304 217//217 303//303
f 324//324 290//290 285//285
f 291//291 335//335 284//284
f 268//268 292//292 327//327
f 306//306 308//308 217//217
f 335//335 270//270 284//284
f 360//360 292//292 233//233
f 360//360 233//233 349//349
f 257//257 307//307 285//285
f 233//233 293//293 349//349
f 257//257 328//328 307//307
f 287//287 328//328 257//257
f 353//353 222//222 294//294
f 353//353 288//288 222//222
f 339//339 286//286 287//287
f 329//329 339//339 287//287
f 296//296 295//295 329//329
f 261//261 315//315 272//272
f 297//297 249//249 274//274
f 317//317 249//249 297//297
f 249//249 317//317 289//289
f 275//275 318//318 298//298
f 289//289 319//319 263//263
f 264//264 320//320 410//410
f 230//230 311//311 331//331
f 410//410 311//311 264//264
f 277//277 302//302 240//240
f 280//280 321//321 300//300
f 300//300 266//266 280//280
f 303//303 302//302 304//304
f 279//279 324//324 334//334
f 268//268 327//327 305//305
f 313//313 335//335 291//291
f 246//246 293//293 256//256
f 338//338 287//287 286//286
f 225//225 288//288 353//353
f 353//353 330//330 225//225
f 330//330 316//316 238//238
f 316//316 274//274 260//260
f 341//341 317//317 274//274
f 317//317 297//297 274//274
f 275//275 343//343 342//342
f 320//320 264//264 299//299
f 331//331 276//276 230//230
f 279//279 334//334 278//278
f 300//300 283//283 266//266
f 322//322 301//301 265//265
f 312//312 291//291 283//283
f 313//313 291//291 312//312
f 305//305 325//325 322//322
f 327//327 325//325 305//305
f 304//304 306//306 217//217
f 285//285 307//307 337//337
f 335//335 314//314 270//270
f 314//314 380//380 309//309
f 336//336 294//294 308//308
f 338//338 328//328 287//287
f 361//361 353//353 294//294
f 296//296 271//271 429//429
f 315//315 370//370 271//271
f 318//318 371//371 248//248
f 317//317 319//319 289//289
f 342//342 318//318 275//275
f 310//310 364//364 299//299
f 331//331 343//343 276//276
f 333//333 300//300 321//321
f 334//334 332//332 278//278
f 357//357 306//306 304//304
f 335//335 313//313 326//326
f 337//337 324//324 285//285
f 357//357 308//308 306//306
f 328//328 337//337 307//307
f 293//293 246//246 349//349
f 328//328 338//338 337//337
f 361//361 294//294 336//336
f 340//340 316//316 330//330
f 370//370 315//315 406//406
f 261//261 371//371 315//315
f 261//261 248//248 371//371
f 342//342 384//384 318//318
f 310//310 319//319 364//364
f 393//393 343//343 331//331
f 393//393 331//331 387//387
f 311//311 365//365 331//331
f 278//278 332//332 321//321
f 302//302 344//344 368//368
f 300//300 388//388 283//283
f 322//322 345//345 301//301
f 368//368 323//323 302//302
f 302//302 323//323 304//304
f 388//388 312//312 283//283
f 325//325 345//345 322//322
f 324//324 346//346 334//334
f 357//357 304//304 323//323
f 357//357 336//336 308//308
f 314//314 348//348 376//376
f 314//314 335//335 348//348
f 376//376 378//378 314//314
f 314//314 369//369 380//380
f 309//309 380//380 246//246
f 338//338 286//286 339//339
f 296//296 391//391 295//295
f 296//296 429//429 391//391
f 381//381 340//340 330//330
f 274//274 316//316 340//340
f 371//371 406//406 315//315
f 299//299 364//364 320//320
f 387//387 331//331 365//365
f 332//332 356//356 321//321
f 321//321 356//356 333//333
f 346//346 332//332 334//334
f 324//324 347//347 346//346
f 326//326 313//313 312//312
f 359//359 325//325 327//327
f 324//324 358//358 347//347
f 292//292 359//359 327//327
f 377//377 359//359 292//292
f 324//324 337//337 358//358
f 360//360 377//377 292//292
f 369//369 314//314 378//378
f 380//380 350//350 246//246
f 339//339 351//351 338//338
f 339//339 391//391 352//352
f 329//329 295//295 339//339
f 381//381 330//330 353//353
f 370//370 429//429 271//271
f 354//354 371//371 318//318
f 408//408 317//317 341//341
f 364//364 319//319 409//409
f 342//342 343//343 393//393
f 385//385 410//410 320//320
f 367//367 344//344 301//301
f 368//368 344//344 367//367
f 367//367 301//301 345//345
f 372//372 367//367 345//345
f 388//388 326//326 312//312
f 325//325 359//359 345//345
f 335//335 326//326 348//348
f 369//369 378//378 380//380
f 350//350 417//417 246//246
f 361//361 336//336 375//375
f 362//362 353//353 361//361
f 339//339 352//352 351//351
f 295//295 391//391 339//339
f 381//381 353//353 363//363
f 319//319 317//317 408//408
f 355//355 384//384 342//342
f 393//393 355//355 342//342
f 364//364 385//385 320//320
f 421//421 366//366 332//332
f 366//366 356//356 332//332
f 388//388 300//300 333//333
f 373//373 323//323 368//368
f 373//373 357//357 323//323
f 326//326 374//374 348//348
f 336//336 357//357 375//375
f 357//357 395//395 375//375
f 348//348 374//374 376//376
f 417//417 379//379 246//246
f 379//379 349//349 246//246
f 338//338 397//397 337//337
f 363//363 353//353 362//362
f 318//318 384//384 354//354
f 433//433 393//393 387//387
f 421//421 332//332 346//346
f 401//401 326//326 388//388
f 389//389 368//368 367//367
f 358//358 346//346 347//347
f 373//373 368//368 389//389
f 372//372 345//345 359//359
f 395//395 357//357 373//373
f 395//395 373//373 389//389
f 358//358 337//337 394//394
f 337//337 397//397 394//394
f 349//349 377//377 360//360
f 379//379 377//377 349//349
f 351//351 397//397 338//338
f 352//352 418//418 351//351
f 418//418 352//352 391//391
f 274//274 340//340 341//341
f 382//382 406//406 371//371
f 354//354 382//382 371//371
f 409//409 319//319 408//408
f 365//365 311//311 475//475
f 356//356 366//366 333//333
f 358//358 423//423 346//346
f 374//374 326//326 401//401
f 404//404 425//425 375//375
f 396//396 359//359 377//377
f 378//378 376//376 374//374
f 378//378 374//374 437//437
f 377//377 379//379 396//396
f 350//350 390//390 417//417
f 380//380 390//390 350//350
f 375//375 425//425 362//362
f 361//361 375//375 362//362
f 370//370 406//406 400//400
f 354//354 384//384 383//383
f 355//355 383//383 384//384
f 420//420 385//385 364//364
f 364//364 409//409 420//420
f 365//365 433//433 387//387
f 388//388 333//333 366//366
f 388//388 443//443 401//401
f 423//423 422//422 346//346
f 358//358 394//394 423//423
f 413//413 389//389 367//367
f 389//389 413//413 414//414
f 359//359 402//402 372//372
f 416//416 402//402 359//359
f 414//414 404//404 395//395
f 404//404 375//375 395//395
f 396//396 416//416 359//359
f 424//424 380//380 378//378
f 428//428 418//418 391//391
f 392//392 428//428 391//391
f 429//429 392//392 391//391
f 483//483 340//340 381//381
f 341//341 487//487 408//408
f 383//383 382//382 354//354
f 431//431 409//409 408//408
f 393//393 386//386 355//355
f 410//410 385//385 420//420
f 410//410 475//475 311//311
f 443//443 388//388 366//366
f 346//346 422//422 421//421
f 415//415 374//374 401//401
f 367//367 372//372 402//402
f 413//413 367//367 402//402
f 414//414 395//395 389//389
f 394//394 403//403 434//434
f 435//435 374//374 415//415
f 374//374 435//435 437//437
f 437//437 424//424 378//378
f 418//418 426//426 351//351
f 405//405 362//362 399//399
f 449//449 363//363 362//362
f 449//449 381//381 363//363
f 442//442 381//381 449//449
f 442//442 483//483 381//381
f 429//429 370//370 400//400
f 340//340 483//483 430//430
f 430//430 341//341 340//340
f 382//382 407//407 406//406
f 430//430 487//487 341//341
f 411//411 410//410 420//420
f 475//475 454//454 365//365
f 412//412 455//455 366//366
f 455//455 443//443 366//366
f 422//422 445//445 421//421
f 394//394 434//434 423//423
f 414//414 425//425 404//404
f 397//397 403//403 394//394
f 424//424 390//390 380//380
f 440//440 362//362 425//425
f 426//426 397//397 351//351
f 449//449 362//362 405//405
f 419//419 406//406 407//407
f 407//407 382//382 419//419
f 488//488 409//409 431//431
f 355//355 432//432 383//383
f 453//453 410//410 411//411
f 453//453 475//475 410//410
f 454//454 433//433 365//365
f 421//421 412//412 366//366
f 415//415 401//401 444//444
f 467//467 415//415 444//444
f 469//469 415//415 467//467
f 436//436 414//414 413//413
f 435//435 415//415 469//469
f 416//416 447//447 402//402
f 436//436 438//438 414//414
f 438//438 425//425 414//414
f 399//399 362//362 440//440
f 439//439 397//397 426//426
f 448//448 418//418 482//482
f 406//406 485//485 400//400
f 408//408 487//487 431//431
f 386//386 432//432 355//355
f 420//420 409//409 488//488
f 393//393 505//505 386//386
f 412//412 421//421 445//445
f 423//423 445//445 422//422
f 444//444 401//401 443//443
f 423//423 434//434 445//445
f 413//413 402//402 447//447
f 436//436 413//413 447//447
f 398//398 403//403 397//397
f 471//471 416//416 396//396
f 460//460 396//396 379//379
f 396//396 460//460 471//471
f 438//438 440//440 425//425
f 397//397 480//480 398//398
f 397//397 439//439 480//480
f 448//448 426//426 418//418
f 441//441 405//405 399//399
f 418//418 427//427 482//482
f 428//428 427//427 418//418
f 483//483 486//486 430//430
f 419//419 485//485 406//406
f 486//486 487//487 430//430
f 526//526 382//382 383//383
f 526//526 383//383 432//432
f 488//488 431//431 464//464
f 433//433 505//505 393//393
f 476//476 454//454 475//475
f 445//445 455//455 412//412
f 445//445 457//457 455//455
f 458//458 445//445 434//434
f 458//458 434//434 446//446
f 403//403 446//446 434//434
f 437//437 435//435 469//469
f 416//416 471//471 447//447
f 462//462 440//440 438//438
f 462//462 399//399 440//440
f 463//463 399//399 462//462
f 399//399 463//463 441//441
f 472//472 392//392 429//429
f 400//400 472//472 429//429
f 382//382 450//450 419//419
f 526//526 450//450 382//382
f 452//452 526//526 432//432
f 515//515 452//452 432//432
f 386//386 515//515 432//432
f 433//433 454//454 505//505
f 455//455 444//444 443//443
f 456//456 444//444 455//455
f 445//445 468//468 457//457
f 467//467 444//444 456//456
f 458//458 468//468 445//445
f 424//424 437//437 479//479
f 398//398 480//480 403//403
f 463//463 436//436 447//447
f 463//463 438//438 436//436
f 463//463 462//462 438//438
f 501//501 441//441 463//463
f 494//494 405//405 441//441
f 442//442 449//449 405//405
f 431//431 487//487 451//451
f 420//420 488//488 411//411
f 453//453 411//411 474//474
f 516//516 475//475 453//453
f 465//465 455//455 457//457
f 465//465 456//456 455//455
f 457//457 466//466 465//465
f 468//468 477//477 457//457
f 465//465 467//467 456//456
f 465//465 478//478 467//467
f 478//478 469//469 467//467
f 446//446 468//468 458//458
f 469//469 479//479 437//437
f 403//403 468//468 446//446
f 424//424 459//459 506//506
f 403//403 500//500 468//468
f 403//403 480//480 500//500
f 470//470 424//424 479//479
f 390//390 499//499 417//417
f 417//417 460//460 379//379
f 493//493 447//447 471//471
f 461//461 463//463 447//447
f 461//461 501//501 463//463
f 428//428 482//482 427//427
f 442//442 405//405 483//483
f 473//473 472//472 400//400
f 452//452 536//536 526//526
f 431//431 451//451 464//464
f 386//386 540//540 538//538
f 474//474 497//497 453//453
f 476//476 475//475 490//490
f 466//466 478//478 465//465
f 477//477 491//491 457//457
f 457//457 491//491 466//466
f 466//466 492//492 478//478
f 492//492 469//469 478//478
f 492//492 479//479 469//469
f 498//498 390//390 424//424
f 417//417 499//499 460//460
f 471//471 460//460 493//493
f 493//493 501//501 461//461
f 481//481 480//480 439//439
f 426//426 448//448 439//439
f 481//481 439//439 448//448
f 494//494 441//441 501//501
f 484//484 486//486 483//483
f 484//484 523//523 486//486
f 485//485 473//473 400//400
f 419//419 450//450 485//485
f 543//543 487//487 486//486
f 538//538 515//515 386//386
f 411//411 488//488 489//489
f 505//505 540//540 386//386
f 516//516 490//490 475//475
f 468//468 491//491 477//477
f 508//508 466//466 491//491
f 506//506 498//498 424//424
f 492//492 518//518 479//479
f 518//518 470//470 479//479
f 470//470 459//459 424//424
f 447//447 493//493 461//461
f 510//510 500//500 480//480
f 495//495 405//405 494//494
f 392//392 482//482 428//428
f 484//484 483//483 405//405
f 525//525 451//451 487//487
f 536//536 452//452 496//496
f 464//464 451//451 529//529
f 464//464 489//489 488//488
f 515//515 496//496 452//452
f 474//474 411//411 489//489
f 492//492 466//466 508//508
f 517//517 506//506 459//459
f 498//498 507//507 390//390
f 390//390 507//507 499//499
f 468//468 508//508 491//491
f 499//499 493//493 460//460
f 468//468 500//500 508//508
f 499//499 509//509 493//493
f 481//481 510//510 480//480
f 502//502 494//494 501//501
f 521//521 481//481 448//448
f 503//503 495//495 494//494
f 482//482 504//504 448//448
f 522//522 448//448 511//511
f 511//511 448//448 504//504
f 495//495 503//503 405//405
f 472//472 511//511 482//482
f 405//405 503//503 484//484
f 392//392 472//472 482//482
f 543//543 486//486 523//523
f 526//526 524//524 450//450
f 514//514 536//536 496//496
f 515//515 514//514 496//496
f 540//540 505//505 545//545
f 516//516 453//453 497//497
f 454//454 545//545 505//505
f 470//470 518//518 459//459
f 492//492 508//508 518//518
f 500//500 510//510 508//508
f 508//508 510//510 518//518
f 493//493 520//520 501//501
f 501//501 520//520 502//502
f 502//502 520//520 494//494
f 522//522 521//521 448//448
f 482//482 511//511 504//504
f 512//512 472//472 473//473
f 451//451 525//525 513//513
f 489//489 464//464 544//544
f 515//515 538//538 549//549
f 474//474 516//516 497//497
f 507//507 509//509 499//499
f 519//519 518//518 510//510
f 547//547 519//519 510//510
f 520//520 493//493 509//509
f 532//532 510//510 481//481
f 450//450 524//524 485//485
f 525//525 487//487 543//543
f 557//557 451//451 513//513
f 536//536 528//528 526//526
f 549//549 536//536 514//514
f 549//549 514//514 515//515
f 531//531 490//490 516//516
f 554//554 509//509 507//507
f 519//519 547//547 518//518
f 532//532 547//547 510//510
f 481//481 521//521 532//532
f 494//494 520//520 533//533
f 494//494 535//535 503//503
f 511//511 472//472 522//522
f 524//524 565//565 485//485
f 556//556 525//525 543//543
f 513//513 525//525 557//557
f 528//528 527//527 526//526
f 529//529 451//451 557//557
f 549//549 538//538 537//537
f 544//544 474//474 489//489
f 545//545 454//454 546//546
f 516//516 566//566 531//531
f 546//546 454//454 476//476
f 506//506 517//517 498//498
f 554//554 520//520 509//509
f 534//534 532//532 521//521
f 542//542 494//494 533//533
f 521//521 522//522 534//534
f 542//542 535//535 494//494
f 535//535 484//484 503//503
f 522//522 472//472 572//572
f 512//512 572//572 472//472
f 523//523 484//484 563//563
f 536//536 527//527 528//528
f 464//464 529//529 530//530
f 464//464 530//530 544//544
f 539//539 516//516 474//474
f 490//490 546//546 476//476
f 559//559 517//517 459//459
f 518//518 559//559 459//459
f 518//518 547//547 541//541
f 535//535 563//563 484//484
f 608//608 543//543 523//523
f 654//654 543//543 608//608
f 654//654 556//556 543//543
f 548//548 524//524 526//526
f 544//544 530//530 558//558
f 544//544 550//550 474//474
f 539//539 474//474 550//550
f 516//516 539//539 566//566
f 531//531 553//553 490//490
f 520//520 554//554 552//552
f 520//520 542//542 533//533
f 562//562 532//532 534//534
f 473//473 485//485 512//512
f 524//524 597//597 565//565
f 549//549 527//527 536//536
f 540//540 537//537 538//538
f 539//539 550//550 566//566
f 545//545 576//576 540//540
f 531//531 566//566 551//551
f 559//559 518//518 541//541
f 498//498 584//584 507//507
f 554//554 507//507 588//588
f 541//541 547//547 560//560
f 579//579 570//570 547//547
f 547//547 532//532 579//579
f 552//552 542//542 520//520
f 522//522 572//572 534//534
f 548//548 597//597 524//524
f 526//526 597//597 548//548
f 526//526 601//601 597//597
f 601//601 526//526 527//527
f 544//544 558//558 566//566
f 577//577 549//549 537//537
f 540//540 577//577 537//537
f 550//550 544//544 566//566
f 553//553 546//546 490//490
f 517//517 569//569 498//498
f 498//498 569//569 584//584
f 588//588 507//507 584//584
f 560//560 547//547 570//570
f 571//571 535//535 542//542
f 565//565 555//555 485//485
f 549//549 601//601 527//527
f 529//529 557//557 530//530
f 578//578 545//545 546//546
f 553//553 531//531 551//551
f 588//588 561//561 554//554
f 554//554 561//561 552//552
f 579//579 532//532 562//562
f 608//608 523//523 563//563
f 485//485 555//555 512//512
f 564//564 601//601 549//549
f 577//577 564//564 549//549
f 530//530 557//557 558//558
f 577//577 540//540 576//576
f 578//578 568//568 545//545
f 562//562 534//534 581//581
f 571//571 563//563 535//535
f 595//595 525//525 556//556
f 567//567 558//558 575//575
f 566//566 558//558 567//567
f 582//582 576//576 545//545
f 611//611 578//578 546//546
f 552//552 561//561 580//580
f 571//571 542//542 552//552
f 534//534 572//572 581//581
f 589//589 608//608 563//563
f 597//597 573//573 565//565
f 557//557 525//525 595//595
f 574//574 557//557 622//622
f 557//557 574//574 558//558
f 568//568 582//582 545//545
f 603//603 611//611 546//546
f 559//559 605//605 517//517
f 579//579 562//562 592//592
f 572//572 512//512 614//614
f 654//654 595//595 556//556
f 566//566 567//567 610//610
f 567//567 575//575 610//610
f 551//551 566//566 610//610
f 603//603 546//546 553//553
f 541//541 583//583 559//559
f 570//570 620//620 560//560
f 580//580 613//613 552//552
f 613//613 571//571 552//552
f 581//581 606//606 562//562
f 571//571 589//589 563//563
f 555//555 585//585 512//512
f 595//595 622//622 557//557
f 574//574 622//622 558//558
f 564//564 618//618 601//601
f 564//564 577//577 618//618
f 576//576 619//619 577//577
f 590//590 553//553 551//551
f 583//583 605//605 559//559
f 570//570 579//579 612//612
f 592//592 562//562 606//606
f 581//581 572//572 593//593
f 572//572 614//614 593//593
f 512//512 635//635 614//614
f 692//692 654//654 608//608
f 586//586 558//558 622//622
f 586//586 575//575 558//558
f 582//582 665//665 576//576
f 551//551 610//610 590//590
f 578//578 582//582 568//568
f 611//611 604//604 578//578
f 620//620 599//599 560//560
f 560//560 583//583 541//541
f 584//584 626//626 588//588
f 580//580 561//561 588//588
f 591//591 579//579 592//592
f 581//581 593//593 606//606
f 607//607 600//600 571//571
f 600//600 589//589 571//571
f 638//638 608//608 589//589
f 575//575 598//598 610//610
f 560//560 599//599 583//583
f 689//689 632//632 605//605
f 632//632 517//517 605//605
f 517//517 632//632 569//569
f 612//612 620//620 570//570
f 569//569 632//632 584//584
f 587//587 588//588 626//626
f 591//591 612//612 579//579
f 585//585 594//594 512//512
f 555//555 594//594 585//585
f 573//573 596//596 565//565
f 597//597 596//596 573//573
f 644//644 622//622 595//595
f 618//618 577//577 645//645
f 577//577 619//619 645//645
f 576//576 665//665 619//619
f 603//603 553//553 590//590
f 632//632 626//626 584//584
f 587//587 580//580 588//588
f 613//613 580//580 587//587
f 606//606 621//621 592//592
f 607//607 571//571 613//613
f 565//565 615//615 555//555
f 644//644 595//595 654//654
f 602//602 598//598 575//575
f 642//642 592//592 621//621
f 600//600 607//607 589//589
f 602//602 575//575 586//586
f 578//578 646//646 582//582
f 631//631 603//603 590//590
f 624//624 611//611 603//603
f 599//599 605//605 583//583
f 659//659 606//606 593//593
f 593//593 635//635 659//659
f 593//593 614//614 635//635
f 637//637 589//589 607//607
f 637//637 638//638 589//589
f 638//638 692//692 608//608
f 555//555 609//609 594//594
f 555//555 615//615 609//609
f 616//616 597//597 601//601
f 586//586 622//622 617//617
f 590//590 610//610 628//628
f 646//646 629//629 582//582
f 604//604 646//646 578//578
f 624//624 640//640 611//611
f 612//612 591//591 633//633
f 642//642 591//591 592//592
f 635//635 512//512 594//594
f 616//616 601//601 618//618
f 602//602 586//586 623//623
f 665//665 645//645 619//619
f 610//610 598//598 602//602
f 630//630 665//665 582//582
f 629//629 630//630 582//582
f 590//590 628//628 631//631
f 625//625 646//646 604//604
f 603//603 631//631 624//624
f 640//640 604//604 611//611
f 612//612 633//633 620//620
f 587//587 626//626 643//643
f 606//606 659//659 636//636
f 597//597 627//627 596//596
f 663//663 622//622 644//644
f 639//639 625//625 604//604
f 649//649 689//689 605//605
f 633//633 591//591 657//657
f 634//634 613//613 587//587
f 708//708 692//692 638//638
f 709//709 692//692 737//737
f 627//627 565//565 596//596
f 622//622 681//681 617//617
f 628//628 610//610 602//602
f 624//624 682//682 640//640
f 599//599 647//647 605//605
f 647//647 648//648 605//605
f 605//605 648//648 649//649
f 632//632 641//641 626//626
f 613//613 634//634 651//651
f 607//607 613//613 651//651
f 737//737 692//692 708//708
f 693//693 644//644 654//654
f 681//681 622//622 663//663
f 618//618 694//694 616//616
f 666//666 665//665 630//630
f 631//631 628//628 674//674
f 676//676 624//624 631//631
f 656//656 639//639 604//604
f 682//682 604//604 640//640
f 689//689 641//641 632//632
f 650//650 657//657 591//591
f 642//642 650//650 591//591
f 638//638 637//637 679//679
f 662//662 638//638 679//679
f 653//653 708//708 638//638
f 565//565 627//627 615//615
f 694//694 618//618 645//645
f 586//586 696//696 623//623
f 602//602 623//623 655//655
f 629//629 666//666 630//630
f 674//674 675//675 631//631
f 682//682 656//656 604//604
f 626//626 641//641 643//643
f 621//621 606//606 690//690
f 690//690 606//606 636//636
f 635//635 652//652 659//659
f 652//652 635//635 661//661
f 637//637 607//607 679//679
f 638//638 662//662 653//653
f 696//696 586//586 672//672
f 665//665 739//739 645//645
f 655//655 628//628 602//602
f 688//688 646//646 625//625
f 700//700 625//625 639//639
f 700//700 688//688 625//625
f 677//677 624//624 676//676
f 667//667 792//792 599//599
f 792//792 647//647 599//599
f 633//633 668//668 620//620
f 599//599 620//620 667//667
f 657//657 650//650 633//633
f 683//683 642//642 705//705
f 642//642 621//621 705//705
f 671//671 660//660 607//607
f 635//635 798//798 661//661
f 594//594 798//798 635//635
f 693//693 654//654 692//692
f 627//627 609//609 615//615
f 616//616 751//751 597//597
f 672//672 586//586 617//617
f 645//645 739//739 694//694
f 655//655 623//623 696//696
f 631//631 675//675 676//676
f 656//656 700//700 639//639
f 677//677 682//682 624//624
f 647//647 729//729 648//648
f 730//730 649//649 648//648
f 670//670 668//668 633//633
f 633//633 650//650 670//670
f 658//658 643//643 641//641
f 607//607 651//651 671//671
f 679//679 607//607 660//660
f 751//751 616//616 664//664
f 738//738 617//617 681//681
f 754//754 665//665 666//666
f 629//629 673//673 666//666
f 629//629 646//646 673//673
f 729//729 730//730 648//648
f 667//667 620//620 792//792
f 792//792 620//620 668//668
f 669//669 641//641 689//689
f 669//669 658//658 641//641
f 650//650 642//642 683//683
f 643//643 704//704 587//587
f 705//705 621//621 690//690
f 678//678 671//671 651//651
f 636//636 743//743 690//690
f 659//659 652//652 636//636
f 661//661 706//706 652//652
f 609//609 691//691 594//594
f 609//609 680//680 691//691
f 627//627 684//684 609//609
f 597//597 751//751 627//627
f 753//753 738//738 681//681
f 696//696 672//672 617//617
f 665//665 698//698 739//739
f 655//655 696//696 697//697
f 685//685 628//628 655//655
f 673//673 754//754 666//666
f 677//677 676//676 675//675
f 702//702 656//656 682//682
f 727//727 682//682 713//713
f 713//713 682//682 677//677
f 689//689 649//649 730//730
f 683//683 670//670 650//650
f 658//658 704//704 643//643
f 634//634 587//587 651//651
f 671//671 678//678 660//660
f 652//652 718//718 636//636
f 679//679 660//660 719//719
f 653//653 662//662 679//679
f 594//594 720//720 798//798
f 710//710 684//684 627//627
f 663//663 644//644 681//681
f 772//772 681//681 644//644
f 772//772 753//753 681//681
f 674//674 628//628 686//686
f 674//674 686//686 699//699
f 699//699 675//675 674//674
f 725//725 687//687 646//646
f 688//688 725//725 646//646
f 792//792 728//728 647//647
f 670//670 758//758 668//668
f 669//669 731//731 658//658
f 704//704 715//715 587//587
f 660//660 678//678 717//717
f 717//717 719//719 660//660
f 594//594 691//691 720//720
f 664//664 616//616 694//694
f 696//696 617//617 695//695
f 697//697 696//696 695//695
f 655//655 697//697 685//685
f 685//685 740//740 628//628
f 711//711 754//754 673//673
f 673//673 646//646 687//687
f 699//699 726//726 675//675
f 725//725 673//673 687//687
f 701//701 677//677 675//675
f 682//682 727//727 702//702
f 689//689 766//766 669//669
f 683//683 703//703 670//670
f 704//704 658//658 731//731
f 703//703 683//683 705//705
f 705//705 690//690 714//714
f 587//587 716//716 651//651
f 716//716 678//678 651//651
f 636//636 736//736 743//743
f 661//661 707//707 706//706
f 719//719 762//762 679//679
f 798//798 707//707 661//661
f 762//762 653//653 679//679
f 709//709 737//737 782//782
f 692//692 709//709 693//693
f 627//627 751//751 710//710
f 664//664 723//723 751//751
f 785//785 783//783 694//694
f 785//785 694//694 739//739
f 665//665 754//754 698//698
f 686//686 628//628 699//699
f 628//628 740//740 699//699
f 673//673 712//712 711//711
f 725//725 712//712 673//673
f 726//726 701//701 675//675
f 776//776 656//656 702//702
f 713//713 677//677 701//701
f 758//758 792//792 668//668
f 766//766 689//689 730//730
f 703//703 705//705 714//714
f 678//678 716//716 717//717
f 636//636 718//718 736//736
f 717//717 747//747 719//719
f 708//708 653//653 762//762
f 609//609 721//721 680//680
f 609//609 722//722 721//721
f 684//684 722//722 609//609
f 709//709 750//750 693//693
f 693//693 772//772 644//644
f 694//694 723//723 664//664
f 695//695 617//617 738//738
f 697//697 695//695 724//724
f 775//775 725//725 688//688
f 775//775 688//688 700//700
f 727//727 713//713 701//701
f 764//764 727//727 701//701
f 647//647 728//728 729//729
f 758//758 670//670 703//703
f 731//731 669//669 766//766
f 703//703 714//714 732//732
f 714//714 690//690 732//732
f 732//732 690//690 743//743
f 715//715 716//716 587//587
f 736//736 745//745 743//743
f 750//750 709//709 771//771
f 694//694 752//752 723//723
f 694//694 783//783 752//752
f 753//753 695//695 738//738
f 822//822 754//754 711//711
f 822//822 711//711 712//712
f 712//712 725//725 775//775
f 656//656 733//733 700//700
f 729//729 759//759 730//730
f 731//731 734//734 704//704
f 715//715 704//704 734//734
f 735//735 743//743 745//745
f 717//717 716//716 780//780
f 652//652 706//706 718//718
f 798//798 814//814 707//707
f 751//751 749//749 710//710
f 838//838 772//772 693//693
f 754//754 739//739 698//698
f 685//685 697//697 740//740
f 773//773 822//822 712//712
f 726//726 699//699 741//741
f 701//701 726//726 774//774
f 733//733 656//656 776//776
f 702//702 756//756 776//776
f 794//794 792//792 758//758
f 792//792 742//742 728//728
f 766//766 730//730 759//759
f 703//703 732//732 765//765
f 731//731 715//715 734//734
f 732//732 743//743 744//744
f 743//743 735//735 744//744
f 715//715 760//760 716//716
f 717//717 780//780 747//747
f 706//706 707//707 761//761
f 814//814 798//798 748//748
f 737//737 708//708 762//762
f 721//721 722//722 680//680
f 723//723 752//752 751//751
f 784//784 695//695 753//753
f 785//785 739//739 755//755
f 739//739 754//754 755//755
f 822//822 763//763 754//754
f 699//699 740//740 741//741
f 857//857 773//773 712//712
f 726//726 741//741 774//774
f 787//787 857//857 712//712
f 787//787 712//712 775//775
f 701//701 774//774 801//801
f 733//733 775//775 700//700
f 702//702 757//757 803//803
f 702//702 727//727 757//757
f 718//718 745//745 736//736
f 768//768 745//745 718//718
f 746//746 747//747 781//781
f 706//706 768//768 718//718
f 867//867 737//737 762//762
f 720//720 691//691 798//798
f 691//691 680//680 684//684
f 722//722 684//684 680//680
f 710//710 799//799 684//684
f 693//693 750//750 771//771
f 693//693 771//771 921//921
f 749//749 751//751 752//752
f 763//763 755//755 754//754
f 801//801 764//764 701//701
f 702//702 803//803 756//756
f 728//728 742//742 729//729
f 703//703 765//765 777//777
f 715//715 731//731 766//766
f 715//715 766//766 760//760
f 732//732 744//744 767//767
f 716//716 760//760 780//780
f 761//761 797//797 706//706
f 719//719 747//747 813//813
f 813//813 762//762 719//719
f 684//684 769//769 691//691
f 684//684 770//770 919//919
f 900//900 709//709 782//782
f 900//900 771//771 709//709
f 684//684 799//799 770//770
f 753//753 772//772 784//784
f 724//724 695//695 784//784
f 724//724 784//784 697//697
f 740//740 697//697 820//820
f 786//786 740//740 820//820
f 741//741 740//740 786//786
f 801//801 774//774 741//741
f 776//776 775//775 733//733
f 793//793 758//758 703//703
f 765//765 732//732 795//795
f 778//778 766//766 759//759
f 767//767 795//795 732//732
f 735//735 767//767 744//744
f 779//779 780//780 760//760
f 797//797 735//735 745//745
f 768//768 797//797 745//745
f 781//781 747//747 780//780
f 746//746 781//781 780//780
f 797//797 768//768 706//706
f 747//747 746//746 813//813
f 814//814 761//761 707//707
f 693//693 921//921 817//817
f 817//817 838//838 693//693
f 820//820 697//697 784//784
f 763//763 785//785 755//755
f 822//822 842//842 763//763
f 802//802 857//857 787//787
f 823//823 775//775 776//776
f 823//823 776//776 756//756
f 801//801 727//727 764//764
f 790//790 788//788 805//805
f 790//790 805//805 791//791
f 806//806 788//788 790//790
f 824//824 791//791 805//805
f 790//790 789//789 806//806
f 791//791 824//824 826//826
f 807//807 789//789 790//790
f 791//791 827//827 808//808
f 791//791 807//807 790//790
f 729//729 742//742 810//810
f 810//810 759//759 729//729
f 793//793 891//891 758//758
f 703//703 777//777 793//793
f 765//765 795//795 777//777
f 767//767 796//796 795//795
f 735//735 796//796 767//767
f 760//760 812//812 779//779
f 833//833 812//812 760//760
f 832//832 811//811 735//735
f 746//746 780//780 813//813
f 815//815 867//867 762//762
f 815//815 737//737 867//867
f 691//691 769//769 798//798
f 837//837 782//782 737//737
f 921//921 771//771 900//900
f 749//749 799//799 710//710
f 901//901 752//752 783//783
f 783//783 839//839 901//901
f 784//784 772//772 818//818
f 819//819 784//784 818//818
f 763//763 783//783 785//785
f 819//819 820//820 784//784
f 741//741 786//786 800//800
f 800//800 843//843 741//741
f 845//845 756//756 803//803
f 805//805 788//788 804//804
f 825//825 806//806 789//789
f 861//861 826//826 824//824
f 826//826 827//827 791//791
f 848//848 825//825 789//789
f 807//807 848//848 789//789
f 829//829 791//791 808//808
f 807//807 791//791 829//829
f 809//809 807//807 829//829
f 809//809 829//829 795//795
f 796//796 809//809 795//795
f 777//777 795//795 878//878
f 778//778 831//831 766//766
f 811//811 796//796 735//735
f 812//812 780//780 779//779
f 812//812 851//851 780//780
f 797//797 834//834 735//735
f 851//851 852//852 780//780
f 852//852 813//813 780//780
f 814//814 835//835 761//761
f 854//854 762//762 813//813
f 919//919 748//748 816//816
f 919//919 816//816 798//798
f 798//798 816//816 748//748
f 769//769 919//919 798//798
f 836//836 837//837 737//737
f 684//684 919//919 769//769
f 900//900 782//782 837//837
f 923//923 838//838 817//817
f 923//923 772//772 838//838
f 783//783 840//840 839//839
f 925//925 840//840 783//783
f 820//820 821//821 786//786
f 856//856 822//822 773//773
f 843//843 801//801 741//741
f 857//857 856//856 773//773
f 775//775 802//802 787//787
f 884//884 775//775 823//823
f 870//870 727//727 801//801
f 858//858 805//805 804//804
f 806//806 872//872 788//788
f 824//824 859//859 861//861
f 846//846 825//825 848//848
f 827//827 826//826 847//847
f 827//827 847//847 808//808
f 862//862 829//829 808//808
f 807//807 828//828 848//848
f 795//795 829//829 878//878
f 830//830 792//792 794//794
f 742//742 792//792 830//830
f 796//796 807//807 809//809
f 891//891 794//794 758//758
f 742//742 863//863 810//810
f 759//759 810//810 863//863
f 811//811 807//807 796//796
f 863//863 778//778 759//759
f 831//831 760//760 766//766
f 831//831 833//833 760//760
f 833//833 851//851 812//812
f 735//735 834//834 832//832
f 761//761 835//835 797//797
f 748//748 853//853 814//814
f 918//918 737//737 815//815
f 836//836 737//737 918//918
f 945//945 900//900 837//837
f 868//868 925//925 783//783
f 763//763 882//882 783//783
f 841//841 820//820 819//819
f 820//820 841//841 821//821
f 882//882 763//763 855//855
f 842//842 855//855 763//763
f 856//856 842//842 822//822
f 801//801 843//843 844//844
f 857//857 802//802 884//884
f 884//884 802//802 775//775
f 927//927 756//756 845//845
f 927//927 823//823 756//756
f 927//927 845//845 803//803
f 886//886 803//803 757//757
f 886//886 757//757 727//727
f 727//727 870//870 886//886
f 788//788 871//871 804//804
f 858//858 859//859 805//805
f 872//872 871//871 788//788
f 859//859 824//824 805//805
f 825//825 860//860 806//806
f 846//846 860//860 825//825
f 847//847 862//862 808//808
f 828//828 849//849 848//848
f 807//807 849//849 828//828
f 878//878 829//829 862//862
f 862//862 876//876 878//878
f 811//811 849//849 807//807
f 878//878 793//793 777//777
f 794//794 879//879 830//830
f 830//830 879//879 742//742
f 852//852 851//851 865//865
f 797//797 866//866 834//834
f 835//835 866//866 797//797
f 815//815 762//762 854//854
f 880//880 748//748 919//919
f 918//918 837//837 836//836
f 919//919 770//770 799//799
f 817//817 921//921 922//922
f 868//868 783//783 882//882
f 800//800 786//786 821//821
f 800//800 821//821 843//843
f 882//882 855//855 842//842
f 856//856 882//882 842//842
f 883//883 801//801 844//844
f 885//885 801//801 883//883
f 801//801 885//885 870//870
f 886//886 927//927 803//803
f 871//871 858//858 804//804
f 860//860 872//872 806//806
f 874//874 861//861 859//859
f 861//861 887//887 826//826
f 826//826 971//971 847//847
f 846//846 906//906 888//888
f 846//846 848//848 906//906
f 876//876 890//890 878//878
f 849//849 811//811 850//850
f 794//794 913//913 879//879
f 864//864 833//833 831//831
f 832//832 893//893 811//811
f 833//833 864//864 894//894
f 894//894 865//865 833//833
f 834//834 866//866 832//832
f 865//865 851//851 833//833
f 813//813 852//852 865//865
f 897//897 814//814 853//853
f 748//748 897//897 853//853
f 880//880 915//915 748//748
f 752//752 901//901 1035//1035
f 923//923 817//817 922//922
f 962//962 772//772 923//923
f 962//962 818//818 772//772
f 819//819 818//818 841//841
f 843//843 883//883 844//844
f 856//856 857//857 884//884
f 873//873 872//872 860//860
f 874//874 887//887 861//861
f 971//971 826//826 887//887
f 846//846 888//888 875//875
f 952//952 847//847 971//971
f 849//849 889//889 848//848
f 848//848 889//889 906//906
f 876//876 862//862 847//847
f 849//849 850//850 877//877
f 811//811 877//877 850//850
f 878//878 942//942 793//793
f 742//742 943//943 863//863
f 811//811 893//893 877//877
f 912//912 894//894 864//864
f 893//893 832//832 866//866
f 894//894 895//895 865//865
f 895//895 813//813 865//865
f 1014//1014 854//854 813//813
f 895//895 1014//1014 813//813
f 915//915 897//897 748//748
f 916//916 815//815 854//854
f 945//945 837//837 960//960
f 799//799 920//920 899//899
f 749//749 1035//1035 799//799
f 1035//1035 749//749 752//752
f 839//839 978//978 901//901
f 841//841 818//818 924//924
f 821//821 841//841 924//924
f 882//882 995//995 868//868
f 843//843 821//821 881//881
f 856//856 947//947 882//882
f 843//843 869//869 883//883
f 884//884 926//926 856//856
f 870//870 885//885 886//886
f 929//929 1000//1000 823//823
f 949//949 927//927 886//886
f 968//968 982//982 871//871
f 871//871 930//930 858//858
f 982//982 930//930 871//871
f 872//872 873//873 871//871
f 875//875 902//902 860//860
f 846//846 875//875 860//860
f 876//876 847//847 952//952
f 877//877 889//889 849//849
f 890//890 942//942 878//878
f 794//794 891//891 913//913
f 879//879 943//943 742//742
f 909//909 864//864 911//911
f 864//864 909//909 892//892
f 863//863 990//990 778//778
f 864//864 892//892 912//912
f 914//914 894//894 912//912
f 897//897 896//896 814//814
f 814//814 896//896 835//835
f 960//960 837//837 918//918
f 799//799 899//899 919//919
f 799//799 1035//1035 920//920
f 946//946 962//962 923//923
f 964//964 869//869 843//843
f 843//843 881//881 964//964
f 947//947 995//995 882//882
f 966//966 979//979 856//856
f 948//948 885//885 883//883
f 980//980 884//884 823//823
f 886//886 885//885 948//948
f 980//980 823//823 1000//1000
f 929//929 823//823 927//927
f 871//871 873//873 968//968
f 931//931 859//859 858//858
f 859//859 931//931 874//874
f 874//874 971//971 887//887
f 907//907 905//905 903//903
f 907//907 903//903 912//912
f 912//912 903//903 908//908
f 890//890 876//876 941//941
f 911//911 907//907 909//909
f 909//909 907//907 892//892
f 907//907 912//912 892//892
f 912//912 908//908 914//914
f 941//941 942//942 890//890
f 864//864 944//944 910//910
f 864//864 831//831 944//944
f 864//864 910//910 911//911
f 778//778 990//990 831//831
f 992//992 895//895 894//894
f 896//896 866//866 835//835
f 918//918 815//815 976//976
f 919//919 917//917 880//880
f 898//898 917//917 919//919
f 921//921 900//900 945//945
f 946//946 923//923 922//922
f 924//924 818//818 962//962
f 821//821 924//924 993//993
f 995//995 925//925 868//868
f 856//856 979//979 947//947
f 856//856 926//926 966//966
f 980//980 926//926 884//884
f 886//886 948//948 928//928
f 928//928 949//949 886//886
f 858//858 930//930 931//931
f 860//860 933//933 873//873
f 902//902 1003//1003 860//860
f 1003//1003 933//933 860//860
f 1004//1004 874//874 931//931
f 903//903 934//934 935//935
f 935//935 934//934 904//904
f 903//903 935//935 908//908
f 908//908 935//935 904//904
f 875//875 937//937 902//902
f 936//936 934//934 905//905
f 905//905 934//934 903//903
f 907//907 938//938 905//905
f 904//904 940//940 908//908
f 906//906 889//889 888//888
f 952//952 941//941 876//876
f 939//939 938//938 907//907
f 907//907 950//950 939//939
f 911//911 950//950 907//907
f 940//940 914//914 908//908
f 910//910 989//989 911//911
f 942//942 891//891 793//793
f 944//944 831//831 990//990
f 914//914 955//955 894//894
f 955//955 992//992 894//894
f 1014//1014 895//895 1031//1031
f 1015//1015 854//854 1014//1014
f 916//916 854//854 1015//1015
f 1034//1034 921//921 945//945
f 1034//1034 922//922 921//921
f 978//978 1035//1035 901//901
f 883//883 869//869 964//964
f 883//883 964//964 965//965
f 949//949 981//981 927//927
f 981//981 929//929 927//927
f 1020//1020 982//982 968//968
f 932//932 1001//1001 934//934
f 934//934 1001//1001 1053//1053
f 934//934 1053//1053 904//904
f 904//904 1053//1053 984//984
f 904//904 984//984 985//985
f 934//934 970//970 932//932
f 936//936 970//970 934//934
f 985//985 940//940 904//904
f 940//940 985//985 969//969
f 987//987 971//971 874//874
f 905//905 970//970 936//936
f 938//938 970//970 905//905
f 938//938 950//950 970//970
f 953//953 940//940 969//969
f 969//969 973//973 953//953
f 888//888 937//937 875//875
f 953//953 914//914 940//940
f 987//987 952//952 971//971
f 939//939 950//950 938//938
f 889//889 956//956 888//888
f 911//911 954//954 950//950
f 955//955 914//914 953//953
f 953//953 973//973 955//955
f 989//989 954//954 911//911
f 877//877 956//956 889//889
f 891//891 942//942 1011//1011
f 943//943 879//879 913//913
f 943//943 990//990 863//863
f 893//893 1010//1010 877//877
f 973//973 992//992 955//955
f 866//866 1010//1010 893//893
f 866//866 958//958 1010//1010
f 896//896 958//958 866//866
f 1014//1014 1031//1031 1033//1033
f 880//880 975//975 915//915
f 880//880 917//917 977//977
f 1097//1097 918//918 976//976
f 1034//1034 945//945 960//960
f 925//925 961//961 840//840
f 963//963 993//993 924//924
f 993//993 1036//1036 821//821
f 821//821 1036//1036 881//881
f 995//995 947//947 1037//1037
f 947//947 979//979 997//997
f 883//883 965//965 1040//1040
f 948//948 883//883 1040//1040
f 928//928 948//948 981//981
f 949//949 928//928 981//981
f 967//967 1020//1020 968//968
f 1003//1003 873//873 933//933
f 1003//1003 968//968 873//873
f 932//932 1023//1023 1001//1001
f 970//970 1023//1023 932//932
f 987//987 874//874 1004//1004
f 969//969 972//972 973//973
f 951//951 937//937 888//888
f 988//988 950//950 954//954
f 973//973 1007//1007 974//974
f 941//941 1011//1011 942//942
f 989//989 910//910 944//944
f 973//973 974//974 1009//1009
f 1010//1010 956//956 877//877
f 913//913 957//957 943//943
f 973//973 1009//1009 992//992
f 1032//1032 895//895 992//992
f 1032//1032 1031//1031 895//895
f 896//896 897//897 958//958
f 959//959 897//897 915//915
f 915//915 975//975 959//959
f 1015//1015 815//815 916//916
f 880//880 977//977 975//975
f 1050//1050 918//918 1097//1097
f 1050//1050 960//960 918//918
f 840//840 978//978 839//839
f 961//961 978//978 840//840
f 963//963 962//962 946//946
f 963//963 924//924 962//962
f 925//925 995//995 994//994
f 964//964 881//881 996//996
f 1037//1037 947//947 997//997
f 1039//1039 965//965 964//964
f 1040//1040 1019//1019 948//948
f 980//980 1041//1041 926//926
f 1122//1122 1000//1000 929//929
f 983//983 1053//1053 1001//1001
f 982//982 931//931 930//930
f 1002//1002 985//985 984//984
f 986//986 969//969 985//985
f 970//970 1005//1005 1023//1023
f 969//969 1007//1007 972//972
f 1005//1005 950//950 988//988
f 1005//1005 970//970 950//950
f 952//952 987//987 941//941
f 1007//1007 973//973 972//972
f 888//888 956//956 951//951
f 989//989 988//988 954//954
f 1009//1009 974//974 1007//1007
f 941//941 1049//1049 1011//1011
f 1011//1011 1013//1013 891//891
f 1013//1013 991//991 891//891
f 991//991 913//913 891//891
f 1009//1009 1032//1032 992//992
f 1050//1050 1113//1113 960//960
f 919//919 920//920 898//898
f 899//899 920//920 919//919
f 1113//1113 1034//1034 960//960
f 1034//1034 946//946 922//922
f 1037//1037 1038//1038 995//995
f 1039//1039 964//964 996//996
f 965//965 998//998 1040//1040
f 966//966 997//997 979//979
f 926//926 1080//1080 966//966
f 948//948 1019//1019 999//999
f 1041//1041 1081//1081 926//926
f 999//999 981//981 948//948
f 1000//1000 1041//1041 980//980
f 984//984 1053//1053 1002//1002
f 1023//1023 1022//1022 1001//1001
f 1003//1003 1045//1045 968//968
f 982//982 1004//1004 931//931
f 1056//1056 985//985 1002//1002
f 1025//1025 969//969 986//986
f 1025//1025 1007//1007 969//969
f 902//902 1024//1024 1003//1003
f 937//937 1024//1024 902//902
f 1006//1006 987//987 1004//1004
f 1047//1047 937//937 951//951
f 1009//1009 1007//1007 1025//1025
f 1027//1027 941//941 987//987
f 1093//1093 941//941 1027//1027
f 1008//1008 988//988 989//989
f 1048//1048 1008//1008 989//989
f 989//989 1029//1029 1048//1048
f 941//941 1093//1093 1049//1049
f 1029//1029 989//989 944//944
f 1029//1029 944//944 990//990
f 991//991 957//957 913//913
f 943//943 1096//1096 990//990
f 1010//1010 958//958 1012//1012
f 815//815 1097//1097 976//976
f 898//898 977//977 917//917
f 1035//1035 1051//1051 920//920
f 1051//1051 1035//1035 978//978
f 946//946 1115//1115 1017//1017
f 1017//1017 963//963 946//946
f 961//961 1018//1018 978//978
f 961//961 925//925 994//994
f 995//995 1038//1038 994//994
f 881//881 1036//1036 996//996
f 1037//1037 997//997 1038//1038
f 965//965 1039//1039 998//998
f 1052//1052 997//997 966//966
f 1080//1080 926//926 1081//1081
f 981//981 999//999 1019//1019
f 981//981 1019//1019 1042//1042
f 1000//1000 1099//1099 1041//1041
f 1099//1099 1000//1000 1122//1122
f 981//981 1122//1122 929//929
f 1043//1043 1020//1020 967//967
f 1021//1021 983//983 1001//1001
f 1002//1002 1053//1053 1054//1054
f 1022//1022 1021//1021 1001//1001
f 968//968 1045//1045 967//967
f 1020//1020 1055//1055 982//982
f 982//982 1055//1055 1004//1004
f 1003//1003 1024//1024 1045//1045
f 937//937 1047//1047 1024//1024
f 988//988 1046//1046 1005//1005
f 1028//1028 1009//1009 1025//1025
f 956//956 1091//1091 1047//1047
f 956//956 1047//1047 951//951
f 1006//1006 1027//1027 987//987
f 956//956 1026//1026 1091//1091
f 956//956 1069//1069 1026//1026
f 1008//1008 1048//1048 988//988
f 1010//1010 1012//1012 956//956
f 1029//1029 990//990 1096//1096
f 1030//1030 1013//1013 1011//1011
f 1031//1031 1032//1032 1009//1009
f 1014//1014 1033//1033 1015//1015
f 959//959 1071//1071 897//897
f 975//975 1071//1071 959//959
f 977//977 1071//1071 975//975
f 1097//1097 815//815 1015//1015
f 963//963 1117//1117 993//993
f 1134//1134 1040//1040 998//998
f 1055//1055 1020//1020 1043//1043
f 1043//1043 967//967 1045//1045
f 1054//1054 1056//1056 1002//1002
f 1045//1045 1085//1085 1043//1043
f 1044//1044 1022//1022 1023//1023
f 986//986 1056//1056 1025//1025
f 986//986 985//985 1056//1056
f 1006//1006 1004//1004 1055//1055
f 1024//1024 1047//1047 1045//1045
f 988//988 1048//1048 1046//1046
f 956//956 1012//1012 1069//1069
f 1068//1068 1009//1009 1028//1028
f 1096//1096 1094//1094 1029//1029
f 1049//1049 1067//1067 1011//1011
f 958//958 1069//1069 1012//1012
f 1067//1067 1095//1095 1011//1011
f 1095//1095 1030//1030 1011//1011
f 957//957 1096//1096 943//943
f 1068//1068 1031//1031 1009//1009
f 1070//1070 958//958 897//897
f 1015//1015 1033//1033 1097//1097
f 1192//1192 1016//1016 977//977
f 898//898 1192//1192 977//977
f 1034//1034 1115//1115 946//946
f 1115//1115 963//963 1017//1017
f 1076//1076 963//963 1115//1115
f 963//963 1076//1076 1117//1117
f 1078//1078 961//961 994//994
f 1117//1117 996//996 1036//1036
f 996//996 1117//1117 1039//1039
f 1155//1155 997//997 1052//1052
f 1080//1080 1052//1052 966//966
f 1135//1135 1081//1081 1041//1041
f 1101//1101 981//981 1042//1042
f 1101//1101 1122//1122 981//981
f 1021//1021 1053//1053 983//983
f 1021//1021 1022//1022 1044//1044
f 1043//1043 1057//1057 1055//1055
f 1005//1005 1044//1044 1023//1023
f 1057//1057 1006//1006 1055//1055
f 1046//1046 1104//1104 1005//1005
f 1085//1085 1045//1045 1047//1047
f 1057//1057 1064//1064 1006//1006
f 1046//1046 1058//1058 1104//1104
f 1060//1060 1058//1058 1059//1059
f 1058//1058 1046//1046 1059//1059
f 1046//1046 1061//1061 1059//1059
f 1062//1062 1028//1028 1025//1025
f 1085//1085 1047//1047 1107//1107
f 1048//1048 1061//1061 1046//1046
f 1063//1063 1047//1047 1091//1091
f 1063//1063 1107//1107 1047//1047
f 1066//1066 1027//1027 1006//1006
f 1066//1066 1006//1006 1064//1064
f 1093//1093 1027//1027 1092//1092
f 1065//1065 1028//1028 1062//1062
f 1068//1068 1028//1028 1065//1065
f 1049//1049 1093//1093 1067//1067
f 991//991 1143//1143 957//957
f 1070//1070 1069//1069 958//958
f 1111//1111 1033//1033 1031//1031
f 1071//1071 1070//1070 897//897
f 977//977 1072//1072 1071//1071
f 1016//1016 1072//1072 977//977
f 1113//1113 1050//1050 1097//1097
f 920//920 1192//1192 898//898
f 1192//1192 920//920 1098//1098
f 1051//1051 1098//1098 920//920
f 978//978 1074//1074 1051//1051
f 978//978 1018//1018 1074//1074
f 1018//1018 961//961 1074//1074
f 961//961 1077//1077 1075//1075
f 1078//1078 1077//1077 961//961
f 1117//1117 1036//1036 993//993
f 1079//1079 1155//1155 1038//1038
f 997//997 1079//1079 1038//1038
f 1040//1040 1134//1134 1019//1019
f 1099//1099 1135//1135 1041//1041
f 1083//1083 1101//1101 1042//1042
f 1100//1100 1099//1099 1122//1122
f 1084//1084 1021//1021 1044//1044
f 1197//1197 1054//1054 1053//1053
f 1054//1054 1102//1102 1056//1056
f 1005//1005 1136//1136 1044//1044
f 1102//1102 1025//1025 1056//1056
f 1085//1085 1125//1125 1043//1043
f 1005//1005 1104//1104 1136//1136
f 1088//1088 1064//1064 1057//1057
f 1104//1104 1058//1058 1086//1086
f 1087//1087 1086//1086 1060//1060
f 1059//1059 1087//1087 1060//1060
f 1089//1089 1087//1087 1059//1059
f 1060//1060 1086//1086 1058//1058
f 1061//1061 1089//1089 1059//1059
f 1090//1090 1065//1065 1062//1062
f 1027//1027 1066//1066 1092//1092
f 1048//1048 1029//1029 1061//1061
f 1061//1061 1029//1029 1094//1094
f 1090//1090 1068//1068 1065//1065
f 1093//1093 1095//1095 1067//1067
f 1111//1111 1031//1031 1068//1068
f 1069//1069 1070//1070 1144//1144
f 1097//1097 1073//1073 1113//1113
f 1114//1114 1115//1115 1034//1034
f 1152//1152 1117//1117 1076//1076
f 1078//1078 994//994 1077//1077
f 1077//1077 994//994 1118//1118
f 1117//1117 1153//1153 1039//1039
f 1155//1155 1079//1079 997//997
f 998//998 1039//1039 1154//1154
f 1134//1134 998//998 1210//1210
f 1052//1052 1080//1080 1156//1156
f 1228//1228 1080//1080 1081//1081
f 1084//1084 1197//1197 1021//1021
f 1021//1021 1197//1197 1053//1053
f 1085//1085 1127//1127 1125//1125
f 1138//1138 1057//1057 1043//1043
f 1087//1087 1105//1105 1086//1086
f 1105//1105 1106//1106 1086//1086
f 1106//1106 1104//1104 1086//1086
f 1125//1125 1138//1138 1043//1043
f 1138//1138 1088//1088 1057//1057
f 1089//1089 1126//1126 1105//1105
f 1089//1089 1105//1105 1087//1087
f 1106//1106 1105//1105 1126//1126
f 1124//1124 1090//1090 1062//1062
f 1061//1061 1126//1126 1089//1089
f 1064//1064 1088//1088 1138//1138
f 1107//1107 1127//1127 1085//1085
f 1064//1064 1092//1092 1066//1066
f 1090//1090 1124//1124 1128//1128
f 1063//1063 1091//1091 1163//1163
f 1026//1026 1163//1163 1091//1091
f 1163//1163 1026//1026 1069//1069
f 1128//1128 1068//1068 1090//1090
f 1092//1092 1108//1108 1093//1093
f 1108//1108 1095//1095 1093//1093
f 1095//1095 1109//1109 1030//1030
f 1143//1143 991//991 1110//1110
f 1112//1112 1129//1129 1071//1071
f 1147//1147 1073//1073 1097//1097
f 1072//1072 1112//1112 1071//1071
f 1016//1016 1148//1148 1072//1072
f 1150//1150 1130//1130 1113//1113
f 1173//1173 1114//1114 1034//1034
f 1098//1098 1051//1051 1151//1151
f 1074//1074 1151//1151 1051//1051
f 1076//1076 1115//1115 1116//1116
f 1075//1075 1074//1074 961//961
f 1076//1076 1116//1116 1152//1152
f 1117//1117 1119//1119 1153//1153
f 1038//1038 1120//1120 994//994
f 1121//1121 1038//1038 1155//1155
f 1153//1153 1154//1154 1039//1039
f 1210//1210 998//998 1154//1154
f 1156//1156 1155//1155 1052//1052
f 1132//1132 1156//1156 1080//1080
f 1019//1019 1083//1083 1042//1042
f 1083//1083 1019//1019 1134//1134
f 1100//1100 1135//1135 1099//1099
f 1181//1181 1122//1122 1101//1101
f 1197//1197 1158//1158 1054//1054
f 1054//1054 1158//1158 1102//1102
f 1084//1084 1044//1044 1123//1123
f 1062//1062 1102//1102 1158//1158
f 1025//1025 1102//1102 1062//1062
f 1124//1124 1062//1062 1103//1103
f 1126//1126 1104//1104 1106//1106
f 1104//1104 1126//1126 1137//1137
f 1063//1063 1127//1127 1107//1107
f 1138//1138 1140//1140 1064//1064
f 1140//1140 1092//1092 1064//1064
f 1163//1163 1127//1127 1063//1063
f 1160//1160 1127//1127 1163//1163
f 1139//1139 1061//1061 1094//1094
f 1140//1140 1108//1108 1092//1092
f 1141//1141 1139//1139 1094//1094
f 1111//1111 1068//1068 1128//1128
f 1140//1140 1095//1095 1108//1108
f 1165//1165 1069//1069 1144//1144
f 1096//1096 1167//1167 1094//1094
f 991//991 1013//1013 1110//1110
f 1071//1071 1129//1129 1070//1070
f 1097//1097 1033//1033 1111//1111
f 1072//1072 1146//1146 1112//1112
f 1147//1147 1113//1113 1073//1073
f 1148//1148 1146//1146 1072//1072
f 1170//1170 1150//1150 1113//1113
f 1192//1192 1098//1098 1149//1149
f 1173//1173 1034//1034 1113//1113
f 1173//1173 1113//1113 1130//1130
f 1114//1114 1173//1173 1115//1115
f 1074//1074 1075//1075 1131//1131
f 1152//1152 1206//1206 1117//1117
f 1175//1175 994//994 1120//1120
f 1120//1120 1038//1038 1175//1175
f 1121//1121 1175//1175 1038//1038
f 1121//1121 1155//1155 1175//1175
f 1228//1228 1132//1132 1080//1080
f 1081//1081 1229//1229 1228//1228
f 1081//1081 1082//1082 1229//1229
f 1180//1180 1101//1101 1083//1083
f 1100//1100 1122//1122 1181//1181
f 1181//1181 1101//1101 1180//1180
f 1136//1136 1123//1123 1044//1044
f 1158//1158 1103//1103 1062//1062
f 1158//1158 1124//1124 1103//1103
f 1128//1128 1124//1124 1158//1158
f 1061//1061 1137//1137 1126//1126
f 1160//1160 1125//1125 1127//1127
f 1125//1125 1162//1162 1138//1138
f 1186//1186 1140//1140 1138//1138
f 1186//1186 1138//1138 1161//1161
f 1061//1061 1139//1139 1200//1200
f 1111//1111 1128//1128 1217//1217
f 1069//1069 1165//1165 1164//1164
f 1069//1069 1164//1164 1163//1163
f 1142//1142 1095//1095 1140//1140
f 1095//1095 1142//1142 1109//1109
f 1096//1096 957//957 1167//1167
f 1167//1167 957//957 1143//1143
f 1013//1013 1168//1168 1110//1110
f 1168//1168 1276//1276 1110//1110
f 1109//1109 1191//1191 1030//1030
f 1145//1145 1144//1144 1129//1129
f 1144//1144 1070//1070 1129//1129
f 1097//1097 1111//1111 1237//1237
f 1147//1147 1097//1097 1237//1237
f 1145//1145 1129//1129 1146//1146
f 1146//1146 1129//1129 1112//1112
f 1147//1147 1170//1170 1113//1113
f 1192//1192 1171//1171 1016//1016
f 1173//1173 1116//1116 1115//1115
f 1206//1206 1152//1152 1116//1116
f 1119//1119 1117//1117 1206//1206
f 1118//1118 994//994 1175//1175
f 1119//1119 1174//1174 1153//1153
f 1155//1155 1176//1176 1175//1175
f 1133//1133 1134//1134 1210//1210
f 1134//1134 1133//1133 1179//1179
f 1083//1083 1134//1134 1179//1179
f 1289//1289 1135//1135 1100//1100
f 1157//1157 1158//1158 1197//1197
f 1104//1104 1159//1159 1136//1136
f 1184//1184 1136//1136 1159//1159
f 1137//1137 1159//1159 1104//1104
f 1187//1187 1128//1128 1158//1158
f 1162//1162 1125//1125 1160//1160
f 1200//1200 1137//1137 1061//1061
f 1184//1184 1137//1137 1200//1200
f 1162//1162 1161//1161 1138//1138
f 1164//1164 1160//1160 1163//1163
f 1187//1187 1217//1217 1128//1128
f 1186//1186 1166//1166 1140//1140
f 1166//1166 1142//1142 1140//1140
f 1167//1167 1141//1141 1094//1094
f 1237//1237 1111//1111 1217//1217
f 1191//1191 1109//1109 1142//1142
f 1030//1030 1191//1191 1013//1013
f 1239//1239 1143//1143 1110//1110
f 1143//1143 1169//1169 1167//1167
f 1241//1241 1222//1222 1147//1147
f 1146//1146 1202//1202 1145//1145
f 1170//1170 1147//1147 1222//1222
f 1171//1171 1148//1148 1016//1016
f 1150//1150 1170//1170 1172//1172
f 1245//1245 1171//1171 1192//1192
f 1149//1149 1098//1098 1264//1264
f 1151//1151 1074//1074 1264//1264
f 1193//1193 1119//1119 1206//1206
f 1177//1177 1176//1176 1155//1155
f 1156//1156 1177//1177 1155//1155
f 1178//1178 1228//1228 1229//1229
f 1230//1230 1082//1082 1081//1081
f 1230//1230 1081//1081 1135//1135
f 1135//1135 1289//1289 1230//1230
f 1289//1289 1100//1100 1181//1181
f 1084//1084 1123//1123 1196//1196
f 1196//1196 1197//1197 1084//1084
f 1197//1197 1198//1198 1157//1157
f 1136//1136 1182//1182 1123//1123
f 1157//1157 1198//1198 1158//1158
f 1136//1136 1184//1184 1182//1182
f 1183//1183 1187//1187 1158//1158
f 1137//1137 1184//1184 1159//1159
f 1200//1200 1216//1216 1184//1184
f 1186//1186 1161//1161 1162//1162
f 1188//1188 1160//1160 1164//1164
f 1160//1160 1188//1188 1220//1220
f 1160//1160 1220//1220 1162//1162
f 1187//1187 1185//1185 1217//1217
f 1189//1189 1186//1186 1162//1162
f 1186//1186 1189//1189 1166//1166
f 1189//1189 1142//1142 1166//1166
f 1167//1167 1169//1169 1141//1141
f 1220//1220 1164//1164 1165//1165
f 1238//1238 1191//1191 1142//1142
f 1191//1191 1168//1168 1013//1013
f 1110//1110 1276//1276 1239//1239
f 1143//1143 1239//1239 1169//1169
f 1144//1144 1145//1145 1165//1165
f 1240//1240 1165//1165 1145//1145
f 1146//1146 1203//1203 1202//1202
f 1148//1148 1203//1203 1146//1146
f 1204//1204 1172//1172 1170//1170
f 1172//1172 1204//1204 1150//1150
f 1130//1130 1150//1150 1243//1243
f 1264//1264 1192//1192 1149//1149
f 1315//1315 1173//1173 1130//1130
f 1074//1074 1284//1284 1264//1264
f 1173//1173 1265//1265 1205//1205
f 1173//1173 1205//1205 1116//1116
f 1077//1077 1131//1131 1075//1075
f 1267//1267 1206//1206 1116//1116
f 1193//1193 1174//1174 1119//1119
f 1194//1194 1153//1153 1174//1174
f 1153//1153 1194//1194 1154//1154
f 1177//1177 1175//1175 1176//1176
f 1226//1226 1210//1210 1154//1154
f 1270//1270 1156//1156 1132//1132
f 1083//1083 1179//1179 1180//1180
f 1229//1229 1082//1082 1230//1230
f 1248//1248 1181//1181 1180//1180
f 1248//1248 1289//1289 1181//1181
f 1248//1248 1180//1180 1195//1195
f 1196//1196 1198//1198 1197//1197
f 1196//1196 1123//1123 1182//1182
f 1158//1158 1198//1198 1183//1183
f 1184//1184 1213//1213 1212//1212
f 1184//1184 1199//1199 1213//1213
f 1185//1185 1187//1187 1183//1183
f 1216//1216 1199//1199 1184//1184
f 1216//1216 1200//1200 1139//1139
f 1141//1141 1236//1236 1139//1139
f 1139//1139 1236//1236 1216//1216
f 1220//1220 1188//1188 1164//1164
f 1275//1275 1236//1236 1141//1141
f 1169//1169 1218//1218 1141//1141
f 1141//1141 1218//1218 1275//1275
f 1162//1162 1201//1201 1189//1189
f 1217//1217 1255//1255 1237//1237
f 1201//1201 1142//1142 1189//1189
f 1165//1165 1240//1240 1220//1220
f 1201//1201 1238//1238 1142//1142
f 1240//1240 1145//1145 1221//1221
f 1202//1202 1221//1221 1145//1145
f 1296//1296 1170//1170 1222//1222
f 1243//1243 1170//1170 1296//1296
f 1204//1204 1170//1170 1243//1243
f 1171//1171 1203//1203 1148//1148
f 1245//1245 1192//1192 1264//1264
f 1151//1151 1264//1264 1098//1098
f 1173//1173 1246//1246 1265//1265
f 1265//1265 1116//1116 1205//1205
f 1131//1131 1284//1284 1074//1074
f 1265//1265 1267//1267 1116//1116
f 1206//1206 1267//1267 1247//1247
f 1286//1286 1193//1193 1206//1206
f 1118//1118 1208//1208 1077//1077
f 1193//1193 1286//1286 1174//1174
f 1118//1118 1175//1175 1209//1209
f 1225//1225 1154//1154 1194//1194
f 1227//1227 1177//1177 1156//1156
f 1270//1270 1227//1227 1156//1156
f 1180//1180 1179//1179 1133//1133
f 1229//1229 1211//1211 1178//1178
f 1196//1196 1182//1182 1184//1184
f 1212//1212 1196//1196 1184//1184
f 1232//1232 1183//1183 1198//1198
f 1214//1214 1183//1183 1232//1232
f 1215//1215 1183//1183 1214//1214
f 1215//1215 1185//1185 1183//1183
f 1199//1199 1234//1234 1213//1213
f 1216//1216 1234//1234 1199//1199
f 1234//1234 1216//1216 1235//1235
f 1215//1215 1217//1217 1185//1185
f 1220//1220 1201//1201 1162//1162
f 1276//1276 1291//1291 1219//1219
f 1219//1219 1239//1239 1276//1276
f 1241//1241 1147//1147 1237//1237
f 1203//1203 1223//1223 1202//1202
f 1245//1245 1203//1203 1171//1171
f 1243//1243 1150//1150 1204//1204
f 1315//1315 1130//1130 1243//1243
f 1315//1315 1246//1246 1173//1173
f 1077//1077 1284//1284 1131//1131
f 1077//1077 1207//1207 1284//1284
f 1224//1224 1286//1286 1206//1206
f 1209//1209 1208//1208 1118//1118
f 1174//1174 1225//1225 1194//1194
f 1177//1177 1209//1209 1175//1175
f 1226//1226 1154//1154 1225//1225
f 1132//1132 1272//1272 1270//1270
f 1133//1133 1210//1210 1319//1319
f 1272//1272 1132//1132 1228//1228
f 1133//1133 1319//1319 1320//1320
f 1180//1180 1320//1320 1195//1195
f 1231//1231 1198//1198 1196//1196
f 1231//1231 1232//1232 1198//1198
f 1196//1196 1212//1212 1231//1231
f 1232//1232 1233//1233 1214//1214
f 1233//1233 1253//1253 1214//1214
f 1253//1253 1215//1215 1214//1214
f 1252//1252 1234//1234 1235//1235
f 1255//1255 1215//1215 1253//1253
f 1216//1216 1275//1275 1235//1235
f 1255//1255 1217//1217 1215//1215
f 1236//1236 1275//1275 1216//1216
f 1169//1169 1275//1275 1218//1218
f 1191//1191 1276//1276 1168//1168
f 1256//1256 1241//1241 1237//1237
f 1201//1201 1220//1220 1240//1240
f 1190//1190 1191//1191 1238//1238
f 1201//1201 1240//1240 1280//1280
f 1201//1201 1280//1280 1238//1238
f 1256//1256 1222//1222 1241//1241
f 1261//1261 1240//1240 1221//1221
f 1202//1202 1261//1261 1221//1221
f 1260//1260 1296//1296 1222//1222
f 1245//1245 1244//1244 1203//1203
f 1247//1247 1224//1224 1206//1206
f 1286//1286 1224//1224 1247//1247
f 1077//1077 1208//1208 1317//1317
f 1208//1208 1209//1209 1331//1331
f 1286//1286 1287//1287 1174//1174
f 1331//1331 1209//1209 1268//1268
f 1287//1287 1269//1269 1174//1174
f 1225//1225 1174//1174 1269//1269
f 1177//1177 1268//1268 1209//1209
f 1225//1225 1269//1269 1226//1226
f 1210//1210 1226//1226 1288//1288
f 1228//1228 1178//1178 1272//1272
f 1320//1320 1180//1180 1133//1133
f 1249//1249 1232//1232 1231//1231
f 1249//1249 1233//1233 1232//1232
f 1252//1252 1231//1231 1212//1212
f 1250//1250 1249//1249 1231//1231
f 1249//1249 1251//1251 1233//1233
f 1252//1252 1212//1212 1213//1213
f 1234//1234 1252//1252 1213//1213
f 1231//1231 1252//1252 1250//1250
f 1251//1251 1253//1253 1233//1233
f 1249//1249 1273//1273 1251//1251
f 1251//1251 1273//1273 1253//1253
f 1235//1235 1254//1254 1252//1252
f 1273//1273 1255//1255 1253//1253
f 1275//1275 1254//1254 1235//1235
f 1257//1257 1275//1275 1169//1169
f 1256//1256 1237//1237 1255//1255
f 1258//1258 1257//1257 1169//1169
f 1191//1191 1190//1190 1259//1259
f 1276//1276 1290//1290 1291//1291
f 1292//1292 1169//1169 1239//1239
f 1257//1257 1258//1258 1293//1293
f 1260//1260 1222//1222 1256//1256
f 1260//1260 1256//1256 1279//1279
f 1261//1261 1262//1262 1240//1240
f 1281//1281 1280//1280 1240//1240
f 1262//1262 1281//1281 1240//1240
f 1262//1262 1261//1261 1202//1202
f 1242//1242 1202//1202 1223//1223
f 1283//1283 1243//1243 1296//1296
f 1245//1245 1263//1263 1244//1244
f 1314//1314 1315//1315 1243//1243
f 1207//1207 1266//1266 1284//1284
f 1077//1077 1317//1317 1207//1207
f 1177//1177 1227//1227 1332//1332
f 1268//1268 1177//1177 1332//1332
f 1288//1288 1226//1226 1269//1269
f 1210//1210 1288//1288 1271//1271
f 1270//1270 1272//1272 1307//1307
f 1271//1271 1319//1319 1210//1210
f 1178//1178 1211//1211 1309//1309
f 1195//1195 1335//1335 1248//1248
f 1211//1211 1229//1229 1230//1230
f 1289//1289 1211//1211 1230//1230
f 1250//1250 1273//1273 1249//1249
f 1277//1277 1252//1252 1254//1254
f 1252//1252 1277//1277 1250//1250
f 1250//1250 1277//1277 1274//1274
f 1250//1250 1274//1274 1273//1273
f 1275//1275 1277//1277 1254//1254
f 1273//1273 1256//1256 1255//1255
f 1274//1274 1256//1256 1273//1273
f 1293//1293 1275//1275 1257//1257
f 1277//1277 1256//1256 1274//1274
f 1277//1277 1278//1278 1256//1256
f 1275//1275 1293//1293 1277//1277
f 1290//1290 1276//1276 1191//1191
f 1259//1259 1336//1336 1191//1191
f 1191//1191 1366//1366 1290//1290
f 1219//1219 1292//1292 1239//1239
f 1258//1258 1169//1169 1292//1292
f 1277//1277 1294//1294 1278//1278
f 1278//1278 1279//1279 1256//1256
f 1311//1311 1259//1259 1238//1238
f 1190//1190 1238//1238 1259//1259
f 1311//1311 1238//1238 1280//1280
f 1278//1278 1260//1260 1279//1279
f 1296//1296 1260//1260 1278//1278
f 1278//1278 1282//1282 1296//1296
f 1202//1202 1281//1281 1262//1262
f 1203//1203 1244//1244 1223//1223
f 1283//1283 1330//1330 1243//1243
f 1264//1264 1298//1298 1245//1245
f 1316//1316 1264//1264 1284//1284
f 1207//1207 1317//1317 1285//1285
f 1267//1267 1286//1286 1247//1247
f 1318//1318 1287//1287 1286//1286
f 1287//1287 1288//1288 1269//1269
f 1178//1178 1308//1308 1272//1272
f 1364//1364 1320//1320 1319//1319
f 1356//1356 1211//1211 1289//1289
f 1356//1356 1289//1289 1341//1341
f 1191//1191 1336//1336 1366//1366
f 1310//1310 1293//1293 1258//1258
f 1277//1277 1293//1293 1294//1294
f 1258//1258 1292//1292 1310//1310
f 1295//1295 1278//1278 1294//1294
f 1280//1280 1326//1326 1312//1312
f 1295//1295 1282//1282 1278//1278
f 1295//1295 1296//1296 1282//1282
f 1242//1242 1281//1281 1202//1202
f 1296//1296 1295//1295 1328//1328
f 1281//1281 1242//1242 1326//1326
f 1296//1296 1329//1329 1283//1283
f 1263//1263 1297//1297 1244//1244
f 1245//1245 1297//1297 1263//1263
f 1330//1330 1314//1314 1243//1243
f 1297//1297 1245//1245 1299//1299
f 1299//1299 1245//1245 1298//1298
f 1264//1264 1376//1376 1298//1298
f 1376//1376 1264//1264 1300//1300
f 1316//1316 1300//1300 1264//1264
f 1246//1246 1389//1389 1265//1265
f 1267//1267 1265//1265 1389//1389
f 1286//1286 1267//1267 1301//1301
f 1301//1301 1302//1302 1286//1286
f 1286//1286 1302//1302 1318//1318
f 1303//1303 1208//1208 1331//1331
f 1305//1305 1332//1332 1227//1227
f 1288//1288 1287//1287 1304//1304
f 1306//1306 1305//1305 1227//1227
f 1270//1270 1306//1306 1227//1227
f 1364//1364 1319//1319 1355//1355
f 1309//1309 1211//1211 1356//1356
f 1341//1341 1289//1289 1335//1335
f 1335//1335 1289//1289 1248//1248
f 1310//1310 1292//1292 1324//1324
f 1325//1325 1293//1293 1310//1310
f 1325//1325 1294//1294 1293//1293
f 1312//1312 1345//1345 1280//1280
f 1345//1345 1311//1311 1280//1280
f 1326//1326 1280//1280 1281//1281
f 1313//1313 1328//1328 1294//1294
f 1295//1295 1294//1294 1328//1328
f 1328//1328 1329//1329 1296//1296
f 1242//1242 1223//1223 1326//1326
f 1349//1349 1223//1223 1244//1244
f 1349//1349 1244//1244 1299//1299
f 1330//1330 1283//1283 1329//1329
f 1396//1396 1246//1246 1315//1315
f 1266//1266 1316//1316 1284//1284
f 1207//1207 1285//1285 1266//1266
f 1208//1208 1303//1303 1352//1352
f 1317//1317 1208//1208 1352//1352
f 1271//1271 1333//1333 1319//1319
f 1307//1307 1306//1306 1270//1270
f 1308//1308 1307//1307 1272//1272
f 1219//1219 1291//1291 1292//1292
f 1336//1336 1259//1259 1321//1321
f 1292//1292 1322//1322 1324//1324
f 1311//1311 1323//1323 1259//1259
f 1321//1321 1259//1259 1323//1323
f 1311//1311 1345//1345 1323//1323
f 1310//1310 1324//1324 1325//1325
f 1326//1326 1345//1345 1312//1312
f 1325//1325 1313//1313 1294//1294
f 1325//1325 1328//1328 1313//1313
f 1297//1297 1299//1299 1244//1244
f 1299//1299 1298//1298 1376//1376
f 1314//1314 1350//1350 1315//1315
f 1396//1396 1389//1389 1246//1246
f 1338//1338 1301//1301 1267//1267
f 1301//1301 1338//1338 1318//1318
f 1301//1301 1318//1318 1302//1302
f 1318//1318 1353//1353 1287//1287
f 1287//1287 1353//1353 1304//1304
f 1332//1332 1331//1331 1268//1268
f 1333//1333 1271//1271 1288//1288
f 1334//1334 1362//1362 1306//1306
f 1307//1307 1334//1334 1306//1306
f 1307//1307 1308//1308 1334//1334
f 1178//1178 1309//1309 1308//1308
f 1342//1342 1195//1195 1364//1364
f 1335//1335 1195//1195 1342//1342
f 1364//1364 1195//1195 1320//1320
f 1339//1339 1309//1309 1340//1340
f 1356//1356 1340//1340 1309//1309
f 1291//1291 1290//1290 1366//1366
f 1366//1366 1292//1292 1291//1291
f 1370//1370 1385//1385 1345//1345
f 1385//1385 1344//1344 1345//1345
f 1344//1344 1323//1323 1345//1345
f 1324//1324 1368//1368 1325//1325
f 1347//1347 1345//1345 1326//1326
f 1337//1337 1328//1328 1325//1325
f 1327//1327 1347//1347 1326//1326
f 1337//1337 1329//1329 1328//1328
f 1374//1374 1330//1330 1329//1329
f 1374//1374 1314//1314 1330//1330
f 1404//1404 1349//1349 1299//1299
f 1404//1404 1299//1299 1376//1376
f 1350//1350 1314//1314 1374//1374
f 1396//1396 1315//1315 1350//1350
f 1389//1389 1377//1377 1267//1267
f 1377//1377 1338//1338 1267//1267
f 1353//1353 1318//1318 1338//1338
f 1359//1359 1332//1332 1305//1305
f 1304//1304 1353//1353 1288//1288
f 1288//1288 1353//1353 1333//1333
f 1362//1362 1446//1446 1306//1306
f 1391//1391 1319//1319 1333//1333
f 1355//1355 1319//1319 1391//1391
f 1308//1308 1363//1363 1334//1334
f 1309//1309 1363//1363 1308//1308
f 1339//1339 1363//1363 1309//1309
f 1336//1336 1321//1321 1323//1323
f 1393//1393 1322//1322 1292//1292
f 1324//1324 1384//1384 1368//1368
f 1346//1346 1337//1337 1325//1325
f 1368//1368 1346//1346 1325//1325
f 1370//1370 1345//1345 1327//1327
f 1346//1346 1358//1358 1337//1337
f 1223//1223 1348//1348 1326//1326
f 1374//1374 1337//1337 1358//1358
f 1348//1348 1223//1223 1349//1349
f 1374//1374 1329//1329 1337//1337
f 1316//1316 1266//1266 1300//1300
f 1376//1376 1300//1300 1266//1266
f 1387//1387 1396//1396 1350//1350
f 1285//1285 1351//1351 1266//1266
f 1352//1352 1285//1285 1317//1317
f 1331//1331 1354//1354 1303//1303
f 1331//1331 1332//1332 1354//1354
f 1392//1392 1334//1334 1363//1363
f 1335//1335 1342//1342 1341//1341
f 1366//1366 1393//1393 1292//1292
f 1336//1336 1323//1323 1365//1365
f 1393//1393 1357//1357 1322//1322
f 1357//1357 1367//1367 1322//1322
f 1368//1368 1358//1358 1346//1346
f 1327//1327 1345//1345 1347//1347
f 1348//1348 1372//1372 1326//1326
f 1349//1349 1372//1372 1348//1348
f 1404//1404 1373//1373 1349//1349
f 1375//1375 1350//1350 1374//1374
f 1387//1387 1350//1350 1375//1375
f 1354//1354 1378//1378 1303//1303
f 1354//1354 1332//1332 1378//1378
f 1338//1338 1379//1379 1353//1353
f 1360//1360 1333//1333 1353//1353
f 1305//1305 1406//1406 1359//1359
f 1446//1446 1305//1305 1306//1306
f 1361//1361 1391//1391 1333//1333
f 1408//1408 1364//1364 1355//1355
f 1341//1341 1340//1340 1356//1356
f 1364//1364 1341//1341 1342//1342
f 1365//1365 1323//1323 1343//1343
f 1343//1343 1323//1323 1402//1402
f 1322//1322 1367//1367 1324//1324
f 1367//1367 1384//1384 1324//1324
f 1344//1344 1402//1402 1323//1323
f 1369//1369 1386//1386 1358//1358
f 1368//1368 1369//1369 1358//1358
f 1326//1326 1372//1372 1327//1327
f 1374//1374 1358//1358 1371//1371
f 1285//1285 1397//1397 1351//1351
f 1352//1352 1303//1303 1378//1378
f 1338//1338 1398//1398 1379//1379
f 1353//1353 1379//1379 1398//1398
f 1398//1398 1360//1360 1353//1353
f 1359//1359 1406//1406 1332//1332
f 1380//1380 1333//1333 1360//1360
f 1455//1455 1362//1362 1334//1334
f 1401//1401 1340//1340 1341//1341
f 1336//1336 1428//1428 1366//1366
f 1365//1365 1343//1343 1381//1381
f 1336//1336 1365//1365 1381//1381
f 1428//1428 1393//1393 1366//1366
f 1357//1357 1393//1393 1382//1382
f 1357//1357 1383//1383 1367//1367
f 1384//1384 1367//1367 1383//1383
f 1402//1402 1344//1344 1385//1385
f 1384//1384 1369//1369 1368//1368
f 1386//1386 1371//1371 1358//1358
f 1373//1373 1372//1372 1349//1349
f 1387//1387 1375//1375 1374//1374
f 1376//1376 1395//1395 1404//1404
f 1376//1376 1388//1388 1395//1395
f 1266//1266 1388//1388 1376//1376
f 1351//1351 1397//1397 1266//1266
f 1338//1338 1377//1377 1390//1390
f 1390//1390 1398//1398 1338//1338
f 1332//1332 1417//1417 1378//1378
f 1417//1417 1332//1332 1399//1399
f 1406//1406 1399//1399 1332//1332
f 1446//1446 1406//1406 1305//1305
f 1333//1333 1380//1380 1361//1361
f 1392//1392 1438//1438 1334//1334
f 1355//1355 1391//1391 1408//1408
f 1340//1340 1363//1363 1339//1339
f 1384//1384 1383//1383 1403//1403
f 1384//1384 1403//1403 1394//1394
f 1394//1394 1369//1369 1384//1384
f 1394//1394 1403//1403 1369//1369
f 1370//1370 1327//1327 1385//1385
f 1412//1412 1386//1386 1369//1369
f 1372//1372 1431//1431 1327//1327
f 1404//1404 1413//1413 1373//1373
f 1395//1395 1388//1388 1266//1266
f 1462//1462 1389//1389 1396//1396
f 1462//1462 1377//1377 1389//1389
f 1398//1398 1390//1390 1377//1377
f 1285//1285 1352//1352 1445//1445
f 1362//1362 1448//1448 1446//1446
f 1361//1361 1380//1380 1418//1418
f 1400//1400 1455//1455 1334//1334
f 1438//1438 1400//1400 1334//1334
f 1401//1401 1363//1363 1340//1340
f 1408//1408 1401//1401 1341//1341
f 1408//1408 1341//1341 1364//1364
f 1381//1381 1421//1421 1336//1336
f 1336//1336 1421//1421 1428//1428
f 1393//1393 1383//1383 1382//1382
f 1382//1382 1383//1383 1357//1357
f 1430//1430 1412//1412 1369//1369
f 1385//1385 1327//1327 1441//1441
f 1413//1413 1372//1372 1373//1373
f 1387//1387 1374//1374 1416//1416
f 1416//1416 1396//1396 1387//1387
f 1266//1266 1397//1397 1424//1424
f 1405//1405 1360//1360 1398//1398
f 1360//1360 1470//1470 1380//1380
f 1470//1470 1418//1418 1380//1380
f 1435//1435 1361//1361 1418//1418
f 1407//1407 1391//1391 1361//1361
f 1407//1407 1408//1408 1391//1391
f 1420//1420 1363//1363 1401//1401
f 1437//1437 1401//1401 1408//1408
f 1409//1409 1393//1393 1428//1428
f 1343//1343 1421//1421 1381//1381
f 1383//1383 1393//1393 1410//1410
f 1343//1343 1402//1402 1421//1421
f 1402//1402 1429//1429 1421//1421
f 1411//1411 1403//1403 1383//1383
f 1403//1403 1411//1411 1369//1369
f 1411//1411 1439//1439 1369//1369
f 1439//1439 1430//1430 1369//1369
f 1413//1413 1431//1431 1372//1372
f 1432//1432 1386//1386 1412//1412
f 1374//1374 1371//1371 1414//1414
f 1413//1413 1404//1404 1423//1423
f 1374//1374 1414//1414 1416//1416
f 1395//1395 1415//1415 1404//1404
f 1424//1424 1395//1395 1266//1266
f 1414//1414 1396//1396 1416//1416
f 1462//1462 1396//1396 1414//1414
f 1426//1426 1377//1377 1433//1433
f 1444//1444 1405//1405 1398//1398
f 1378//1378 1417//1417 1352//1352
f 1405//1405 1470//1470 1360//1360
f 1455//1455 1448//1448 1362//1362
f 1436//1436 1455//1455 1400//1400
f 1435//1435 1407//1407 1361//1361
f 1408//1408 1407//1407 1449//1449
f 1392//1392 1419//1419 1438//1438
f 1420//1420 1419//1419 1392//1392
f 1420//1420 1392//1392 1363//1363
f 1437//1437 1420//1420 1401//1401
f 1437//1437 1408//1408 1449//1449
f 1409//1409 1410//1410 1393//1393
f 1410//1410 1409//1409 1383//1383
f 1409//1409 1439//1439 1383//1383
f 1439//1439 1411//1411 1383//1383
f 1385//1385 1429//1429 1402//1402
f 1386//1386 1432//1432 1371//1371
f 1423//1423 1422//1422 1413//1413
f 1415//1415 1423//1423 1404//1404
f 1397//1397 1425//1425 1424//1424
f 1433//1433 1377//1377 1462//1462
f 1285//1285 1445//1445 1397//1397
f 1377//1377 1426//1426 1444//1444
f 1444//1444 1398//1398 1377//1377
f 1427//1427 1418//1418 1470//1470
f 1407//1407 1435//1435 1449//1449
f 1436//1436 1400//1400 1438//1438
f 1441//1441 1468//1468 1385//1385
f 1441//1441 1327//1327 1431//1431
f 1412//1412 1461//1461 1432//1432
f 1422//1422 1453//1453 1413//1413
f 1413//1413 1453//1453 1443//1443
f 1462//1462 1414//1414 1371//1371
f 1433//1433 1444//1444 1426//1426
f 1405//1405 1463//1463 1470//1470
f 1399//1399 1406//1406 1446//1446
f 1471//1471 1434//1434 1418//1418
f 1434//1434 1467//1467 1435//1435
f 1435//1435 1418//1418 1434//1434
f 1437//1437 1419//1419 1420//1420
f 1429//1429 1452//1452 1421//1421
f 1459//1459 1439//1439 1409//1409
f 1385//1385 1468//1468 1429//1429
f 1440//1440 1442//1442 1430//1430
f 1430//1430 1442//1442 1412//1412
f 1413//1413 1443//1443 1431//1431
f 1412//1412 1442//1442 1461//1461
f 1469//1469 1395//1395 1424//1424
f 1352//1352 1454//1454 1445//1445
f 1463//1463 1405//1405 1444//1444
f 1427//1427 1471//1471 1418//1418
f 1448//1448 1447//1447 1446//1446
f 1455//1455 1466//1466 1448//1448
f 1435//1435 1467//1467 1482//1482
f 1473//1473 1455//1455 1436//1436
f 1457//1457 1435//1435 1482//1482
f 1449//1449 1435//1435 1457//1457
f 1450//1450 1438//1438 1419//1419
f 1451//1451 1428//1428 1421//1421
f 1459//1459 1409//1409 1428//1428
f 1428//1428 1451//1451 1459//1459
f 1439//1439 1440//1440 1430//1430
f 1431//1431 1468//1468 1441//1441
f 1371//1371 1432//1432 1461//1461
f 1395//1395 1469//1469 1415//1415
f 1425//1425 1397//1397 1445//1445
f 1434//1434 1471//1471 1467//1467
f 1466//1466 1447//1447 1448//1448
f 1437//1437 1449//1449 1457//1457
f 1450//1450 1419//1419 1437//1437
f 1452//1452 1458//1458 1421//1421
f 1458//1458 1451//1451 1421//1421
f 1439//1439 1510//1510 1484//1484
f 1484//1484 1440//1440 1439//1439
f 1460//1460 1468//1468 1431//1431
f 1431//1431 1443//1443 1460//1460
f 1422//1422 1478//1478 1453//1453
f 1415//1415 1469//1469 1423//1423
f 1445//1445 1454//1454 1425//1425
f 1417//1417 1454//1454 1352//1352
f 1464//1464 1399//1399 1465//1465
f 1470//1470 1471//1471 1427//1427
f 1466//1466 1446//1446 1447//1447
f 1455//1455 1472//1472 1466//1466
f 1473//1473 1456//1456 1455//1455
f 1473//1473 1436//1436 1438//1438
f 1450//1450 1473//1473 1438//1438
f 1490//1490 1450//1450 1437//1437
f 1483//1483 1490//1490 1437//1437
f 1451//1451 1497//1497 1459//1459
f 1439//1439 1459//1459 1497//1497
f 1460//1460 1475//1475 1468//1468
f 1443//1443 1475//1475 1460//1460
f 1478//1478 1477//1477 1453//1453
f 1461//1461 1479//1479 1371//1371
f 1479//1479 1462//1462 1371//1371
f 1424//1424 1425//1425 1469//1469
f 1493//1493 1433//1433 1462//1462
f 1493//1493 1444//1444 1433//1433
f 1493//1493 1504//1504 1444//1444
f 1444//1444 1486//1486 1463//1463
f 1417//1417 1399//1399 1464//1464
f 1486//1486 1470//1470 1463//1463
f 1446//1446 1466//1466 1487//1487
f 1455//1455 1456//1456 1472//1472
f 1489//1489 1456//1456 1473//1473
f 1457//1457 1482//1482 1437//1437
f 1452//1452 1429//1429 1458//1458
f 1497//1497 1474//1474 1439//1439
f 1474//1474 1510//1510 1439//1439
f 1429//1429 1468//1468 1514//1514
f 1440//1440 1484//1484 1442//1442
f 1484//1484 1476//1476 1442//1442
f 1475//1475 1443//1443 1477//1477
f 1442//1442 1476//1476 1461//1461
f 1477//1477 1443//1443 1453//1453
f 1422//1422 1423//1423 1478//1478
f 1493//1493 1462//1462 1479//1479
f 1486//1486 1444//1444 1504//1504
f 1417//1417 1464//1464 1454//1454
f 1470//1470 1486//1486 1471//1471
f 1446//1446 1487//1487 1399//1399
f 1471//1471 1512//1512 1467//1467
f 1480//1480 1472//1472 1456//1456
f 1467//1467 1481//1481 1482//1482
f 1522//1522 1481//1481 1467//1467
f 1489//1489 1480//1480 1456//1456
f 1473//1473 1450//1450 1489//1489
f 1482//1482 1483//1483 1437//1437
f 1429//1429 1514//1514 1458//1458
f 1477//1477 1501//1501 1475//1475
f 1461//1461 1544//1544 1479//1479
f 1423//1423 1485//1485 1478//1478
f 1465//1465 1399//1399 1487//1487
f 1471//1471 1507//1507 1512//1512
f 1487//1487 1466//1466 1472//1472
f 1521//1521 1522//1522 1467//1467
f 1480//1480 1488//1488 1472//1472
f 1488//1488 1480//1480 1489//1489
f 1490//1490 1538//1538 1450//1450
f 1490//1490 1483//1483 1513//1513
f 1495//1495 1483//1483 1482//1482
f 1458//1458 1509//1509 1451//1451
f 1451//1451 1509//1509 1529//1529
f 1529//1529 1491//1491 1451//1451
f 1491//1491 1497//1497 1451//1451
f 1497//1497 1510//1510 1474//1474
f 1492//1492 1468//1468 1475//1475
f 1475//1475 1511//1511 1492//1492
f 1510//1510 1498//1498 1484//1484
f 1475//1475 1501//1501 1511//1511
f 1498//1498 1476//1476 1484//1484
f 1478//1478 1501//1501 1477//1477
f 1461//1461 1500//1500 1544//1544
f 1469//1469 1502//1502 1423//1423
f 1502//1502 1485//1485 1423//1423
f 1454//1454 1505//1505 1425//1425
f 1533//1533 1504//1504 1493//1493
f 1464//1464 1505//1505 1454//1454
f 1507//1507 1471//1471 1486//1486
f 1467//1467 1512//1512 1521//1521
f 1488//1488 1508//1508 1472//1472
f 1494//1494 1488//1488 1489//1489
f 1513//1513 1495//1495 1482//1482
f 1513//1513 1482//1482 1528//1528
f 1528//1528 1482//1482 1481//1481
f 1489//1489 1450//1450 1538//1538
f 1513//1513 1538//1538 1490//1490
f 1513//1513 1483//1483 1495//1495
f 1509//1509 1458//1458 1496//1496
f 1491//1491 1529//1529 1497//1497
f 1514//1514 1496//1496 1458//1458
f 1497//1497 1529//1529 1510//1510
f 1492//1492 1514//1514 1468//1468
f 1498//1498 1499//1499 1476//1476
f 1499//1499 1461//1461 1476//1476
f 1461//1461 1499//1499 1500//1500
f 1485//1485 1501//1501 1478//1478
f 1425//1425 1503//1503 1469//1469
f 1486//1486 1533//1533 1518//1518
f 1486//1486 1518//1518 1507//1507
f 1465//1465 1487//1487 1464//1464
f 1530//1530 1498//1498 1510//1510
f 1515//1515 1499//1499 1498//1498
f 1544//1544 1493//1493 1479//1479
f 1503//1503 1502//1502 1469//1469
f 1533//1533 1486//1486 1504//1504
f 1464//1464 1487//1487 1506//1506
f 1488//1488 1520//1520 1508//1508
f 1488//1488 1523//1523 1527//1527
f 1494//1494 1523//1523 1488//1488
f 1553//1553 1528//1528 1481//1481
f 1513//1513 1553//1553 1538//1538
f 1529//1529 1530//1530 1510//1510
f 1541//1541 1498//1498 1530//1530
f 1498//1498 1541//1541 1515//1515
f 1515//1515 1555//1555 1499//1499
f 1485//1485 1511//1511 1501//1501
f 1485//1485 1525//1525 1511//1511
f 1503//1503 1485//1485 1502//1502
f 1503//1503 1516//1516 1485//1485
f 1533//1533 1493//1493 1544//1544
f 1464//1464 1517//1517 1505//1505
f 1464//1464 1551//1551 1545//1545
f 1506//1506 1551//1551 1464//1464
f 1519//1519 1512//1512 1507//1507
f 1508//1508 1487//1487 1472//1472
f 1527//1527 1520//1520 1488//1488
f 1553//1553 1481//1481 1522//1522
f 1528//1528 1553//1553 1513//1513
f 1509//1509 1496//1496 1529//1529
f 1492//1492 1540//1540 1514//1514
f 1511//1511 1525//1525 1550//1550
f 1531//1531 1511//1511 1550//1550
f 1555//1555 1524//1524 1499//1499
f 1524//1524 1542//1542 1499//1499
f 1516//1516 1525//1525 1485//1485
f 1500//1500 1499//1499 1542//1542
f 1425//1425 1532//1532 1503//1503
f 1464//1464 1545//1545 1517//1517
f 1526//1526 1518//1518 1533//1533
f 1526//1526 1534//1534 1507//1507
f 1526//1526 1507//1507 1518//1518
f 1535//1535 1519//1519 1507//1507
f 1519//1519 1535//1535 1512//1512
f 1521//1521 1512//1512 1535//1535
f 1487//1487 1508//1508 1552//1552
f 1536//1536 1553//1553 1522//1522
f 1537//1537 1494//1494 1489//1489
f 1538//1538 1537//1537 1489//1489
f 1514//1514 1540//1540 1529//1529
f 1514//1514 1529//1529 1496//1496
f 1531//1531 1492//1492 1511//1511
f 1531//1531 1540//1540 1492//1492
f 1516//1516 1561//1561 1525//1525
f 1542//1542 1544//1544 1500//1500
f 1556//1556 1516//1516 1503//1503
f 1505//1505 1517//1517 1425//1425
f 1534//1534 1535//1535 1507//1507
f 1506//1506 1487//1487 1551//1551
f 1520//1520 1552//1552 1508//1508
f 1547//1547 1552//1552 1520//1520
f 1521//1521 1546//1546 1522//1522
f 1548//1548 1536//1536 1522//1522
f 1523//1523 1494//1494 1537//1537
f 1540//1540 1539//1539 1529//1529
f 1539//1539 1530//1530 1529//1529
f 1541//1541 1555//1555 1515//1515
f 1555//1555 1542//1542 1524//1524
f 1561//1561 1550//1550 1525//1525
f 1556//1556 1561//1561 1516//1516
f 1543//1543 1544//1544 1542//1542
f 1557//1557 1533//1533 1544//1544
f 1533//1533 1557//1557 1526//1526
f 1517//1517 1532//1532 1425//1425
f 1546//1546 1535//1535 1534//1534
f 1535//1535 1546//1546 1521//1521
f 1548//1548 1522//1522 1546//1546
f 1547//1547 1520//1520 1527//1527
f 1527//1527 1523//1523 1564//1564
f 1540//1540 1549//1549 1539//1539
f 1539//1539 1541//1541 1530//1530
f 1554//1554 1555//1555 1541//1541
f 1532//1532 1556//1556 1503//1503
f 1557//1557 1544//1544 1543//1543
f 1487//1487 1552//1552 1551//1551
f 1559//1559 1547//1547 1527//1527
f 1564//1564 1559//1559 1527//1527
f 1564//1564 1523//1523 1537//1537
f 1537//1537 1538//1538 1553//1553
f 1539//1539 1549//1549 1593//1593
f 1593//1593 1541//1541 1539//1539
f 1566//1566 1531//1531 1550//1550
f 1580//1580 1568//1568 1542//1542
f 1543//1543 1542//1542 1557//1557
f 1542//1542 1568//1568 1557//1557
f 1517//1517 1545//1545 1532//1532
f 1557//1557 1534//1534 1526//1526
f 1545//1545 1551//1551 1571//1571
f 1534//1534 1558//1558 1546//1546
f 1552//1552 1571//1571 1551//1551
f 1552//1552 1547//1547 1563//1563
f 1559//1559 1563//1563 1547//1547
f 1560//1560 1553//1553 1536//1536
f 1560//1560 1537//1537 1553//1553
f 1560//1560 1564//1564 1537//1537
f 1593//1593 1554//1554 1541//1541
f 1531//1531 1566//1566 1540//1540
f 1555//1555 1554//1554 1567//1567
f 1562//1562 1566//1566 1550//1550
f 1555//1555 1580//1580 1542//1542
f 1561//1561 1562//1562 1550//1550
f 1556//1556 1562//1562 1561//1561
f 1532//1532 1562//1562 1556//1556
f 1570//1570 1557//1557 1568//1568
f 1545//1545 1569//1569 1532//1532
f 1545//1545 1571//1571 1569//1569
f 1570//1570 1534//1534 1557//1557
f 1570//1570 1558//1558 1534//1534
f 1570//1570 1546//1546 1558//1558
f 1572//1572 1546//1546 1570//1570
f 1572//1572 1548//1548 1546//1546
f 1536//1536 1548//1548 1572//1572
f 1577//1577 1563//1563 1559//1559
f 1574//1574 1536//1536 1572//1572
f 1574//1574 1560//1560 1536//1536
f 1564//1564 1577//1577 1559//1559
f 1575//1575 1577//1577 1564//1564
f 1564//1564 1560//1560 1575//1575
f 1549//1549 1540//1540 1565//1565
f 1565//1565 1540//1540 1566//1566
f 1555//1555 1579//1579 1580//1580
f 1562//1562 1594//1594 1566//1566
f 1595//1595 1568//1568 1580//1580
f 1532//1532 1569//1569 1562//1562
f 1571//1571 1552//1552 1581//1581
f 1573//1573 1572//1572 1570//1570
f 1581//1581 1552//1552 1563//1563
f 1572//1572 1573//1573 1574//1574
f 1584//1584 1574//1574 1573//1573
f 1560//1560 1574//1574 1575//1575
f 1574//1574 1584//1584 1575//1575
f 1587//1587 1577//1577 1575//1575
f 1590//1590 1577//1577 1587//1587
f 1549//1549 1578//1578 1593//1593
f 1593//1593 1665//1665 1554//1554
f 1549//1549 1565//1565 1637//1637
f 1665//1665 1567//1567 1554//1554
f 1565//1565 1566//1566 1594//1594
f 1665//1665 1555//1555 1567//1567
f 1665//1665 1579//1579 1555//1555
f 1615//1615 1562//1562 1569//1569
f 1568//1568 1595//1595 1618//1618
f 1571//1571 1619//1619 1569//1569
f 1618//1618 1570//1570 1568//1568
f 1570//1570 1618//1618 1599//1599
f 1599//1599 1573//1573 1570//1570
f 1582//1582 1581//1581 1563//1563
f 1599//1599 1583//1583 1573//1573
f 1577//1577 1582//1582 1563//1563
f 1584//1584 1573//1573 1583//1583
f 1576//1576 1582//1582 1577//1577
f 1586//1586 1601//1601 1589//1589
f 1582//1582 1576//1576 1610//1610
f 1590//1590 1610//1610 1577//1577
f 1610//1610 1576//1576 1577//1577
f 1575//1575 1584//1584 1587//1587
f 1588//1588 1584//1584 1583//1583
f 1589//1589 1585//1585 1586//1586
f 1587//1587 1584//1584 1588//1588
f 1589//1589 1582//1582 1610//1610
f 1609//1609 1590//1590 1587//1587
f 1592//1592 1590//1590 1609//1609
f 1587//1587 1588//1588 1607//1607
f 1606//1606 1603//1603 1589//1589
f 1591//1591 1589//1589 1610//1610
f 1610//1610 1590//1590 1608//1608
f 1589//1589 1591//1591 1606//1606
f 1608//1608 1590//1590 1592//1592
f 1608//1608 1591//1591 1610//1610
f 1665//1665 1580//1580 1579//1579
f 1562//1562 1615//1615 1594//1594
f 1571//1571 1581//1581 1619//1619
f 1599//1599 1618//1618 1621//1621
f 1622//1622 1599//1599 1621//1621
f 1582//1582 1596//1596 1581//1581
f 1598//1598 1596//1596 1597//1597
f 1649//1649 1599//1599 1622//1622
f 1582//1582 1597//1597 1596//1596
f 1582//1582 1598//1598 1597//1597
f 1589//1589 1600//1600 1582//1582
f 1582//1582 1600//1600 1598//1598
f 1601//1601 1600//1600 1589//1589
f 1602//1602 1583//1583 1599//1599
f 1627//1627 1583//1583 1602//1602
f 1627//1627 1602//1602 1599//1599
f 1586//1586 1585//1585 1601//1601
f 1626//1626 1585//1585 1604//1604
f 1631//1631 1583//1583 1627//1627
f 1583//1583 1631//1631 1588//1588
f 1589//1589 1603//1603 1585//1585
f 1631//1631 1607//1607 1588//1588
f 1627//1627 1628//1628 1631//1631
f 1606//1606 1604//1604 1585//1585
f 1606//1606 1585//1585 1603//1603
f 1605//1605 1604//1604 1606//1606
f 1587//1587 1611//1611 1609//1609
f 1663//1663 1606//1606 1591//1591
f 1611//1611 1592//1592 1609//1609
f 1611//1611 1587//1587 1633//1633
f 1587//1587 1607//1607 1633//1633
f 1634//1634 1605//1605 1606//1606
f 1591//1591 1608//1608 1612//1612
f 1663//1663 1591//1591 1636//1636
f 1663//1663 1634//1634 1606//1606
f 1635//1635 1608//1608 1592//1592
f 1664//1664 1549//1549 1637//1637
f 1549//1549 1664//1664 1578//1578
f 1578//1578 1664//1664 1593//1593
f 1593//1593 1664//1664 1764//1764
f 1565//1565 1715//1715 1637//1637
f 1614//1614 1638//1638 1565//1565
f 1594//1594 1614//1614 1565//1565
f 1613//1613 1580//1580 1665//1665
f 1594//1594 1615//1615 1614//1614
f 1666//1666 1595//1595 1580//1580
f 1569//1569 1616//1616 1615//1615
f 1569//1569 1617//1617 1616//1616
f 1595//1595 1639//1639 1618//1618
f 1619//1619 1617//1617 1569//1569
f 1618//1618 1639//1639 1621//1621
f 1581//1581 1620//1620 1619//1619
f 1581//1581 1596//1596 1620//1620
f 1622//1622 1621//1621 1670//1670
f 1624//1624 1620//1620 1596//1596
f 1596//1596 1598//1598 1624//1624
f 1649//1649 1622//1622 1670//1670
f 1623//1623 1624//1624 1600//1600
f 1600//1600 1624//1624 1598//1598
f 1601//1601 1623//1623 1600//1600
f 1601//1601 1625//1625 1623//1623
f 1649//1649 1627//1627 1599//1599
f 1585//1585 1626//1626 1601//1601
f 1601//1601 1626//1626 1625//1625
f 1604//1604 1653//1653 1626//1626
f 1628//1628 1627//1627 1629//1629
f 1630//1630 1653//1653 1604//1604
f 1653//1653 1632//1632 1676//1676
f 1632//1632 1653//1653 1658//1658
f 1605//1605 1630//1630 1604//1604
f 1605//1605 1653//1653 1630//1630
f 1660//1660 1658//1658 1653//1653
f 1660//1660 1653//1653 1605//1605
f 1631//1631 1628//1628 1655//1655
f 1607//1607 1631//1631 1633//1633
f 1660//1660 1605//1605 1634//1634
f 1611//1611 1635//1635 1592//1592
f 1608//1608 1635//1635 1612//1612
f 1636//1636 1591//1591 1612//1612
f 1636//1636 1612//1612 1684//1684
f 1565//1565 1638//1638 1715//1715
f 1714//1714 1665//1665 1713//1713
f 1665//1665 1716//1716 1613//1613
f 1714//1714 1716//1716 1665//1665
f 1613//1613 1666//1666 1580//1580
f 1666//1666 1686//1686 1595//1595
f 1595//1595 1686//1686 1639//1639
f 1616//1616 1640//1640 1615//1615
f 1617//1617 1640//1640 1616//1616
f 1619//1619 1640//1640 1617//1617
f 1619//1619 1641//1641 1640//1640
f 1620//1620 1641//1641 1619//1619
f 1643//1643 1621//1621 1639//1639
f 1620//1620 1644//1644 1669//1669
f 1620//1620 1669//1669 1641//1641
f 1624//1624 1644//1644 1620//1620
f 1621//1621 1643//1643 1670//1670
f 1645//1645 1644//1644 1624//1624
f 1624//1624 1647//1647 1645//1645
f 1623//1623 1646//1646 1624//1624
f 1624//1624 1646//1646 1647//1647
f 1623//1623 1647//1647 1646//1646
f 1625//1625 1647//1647 1623//1623
f 1625//1625 1648//1648 1647//1647
f 1650//1650 1649//1649 1670//1670
f 1626//1626 1648//1648 1625//1625
f 1626//1626 1652//1652 1672//1672
f 1699//1699 1649//1649 1650//1650
f 1626//1626 1651//1651 1652//1652
f 1629//1629 1627//1627 1649//1649
f 1629//1629 1649//1649 1699//1699
f 1653//1653 1651//1651 1626//1626
f 1653//1653 1652//1652 1651//1651
f 1673//1673 1652//1652 1653//1653
f 1629//1629 1701//1701 1654//1654
f 1674//1674 1653//1653 1676//1676
f 1628//1628 1629//1629 1654//1654
f 1655//1655 1628//1628 1654//1654
f 1657//1657 1632//1632 1658//1658
f 1655//1655 1633//1633 1631//1631
f 1611//1611 1678//1678 1635//1635
f 1633//1633 1678//1678 1611//1611
f 1661//1661 1658//1658 1660//1660
f 1682//1682 1660//1660 1634//1634
f 1663//1663 1682//1682 1634//1634
f 1661//1661 1660//1660 1682//1682
f 1663//1663 1636//1636 1683//1683
f 1683//1683 1636//1636 1684//1684
f 1662//1662 1612//1612 1635//1635
f 1635//1635 1680//1680 1662//1662
f 1682//1682 1663//1663 1710//1710
f 1685//1685 1614//1614 1615//1615
f 1667//1667 1685//1685 1615//1615
f 1640//1640 1667//1667 1615//1615
f 1641//1641 1667//1667 1640//1640
f 1686//1686 1668//1668 1639//1639
f 1639//1639 1668//1668 1643//1643
f 1644//1644 1692//1692 1669//1669
f 1719//1719 1670//1670 1642//1642
f 1642//1642 1670//1670 1643//1643
f 1644//1644 1645//1645 1692//1692
f 1647//1647 1694//1694 1645//1645
f 1647//1647 1671//1671 1694//1694
f 1647//1647 1648//1648 1671//1671
f 1650//1650 1670//1670 1720//1720
f 1672//1672 1648//1648 1626//1626
f 1701//1701 1629//1629 1699//1699
f 1672//1672 1673//1673 1700//1700
f 1652//1652 1673//1673 1672//1672
f 1653//1653 1674//1674 1673//1673
f 1701//1701 1675//1675 1654//1654
f 1674//1674 1676//1676 1702//1702
f 1655//1655 1654//1654 1704//1704
f 1676//1676 1705//1705 1702//1702
f 1655//1655 1704//1704 1656//1656
f 1657//1657 1676//1676 1632//1632
f 1656//1656 1633//1633 1655//1655
f 1657//1657 1677//1677 1676//1676
f 1679//1679 1657//1657 1658//1658
f 1633//1633 1659//1659 1678//1678
f 1657//1657 1679//1679 1677//1677
f 1661//1661 1679//1679 1658//1658
f 1681//1681 1680//1680 1635//1635
f 1635//1635 1678//1678 1681//1681
f 1729//1729 1661//1661 1682//1682
f 1662//1662 1680//1680 1612//1612
f 1612//1612 1680//1680 1684//1684
f 1710//1710 1663//1663 1683//1683
f 1664//1664 1637//1637 1715//1715
f 1593//1593 1764//1764 1712//1712
f 1713//1713 1593//1593 1712//1712
f 1715//1715 1765//1765 1730//1730
f 1713//1713 1665//1665 1593//1593
f 1638//1638 1614//1614 1715//1715
f 1716//1716 1686//1686 1666//1666
f 1716//1716 1666//1666 1613//1613
f 1687//1687 1667//1667 1641//1641
f 1689//1689 1687//1687 1641//1641
f 1668//1668 1688//1688 1643//1643
f 1690//1690 1689//1689 1641//1641
f 1669//1669 1690//1690 1641//1641
f 1691//1691 1690//1690 1669//1669
f 1692//1692 1691//1691 1669//1669
f 1643//1643 1688//1688 1642//1642
f 1645//1645 1693//1693 1692//1692
f 1692//1692 1693//1693 1718//1718
f 1688//1688 1719//1719 1642//1642
f 1719//1719 1688//1688 1695//1695
f 1645//1645 1694//1694 1693//1693
f 1671//1671 1696//1696 1694//1694
f 1720//1720 1670//1670 1719//1719
f 1672//1672 1697//1697 1648//1648
f 1648//1648 1697//1697 1698//1698
f 1650//1650 1720//1720 1699//1699
f 1672//1672 1698//1698 1697//1697
f 1672//1672 1722//1722 1698//1698
f 1672//1672 1700//1700 1722//1722
f 1674//1674 1700//1700 1673//1673
f 1674//1674 1702//1702 1700//1700
f 1704//1704 1675//1675 1701//1701
f 1675//1675 1704//1704 1654//1654
f 1707//1707 1705//1705 1676//1676
f 1704//1704 1706//1706 1656//1656
f 1656//1656 1706//1706 1633//1633
f 1677//1677 1707//1707 1676//1676
f 1706//1706 1659//1659 1633//1633
f 1678//1678 1659//1659 1681//1681
f 1681//1681 1659//1659 1726//1726
f 1726//1726 1659//1659 1741//1741
f 1709//1709 1679//1679 1661//1661
f 1661//1661 1727//1727 1709//1709
f 1680//1680 1681//1681 1744//1744
f 1661//1661 1729//1729 1727//1727
f 1682//1682 1710//1710 1729//1729
f 1729//1729 1710//1710 1683//1683
f 1683//1683 1684//1684 1711//1711
f 1664//1664 1715//1715 1730//1730
f 1664//1664 1731//1731 1764//1764
f 1614//1614 1765//1765 1715//1715
f 1685//1685 1765//1765 1614//1614
f 1686//1686 1716//1716 1732//1732
f 1667//1667 1687//1687 1685//1685
f 1732//1732 1668//1668 1686//1686
f 1733//1733 1668//1668 1732//1732
f 1690//1690 1767//1767 1687//1687
f 1689//1689 1690//1690 1687//1687
f 1668//1668 1733//1733 1688//1688
f 1734//1734 1688//1688 1733//1733
f 1691//1691 1692//1692 1690//1690
f 1690//1690 1692//1692 1717//1717
f 1692//1692 1718//1718 1717//1717
f 1769//1769 1688//1688 1734//1734
f 1694//1694 1718//1718 1693//1693
f 1694//1694 1696//1696 1718//1718
f 1671//1671 1648//1648 1696//1696
f 1699//1699 1720//1720 1721//1721
f 1721//1721 1753//1753 1699//1699
f 1753//1753 1701//1701 1699//1699
f 1753//1753 1755//1755 1701//1701
f 1700//1700 1703//1703 1722//1722
f 1702//1702 1703//1703 1700//1700
f 1723//1723 1703//1703 1702//1702
f 1705//1705 1723//1723 1702//1702
f 1704//1704 1724//1724 1741//1741
f 1723//1723 1705//1705 1725//1725
f 1741//1741 1706//1706 1704//1704
f 1707//1707 1725//1725 1705//1705
f 1677//1677 1708//1708 1707//1707
f 1741//1741 1659//1659 1706//1706
f 1679//1679 1708//1708 1677//1677
f 1679//1679 1707//1707 1708//1708
f 1707//1707 1679//1679 1759//1759
f 1727//1727 1679//1679 1709//1709
f 1726//1726 1744//1744 1681//1681
f 1743//1743 1679//1679 1727//1727
f 1680//1680 1728//1728 1684//1684
f 1744//1744 1728//1728 1680//1680
f 1727//1727 1729//1729 1743//1743
f 1761//1761 1729//1729 1711//1711
f 1683//1683 1711//1711 1729//1729
f 1711//1711 1684//1684 1728//1728
f 1714//1714 1713//1713 1716//1716
f 1685//1685 1687//1687 1747//1747
f 1685//1685 1747//1747 1765//1765
f 1687//1687 1767//1767 1747//1747
f 1735//1735 1688//1688 1769//1769
f 1751//1751 1718//1718 1696//1696
f 1736//1736 1751//1751 1696//1696
f 1695//1695 1688//1688 1735//1735
f 1735//1735 1719//1719 1695//1695
f 1735//1735 1787//1787 1719//1719
f 1648//1648 1736//1736 1696//1696
f 1720//1720 1719//1719 1787//1787
f 1698//1698 1736//1736 1648//1648
f 1698//1698 1737//1737 1736//1736
f 1753//1753 1721//1721 1720//1720
f 1755//1755 1756//1756 1701//1701
f 1754//1754 1722//1722 1703//1703
f 1703//1703 1738//1738 1754//1754
f 1756//1756 1704//1704 1701//1701
f 1723//1723 1738//1738 1703//1703
f 1739//1739 1704//1704 1756//1756
f 1757//1757 1704//1704 1739//1739
f 1757//1757 1724//1724 1704//1704
f 1740//1740 1723//1723 1725//1725
f 1759//1759 1740//1740 1725//1725
f 1759//1759 1725//1725 1707//1707
f 1742//1742 1726//1726 1741//1741
f 1742//1742 1744//1744 1726//1726
f 1743//1743 1759//1759 1679//1679
f 1729//1729 1761//1761 1743//1743
f 1730//1730 1763//1763 1664//1664
f 1730//1730 1765//1765 1745//1745
f 1764//1764 1713//1713 1712//1712
f 1764//1764 1781//1781 1713//1713
f 1746//1746 1765//1765 1747//1747
f 1732//1732 1716//1716 1713//1713
f 1749//1749 1750//1750 1732//1732
f 1733//1733 1732//1732 1750//1750
f 1750//1750 1766//1766 1733//1733
f 1766//1766 1769//1769 1733//1733
f 1769//1769 1734//1734 1733//1733
f 1767//1767 1690//1690 1717//1717
f 1751//1751 1717//1717 1718//1718
f 1735//1735 1769//1769 1752//1752
f 1787//1787 1735//1735 1752//1752
f 1787//1787 1753//1753 1720//1720
f 1722//1722 1737//1737 1698//1698
f 1737//1737 1722//1722 1773//1773
f 1722//1722 1754//1754 1773//1773
f 1753//1753 1813//1813 1755//1755
f 1757//1757 1739//1739 1756//1756
f 1738//1738 1723//1723 1740//1740
f 1741//1741 1724//1724 1757//1757
f 1741//1741 1757//1757 1758//1758
f 1741//1741 1758//1758 1742//1742
f 1792//1792 1759//1759 1743//1743
f 1744//1744 1742//1742 1760//1760
f 1728//1728 1744//1744 1760//1760
f 1761//1761 1792//1792 1743//1743
f 1778//1778 1761//1761 1711//1711
f 1762//1762 1778//1778 1711//1711
f 1762//1762 1711//1711 1728//1728
f 1762//1762 1728//1728 1760//1760
f 1731//1731 1664//1664 1763//1763
f 1745//1745 1779//1779 1730//1730
f 1807//1807 1781//1781 1764//1764
f 1781//1781 1732//1732 1713//1713
f 1747//1747 1767//1767 1748//1748
f 1750//1750 1768//1768 1766//1766
f 1766//1766 1768//1768 1769//1769
f 1767//1767 1717//1717 1770//1770
f 1717//1717 1751//1751 1770//1770
f 1811//1811 1769//1769 1785//1785
f 1769//1769 1811//1811 1752//1752
f 1794//1794 1751//1751 1736//1736
f 1736//1736 1771//1771 1794//1794
f 1795//1795 1787//1787 1752//1752
f 1737//1737 1771//1771 1736//1736
f 1797//1797 1753//1753 1787//1787
f 1796//1796 1737//1737 1773//1773
f 1813//1813 1753//1753 1797//1797
f 1772//1772 1755//1755 1813//1813
f 1772//1772 1756//1756 1755//1755
f 1754//1754 1738//1738 1773//1773
f 1738//1738 1788//1788 1773//1773
f 1757//1757 1756//1756 1772//1772
f 1789//1789 1788//1788 1738//1738
f 1789//1789 1740//1740 1775//1775
f 1738//1738 1740//1740 1789//1789
f 1759//1759 1775//1775 1740//1740
f 1742//1742 1758//1758 1774//1774
f 1776//1776 1775//1775 1759//1759
f 1792//1792 1776//1776 1759//1759
f 1742//1742 1801//1801 1802//1802
f 1760//1760 1742//1742 1802//1802
f 1777//1777 1792//1792 1761//1761
f 1778//1778 1777//1777 1761//1761
f 1731//1731 1780//1780 1764//1764
f 1765//1765 1746//1746 1745//1745
f 1745//1745 1746//1746 1747//1747
f 1749//1749 1732//1732 1781//1781
f 1793//1793 1750//1750 1749//1749
f 1767//1767 1783//1783 1748//1748
f 1793//1793 1782//1782 1750//1750
f 1750//1750 1782//1782 1768//1768
f 1784//1784 1783//1783 1767//1767
f 1770//1770 1784//1784 1767//1767
f 1769//1769 1768//1768 1810//1810
f 1769//1769 1810//1810 1785//1785
f 1751//1751 1786//1786 1770//1770
f 1794//1794 1786//1786 1751//1751
f 1787//1787 1795//1795 1797//1797
f 1771//1771 1737//1737 1796//1796
f 1773//1773 1841//1841 1796//1796
f 1772//1772 1813//1813 1815//1815
f 1798//1798 1757//1757 1772//1772
f 1800//1800 1757//1757 1798//1798
f 1800//1800 1758//1758 1757//1757
f 1801//1801 1742//1742 1774//1774
f 1790//1790 1776//1776 1792//1792
f 1791//1791 1790//1790 1792//1792
f 1760//1760 1825//1825 1804//1804
f 1777//1777 1778//1778 1849//1849
f 1804//1804 1762//1762 1760//1760
f 1851//1851 1731//1731 1763//1763
f 1779//1779 1763//1763 1730//1730
f 1851//1851 1780//1780 1731//1731
f 1807//1807 1764//1764 1780//1780
f 1745//1745 1747//1747 1826//1826
f 1826//1826 1747//1747 1748//1748
f 1878//1878 1826//1826 1748//1748
f 1829//1829 1748//1748 1783//1783
f 1782//1782 1793//1793 1768//1768
f 1784//1784 1770//1770 1783//1783
f 1856//1856 1770//1770 1786//1786
f 1811//1811 1785//1785 1810//1810
f 1795//1795 1752//1752 1811//1811
f 1786//1786 1794//1794 1812//1812
f 1771//1771 1812//1812 1794//1794
f 1861//1861 1797//1797 1795//1795
f 1841//1841 1773//1773 1788//1788
f 1816//1816 1841//1841 1788//1788
f 1798//1798 1772//1772 1815//1815
f 1799//1799 1800//1800 1798//1798
f 1816//1816 1788//1788 1789//1789
f 1775//1775 1776//1776 1819//1819
f 1800//1800 1774//1774 1758//1758
f 1800//1800 1801//1801 1774//1774
f 1776//1776 1790//1790 1791//1791
f 1822//1822 1802//1802 1801//1801
f 1791//1791 1792//1792 1820//1820
f 1792//1792 1823//1823 1820//1820
f 1822//1822 1760//1760 1802//1802
f 1792//1792 1777//1777 1823//1823
f 1803//1803 1760//1760 1822//1822
f 1825//1825 1760//1760 1803//1803
f 1778//1778 1824//1824 1849//1849
f 1824//1824 1762//1762 1804//1804
f 1824//1824 1778//1778 1762//1762
f 1763//1763 1805//1805 1806//1806
f 1806//1806 1851//1851 1763//1763
f 1745//1745 1826//1826 1852//1852
f 1807//1807 1853//1853 1781//1781
f 1853//1853 1808//1808 1781//1781
f 1781//1781 1808//1808 1827//1827
f 1827//1827 1749//1749 1781//1781
f 1828//1828 1793//1793 1749//1749
f 1783//1783 1809//1809 1829//1829
f 1831//1831 1768//1768 1793//1793
f 1770//1770 1856//1856 1783//1783
f 1809//1809 1783//1783 1856//1856
f 1831//1831 1810//1810 1768//1768
f 1836//1836 1786//1786 1812//1812
f 1811//1811 1835//1835 1795//1795
f 1836//1836 1812//1812 1771//1771
f 1835//1835 1837//1837 1795//1795
f 1861//1861 1795//1795 1837//1837
f 1796//1796 1841//1841 1814//1814
f 1861//1861 1813//1813 1797//1797
f 1861//1861 1815//1815 1813//1813
f 1861//1861 1840//1840 1815//1815
f 1817//1817 1798//1798 1815//1815
f 1817//1817 1799//1799 1798//1798
f 1789//1789 1818//1818 1816//1816
f 1799//1799 1843//1843 1800//1800
f 1818//1818 1789//1789 1775//1775
f 1819//1819 1818//1818 1775//1775
f 1843//1843 1801//1801 1800//1800
f 1843//1843 1822//1822 1801//1801
f 1819//1819 1776//1776 1791//1791
f 1791//1791 1820//1820 1846//1846
f 1821//1821 1803//1803 1822//1822
f 1872//1872 1825//1825 1821//1821
f 1821//1821 1825//1825 1803//1803
f 1824//1824 1804//1804 1825//1825
f 1807//1807 1780//1780 1851//1851
f 1807//1807 1851//1851 1853//1853
f 1827//1827 1828//1828 1749//1749
f 1748//1748 1829//1829 1878//1878
f 1827//1827 1854//1854 1793//1793
f 1828//1828 1827//1827 1793//1793
f 1854//1854 1830//1830 1793//1793
f 1830//1830 1831//1831 1793//1793
f 1854//1854 1831//1831 1830//1830
f 1854//1854 1832//1832 1831//1831
f 1832//1832 1810//1810 1831//1831
f 1832//1832 1811//1811 1810//1810
f 1832//1832 1833//1833 1811//1811
f 1836//1836 1856//1856 1786//1786
f 1833//1833 1834//1834 1811//1811
f 1834//1834 1835//1835 1811//1811
f 1837//1837 1835//1835 1860//1860
f 1771//1771 1862//1862 1836//1836
f 1796//1796 1862//1862 1771//1771
f 1796//1796 1814//1814 1862//1862
f 1840//1840 1861//1861 1838//1838
f 1839//1839 1815//1815 1840//1840
f 1867//1867 1815//1815 1839//1839
f 1867//1867 1817//1817 1815//1815
f 1868//1868 1799//1799 1817//1817
f 1869//1869 1816//1816 1842//1842
f 1842//1842 1816//1816 1846//1846
f 1816//1816 1818//1818 1846//1846
f 1868//1868 1843//1843 1799//1799
f 1791//1791 1818//1818 1819//1819
f 1818//1818 1791//1791 1846//1846
f 1845//1845 1822//1822 1844//1844
f 1844//1844 1822//1822 1843//1843
f 1845//1845 1848//1848 1822//1822
f 1846//1846 1823//1823 1847//1847
f 1846//1846 1820//1820 1823//1823
f 1848//1848 1821//1821 1822//1822
f 1872//1872 1821//1821 1848//1848
f 1847//1847 1823//1823 1777//1777
f 1847//1847 1777//1777 1875//1875
f 1875//1875 1777//1777 1849//1849
f 1873//1873 1824//1824 1850//1850
f 1850//1850 1824//1824 1874//1874
f 1872//1872 1874//1874 1825//1825
f 1873//1873 1849//1849 1824//1824
f 1874//1874 1824//1824 1825//1825
f 1779//1779 1805//1805 1763//1763
f 1805//1805 1851//1851 1806//1806
f 1745//1745 1951//1951 1779//1779
f 1853//1853 1851//1851 1876//1876
f 1809//1809 1906//1906 1829//1829
f 1879//1879 1809//1809 1856//1856
f 1854//1854 1855//1855 1880//1880
f 1857//1857 1854//1854 1880//1880
f 1857//1857 1832//1832 1854//1854
f 1879//1879 1856//1856 1858//1858
f 1857//1857 1833//1833 1832//1832
f 1836//1836 1858//1858 1856//1856
f 1836//1836 1859//1859 1858//1858
f 1859//1859 1836//1836 1882//1882
f 1833//1833 1835//1835 1834//1834
f 1860//1860 1835//1835 1833//1833
f 1882//1882 1836//1836 1863//1863
f 1861//1861 1837//1837 1860//1860
f 1862//1862 1863//1863 1836//1836
f 1886//1886 1838//1838 1861//1861
f 1886//1886 1861//1861 1860//1860
f 1814//1814 1864//1864 1862//1862
f 1887//1887 1838//1838 1886//1886
f 1839//1839 1840//1840 1838//1838
f 1839//1839 1838//1838 1887//1887
f 1814//1814 1866//1866 1865//1865
f 1841//1841 1869//1869 1814//1814
f 1869//1869 1841//1841 1816//1816
f 1867//1867 1868//1868 1817//1817
f 1868//1868 1895//1895 1843//1843
f 1846//1846 1869//1869 1842//1842
f 1870//1870 1869//1869 1846//1846
f 1869//1869 1870//1870 1899//1899
f 1895//1895 1844//1844 1843//1843
f 1870//1870 1846//1846 1899//1899
f 1899//1899 1846//1846 1847//1847
f 1899//1899 1847//1847 1875//1875
f 1895//1895 1845//1845 1844//1844
f 1871//1871 1845//1845 1895//1895
f 1898//1898 1848//1848 1871//1871
f 1871//1871 1848//1848 1845//1845
f 1872//1872 1848//1848 1898//1898
f 1926//1926 1875//1875 1873//1873
f 1901//1901 1873//1873 1850//1850
f 1928//1928 1874//1874 1872//1872
f 1849//1849 1873//1873 1875//1875
f 1805//1805 1876//1876 1851//1851
f 1877//1877 1904//1904 1826//1826
f 1878//1878 1877//1877 1826//1826
f 1878//1878 1829//1829 1877//1877
f 1877//1877 1829//1829 1964//1964
f 1906//1906 1964//1964 1829//1829
f 1809//1809 1879//1879 1908//1908
f 1883//1883 1857//1857 1880//1880
f 1882//1882 1858//1858 1859//1859
f 1883//1883 1833//1833 1857//1857
f 1883//1883 1860//1860 1833//1833
f 1881//1881 1860//1860 1883//1883
f 1863//1863 1884//1884 1882//1882
f 1913//1913 1886//1886 1881//1881
f 1881//1881 1886//1886 1860//1860
f 1913//1913 1887//1887 1886//1886
f 1862//1862 1917//1917 1863//1863
f 1862//1862 1864//1864 1917//1917
f 1913//1913 1888//1888 1887//1887
f 1888//1888 1889//1889 1839//1839
f 1839//1839 1887//1887 1888//1888
f 1865//1865 1864//1864 1814//1814
f 1916//1916 1867//1867 1888//1888
f 1888//1888 1867//1867 1889//1889
f 1867//1867 1839//1839 1889//1889
f 1866//1866 1864//1864 1865//1865
f 1864//1864 1866//1866 1890//1890
f 1891//1891 1892//1892 1916//1916
f 1892//1892 1867//1867 1916//1916
f 1869//1869 1866//1866 1814//1814
f 1919//1919 1866//1866 1893//1893
f 1892//1892 1891//1891 1867//1867
f 1894//1894 1896//1896 1895//1895
f 1867//1867 1891//1891 1868//1868
f 1899//1899 1866//1866 1869//1869
f 1894//1894 1895//1895 1891//1891
f 1891//1891 1895//1895 1868//1868
f 1893//1893 1866//1866 1899//1899
f 1896//1896 1898//1898 1871//1871
f 1896//1896 1871//1871 1895//1895
f 1875//1875 1926//1926 1899//1899
f 1903//1903 1872//1872 1898//1898
f 1926//1926 1873//1873 1900//1900
f 1924//1924 1872//1872 1929//1929
f 1929//1929 1872//1872 1903//1903
f 1900//1900 1873//1873 1901//1901
f 1902//1902 1901//1901 1850//1850
f 1902//1902 1850//1850 1874//1874
f 1902//1902 1874//1874 1928//1928
f 1924//1924 1928//1928 1872//1872
f 1951//1951 1805//1805 1779//1779
f 1905//1905 1853//1853 1876//1876
f 1905//1905 1808//1808 1853//1853
f 1827//1827 1980//1980 1907//1907
f 1854//1854 1827//1827 1907//1907
f 1809//1809 1908//1908 1906//1906
f 1966//1966 1855//1855 1907//1907
f 1854//1854 1907//1907 1855//1855
f 1967//1967 1883//1883 1880//1880
f 1967//1967 1911//1911 1883//1883
f 1858//1858 1932//1932 1879//1879
f 1911//1911 1909//1909 1883//1883
f 1909//1909 1881//1881 1883//1883
f 1910//1910 1858//1858 1882//1882
f 1911//1911 1881//1881 1909//1909
f 1932//1932 1858//1858 1910//1910
f 1912//1912 1882//1882 1885//1885
f 1911//1911 1933//1933 1881//1881
f 1884//1884 1885//1885 1882//1882
f 1913//1913 1881//1881 1933//1933
f 1863//1863 1885//1885 1884//1884
f 1933//1933 1888//1888 1913//1913
f 1885//1885 1863//1863 1915//1915
f 1935//1935 1914//1914 1888//1888
f 1935//1935 1888//1888 1933//1933
f 1863//1863 1917//1917 1915//1915
f 1916//1916 1888//1888 1914//1914
f 1890//1890 1917//1917 1864//1864
f 1914//1914 1961//1961 1916//1916
f 1961//1961 1891//1891 1916//1916
f 1919//1919 1890//1890 1866//1866
f 1918//1918 1891//1891 1961//1961
f 1918//1918 1894//1894 1891//1891
f 1986//1986 1894//1894 1918//1918
f 1986//1986 1949//1949 1894//1894
f 1899//1899 1919//1919 1893//1893
f 1923//1923 1919//1919 1899//1899
f 1919//1919 1923//1923 1897//1897
f 1920//1920 1919//1919 1921//1921
f 1926//1926 1923//1923 1899//1899
f 1949//1949 1896//1896 1894//1894
f 1919//1919 1897//1897 1921//1921
f 1949//1949 1922//1922 1896//1896
f 1923//1923 1926//1926 1897//1897
f 1947//1947 1928//1928 1924//1924
f 1922//1922 1903//1903 1898//1898
f 1922//1922 1898//1898 1896//1896
f 1927//1927 1902//1902 1950//1950
f 1947//1947 1950//1950 1928//1928
f 1929//1929 1903//1903 1922//1922
f 1900//1900 1897//1897 1926//1926
f 1897//1897 1900//1900 1901//1901
f 1897//1897 1901//1901 1921//1921
f 1921//1921 1901//1901 1927//1927
f 1927//1927 1901//1901 1902//1902
f 1950//1950 1902//1902 1928//1928
f 1925//1925 1924//1924 1929//1929
f 1805//1805 1987//1987 1876//1876
f 1951//1951 1745//1745 1852//1852
f 1930//1930 1826//1826 1989//1989
f 1826//1826 1904//1904 1989//1989
f 1905//1905 1978//1978 1808//1808
f 1965//1965 1964//1964 1906//1906
f 1908//1908 1965//1965 1906//1906
f 1879//1879 1931//1931 1908//1908
f 1966//1966 1880//1880 1855//1855
f 1966//1966 1967//1967 1880//1880
f 1952//1952 1911//1911 1967//1967
f 1910//1910 1882//1882 1912//1912
f 1912//1912 1936//1936 1910//1910
f 1969//1969 1934//1934 1911//1911
f 1934//1934 1935//1935 1933//1933
f 1934//1934 1933//1933 1911//1911
f 1885//1885 1936//1936 1912//1912
f 1935//1935 1934//1934 1937//1937
f 1937//1937 1914//1914 1935//1935
f 1940//1940 1944//1944 1941//1941
f 1938//1938 1940//1940 1939//1939
f 1940//1940 1943//1943 1944//1944
f 1940//1940 1945//1945 1943//1943
f 1938//1938 1947//1947 1940//1940
f 1938//1938 1942//1942 1947//1947
f 1940//1940 1947//1947 1925//1925
f 1927//1927 1946//1946 1920//1920
f 1940//1940 1948//1948 1945//1945
f 1940//1940 1925//1925 1948//1948
f 1943//1943 1949//1949 1944//1944
f 1921//1921 1927//1927 1920//1920
f 1943//1943 1945//1945 1949//1949
f 1946//1946 1927//1927 1942//1942
f 1945//1945 1922//1922 1949//1949
f 1942//1942 1927//1927 1950//1950
f 1945//1945 1948//1948 1929//1929
f 1945//1945 1929//1929 1922//1922
f 1942//1942 1950//1950 1947//1947
f 1947//1947 1924//1924 1925//1925
f 1948//1948 1925//1925 1929//1929
f 1951//1951 1987//1987 1805//1805
f 1852//1852 1826//1826 1930//1930
f 1876//1876 1978//1978 1905//1905
f 1877//1877 1964//1964 1904//1904
f 1904//1904 1964//1964 1979//1979
f 1931//1931 1879//1879 1932//1932
f 1968//1968 1931//1931 1932//1932
f 1910//1910 1968//1968 1932//1932
f 1969//1969 1911//1911 1952//1952
f 1953//1953 1968//1968 1910//1910
f 1970//1970 1934//1934 1969//1969
f 1910//1910 1955//1955 1953//1953
f 1910//1910 1936//1936 1955//1955
f 1970//1970 1957//1957 1934//1934
f 1957//1957 1995//1995 1934//1934
f 1938//1938 1955//1955 1936//1936
f 1939//1939 1955//1955 1938//1938
f 1955//1955 1960//1960 1956//1956
f 1957//1957 1941//1941 1995//1995
f 1959//1959 1955//1955 1939//1939
f 1955//1955 1959//1959 1960//1960
f 1956//1956 1940//1940 1957//1957
f 1957//1957 1940//1940 1941//1941
f 1959//1959 1939//1939 1940//1940
f 1959//1959 1940//1940 1960//1960
f 1960//1960 1940//1940 1956//1956
f 1987//1987 2001//2001 1876//1876
f 1978//1978 1827//1827 1808//1808
f 2025//2025 1967//1967 1966//1966
f 1969//1969 1952//1952 1981//1981
f 1953//1953 1992//1992 1968//1968
f 1955//1955 1992//1992 1953//1953
f 1982//1982 1992//1992 1955//1955
f 1990//1990 1970//1970 1969//1969
f 1954//1954 1982//1982 1955//1955
f 1994//1994 1957//1957 1970//1970
f 1954//1954 1955//1955 1956//1956
f 1954//1954 1956//1956 1957//1957
f 1954//1954 1957//1957 1994//1994
f 2045//2045 1951//1951 1852//1852
f 1930//1930 1989//1989 1852//1852
f 1978//1978 1876//1876 2001//2001
f 1989//1989 1904//1904 1979//1979
f 1978//1978 1980//1980 1827//1827
f 1967//1967 1981//1981 1952//1952
f 1968//1968 2014//2014 1931//1931
f 1969//1969 1981//1981 1990//1990
f 1951//1951 2046//2046 1987//1987
f 1987//1987 2012//2012 2001//2001
f 1852//1852 1989//1989 1988//1988
f 1989//1989 1979//1979 2023//2023
f 1980//1980 2034//2034 1907//1907
f 1967//1967 2025//2025 2015//2015
f 2015//2015 1981//1981 1967//1967
f 1968//1968 2002//2002 2014//2014
f 2002//2002 1968//1968 2003//2003
f 1992//1992 2003//2003 1968//1968
f 1983//1983 1970//1970 1993//1993
f 1994//1994 1970//1970 1983//1983
f 1993//1993 1994//1994 1983//1983
f 2045//2045 1852//1852 1988//1988
f 1989//1989 2023//2023 2021//2021
f 1979//1979 1964//1964 2023//2023
f 2034//2034 1980//1980 1978//1978
f 2057//2057 2025//2025 1966//1966
f 2014//2014 2035//2035 1931//1931
f 1990//1990 1981//1981 1991//1991
f 2036//2036 2003//2003 1992//1992
f 1970//1970 1990//1990 1991//1991
f 1970//1970 1991//1991 1993//1993
f 2026//2026 1992//1992 1982//1982
f 2026//2026 1982//1982 1954//1954
f 2017//2017 1954//1954 1994//1994
f 1993//1993 2017//2017 1994//1994
f 1951//1951 2045//2045 2046//2046
f 2046//2046 2011//2011 1987//1987
f 1988//1988 1989//1989 2032//2032
f 2032//2032 1989//1989 2021//2021
f 2021//2021 2023//2023 2013//2013
f 1964//1964 1965//1965 2023//2023
f 1908//1908 2024//2024 1965//1965
f 1907//1907 2034//2034 1966//1966
f 2016//2016 2071//2071 1993//1993
f 1954//1954 2017//2017 2026//2026
f 1987//1987 2011//2011 2033//2033
f 1978//1978 2001//2001 2047//2047
f 2013//2013 2023//2023 2022//2022
f 2034//2034 1978//1978 2047//2047
f 2057//2057 1966//1966 2034//2034
f 1931//1931 2068//2068 1908//1908
f 2036//2036 2002//2002 2003//2003
f 1991//1991 1981//1981 2015//2015
f 1991//1991 2015//2015 2016//2016
f 2016//2016 1993//1993 1991//1991
f 2037//2037 2036//2036 1992//1992
f 2059//2059 1992//1992 2026//2026
f 2071//2071 2038//2038 1993//1993
f 2012//2012 1987//1987 2033//2033
f 2023//2023 2067//2067 2022//2022
f 2024//2024 2023//2023 1965//1965
f 2024//2024 2090//2090 2023//2023
f 2115//2115 2034//2034 2056//2056
f 1908//1908 2068//2068 2024//2024
f 2035//2035 2068//2068 1931//1931
f 2025//2025 2069//2069 2015//2015
f 1993//1993 2038//2038 2017//2017
f 2060//2060 2026//2026 2017//2017
f 2060//2060 2017//2017 2093//2093
f 2038//2038 2093//2093 2017//2017
f 2032//2032 2045//2045 1988//1988
f 2013//2013 2055//2055 2021//2021
f 2012//2012 2047//2047 2001//2001
f 2056//2056 2034//2034 2047//2047
f 2115//2115 2057//2057 2034//2034
f 2069//2069 2025//2025 2057//2057
f 2058//2058 2014//2014 2002//2002
f 2070//2070 2015//2015 2069//2069
f 2016//2016 2015//2015 2048//2048
f 2072//2072 2037//2037 1992//1992
f 2032//2032 2021//2021 2045//2045
f 2012//2012 2065//2065 2047//2047
f 2023//2023 2090//2090 2067//2067
f 2014//2014 2116//2116 2035//2035
f 2015//2015 2070//2070 2083//2083
f 2036//2036 2084//2084 2002//2002
f 2059//2059 2072//2072 1992//1992
f 2094//2094 2059//2059 2026//2026
f 2026//2026 2060//2060 2094//2094
f 2045//2045 2011//2011 2046//2046
f 2033//2033 2065//2065 2012//2012
f 2065//2065 2056//2056 2047//2047
f 2069//2069 2057//2057 2115//2115
f 2069//2069 2115//2115 2104//2104
f 2035//2035 2116//2116 2068//2068
f 2014//2014 2058//2058 2116//2116
f 2048//2048 2015//2015 2083//2083
f 2084//2084 2036//2036 2037//2037
f 2071//2071 2016//2016 2048//2048
f 2038//2038 2107//2107 2093//2093
f 2082//2082 2011//2011 2045//2045
f 2055//2055 2045//2045 2021//2021
f 2011//2011 2082//2082 2033//2033
f 2033//2033 2082//2082 2103//2103
f 2170//2170 2013//2013 2067//2067
f 2022//2022 2067//2067 2013//2013
f 2077//2077 2115//2115 2056//2056
f 2084//2084 2058//2058 2002//2002
f 2037//2037 2072//2072 2084//2084
f 2108//2108 2093//2093 2107//2107
f 2045//2045 2055//2055 2082//2082
f 2065//2065 2033//2033 2103//2103
f 2067//2067 2066//2066 2170//2170
f 2070//2070 2069//2069 2083//2083
f 2083//2083 2091//2091 2048//2048
f 2071//2071 2048//2048 2091//2091
f 2059//2059 2084//2084 2072//2072
f 2071//2071 2085//2085 2119//2119
f 2118//2118 2038//2038 2071//2071
f 2118//2118 2107//2107 2038//2038
f 2094//2094 2120//2120 2059//2059
f 2013//2013 2101//2101 2055//2055
f 2065//2065 2134//2134 2056//2056
f 2134//2134 2077//2077 2056//2056
f 2067//2067 2090//2090 2066//2066
f 2091//2091 2085//2085 2071//2071
f 2084//2084 2059//2059 2092//2092
f 2118//2118 2071//2071 2119//2119
f 2106//2106 2059//2059 2120//2120
f 2055//2055 2101//2101 2102//2102
f 2082//2082 2055//2055 2102//2102
f 2123//2123 2065//2065 2103//2103
f 2066//2066 2090//2090 2125//2125
f 2124//2124 2115//2115 2077//2077
f 2126//2126 2090//2090 2024//2024
f 2068//2068 2126//2126 2024//2024
f 2116//2116 2126//2126 2068//2068
f 2104//2104 2083//2083 2069//2069
f 2117//2117 2116//2116 2058//2058
f 2083//2083 2147//2147 2091//2091
f 2117//2117 2058//2058 2084//2084
f 2105//2105 2117//2117 2084//2084
f 2105//2105 2084//2084 2092//2092
f 2106//2106 2092//2092 2059//2059
f 2114//2114 2103//2103 2082//2082
f 2065//2065 2123//2123 2134//2134
f 2126//2126 2125//2125 2090//2090
f 2147//2147 2104//2104 2115//2115
f 2147//2147 2083//2083 2104//2104
f 2147//2147 2149//2149 2091//2091
f 2085//2085 2091//2091 2119//2119
f 2114//2114 2123//2123 2103//2103
f 2170//2170 2145//2145 2013//2013
f 2013//2013 2145//2145 2101//2101
f 2133//2133 2077//2077 2134//2134
f 2125//2125 2146//2146 2066//2066
f 2183//2183 2147//2147 2115//2115
f 2092//2092 2136//2136 2127//2127
f 2149//2149 2119//2119 2091//2091
f 2128//2128 2136//2136 2092//2092
f 2106//2106 2128//2128 2092//2092
f 2118//2118 2119//2119 2107//2107
f 2129//2129 2108//2108 2107//2107
f 2102//2102 2114//2114 2082//2082
f 2123//2123 2133//2133 2134//2134
f 2066//2066 2146//2146 2170//2170
f 2126//2126 2161//2161 2125//2125
f 2115//2115 2124//2124 2183//2183
f 2135//2135 2149//2149 2147//2147
f 2127//2127 2105//2105 2092//2092
f 2128//2128 2106//2106 2136//2136
f 2107//2107 2119//2119 2129//2129
f 2119//2119 2138//2138 2129//2129
f 2106//2106 2120//2120 2137//2137
f 2101//2101 2114//2114 2102//2102
f 2170//2170 2146//2146 2160//2160
f 2133//2133 2124//2124 2077//2077
f 2183//2183 2172//2172 2147//2147
f 2116//2116 2184//2184 2126//2126
f 2135//2135 2147//2147 2172//2172
f 2116//2116 2117//2117 2148//2148
f 2173//2173 2149//2149 2135//2135
f 2105//2105 2150//2150 2117//2117
f 2149//2149 2173//2173 2162//2162
f 2150//2150 2105//2105 2127//2127
f 2127//2127 2136//2136 2150//2150
f 2151//2151 2149//2149 2162//2162
f 2151//2151 2119//2119 2149//2149
f 2175//2175 2150//2150 2136//2136
f 2106//2106 2137//2137 2136//2136
f 2120//2120 2163//2163 2137//2137
f 2138//2138 2119//2119 2196//2196
f 2152//2152 2163//2163 2120//2120
f 2139//2139 2129//2129 2138//2138
f 2123//2123 2114//2114 2133//2133
f 2183//2183 2124//2124 2171//2171
f 2125//2125 2161//2161 2146//2146
f 2146//2146 2161//2161 2188//2188
f 2148//2148 2184//2184 2116//2116
f 2117//2117 2150//2150 2148//2148
f 2151//2151 2176//2176 2119//2119
f 2176//2176 2196//2196 2119//2119
f 2185//2185 2152//2152 2139//2139
f 2169//2169 2101//2101 2145//2145
f 2101//2101 2169//2169 2114//2114
f 2145//2145 2170//2170 2187//2187
f 2144//2144 2179//2179 2114//2114
f 2114//2114 2179//2179 2133//2133
f 2146//2146 2180//2180 2160//2160
f 2181//2181 2124//2124 2133//2133
f 2126//2126 2189//2189 2161//2161
f 2172//2172 2173//2173 2135//2135
f 2173//2173 2151//2151 2162//2162
f 2173//2173 2176//2176 2151//2151
f 2137//2137 2163//2163 2152//2152
f 2137//2137 2152//2152 2185//2185
f 2139//2139 2138//2138 2185//2185
f 2169//2169 2144//2144 2114//2114
f 2170//2170 2160//2160 2187//2187
f 2182//2182 2181//2181 2133//2133
f 2179//2179 2182//2182 2133//2133
f 2181//2181 2182//2182 2124//2124
f 2126//2126 2184//2184 2189//2189
f 2172//2172 2194//2194 2173//2173
f 2174//2174 2148//2148 2150//2150
f 2175//2175 2190//2190 2150//2150
f 2196//2196 2176//2176 2173//2173
f 2136//2136 2137//2137 2175//2175
f 2187//2187 2169//2169 2145//2145
f 2144//2144 2197//2197 2179//2179
f 2182//2182 2179//2179 2192//2192
f 2198//2198 2180//2180 2146//2146
f 2146//2146 2188//2188 2198//2198
f 2192//2192 2171//2171 2124//2124
f 2182//2182 2192//2192 2124//2124
f 2171//2171 2192//2192 2183//2183
f 2193//2193 2172//2172 2183//2183
f 2194//2194 2172//2172 2193//2193
f 2189//2189 2184//2184 2148//2148
f 2194//2194 2195//2195 2173//2173
f 2195//2195 2199//2199 2173//2173
f 2207//2207 2174//2174 2150//2150
f 2190//2190 2207//2207 2150//2150
f 2199//2199 2196//2196 2173//2173
f 2185//2185 2138//2138 2201//2201
f 2187//2187 2191//2191 2169//2169
f 2169//2169 2197//2197 2144//2144
f 2187//2187 2160//2160 2191//2191
f 2188//2188 2161//2161 2198//2198
f 2223//2223 2183//2183 2192//2192
f 2193//2193 2183//2183 2223//2223
f 2189//2189 2198//2198 2161//2161
f 2195//2195 2194//2194 2193//2193
f 2148//2148 2203//2203 2189//2189
f 2207//2207 2148//2148 2174//2174
f 2212//2212 2175//2175 2137//2137
f 2201//2201 2137//2137 2185//2185
f 2138//2138 2196//2196 2201//2201
f 2169//2169 2191//2191 2210//2210
f 2197//2197 2202//2202 2179//2179
f 2180//2180 2198//2198 2160//2160
f 2189//2189 2206//2206 2198//2198
f 2148//2148 2207//2207 2203//2203
f 2200//2200 2201//2201 2199//2199
f 2199//2199 2201//2201 2196//2196
f 2212//2212 2137//2137 2201//2201
f 2197//2197 2169//2169 2210//2210
f 2202//2202 2192//2192 2179//2179
f 2216//2216 2195//2195 2193//2193
f 2216//2216 2199//2199 2195//2195
f 2217//2217 2201//2201 2209//2209
f 2209//2209 2201//2201 2200//2200
f 2204//2204 2210//2210 2191//2191
f 2191//2191 2160//2160 2205//2205
f 2198//2198 2218//2218 2160//2160
f 2219//2219 2223//2223 2192//2192
f 2206//2206 2189//2189 2215//2215
f 2216//2216 2193//2193 2223//2223
f 2208//2208 2199//2199 2216//2216
f 2208//2208 2200//2200 2199//2199
f 2212//2212 2190//2190 2175//2175
f 2217//2217 2212//2212 2201//2201
f 2218//2218 2191//2191 2205//2205
f 2197//2197 2192//2192 2202//2202
f 2160//2160 2218//2218 2205//2205
f 2221//2221 2189//2189 2203//2203
f 2200//2200 2208//2208 2216//2216
f 2217//2217 2209//2209 2200//2200
f 2204//2204 2191//2191 2211//2211
f 2211//2211 2191//2191 2218//2218
f 2229//2229 2192//2192 2197//2197
f 2192//2192 2229//2229 2219//2219
f 2198//2198 2214//2214 2218//2218
f 2198//2198 2206//2206 2214//2214
f 2225//2225 2216//2216 2223//2223
f 2221//2221 2215//2215 2189//2189
f 2221//2221 2203//2203 2207//2207
f 2222//2222 2200//2200 2216//2216
f 2221//2221 2207//2207 2190//2190
f 2222//2222 2217//2217 2200//2200
f 2221//2221 2190//2190 2212//2212
f 2227//2227 2217//2217 2222//2222
f 2197//2197 2210//2210 2235//2235
f 2220//2220 2216//2216 2225//2225
f 2220//2220 2222//2222 2216//2216
f 2217//2217 2227//2227 2226//2226
f 2212//2212 2226//2226 2221//2221
f 2226//2226 2212//2212 2217//2217
f 2234//2234 2227//2227 2222//2222
f 2204//2204 2235//2235 2210//2210
f 2211//2211 2218//2218 2213//2213
f 2229//2229 2197//2197 2235//2235
f 2218//2218 2214//2214 2213//2213
f 2229//2229 2239//2239 2219//2219
f 2223//2223 2219//2219 2225//2225
f 2215//2215 2224//2224 2206//2206
f 2225//2225 2222//2222 2220//2220
f 2221//2221 2224//2224 2215//2215
f 2231//2231 2222//2222 2225//2225
f 2231//2231 2234//2234 2222//2222
f 2204//2204 2211//2211 2228//2228
f 2236//2236 2225//2225 2219//2219
f 2224//2224 2240//2240 2206//2206
f 2225//2225 2236//2236 2231//2231
f 2232//2232 2224//2224 2221//2221
f 2226//2226 2232//2232 2221//2221
f 2232//2232 2226//2226 2227//2227
f 2232//2232 2227//2227 2234//2234
f 2228//2228 2235//2235 2204//2204
f 2211//2211 2213//2213 2242//2242
f 2228//2228 2211//2211 2242//2242
f 2206//2206 2230//2230 2214//2214
f 2206//2206 2240//2240 2230//2230
f 2233//2233 2234//2234 2231//2231
f 2228//2228 2238//2238 2235//2235
f 2229//2229 2235//2235 2238//2238
f 2214//2214 2230//2230 2213//2213
f 2236//2236 2219//2219 2239//2239
f 2241//2241 2232//2232 2234//2234
f 2228//2228 2242//2242 2238//2238
f 2213//2213 2237//2237 2242//2242
f 2213//2213 2230//2230 2237//2237
f 2241//2241 2224//2224 2232//2232
f 2234//2234 2248//2248 2241//2241
f 2248//2248 2234//2234 2245//2245
f 2234//2234 2233//2233 2245//2245
f 2245//2245 2233//2233 2231//2231
f 2238//2238 2239//2239 2229//2229
f 2230//2230 2243//2243 2237//2237
f 2244//2244 2243//2243 2230//2230
f 2244//2244 2230//2230 2240//2240
f 2224//2224 2241//2241 2240//2240
f 2236//2236 2245//2245 2231//2231
f 2249//2249 2238//2238 2242//2242
f 2238//2238 2249//2249 2239//2239
f 2246//2246 2236//2236 2239//2239
f 2236//2236 2246//2246 2247//2247
f 2247//2247 2245//2245 2236//2236
f 2251//2251 2249//2249 2242//2242
f 2249//2249 2246//2246 2239//2239
f 2240//2240 2250//2250 2243//2243
f 2240//2240 2243//2243 2244//2244
f 2241//2241 2250//2250 2240//2240
f 2248//2248 2250//2250 2241//2241
f 2248//2248 2245//2245 2247//2247
f 2251//2251 2242//2242 2237//2237
f 2243//2243 2250//2250 2237//2237
f 2251//2251 2237//2237 2250//2250
f 2249//2249 2247//2247 2246//2246
f 2250//2250 2248//2248 2247//2247
f 2251//2251 2247//2247 2249//2249
f 2251//2251 2250//2250 2247//2247
usemtl tusk
f 1915//1915 2004//2004 1885//1885
f 1937//1937 1971//1971 1914//1914
f 1917//1917 1972//1972 1915//1915
f 2018//2018 1995//1995 1941//1941
f 1961//1961 1914//1914 1996//1996
f 1890//1890 1972//1972 1917//1917
f 2008//2008 1918//1918 1961//1961
f 1963//1963 1890//1890 1919//1919
f 1944//1944 1949//1949 1976//1976
f 1949//1949 1986//1986 1976//1976
f 2010//2010 1976//1976 1986//1986
f 1885//1885 2005//2005 1936//1936
f 1934//1934 1971//1971 1937//1937
f 1885//1885 2004//2004 2005//2005
f 1936//1936 2005//2005 1938//1938
f 1934//1934 1995//1995 1971//1971
f 2004//2004 1915//1915 1958//1958
f 1941//1941 1962//1962 2018//2018
f 1944//1944 1962//1962 1941//1941
f 1973//1973 1946//1946 1942//1942
f 1976//1976 1985//1985 1944//1944
f 1977//1977 1890//1890 1963//1963
f 1986//1986 1918//1918 1997//1997
f 2030//2030 1919//1919 1920//1920
f 2010//2010 1986//1986 2000//2000
f 1984//1984 1938//1938 2005//2005
f 1971//1971 1996//1996 1914//1914
f 1972//1972 1958//1958 1915//1915
f 2007//2007 1938//1938 1984//1984
f 2007//2007 1942//1942 1938//1938
f 2007//2007 1973//1973 1942//1942
f 1890//1890 1974//1974 1972//1972
f 1985//1985 1962//1962 1944//1944
f 1890//1890 1975//1975 1974//1974
f 1997//1997 1918//1918 2008//2008
f 1975//1975 1890//1890 1977//1977
f 2009//2009 1946//1946 1973//1973
f 1946//1946 2009//2009 1999//1999
f 1977//1977 1963//1963 1919//1919
f 2030//2030 1977//1977 1919//1919
f 1946//1946 2030//2030 1920//1920
f 2039//2039 1971//1971 1995//1995
f 1996//1996 1971//1971 2039//2039
f 1985//1985 1976//1976 2043//2043
f 2043//2043 1976//1976 2010//2010
f 2030//2030 1946//1946 1999//1999
f 2027//2027 1996//1996 2039//2039
f 2005//2005 2007//2007 1984//1984
f 1972//1972 2062//2062 1958//1958
f 1972//1972 1974//1974 2062//2062
f 1973//1973 2007//2007 2019//2019
f 1997//1997 1998//1998 1986//1986
f 1998//1998 2000//2000 1986//1986
f 2005//2005 2004//2004 2049//2049
f 2018//2018 2039//2039 1995//1995
f 2027//2027 2006//2006 1996//1996
f 2062//2062 2028//2028 1958//1958
f 1961//1961 1996//1996 2006//2006
f 1985//1985 2018//2018 1962//1962
f 2006//2006 2008//2008 1961//1961
f 1975//1975 2062//2062 1974//1974
f 1973//1973 2019//2019 2009//2009
f 2004//2004 1958//1958 2028//2028
f 2004//2004 2028//2028 2049//2049
f 2049//2049 2007//2007 2005//2005
f 2019//2019 2007//2007 2049//2049
f 2008//2008 2006//2006 2061//2061
f 1985//1985 2050//2050 2018//2018
f 2018//2018 2050//2050 2040//2040
f 2043//2043 2050//2050 1985//1985
f 2051//2051 1997//1997 2008//2008
f 1975//1975 1977//1977 2020//2020
f 2051//2051 1998//1998 1997//1997
f 2020//2020 1977//1977 2064//2064
f 2064//2064 1977//1977 2030//2030
f 2010//2010 2000//2000 1998//1998
f 2018//2018 2040//2040 2039//2039
f 2029//2029 2019//2019 2049//2049
f 2041//2041 2019//2019 2029//2029
f 2051//2051 2008//2008 2061//2061
f 2041//2041 2009//2009 2019//2019
f 2041//2041 2044//2044 1999//1999
f 2009//2009 2041//2041 1999//1999
f 2051//2051 2063//2063 1998//1998
f 2044//2044 2030//2030 1999//1999
f 2043//2043 2010//2010 2053//2053
f 2030//2030 2031//2031 2064//2064
f 2031//2031 2030//2030 2044//2044
f 2010//2010 1998//1998 2053//2053
f 2061//2061 2006//2006 2027//2027
f 2051//2051 2061//2061 2073//2073
f 1975//1975 2042//2042 2062//2062
f 2020//2020 2042//2042 1975//1975
f 2075//2075 2064//2064 2031//2031
f 2039//2039 2040//2040 2027//2027
f 2074//2074 2040//2040 2050//2050
f 1998//1998 2089//2089 2053//2053
f 2063//2063 2054//2054 1998//1998
f 2112//2112 2089//2089 1998//1998
f 2112//2112 1998//1998 2054//2054
f 2049//2049 2028//2028 2110//2110
f 2049//2049 2096//2096 2029//2029
f 2062//2062 2079//2079 2028//2028
f 2041//2041 2029//2029 2097//2097
f 2043//2043 2074//2074 2050//2050
f 2063//2063 2051//2051 2073//2073
f 2020//2020 2088//2088 2042//2042
f 2043//2043 2052//2052 2074//2074
f 2081//2081 2044//2044 2041//2041
f 2043//2043 2053//2053 2052//2052
f 2076//2076 2075//2075 2031//2031
f 2076//2076 2031//2031 2044//2044
f 2096//2096 2049//2049 2110//2110
f 2078//2078 2027//2027 2040//2040
f 2073//2073 2061//2061 2027//2027
f 2073//2073 2027//2027 2078//2078
f 2042//2042 2079//2079 2062//2062
f 2096//2096 2097//2097 2029//2029
f 2040//2040 2074//2074 2078//2078
f 2097//2097 2081//2081 2041//2041
f 2053//2053 2113//2113 2052//2052
f 2064//2064 2088//2088 2020//2020
f 2076//2076 2044//2044 2081//2081
f 2079//2079 2110//2110 2028//2028
f 2074//2074 2087//2087 2078//2078
f 2088//2088 2079//2079 2042//2042
f 2052//2052 2087//2087 2074//2074
f 2063//2063 2073//2073 2080//2080
f 2064//2064 2100//2100 2088//2088
f 2054//2054 2063//2063 2080//2080
f 2064//2064 2075//2075 2100//2100
f 2113//2113 2053//2053 2089//2089
f 2086//2086 2094//2094 2060//2060
f 2111//2111 2073//2073 2078//2078
f 2110//2110 2079//2079 2155//2155
f 2073//2073 2111//2111 2080//2080
f 2081//2081 2099//2099 2076//2076
f 2112//2112 2054//2054 2080//2080
f 2143//2143 2089//2089 2112//2112
f 2060//2060 2095//2095 2086//2086
f 2095//2095 2093//2093 2109//2109
f 2060//2060 2093//2093 2095//2095
f 2096//2096 2110//2110 2132//2132
f 2132//2132 2097//2097 2096//2096
f 2080//2080 2111//2111 2098//2098
f 2088//2088 2121//2121 2079//2079
f 2079//2079 2121//2121 2155//2155
f 2081//2081 2097//2097 2132//2132
f 2100//2100 2121//2121 2088//2088
f 2120//2120 2094//2094 2086//2086
f 2108//2108 2109//2109 2093//2093
f 2121//2121 2100//2100 2075//2075
f 2099//2099 2141//2141 2076//2076
f 2089//2089 2143//2143 2113//2113
f 2130//2130 2109//2109 2108//2108
f 2052//2052 2167//2167 2087//2087
f 2113//2113 2167//2167 2052//2052
f 2098//2098 2112//2112 2080//2080
f 2098//2098 2166//2166 2112//2112
f 2122//2122 2121//2121 2075//2075
f 2167//2167 2113//2113 2143//2143
f 2166//2166 2143//2143 2112//2112
f 2122//2122 2075//2075 2076//2076
f 2129//2129 2130//2130 2108//2108
f 2086//2086 2131//2131 2120//2120
f 2095//2095 2131//2131 2086//2086
f 2132//2132 2110//2110 2155//2155
f 2164//2164 2078//2078 2087//2087
f 2078//2078 2164//2164 2111//2111
f 2132//2132 2099//2099 2081//2081
f 2087//2087 2167//2167 2164//2164
f 2142//2142 2122//2122 2076//2076
f 2142//2142 2076//2076 2141//2141
f 2139//2139 2130//2130 2129//2129
f 2120//2120 2153//2153 2152//2152
f 2131//2131 2153//2153 2120//2120
f 2140//2140 2130//2130 2139//2139
f 2140//2140 2109//2109 2130//2130
f 2157//2157 2111//2111 2164//2164
f 2157//2157 2098//2098 2111//2111
f 2141//2141 2099//2099 2132//2132
f 2166//2166 2098//2098 2157//2157
f 2122//2122 2158//2158 2121//2121
f 2168//2168 2167//2167 2143//2143
f 2152//2152 2177//2177 2139//2139
f 2177//2177 2140//2140 2139//2139
f 2152//2152 2153//2153 2177//2177
f 2095//2095 2153//2153 2131//2131
f 2154//2154 2109//2109 2140//2140
f 2154//2154 2095//2095 2109//2109
f 2121//2121 2158//2158 2155//2155
f 2155//2155 2156//2156 2132//2132
f 2156//2156 2141//2141 2132//2132
f 2168//2168 2143//2143 2159//2159
f 2166//2166 2159//2159 2143//2143
f 2177//2177 2154//2154 2140//2140
f 2177//2177 2153//2153 2095//2095
f 2095//2095 2154//2154 2177//2177
f 2158//2158 2165//2165 2155//2155
f 2156//2156 2155//2155 2165//2165
f 2157//2157 2164//2164 2166//2166
f 2141//2141 2156//2156 2186//2186
f 2164//2164 2159//2159 2166//2166
f 2186//2186 2142//2142 2141//2141
f 2167//2167 2178//2178 2164//2164
f 2122//2122 2165//2165 2158//2158
f 2168//2168 2178//2178 2167//2167
f 2159//2159 2178//2178 2168//2168
f 2165//2165 2186//2186 2156//2156
f 2178//2178 2159//2159 2164//2164
f 2165//2165 2122//2122 2142//2142
f 2165//2165 2142//2142 2186//2186
