# sdf_sauropod: docs/prototypes/mammoth.html ‚Ì‹——£ŠÖ”‚©‚çÄ‚¢‚½–Ô–Ú
# —§‚¿pE–Ñ”ç‚İB‘O‚Í+ZiUnityjA‘«‚Ì— ‚Íy=0B’PˆÊ‚Íƒ[ƒgƒ‹‘Š“–
mtllib sdf_sauropod.mtl
o sdf_sauropod
v 0.0083 1.3667 -4.0382
v 0.0195 1.3020 -3.9974
v 0.0571 1.3728 -3.8444
v -0.0499 1.3433 -3.9854
v -0.0356 1.3836 -4.0038
v 0.0531 1.3651 -3.9767
v -0.0203 1.3019 -3.9943
v -0.0657 1.4215 -3.8635
v 0.0133 1.4360 -3.9318
v -0.0040 1.5195 -3.7947
v 0.0526 1.4831 -3.8133
v 0.0759 1.4582 -3.7791
v 0.0178 1.3456 -3.8375
v -0.0600 1.3850 -3.8083
v -0.0754 1.4685 -3.7834
v -0.0593 1.5378 -3.7149
v -0.0970 1.5039 -3.6350
v 0.0910 1.5497 -3.6207
v 0.0855 1.4669 -3.6060
v 0.0742 1.6161 -3.5723
v -0.0952 1.6333 -3.4976
v -0.0189 1.3755 -3.7423
v 0.1143 1.5666 -3.4701
v 0.0017 1.4759 -3.4013
v -0.0647 1.4513 -3.5635
v -0.1146 1.5686 -3.4810
v 0.0758 1.7340 -3.3814
v 0.0530 1.4329 -3.5994
v -0.0745 1.7163 -3.4058
v -0.0954 1.5163 -3.4467
v -0.1267 1.6083 -3.3706
v 0.1367 1.6339 -3.3192
v -0.1247 1.6787 -3.3550
v 0.1184 1.6929 -3.3560
v 0.1050 1.5572 -3.3111
v -0.0161 1.7540 -3.3922
v 0.1471 1.6084 -3.1798
v -0.0682 1.8455 -3.2488
v 0.0872 1.5204 -3.3811
v -0.0479 1.5180 -3.2956
v 0.1736 1.7169 -3.2045
v 0.0978 1.8195 -3.2663
v 0.1067 1.5687 -3.1521
v -0.0102 1.5239 -3.1829
v -0.1064 1.5600 -3.2485
v -0.1689 1.7337 -3.1993
v 0.0255 1.8598 -3.2519
v -0.1624 1.6522 -3.2171
v 0.1423 1.8283 -3.0775
v -0.1271 1.8010 -3.2492
v -0.1413 1.6136 -3.1281
v 0.1715 1.7248 -3.0237
v -0.0769 1.5508 -3.1469
v 0.0915 1.8778 -3.0842
v 0.1481 1.6521 -3.0327
v -0.1043 1.6064 -3.0189
v 0.1702 1.7716 -3.0395
v -0.0038 1.8935 -3.1205
v 0.1630 1.6811 -2.8679
v -0.1689 1.7148 -3.0447
v -0.1522 1.8199 -3.0674
v 0.0518 1.5806 -3.0044
v -0.1613 1.6801 -2.9775
v -0.0167 1.5717 -3.0177
v -0.1353 1.6570 -2.7503
v -0.2085 1.8034 -2.7891
v 0.2215 1.8219 -2.6947
v 0.1778 1.9055 -2.8370
v -0.0823 1.8808 -3.0940
v 0.2081 1.7633 -2.6782
v 0.0734 1.9642 -2.9206
v -0.1318 1.9620 -2.8423
v 0.1377 2.0681 -2.6062
v 0.1180 1.6282 -2.8998
v -0.0519 2.0366 -2.7708
v -0.1827 1.8764 -2.8689
v -0.1245 2.0898 -2.5813
v -0.2051 1.7533 -2.6911
v -0.0682 1.6181 -2.7538
v 0.1235 1.6646 -2.5823
v -0.2485 1.9008 -2.5172
v 0.0860 2.1123 -2.5736
v 0.2481 1.9008 -2.5258
v -0.1983 2.0044 -2.5997
v -0.0033 2.1132 -2.6095
v 0.0623 1.6533 -2.4398
v 0.2013 2.0217 -2.5652
v -0.0186 1.6473 -2.4485
v 0.2111 1.7555 -2.4670
v -0.2178 1.7695 -2.4964
v -0.2288 1.9751 -2.5435
v 0.1812 1.7152 -2.5759
v -0.1472 1.6919 -2.4545
v -0.2234 2.1355 -2.3689
v 0.1724 2.1089 -2.4971
v -0.0070 2.2373 -2.3867
v 0.2874 1.8833 -2.3548
v 0.1936 2.1704 -2.3556
v -0.1299 2.1935 -2.4084
v -0.0755 1.6571 -2.3146
v -0.2330 1.8001 -2.4833
v -0.2860 1.8589 -2.3256
v -0.2023 1.7274 -2.3415
v 0.1997 1.7254 -2.3427
v 0.2905 1.9662 -2.3705
v 0.1583 1.6931 -2.2918
v 0.2575 1.7964 -2.3218
v 0.2539 2.0915 -2.3652
v -0.3039 2.0409 -2.1379
v -0.1060 2.2213 -2.3670
v 0.1148 2.2169 -2.3702
v 0.0898 1.6694 -2.1239
v -0.2351 1.7653 -2.2146
v -0.2021 2.1998 -2.1756
v -0.2948 1.9790 -2.3500
v 0.3043 2.0241 -2.1507
v -0.2736 2.0539 -2.3712
v 0.2947 2.0667 -2.1571
v -0.1857 1.7191 -2.1137
v -0.2905 1.8541 -2.1256
v -0.1680 2.2314 -2.1612
v 0.1466 2.2449 -2.1539
v -0.0115 1.6585 -2.1143
v 0.2945 1.8674 -2.1228
v -0.2657 2.1200 -2.1842
v 0.0214 2.2738 -2.1838
v -0.0519 2.2723 -2.1692
v 0.2461 1.7765 -2.1051
v -0.3123 1.9097 -2.0902
v -0.1142 1.6797 -2.1029
v 0.1473 1.6956 -2.1364
v -0.3189 1.7997 -1.7660
v 0.3788 2.0298 -1.8039
v 0.2299 2.1769 -2.1572
v -0.1809 1.6791 -1.8000
v -0.2249 1.7540 -2.1076
v 0.3327 2.1574 -1.8720
v -0.2433 2.2556 -1.9334
v 0.2552 2.2737 -1.8608
v 0.3082 1.9136 -2.1185
v -0.2800 2.2052 -1.9490
v 0.1082 2.3384 -1.9289
v 0.1859 1.6821 -1.8011
v 0.1826 2.3227 -1.8737
v 0.0679 1.6382 -1.7817
v -0.3415 1.8737 -1.8511
v -0.3706 1.9831 -1.8391
v 0.3566 1.9660 -1.8938
v 0.2287 2.3436 -1.7641
v 0.0317 2.3974 -1.8056
v -0.0899 2.3642 -1.8633
v -0.0118 2.3743 -1.8710
v -0.2641 1.7317 -1.7687
v -0.3685 1.9034 -1.7866
v 0.3570 1.8737 -1.7940
v 0.3407 2.2026 -1.7793
v -0.1936 2.3402 -1.8181
v -0.0884 1.6438 -1.7988
v 0.2797 1.7522 -1.7826
v 0.4294 2.0914 -1.6787
v -0.3328 2.2245 -1.7786
v -0.3268 2.2893 -1.7049
v -0.0817 2.4195 -1.7476
v 0.1765 2.4091 -1.7023
v -0.2446 1.6749 -1.6683
v -0.4522 2.0802 -1.6333
v -0.3595 2.1339 -1.8122
v 0.3262 2.3019 -1.6890
v 0.0710 1.6112 -1.6766
v -0.1278 1.6034 -1.6301
v -0.2989 1.7221 -1.6722
v 0.3639 1.7646 -1.6242
v -0.4254 2.1177 -1.6749
v 0.2788 2.4004 -1.6326
v 0.0955 2.4358 -1.7108
v -0.3981 1.9096 -1.7136
v 0.4118 1.8876 -1.6671
v 0.0799 1.5515 -1.5471
v -0.0318 1.6142 -1.6991
v 0.3262 1.6963 -1.5923
v 0.4858 2.2077 -1.5465
v 0.5483 2.1666 -1.4770
v 0.4099 2.2691 -1.6120
v -0.3753 2.2458 -1.6798
v -0.4191 2.2776 -1.5916
v -0.2827 2.3790 -1.6531
v -0.4202 1.8155 -1.5930
v -0.2357 2.4152 -1.6506
v 0.2092 1.6459 -1.6512
v -0.1586 1.5377 -1.4990
v -0.2992 1.6291 -1.5311
v -0.3440 1.7052 -1.5848
v 0.4665 1.7883 -1.5072
v 0.6496 2.0204 -1.3453
v 0.2652 2.5278 -1.4922
v -0.0694 2.5367 -1.5701
v -0.2257 1.6259 -1.5934
v -0.4736 1.9506 -1.5856
v 0.3577 2.4858 -1.4682
v 0.3670 2.4606 -1.4911
v 0.2161 1.5956 -1.5532
v -0.0930 1.4491 -1.3860
v -0.2981 1.5754 -1.4623
v 0.4841 1.6014 -1.3179
v 0.4368 1.6986 -1.4658
v -0.4573 1.8763 -1.5756
v 0.5144 1.8599 -1.4875
v -0.4921 2.2286 -1.5281
v 0.1681 1.4598 -1.3780
v -0.3685 1.6217 -1.4592
v -0.4458 1.7280 -1.4849
v 0.5759 1.7276 -1.3310
v 0.5086 1.7542 -1.4297
v 0.4528 2.3716 -1.4842
v -0.4035 2.4302 -1.4825
v -0.3661 2.4955 -1.4456
v -0.3097 2.5121 -1.4769
v 0.1395 2.5664 -1.5079
v 0.2641 1.5663 -1.4799
v 0.3872 1.5040 -1.2970
v 0.4399 1.5734 -1.3315
v -0.6335 1.9487 -1.3597
v 0.5707 2.2963 -1.3822
v -0.4147 2.3821 -1.5155
v 0.0519 2.5976 -1.4842
v -0.0679 2.6016 -1.4751
v 0.0002 1.5290 -1.5209
v 0.2935 1.4882 -1.3503
v -0.4647 1.6034 -1.3442
v -0.5378 1.7055 -1.3566
v -0.6292 1.8523 -1.3379
v 0.6122 1.9002 -1.3745
v -0.5807 2.1231 -1.4421
v -0.5760 2.2540 -1.3996
v -0.2058 2.5534 -1.4975
v -0.1908 1.4218 -1.3105
v -0.3428 1.4636 -1.2813
v 0.4546 1.5178 -1.2587
v 0.6305 1.7342 -1.2807
v -0.4800 2.3539 -1.4644
v 0.4748 2.4621 -1.3675
v -0.2054 1.2848 -1.0925
v -0.2934 1.3714 -1.1955
v -0.4675 1.4541 -1.2124
v -0.5017 1.5811 -1.2944
v -0.6003 1.6365 -1.2605
v -0.6457 1.7355 -1.2724
v -0.6092 1.7349 -1.3035
v 0.7294 1.7863 -1.2215
v -0.6885 1.8028 -1.2612
v 0.8339 1.9697 -1.1480
v 0.2851 2.7310 -1.1786
v 0.1557 2.7420 -1.2225
v 0.0114 1.3272 -1.2055
v 0.4151 1.4727 -1.2395
v -0.5124 1.5102 -1.2338
v 0.5912 1.5721 -1.2139
v 0.6836 1.8774 -1.2891
v -0.7876 2.0153 -1.1946
v 0.6805 2.1864 -1.2783
v 0.6234 2.3437 -1.2798
v -0.5231 2.5282 -1.2387
v 0.3406 2.5754 -1.3653
v 0.0182 2.7883 -1.1788
v 0.2700 1.3962 -1.2310
v -0.2197 1.3840 -1.2367
v 0.3382 1.3771 -1.1703
v -0.3577 1.3564 -1.1630
v 0.5645 1.4900 -1.1737
v 0.6566 1.6714 -1.2273
v 0.8698 1.8455 -1.1091
v -0.6771 2.2130 -1.2730
v 0.5693 2.4910 -1.2272
v -0.4915 2.5966 -1.1941
v 0.3956 2.6720 -1.1881
v -0.2787 2.7322 -1.1834
v 0.7845 1.5951 -1.0981
v -0.6911 1.6122 -1.1908
v -0.7949 1.7876 -1.1647
v -0.6928 2.0946 -1.2854
v -0.6257 2.4150 -1.2240
v 0.5021 2.6041 -1.1763
v 0.2136 2.7723 -1.1519
v -0.7498 0.0230 -1.1047
v 0.1198 1.3137 -1.1628
v 0.0044 1.2873 -1.1313
v 0.3574 1.3344 -1.1109
v -0.4002 1.3359 -1.1409
v -0.6308 1.2789 -1.1041
v -0.5455 1.3566 -1.1396
v 0.7143 1.5009 -1.1023
v -0.6721 1.5398 -1.1730
v -0.8341 1.8711 -1.1450
v 0.8707 2.0599 -1.0864
v -0.8554 2.1344 -1.0719
v 0.7432 2.2810 -1.1491
v -0.5811 2.5601 -1.1371
v -0.4075 2.6972 -1.1424
v 0.4141 2.6948 -1.1336
v -0.0266 2.8073 -1.1440
v -0.6512 0.0352 -1.1308
v -0.5051 0.1116 -1.1259
v -0.8170 0.1539 -1.0992
v -0.7536 0.1453 -1.1345
v -0.5508 0.1305 -1.1441
v -0.6870 0.1528 -1.1531
v -0.5888 0.1565 -1.1521
v -0.5014 0.4299 -1.1025
v -0.6500 0.8171 -1.1003
v -0.3743 1.2626 -1.0845
v 0.2629 1.2909 -1.0749
v -0.4649 1.2775 -1.1073
v 0.5453 1.2866 -1.0506
v 0.5377 1.4208 -1.1368
v -0.7248 1.3874 -1.1005
v -0.7898 1.4916 -1.0886
v -0.8551 1.6244 -1.0690
v -0.5100 2.6499 -1.0944
v -0.3716 2.7533 -1.0738
v 0.4458 2.7127 -1.0724
v -0.4635 0.0187 -1.0552
v -0.5479 0.0007 -1.0900
v -0.4269 0.4289 -1.0523
v -0.8104 0.7280 -1.0564
v -0.4235 1.0001 -1.0170
v -0.7463 0.9916 -1.0682
v -0.5031 1.0044 -1.0614
v -0.6028 1.0309 -1.0843
v -0.5429 1.2042 -1.0904
v -0.4355 1.1619 -1.0515
v -0.4750 1.2451 -1.0938
v 0.6062 1.3589 -1.0780
v 0.6948 1.3804 -1.0603
v 0.8052 1.5864 -1.0755
v 0.8935 1.5819 -0.9888
v 0.9073 1.7008 -1.0144
v 0.8739 1.8038 -1.0889
v -0.4410 2.7637 -0.9704
v -0.1821 2.7830 -1.1487
v -0.0550 2.8508 -1.0440
v -0.8850 0.0095 -0.9519
v -0.3973 0.1207 -1.0347
v -0.8674 0.1158 -1.0542
v -0.3889 0.6093 -1.0066
v -0.3708 1.1687 -1.0218
v 0.0859 1.2185 -0.9580
v -0.1321 1.2084 -0.9518
v -0.7590 1.2832 -1.0713
v -0.8669 1.3098 -1.0041
v 0.7601 1.3603 -1.0224
v 0.9693 1.8819 -0.9776
v -0.7106 2.3673 -1.1389
v -0.6803 2.4717 -1.0838
v -0.6784 2.5047 -1.0529
v -0.6274 2.5907 -1.0085
v 0.5940 2.5778 -1.0913
v 0.4344 2.7519 -0.9981
v 0.2524 2.8039 -1.0646
v 0.1580 2.8304 -1.0630
v -0.3682 0.4705 -0.9820
v -0.9138 0.4176 -0.9691
v -0.8903 1.0022 -0.9654
v -0.8150 1.0211 -1.0336
v 0.6546 1.1637 -1.0003
v 0.4448 1.2995 -1.0621
v -0.2513 1.2061 -0.9877
v -0.2942 1.2467 -1.0505
v 0.7244 1.2280 -0.9973
v -0.9238 1.9034 -1.0465
v -0.9541 1.7605 -0.9706
v 0.9411 2.0546 -0.9732
v -0.8163 2.2500 -1.0596
v 0.6518 2.5230 -1.0749
v 0.0664 2.8890 -0.9432
v -0.3917 0.0380 -0.9809
v -0.9137 0.1116 -0.9783
v -0.3458 0.1195 -0.9201
v -0.8829 0.5911 -1.0074
v -0.3599 0.8134 -0.9605
v 0.6582 0.9649 -0.9618
v 0.5530 0.9987 -0.9585
v -0.2816 1.1283 -0.9236
v 0.4198 1.1197 -0.9433
v 0.7960 1.1879 -0.9588
v 0.4531 1.1939 -0.9948
v 0.2432 1.2428 -1.0008
v 0.8544 1.3309 -0.9482
v -0.9076 1.2801 -0.9544
v -0.8864 1.4218 -0.9936
v 0.8729 1.4452 -0.9634
v -0.9518 1.5205 -0.9193
v 0.9373 1.5511 -0.9150
v -0.9508 2.0393 -0.9603
v 0.8868 2.1814 -0.9869
v -0.9287 2.0258 -1.0146
v 0.6819 2.4507 -1.1105
v 0.7439 2.4846 -0.9243
v -0.5690 2.6620 -0.9842
v 0.6866 0.3664 -0.9229
v 0.7481 0.9596 -0.9409
v 0.6337 0.1026 -0.9117
v -0.3382 1.0174 -0.9285
v 0.5120 0.9510 -0.9412
v 0.8051 0.9651 -0.9149
v 0.9013 1.1196 -0.8598
v 0.1714 1.2060 -0.9232
v -0.1686 1.1853 -0.9070
v -0.9312 1.2801 -0.9194
v -0.9519 1.3952 -0.8920
v 0.9137 2.2403 -0.8424
v -0.7062 2.5401 -0.9194
v -0.2817 2.8096 -1.0314
v 0.3039 2.8509 -0.8923
v 0.3264 2.8261 -0.9588
v -0.4229 0.0004 -0.9790
v -0.8919 0.0006 -0.8579
v 0.7688 0.0854 -0.8835
v 0.7743 0.0021 -0.8413
v 0.7460 0.5323 -0.9180
v 0.5750 0.2474 -0.9130
v 0.5686 0.3029 -0.9159
v -0.3342 0.4980 -0.9088
v 0.5207 0.1169 -0.8882
v -0.3106 0.6989 -0.8418
v 0.4461 0.9989 -0.9136
v -0.3038 0.9436 -0.8389
v -0.9166 0.7421 -0.9471
v 0.8570 1.0243 -0.8845
v -0.9501 1.2082 -0.8768
v 0.3269 1.1879 -0.9520
v -0.9299 1.2457 -0.9194
v -0.9748 1.5714 -0.8766
v 1.0101 1.8969 -0.8814
v -0.9368 2.1631 -0.8892
v -0.8982 2.1910 -0.9569
v -0.6851 2.6049 -0.8424
v 0.1956 2.8936 -0.8524
v -0.2106 2.8723 -0.9224
v -0.3718 0.0233 -0.8752
v -0.4053 0.0001 -0.8164
v -0.8516 0.0019 -0.7054
v -0.8164 0.0001 -1.0402
v 0.7446 0.1382 -0.8970
v -0.9333 0.1151 -0.9232
v 0.8727 0.3628 -0.8211
v 0.4541 0.1450 -0.8495
v 0.4192 0.1778 -0.8213
v 0.4346 0.8141 -0.8882
v 0.8555 0.9392 -0.8760
v 0.8053 0.4765 -0.8843
v 0.3833 0.7144 -0.8322
v 0.3521 0.9702 -0.8219
v 0.3593 1.0212 -0.8501
v 0.2818 1.1436 -0.8696
v -0.2134 1.1182 -0.8035
v 0.9357 1.3985 -0.8644
v 0.9748 1.5603 -0.8429
v 0.9865 1.4519 -0.7414
v 1.0243 1.8280 -0.7984
v 0.7319 2.5606 -0.7971
v 0.6435 2.6272 -0.9054
v 0.5299 2.7232 -0.9121
v 0.3863 2.8363 -0.8342
v 0.8264 0.0007 -0.7876
v 0.5793 0.0017 -0.8663
v 0.5091 0.0223 -0.8510
v -0.3413 0.0872 -0.8441
v 0.4034 0.1238 -0.7970
v -0.9517 0.4628 -0.8217
v -0.3176 0.5222 -0.7844
v -0.9512 0.7426 -0.8659
v 0.8901 0.6080 -0.8144
v 0.8911 0.7669 -0.8255
v -0.2829 1.0355 -0.8305
v 0.9371 0.9577 -0.7704
v 0.2848 1.0681 -0.7898
v 0.1346 1.1777 -0.8425
v -0.9785 1.3988 -0.8078
v 0.9634 1.3895 -0.8038
v -0.9936 1.8376 -0.9183
v 0.9825 2.1338 -0.7651
v -0.7539 2.4920 -0.8796
v -0.6202 2.6926 -0.7792
v 0.5124 2.7607 -0.8361
v 0.4332 2.7983 -0.8715
v -0.1232 2.9083 -0.8540
v 0.4608 0.0956 -0.8506
v -0.2935 0.9191 -0.7509
v -0.9515 1.0226 -0.8635
v 0.9547 1.0689 -0.7457
v -0.9674 0.9086 -0.7590
v -1.0174 1.9374 -0.8547
v 1.0363 1.9354 -0.6953
v 0.9794 2.0858 -0.8609
v -0.9965 2.1068 -0.7419
v 0.6061 2.6924 -0.8184
v -0.5016 2.7584 -0.8741
v -0.2977 2.8954 -0.7132
v 0.4064 0.0006 -0.7072
v -0.9048 0.0253 -0.7920
v 0.8586 0.0806 -0.8135
v 0.9122 0.1149 -0.7391
v -0.3828 0.1013 -0.7080
v -0.9218 0.0926 -0.7654
v -0.9377 0.1645 -0.8026
v -0.9567 0.6275 -0.7732
v 0.9274 0.7690 -0.7684
v 0.3063 0.9258 -0.7152
v -0.1522 1.1450 -0.7754
v 1.0320 1.8296 -0.6388
v 1.0354 1.8912 -0.7216
v -0.9548 2.1967 -0.7616
v -0.8763 2.3082 -0.8422
v -0.3539 2.8484 -0.8388
v 0.0194 2.9276 -0.8128
v -0.4157 0.0037 -0.7204
v -0.7281 0.0006 -0.6196
v 0.9056 0.0230 -0.6760
v -0.3561 0.2685 -0.7204
v 0.3518 0.1316 -0.7002
v 0.9404 0.2947 -0.6733
v 0.3532 0.3066 -0.7364
v 0.3312 0.8100 -0.7605
v -0.9522 0.7455 -0.6871
v -0.2635 1.0363 -0.7609
v 0.9740 1.2262 -0.7173
v 0.2079 1.1271 -0.7678
v 0.9852 1.3894 -0.6738
v -1.0111 1.6707 -0.7747
v -0.5042 2.8025 -0.6907
v 0.2716 2.9032 -0.7125
v 0.5287 0.0002 -0.4016
v 0.3858 0.0312 -0.7282
v 0.9351 0.1773 -0.6794
v -0.8994 0.1147 -0.7051
v -0.3463 0.3877 -0.7025
v -0.3558 0.6299 -0.6238
v -0.3261 0.6616 -0.6794
v 0.9497 0.4797 -0.6523
v -0.3070 1.0069 -0.5888
v 0.9763 1.0812 -0.6489
v -0.3053 0.9334 -0.6521
v 0.0202 1.1535 -0.7054
v -0.9825 1.3521 -0.7164
v 0.8767 2.3353 -0.7658
v 0.8588 2.3838 -0.7207
v -0.7645 2.5506 -0.6684
v 0.5798 2.7463 -0.6988
v -0.3857 2.8712 -0.6506
v 0.4700 0.0001 -0.4644
v -0.5044 0.0023 -0.6418
v -0.7912 0.0295 -0.6222
v 0.3445 0.1070 -0.6446
v -0.4466 0.0769 -0.6345
v 0.3335 0.2643 -0.6333
v -0.2606 1.0469 -0.6643
v 0.9758 1.2429 -0.6055
v 0.9773 1.3935 -0.5949
v -0.9859 1.4495 -0.6780
v -0.9736 2.1656 -0.6549
v -0.5486 2.7810 -0.6177
v 0.5079 2.7998 -0.6934
v 0.8899 0.0013 -0.5539
v -0.4859 0.0970 -0.6037
v -0.8562 0.3135 -0.6125
v 0.9369 0.1005 -0.5790
v 0.9651 0.9124 -0.5869
v 0.2930 0.9264 -0.6550
v 0.2290 1.0766 -0.6560
v 0.9723 1.1019 -0.5883
v -0.0217 1.1554 -0.7261
v -0.1953 1.1138 -0.5878
v 0.9972 1.6188 -0.5874
v -1.0351 1.8560 -0.6845
v -1.0337 1.9511 -0.7609
v 0.8539 2.4143 -0.5570
v -0.7991 2.5190 -0.5451
v -0.4404 2.8587 -0.5315
v 0.1338 2.9363 -0.7163
v -0.1242 2.9616 -0.5303
v 0.9169 0.0967 -0.5043
v -0.7870 0.2050 -0.5793
v -0.4066 0.4121 -0.6036
v 0.3253 0.5188 -0.5520
v -0.9036 0.5798 -0.6204
v 0.2898 0.9419 -0.5911
v -0.3653 0.9026 -0.5457
v -0.9300 0.9793 -0.5847
v -0.9654 1.3180 -0.6286
v 0.9400 2.1241 -0.3057
v 0.7376 2.5880 -0.6821
v -0.7056 2.6403 -0.6015
v 0.3118 2.8977 -0.6812
v 0.3846 0.0015 -0.5781
v 0.4077 0.0127 -0.4838
v -0.6930 0.0628 -0.5712
v -0.5778 0.0345 -0.5809
v -0.6688 0.0878 -0.5639
v 0.3446 0.1221 -0.5679
v -0.5445 0.4130 -0.5178
v -0.7697 0.4246 -0.5325
v 0.9540 1.0085 -0.5202
v -0.4490 0.4961 -0.5467
v -0.8573 0.6204 -0.5580
v -0.8704 0.9173 -0.5122
v -0.2750 1.1007 -0.5066
v -0.1635 1.1305 -0.4599
v -0.9635 1.4839 -0.5759
v -1.0250 1.9622 -0.6065
v 1.0060 2.0595 -0.6056
v 0.9284 2.2585 -0.5268
v 0.5512 2.7926 -0.4987
v 0.3445 2.8985 -0.5667
v -0.6085 0.3478 -0.5173
v 0.9252 0.3989 -0.4995
v -0.7837 0.5235 -0.5213
v 0.3283 0.8364 -0.4865
v 0.1997 1.0959 -0.5576
v 0.0727 1.1356 -0.6156
v 0.9735 1.5576 -0.5269
v 0.9837 1.8564 -0.4367
v -0.8846 2.3533 -0.5679
v -0.6099 2.7499 -0.4726
v 0.8489 0.0253 -0.4405
v 0.3711 0.1007 -0.4877
v -0.7284 0.9874 -0.4164
v 0.9132 0.5429 -0.4645
v 0.3196 0.9080 -0.4948
v -0.4942 0.7035 -0.4839
v 0.9252 0.8690 -0.4649
v 0.9119 0.9885 -0.4348
v 0.9336 1.0039 -0.4706
v -0.8482 1.1446 -0.4715
v 0.9392 1.2580 -0.4910
v 0.9150 1.3735 -0.4442
v -0.9026 1.3050 -0.5145
v -0.8581 1.3633 -0.4438
v -1.0016 1.8222 -0.5064
v 0.9201 1.8470 -0.2296
v 0.9931 1.9630 -0.4662
v 0.9439 2.0291 -0.2756
v -0.9435 2.2198 -0.5417
v 0.8991 2.3166 -0.4276
v -0.7397 2.6221 -0.3643
v -0.2234 2.9351 -0.6050
v 0.8836 0.1288 -0.4413
v 0.8901 0.5244 -0.4295
v 0.4014 0.2374 -0.4262
v 0.3648 0.7757 -0.4304
v -0.5039 1.0446 -0.4118
v -0.4500 0.9122 -0.4668
v 0.2862 1.0231 -0.4813
v -0.8158 0.9364 -0.4650
v -0.4005 0.9466 -0.4949
v -0.8311 0.9769 -0.4704
v 0.8853 1.1748 -0.4088
v 0.2873 1.0574 -0.4397
v -0.3660 1.0307 -0.4914
v -0.8915 1.4912 -0.4294
v 0.6985 2.6610 -0.5179
v -0.3521 2.9044 -0.4595
v 0.2345 2.9404 -0.5246
v 0.5180 0.0180 -0.3715
v 0.4781 0.1373 -0.3610
v 0.8521 0.1083 -0.4053
v 0.4263 0.3377 -0.3920
v 0.3950 0.0943 -0.4452
v 0.8552 0.4213 -0.3943
v 0.8591 0.8881 -0.3780
v -0.5757 1.0781 -0.3923
v -0.6558 0.9585 -0.4076
v 0.3754 0.9178 -0.4027
v -0.6959 1.1058 -0.4003
v 0.1500 1.1271 -0.3981
v -0.0362 1.1232 -0.3375
v -0.3679 1.1199 -0.4080
v 0.8867 1.5944 -0.3242
v -0.9143 1.6696 -0.3657
v 0.9430 1.6564 -0.4120
v -1.0078 2.0501 -0.6080
v 0.8509 2.4422 -0.3501
v 0.7018 2.6637 -0.3841
v 0.0662 2.9702 -0.4414
v 0.6981 0.0017 -0.3664
v 0.7810 0.0245 -0.3807
v 0.7864 0.1444 -0.3513
v 0.8200 0.5603 -0.3593
v 0.3968 1.0601 -0.3340
v 0.2052 1.1287 -0.3559
v -0.4983 1.1470 -0.3590
v -0.6747 1.1774 -0.3769
v -0.3465 1.1587 -0.3367
v 0.7952 1.3253 -0.3157
v -0.7932 1.3170 -0.3970
v 0.8494 1.4599 -0.3285
v 0.9402 1.8970 -0.2781
v 0.8040 2.5287 -0.4252
v -0.6130 2.7533 -0.3049
v 0.4510 2.8555 -0.5037
v -0.0170 2.9743 -0.4583
v 0.6967 0.1009 -0.3219
v 0.5470 0.3418 -0.3215
v 0.4729 0.8418 -0.3303
v 0.7504 0.4770 -0.3247
v 0.4434 0.6686 -0.3583
v 0.7848 0.6776 -0.3336
v 0.4350 0.8251 -0.3559
v 0.8228 0.9135 -0.3480
v 0.4223 0.9706 -0.3499
v 0.8496 1.0209 -0.3592
v -0.2371 1.1465 -0.2735
v -0.1766 1.1378 -0.3568
v -0.4892 1.1978 -0.3085
v 0.7880 1.1750 -0.3335
v -0.7333 1.3284 -0.3401
v 0.7886 1.4772 -0.2261
v -0.8546 1.6262 -0.2481
v -0.9498 1.8604 -0.3341
v -0.9710 1.9742 -0.3752
v -0.9296 2.2096 -0.3700
v -0.8076 2.5225 -0.3930
v 0.5842 2.7763 -0.3347
v 0.3419 2.9117 -0.3814
v -0.2076 2.9494 -0.4715
v 0.1146 2.9708 -0.3763
v 0.6127 0.1238 -0.3163
v 0.5429 0.0918 -0.3339
v 0.7159 0.1876 -0.3234
v 0.5486 0.5231 -0.3130
v 0.5570 0.8231 -0.2974
v 0.6613 0.3590 -0.3080
v 0.7465 0.9990 -0.3037
v 0.6296 1.0997 -0.2791
v 0.3191 1.0961 -0.3520
v 0.3301 1.1393 -0.2781
v -0.6072 1.2754 -0.2775
v -0.6419 1.2446 -0.3330
v -0.8003 1.5038 -0.2690
v -0.4413 2.8669 -0.4379
v 0.3213 2.9237 -0.3323
v -0.4064 2.8939 -0.1248
v 0.5424 1.0460 -0.2891
v 0.5106 1.1045 -0.2801
v 0.6517 1.1780 -0.2711
v -0.4567 1.2292 -0.1971
v -0.6662 1.3565 -0.2360
v 0.7424 1.3696 -0.2477
v -0.9026 1.7445 -0.2554
v -0.7114 2.6540 -0.3278
v -0.5569 2.8036 -0.0750
v 0.4764 2.8458 -0.4851
v 0.4850 1.1811 -0.2301
v 0.6284 1.2537 -0.2316
v -0.6859 1.4111 -0.1529
v 0.8988 1.7155 -0.2544
v -0.9312 1.9092 -0.1986
v 0.9160 2.2501 -0.3030
v -0.8739 2.3883 -0.3162
v -0.8361 2.4754 -0.1064
v 0.7623 2.5967 -0.1094
v 0.3437 1.1591 -0.2268
v 0.4703 1.2149 -0.1668
v -0.5960 1.3226 -0.1731
v 0.7170 1.4160 -0.1632
v -0.9429 2.0226 -0.2555
v -0.9029 2.3005 -0.3881
v -0.6105 2.7585 -0.1794
v -0.1222 2.9751 -0.1783
v -0.2758 1.1580 -0.1924
v 0.6046 1.2987 -0.1634
v 0.6845 1.4018 -0.0983
v 0.8937 2.3411 -0.0316
v 0.8280 2.4899 -0.3041
v -0.7217 2.6459 -0.2603
v 0.2708 2.9442 -0.1397
v 0.0674 1.1156 -0.0304
v -0.2638 1.1542 -0.2095
v -0.4375 1.2171 0.0197
v -0.7539 1.4844 -0.1710
v 0.9440 2.0498 0.0908
v 0.5947 2.7742 -0.0690
v 0.5613 2.7985 -0.1192
v -0.2687 2.9414 -0.2640
v 0.1813 1.1354 -0.2204
v -0.0604 1.1144 -0.0454
v 0.3614 1.1860 -0.0777
v -0.7400 1.4711 -0.0687
v -0.8737 1.7044 -0.1534
v 0.9362 1.9928 -0.2028
v 0.8430 2.4679 -0.0519
v -0.7290 2.6406 -0.1174
v -0.1107 2.9825 -0.0505
v -0.1454 1.1212 0.0160
v 0.8648 1.6815 -0.1187
v -0.8845 2.3672 -0.0937
v 0.8129 2.5344 0.1488
v -0.6396 2.7380 -0.0203
v -0.5283 2.8298 0.0693
v 0.5387 2.8229 0.0710
v 0.4498 1.2258 -0.0451
v -0.5913 1.3153 0.0889
v 0.7931 2.5536 -0.0159
v 0.4609 2.8692 0.0011
v 0.2321 2.9581 -0.0219
v -0.7774 1.5270 -0.1348
v -0.9388 2.0669 -0.2123
v -0.9112 2.2934 0.0742
v 0.6737 2.7005 -0.1733
v -0.4526 2.8806 0.1111
v -0.2801 2.9464 0.0076
v -0.3071 1.1613 0.0057
v 0.8048 1.5686 -0.1260
v 0.9177 1.8496 -0.0304
v 0.9293 2.1914 -0.0239
v -0.7919 2.5555 -0.0378
v -0.7840 2.5830 0.1631
v -0.6933 2.6883 0.0876
v 0.3774 2.9162 0.1145
v 0.2600 2.9596 0.1080
v 0.1985 1.1259 0.1458
v 0.6094 1.3364 -0.0669
v 0.7166 1.4275 0.1821
v 0.7462 1.4818 -0.1014
v 0.8814 1.7076 0.1525
v 0.7132 2.6696 0.1373
v -0.6568 2.7286 0.1099
v 0.1273 2.9826 0.0385
v 0.0152 2.9867 -0.0827
v -0.1623 3.0061 0.2610
v -0.0955 1.1087 0.1722
v -0.2398 1.1306 0.1973
v -0.5977 1.3149 0.1787
v 0.7936 1.5226 0.3103
v 0.9041 2.3369 0.2083
v -0.7586 2.6313 0.2487
v 0.6467 2.7430 0.1600
v 0.0197 1.1023 0.1866
v -0.1015 1.1044 0.2720
v 0.2902 1.1458 0.2347
v -0.7057 1.4132 0.2411
v -0.9191 1.8426 0.0293
v 0.9402 1.9055 0.2650
v -0.9283 2.1828 -0.1814
v 0.4243 1.1998 0.2447
v 0.5704 1.2875 0.2783
v -0.8340 1.6061 0.0942
v 0.9300 1.8601 0.2419
v -0.9444 1.9611 0.1976
v -0.8486 2.4669 0.1528
v 0.5713 2.8081 0.1590
v 0.4217 2.9025 0.1676
v 0.1393 3.0015 0.2090
v -0.2300 2.9842 0.2201
v 0.1260 1.1091 0.2291
v 0.2287 1.1250 0.4246
v -0.3664 1.1690 0.3271
v -0.4982 1.2409 0.2446
v 0.6357 1.3462 0.2150
v -0.8987 1.7386 0.2923
v 0.9042 1.7538 0.2880
v -0.9301 2.2117 0.1109
v 0.9357 2.2133 0.2514
v -0.9127 2.3413 0.3572
v 0.7546 2.6306 0.2094
v -0.4194 2.9193 0.2607
v -0.3011 2.9507 0.1420
v 0.7382 1.4489 0.3629
v -0.8580 2.4698 0.2909
v 0.8360 2.5261 0.3484
v -0.7991 2.5949 0.3711
v -0.7308 2.6959 0.3905
v 0.5787 2.8358 0.3546
v -0.6180 2.7991 0.3328
v 0.0200 1.0984 0.3016
v -0.1699 1.1160 0.4560
v -0.5773 1.2928 0.3448
v -0.7920 1.5205 0.2838
v 0.8407 1.6027 0.3188
v 0.8888 1.7148 0.3828
v -0.8999 2.3485 0.1860
v -0.5303 2.8569 0.2794
v 0.2517 2.9864 0.2731
v -0.3238 1.1549 0.3912
v 0.6300 1.3373 0.3867
v 0.9178 2.3521 0.4804
v 0.8569 2.4647 0.2435
v -0.8713 2.4642 0.3938
v -0.5067 2.8812 0.3249
v 0.2745 3.0049 0.3896
v -0.4587 1.2222 0.4654
v -0.6928 1.3983 0.4083
v -0.9129 1.7769 0.2863
v 0.8716 2.4914 0.5142
v 0.7034 2.7275 0.3880
v -0.0288 3.0271 0.3070
v 0.0209 1.1015 0.4324
v 0.1709 1.1188 0.4981
v -0.3361 1.1684 0.5151
v 0.5434 1.2702 0.4196
v -0.4729 1.2311 0.4911
v 0.9595 2.0713 0.7066
v -0.9520 2.1830 0.4885
v 0.7939 2.6130 0.4141
v -0.8648 2.4893 0.4267
v 0.4445 2.9226 0.3492
v 0.4397 1.2055 0.4074
v 0.4106 1.2064 0.5830
v -0.6609 1.3680 0.4673
v 0.7313 1.4536 0.5385
v -0.7819 1.5132 0.4357
v 0.8049 1.5607 0.6450
v -0.8483 1.6216 0.3631
v -0.4188 2.9812 0.5594
v -0.3280 2.9838 0.3836
v -0.0112 3.0503 0.4272
v 0.6264 1.3410 0.4910
v 0.6637 1.3796 0.5224
v -0.8612 1.6662 0.6034
v 0.9241 1.8336 0.4536
v 0.9114 2.4351 0.7141
v 0.3924 3.0066 0.6291
v 0.3164 2.9893 0.3974
v 0.2179 3.0236 0.4155
v -0.1706 1.1239 0.5282
v 0.3528 1.1688 0.4722
v 0.8107 1.5696 0.5376
v -0.8703 2.5313 0.6522
v 0.6850 2.7770 0.5236
v -0.6260 2.8642 0.6799
v 0.0511 3.0303 0.3286
v -0.0693 1.1133 0.5719
v 0.2964 1.1718 0.7078
v 0.6712 1.3880 0.6461
v 0.8899 1.7366 0.6854
v 0.9388 1.9002 0.6872
v -0.7294 2.7621 0.6970
v 0.5053 2.9336 0.5774
v -0.0412 1.1299 0.7184
v -0.2542 1.1544 0.6342
v -0.6268 1.3608 0.6823
v -0.7414 1.4787 0.6476
v -0.8360 1.6182 0.7139
v -0.9155 1.8116 0.6745
v -0.9404 1.9092 0.5130
v 0.9443 2.2684 0.5883
v 0.8954 2.4847 0.7319
v 0.5705 2.8959 0.6162
v 0.4743 1.2399 0.6323
v 0.9324 1.8688 0.7039
v -0.9500 1.9683 0.6332
v -0.9353 2.3068 0.5685
v -0.5634 2.9044 0.6302
v 0.0834 3.0953 0.6637
v 0.0449 1.1420 0.7968
v -0.4700 1.2500 0.7019
v 0.6289 1.2981 0.7548
v -0.7391 2.7303 0.6079
v 0.4816 2.9589 0.6255
v -0.1446 3.0946 0.6953
v -0.4817 1.2539 0.7558
v 0.4634 1.2188 0.7199
v 0.7510 1.4461 0.7354
v 0.9596 2.1676 0.7218
v 0.8234 2.6327 0.7171
v 0.3415 3.0475 0.7405
v -0.2315 1.1801 0.9011
v -0.6887 1.3813 0.8010
v 0.8188 1.5424 0.7612
v -0.9201 2.4014 0.6927
v 0.7270 2.7783 0.7904
v -0.4508 2.9939 0.7099
v -0.3200 3.0572 0.7430
v 0.2197 3.0687 0.6294
v -0.2241 3.0893 0.7665
v -0.0884 3.1089 0.7325
v 0.7007 0.0019 0.8235
v 0.6132 0.1146 0.7614
v 0.7094 0.1217 0.7772
v 0.5053 0.1329 0.7852
v 0.6909 0.1700 0.7745
v 0.4049 1.1621 0.8213
v 0.3096 1.1680 0.8059
v -0.2920 1.1864 0.8112
v 0.5126 1.2063 0.7736
v -0.5590 1.2744 0.8140
v 0.7122 1.3382 0.7910
v 0.8204 1.5231 0.7876
v 0.9102 1.7442 0.7902
v 0.9411 1.8261 0.8282
v -0.9608 2.0932 0.7261
v 0.9706 2.1357 0.8324
v -0.9589 2.2048 0.7573
v -0.8903 2.5210 0.8586
v 0.7609 2.7425 0.8179
v -0.7257 2.7811 0.7930
v 0.5608 2.9291 0.7354
v -0.4068 3.0288 0.8006
v 0.7641 0.0426 0.8322
v 0.5164 0.1118 0.7831
v 0.6283 0.3864 0.7844
v 0.7555 0.1514 0.7969
v 0.7143 0.7129 0.8314
v 0.6633 0.8385 0.8290
v 0.1392 1.1632 0.8945
v 0.5783 1.1707 0.8118
v 0.6862 1.2454 0.8214
v -0.7635 1.4876 0.7631
v -0.8940 1.6716 0.8669
v -0.9425 1.8693 0.7960
v 0.9787 2.0138 0.8578
v -0.9553 2.0050 0.7192
v 0.9547 2.2689 0.8171
v 0.6681 2.8484 0.8192
v 0.3644 3.0573 0.8579
v 0.5155 0.0029 0.8340
v 0.4282 0.1452 0.8400
v 0.7744 0.6411 0.8513
v 0.5555 1.0160 0.8441
v 0.5167 1.0755 0.8436
v 0.6924 1.0980 0.8544
v 0.3206 1.1426 0.8790
v 0.2164 1.1602 0.9275
v -0.6134 1.2552 0.8748
v 0.7766 1.3104 0.8623
v -0.7084 1.3495 0.8651
v -0.8382 1.5321 0.8821
v 0.9064 1.5977 0.9234
v 0.9990 1.9594 1.0125
v 0.9346 2.3712 0.9163
v 0.9108 2.4526 0.9901
v 0.8678 2.5696 0.9305
v -0.6475 2.8702 0.8242
v 0.4815 2.9916 0.8074
v -0.5782 2.9431 0.9348
v 0.7500 0.0001 0.9356
v 0.4265 0.0278 0.8842
v 0.8755 0.1386 0.9253
v 0.8217 0.1365 0.8458
v 0.8576 0.5062 0.9193
v 0.4324 0.6663 0.8701
v 0.8165 1.0090 0.9146
v 0.4793 0.9909 0.8664
v 0.7918 1.0781 0.9033
v -0.1183 1.1866 1.0228
v -0.3536 1.1855 0.8911
v 0.7967 1.2610 0.8935
v -0.7606 1.3488 0.9160
v 0.8185 1.4711 0.8321
v 0.8781 2.5424 0.8757
v 0.8168 2.6698 0.9610
v 0.4791 3.0054 0.9270
v 0.0767 3.1319 0.8764
v 0.8369 0.0041 0.9398
v 0.3941 0.3338 0.8850
v 0.3641 0.6750 0.9444
v 0.8493 0.7804 0.9338
v 0.3904 0.9700 0.9271
v 0.3414 1.0788 0.9447
v -0.5477 1.2021 0.8983
v -0.7360 1.2121 0.9535
v -0.9287 1.7313 0.9116
v 0.9605 1.8314 0.9140
v -0.9568 1.6862 1.0818
v 1.0036 2.0508 1.0411
v 0.8463 2.6109 0.9199
v -0.8243 2.6452 0.8035
v -0.8012 2.6920 0.9550
v -0.7550 2.7596 0.9338
v -0.4122 3.0417 0.9318
v -0.3512 3.0668 0.9074
v -0.1708 3.1165 0.8636
v 0.8478 0.0037 1.0029
v 0.3562 0.4412 0.9530
v 0.8899 0.8087 1.0038
v -0.4377 1.1591 0.9390
v -0.5557 1.0601 0.9631
v 0.1413 1.1745 1.0020
v 0.8565 1.2610 0.9625
v -0.8300 1.3858 0.9730
v 0.8950 1.3984 1.0037
v 0.9289 1.5776 1.0064
v 0.9579 1.6651 1.0692
v 0.6462 2.8795 0.8937
v -0.6858 2.8463 1.0312
v -0.4824 3.0050 0.9123
v -0.2473 3.1097 1.0343
v -0.0386 3.1392 0.9957
v 0.3761 0.0246 0.9976
v 0.3623 0.1215 0.9303
v 0.8968 0.1030 1.0284
v -0.6150 0.1601 1.0055
v -0.6150 0.1601 1.0055
v -0.6168 0.1601 1.0056
v 0.8955 0.1571 0.9888
v -0.6150 0.1951 1.0040
v -0.6500 0.1946 1.0056
v -0.6500 0.1951 1.0056
v -0.6501 0.1951 1.0056
v 0.3420 0.2214 0.9974
v -0.6591 0.2301 1.0056
v -0.5582 0.0978 1.0149
v -0.6345 0.3168 0.9983
v -0.7093 0.4331 1.0080
v -0.5405 0.3049 1.0097
v -0.6669 0.5624 0.9915
v -0.6851 0.6280 0.9931
v -0.6500 0.6269 0.9867
v -0.5239 0.6250 0.9984
v -0.6068 0.4170 0.9939
v -0.5748 0.6722 0.9843
v -0.4340 1.0298 1.0143
v -0.5450 1.0001 0.9748
v 0.8847 1.0110 1.0088
v -0.4948 0.9832 0.9902
v -0.6682 1.0189 0.9721
v -0.7016 1.0710 0.9738
v 0.0948 1.1793 1.0063
v 0.8829 1.3726 0.9818
v -0.8530 1.4611 0.9630
v 0.9183 1.4640 1.0388
v 0.9459 1.6414 1.0256
v -0.9819 1.8722 0.9949
v -0.9589 2.2796 0.9558
v 0.9900 2.1667 1.0611
v -0.9790 2.2140 1.0434
v 0.9540 2.3050 1.0850
v -0.9045 2.4719 0.9327
v -0.8288 2.6466 1.0158
v 0.6463 2.8853 0.9538
v 0.5331 2.9747 1.0521
v 0.3049 3.0872 0.9319
v -0.3886 3.0586 1.0151
v 0.5404 0.0002 1.2478
v 0.3993 0.0007 0.9770
v -0.6049 0.0281 1.0356
v -0.6150 0.1251 1.0078
v -0.6563 0.1089 1.0106
v -0.6500 0.1601 1.0071
v -0.7200 0.1211 1.0244
v 0.9057 0.3579 1.0855
v -0.5013 0.1450 1.0310
v -0.4862 0.7138 1.0089
v 0.3332 0.3726 1.0210
v 0.9024 0.5377 1.0254
v -0.4401 0.6513 1.0401
v 0.3294 0.7974 1.0212
v -0.4512 0.9521 1.0138
v -0.3989 0.9588 1.0543
v -0.7922 0.7852 1.0368
v 0.9060 0.9158 1.0554
v 0.3363 0.9480 1.0029
v -0.7438 0.7458 1.0088
v -0.7949 1.0308 1.0276
v -0.3737 1.0713 1.0413
v 0.9007 1.0383 1.0445
v -0.3771 1.1242 0.9968
v -0.8013 1.1280 1.0166
v 0.1117 1.1954 1.0961
v -0.2568 1.1700 1.0402
v 0.9201 1.3790 1.0777
v 0.9344 1.5157 1.0755
v -0.9399 1.6604 1.0282
v -1.0019 1.9543 1.0367
v -1.0033 2.0097 1.0344
v -0.6162 2.9086 1.0998
v 0.1754 3.1235 0.9704
v 0.8542 0.0213 1.1198
v 0.4333 0.0000 1.1160
v -0.5689 0.0003 1.0672
v -0.7209 0.0148 1.0627
v -0.4246 0.0792 1.0968
v -0.8084 0.0889 1.0860
v -0.7987 0.1330 1.0713
v -0.4526 0.1209 1.0632
v -0.4399 0.6410 1.0409
v 0.3318 0.3426 1.0964
v -0.4198 0.3670 1.0756
v -0.7798 0.1247 1.0572
v 0.3275 0.5630 1.0351
v -0.4050 0.5757 1.0754
v 0.9111 0.6131 1.1079
v 0.9158 0.8113 1.1182
v -0.3658 0.9667 1.0908
v 0.3204 1.0325 1.0134
v 0.9172 1.0197 1.1109
v -0.8351 1.0217 1.0639
v 0.2540 1.1242 1.0487
v -0.2024 1.1836 1.0865
v -0.8674 1.2414 1.0691
v -0.8571 1.3020 1.0394
v -0.9172 1.3338 1.1560
v 0.9797 1.7825 1.1613
v -0.9924 2.1373 1.0264
v -0.8772 2.5502 0.9449
v 0.8256 2.6454 1.0745
v 0.7952 2.6889 1.1430
v -0.8028 2.6789 1.1175
v -0.4637 3.0226 1.0189
v 0.4105 3.0462 1.0671
v 0.1215 3.1311 1.1505
v 0.0389 3.1410 1.0366
v 0.4468 0.0010 1.1898
v 0.3905 0.0177 1.1339
v 0.3435 0.1024 1.0643
v 0.8885 0.1004 1.1164
v -0.8494 0.1656 1.1225
v -0.4050 0.4850 1.0821
v 0.3179 0.6851 1.0640
v -0.4025 0.1505 1.1097
v -0.8270 0.6040 1.0756
v -0.3705 0.6620 1.1105
v -0.8572 0.6430 1.1103
v -0.8616 0.7572 1.1106
v -0.8878 1.0471 1.1344
v -0.3455 1.0240 1.1058
v -0.3067 1.1213 1.0812
v 0.9265 1.4041 1.1101
v -0.9119 1.5391 1.0398
v -0.9355 1.4852 1.1836
v 0.9971 1.9084 1.1293
v -1.0032 2.0617 1.1124
v -0.9533 2.3042 1.1127
v 0.8664 2.5568 1.0996
v -0.5324 2.9679 1.1587
v -0.1537 3.1293 1.0907
v -0.8862 0.5697 1.1657
v -0.3685 0.3095 1.1462
v 0.9036 0.7807 1.2077
v -0.3332 0.8692 1.1560
v 0.3004 0.9910 1.1427
v 0.2848 1.0609 1.0942
v -0.3164 1.0235 1.1630
v -0.2963 1.0866 1.1761
v 0.2771 1.1060 1.1973
v -0.2425 1.1613 1.1810
v -0.0491 1.2093 1.1300
v -0.1116 1.2159 1.1705
v 0.9287 1.3932 1.1552
v 1.0043 1.9821 1.1667
v -0.9946 2.1320 1.1560
v -0.9453 2.3116 1.1702
v -0.8621 2.5625 1.1142
v -0.7693 2.7314 1.1244
v 0.7182 2.8083 1.0571
v 0.4922 2.9933 1.1788
v -0.4500 3.0164 1.1902
v 0.2829 3.0977 1.0699
v -0.1013 3.1322 1.1838
v 0.4967 0.0011 1.2402
v -0.4442 0.0017 1.1370
v -0.8274 0.0001 1.2543
v -0.8117 0.0003 1.1693
v 0.8092 0.0015 1.1832
v -0.4064 0.0022 1.1938
v -0.8600 0.1251 1.1456
v -0.3738 0.1159 1.1567
v 0.3856 0.2054 1.2138
v 0.3238 0.5730 1.1452
v -0.8892 0.8817 1.1521
v -0.3280 0.9483 1.1582
v 0.9082 1.0337 1.2471
v -0.3113 0.9220 1.2151
v -0.9040 1.0355 1.1791
v -0.9052 1.1919 1.1500
v -0.1636 1.2212 1.2420
v 0.9289 1.4562 1.2075
v -1.0040 1.9655 1.1569
v -0.9140 2.4022 1.1717
v -0.7544 2.7359 1.2019
v 0.6051 2.8943 1.2541
v 0.4209 3.0234 1.2495
v -0.2893 3.0890 1.1683
v 0.3119 3.0791 1.2118
v -0.4961 0.0026 1.0857
v -0.5351 0.0001 1.1097
v -0.8250 0.0001 1.2156
v -0.8362 0.0215 1.1641
v -0.8827 0.1154 1.1935
v 0.8599 0.1128 1.1864
v 0.3768 0.3882 1.2347
v 0.8849 0.3799 1.1838
v -0.3455 0.3073 1.1997
v 0.8777 0.6043 1.2404
v -0.9033 0.4713 1.2333
v -0.3314 0.6667 1.1883
v -0.3230 0.6939 1.2155
v -0.9035 0.6637 1.2087
v -0.2620 1.1454 1.2771
v 0.2164 1.1728 1.1775
v 0.1704 1.1919 1.1599
v 0.1008 1.2222 1.1902
v 0.9237 1.3124 1.2065
v -0.9539 1.6297 1.1842
v -0.9872 2.1009 1.2437
v -0.9495 2.2496 1.2505
v 0.8998 2.4279 1.2007
v 0.8360 2.6037 1.1692
v 0.7238 2.7796 1.2083
v -0.6760 2.8312 1.2124
v 0.6191 2.9038 1.1339
v -0.6601 2.8627 1.1453
v 0.4949 2.9813 1.2345
v -0.3191 3.0795 1.1763
v 0.2608 3.0762 1.3145
v -0.8605 0.0173 1.2676
v 0.7689 0.0217 1.2413
v -0.3533 0.0665 1.2615
v -0.3460 0.1291 1.2331
v -0.8911 0.1350 1.2158
v -0.8974 0.1165 1.2578
v 0.8352 0.4083 1.2685
v 0.3642 0.1175 1.1551
v 0.3696 0.4481 1.2370
v -0.9117 0.6788 1.2673
v -0.3274 0.4386 1.2654
v 0.3166 0.8332 1.2048
v 0.9078 1.3835 1.2705
v 0.9211 1.4231 1.2341
v 0.9427 1.5411 1.1764
v 0.9751 1.8858 1.2659
v -0.9834 2.0215 1.2865
v 0.9825 1.9884 1.2898
v 0.9876 2.1515 1.1925
v 0.9236 2.3297 1.2504
v -0.9352 2.3007 1.2471
v 0.8395 2.5328 1.3059
v -0.7669 2.6760 1.3171
v -0.7103 2.7828 1.2492
v -0.6520 2.8405 1.2857
v -0.6221 2.8748 1.2767
v -0.3605 3.0499 1.2560
v -0.2405 3.0834 1.3054
v 0.7082 0.0026 1.2631
v 0.6052 0.0185 1.2895
v 0.7887 0.0917 1.2622
v 0.7875 0.2267 1.2867
v -0.3412 0.1295 1.2693
v 0.4335 0.0668 1.2393
v 0.4263 0.4149 1.2975
v -0.3289 0.4106 1.3035
v 0.8291 0.4803 1.2882
v 0.3473 0.5589 1.2208
v 0.8395 0.7784 1.3257
v -0.9158 0.8788 1.2526
v 0.3489 0.8130 1.2793
v 0.3193 0.9816 1.2510
v -0.3020 1.0075 1.3110
v 0.8921 1.3884 1.3070
v 0.2267 1.2386 1.3146
v -0.2193 1.2143 1.3123
v 0.0982 1.2602 1.2949
v -0.9296 1.3922 1.2281
v 0.9030 1.4484 1.2922
v 0.9630 1.7640 1.2502
v -0.9713 1.7714 1.2306
v -0.9895 1.9848 1.2547
v 0.9571 1.9885 1.3545
v -0.9395 2.1884 1.3448
v 0.9429 2.2925 1.2266
v 0.8966 2.3912 1.2769
v -0.8476 2.5200 1.2935
v -0.8078 2.6334 1.2491
v 0.7547 2.6993 1.3122
v 0.6449 2.8592 1.2378
v 0.5303 2.9391 1.3141
v -0.4648 2.9853 1.3157
v -0.0239 3.1365 1.1746
v -0.1396 3.1189 1.2270
v -0.5975 0.0001 1.3206
v -0.8722 0.0345 1.3258
v 0.6814 0.1025 1.3142
v 0.7501 0.1785 1.2991
v 0.5032 0.0838 1.2916
v -0.3390 0.2651 1.3330
v 0.4845 0.3600 1.3278
v 0.7765 0.3808 1.3152
v -0.9043 0.3622 1.3003
v 0.4349 0.5029 1.3193
v 0.3866 0.5742 1.2853
v -0.9090 0.6937 1.3206
v -0.3093 0.9436 1.3304
v 0.8369 0.7535 1.3204
v 0.8534 0.9162 1.3277
v 0.3376 1.0815 1.3181
v -0.2947 1.0684 1.3120
v 0.2848 1.1630 1.2873
v -0.9137 1.2406 1.3346
v -0.9272 1.2831 1.2482
v -0.9282 1.4595 1.2773
v -0.9353 1.6026 1.2940
v 0.9047 1.5797 1.3280
v 0.9489 2.1654 1.3325
v 0.8727 2.4052 1.3457
v -0.8268 2.5579 1.3102
v -0.7213 2.7261 1.3607
v 0.5900 2.8787 1.3539
v -0.7888 0.0001 1.4264
v -0.8217 0.0011 1.3829
v -0.3699 0.0274 1.3108
v -0.3584 0.1104 1.3867
v -0.8984 0.1320 1.3151
v 0.6627 0.3478 1.3552
v 0.5590 0.0822 1.3102
v -0.8837 0.1874 1.3853
v 0.4759 0.5677 1.3588
v 0.7163 0.4916 1.3636
v 0.7913 0.5670 1.3364
v -0.8964 0.4361 1.3567
v 0.4377 0.7047 1.3566
v -0.3259 0.6943 1.3556
v 0.3924 0.7442 1.3258
v -0.9146 0.9597 1.3287
v 0.8482 1.0310 1.3560
v -0.9202 1.1456 1.3126
v 0.8508 1.2308 1.3598
v -0.0600 1.2688 1.3143
v -0.1598 1.2902 1.3943
v 0.8494 1.5178 1.3974
v 0.9060 2.1711 1.4266
v -0.8876 2.3222 1.3771
v 0.8118 2.5998 1.3020
v -0.8147 2.5521 1.3638
v 0.6091 2.8631 1.3428
v -0.4532 2.9486 1.4560
v -0.4002 2.9944 1.4140
v -0.3105 3.0445 1.3796
v 0.3003 3.0547 1.3487
v 0.1670 3.1140 1.2259
v -0.0774 3.1004 1.4149
v -0.7169 0.0008 1.4897
v -0.3822 0.1052 1.4288
v 0.6247 0.0854 1.3173
v -0.8889 0.6234 1.3906
v -0.3516 0.2383 1.3775
v 0.7649 0.6318 1.3623
v 0.5093 0.8235 1.4154
v 0.4890 0.6873 1.3845
v 0.4686 0.7865 1.3903
v 0.4350 0.7225 1.3576
v -0.3398 0.4649 1.3704
v 0.7508 0.8714 1.4076
v 0.4343 0.8323 1.3784
v -0.8976 1.0526 1.3909
v 0.3776 1.1191 1.3754
v 0.3606 1.1856 1.3835
v 0.8198 1.2021 1.3907
v 0.8251 1.3421 1.3959
v 0.2140 1.2951 1.3925
v 0.1638 1.3118 1.4105
v -0.2349 1.2602 1.3991
v -0.8908 1.3787 1.3865
v 0.8287 1.4298 1.3996
v -0.8767 1.4622 1.4092
v -0.9277 1.7172 1.3508
v -0.9281 1.8564 1.3848
v -0.9383 2.1293 1.3759
v 0.9053 2.2923 1.3575
v -0.8503 2.3960 1.4129
v -0.7550 2.6531 1.3906
v 0.6817 2.7940 1.3298
v 0.4225 2.9706 1.4529
v 0.1415 3.0950 1.3708
v -0.8349 0.0163 1.3947
v -0.4071 0.0006 1.3817
v 0.7048 0.6415 1.3904
v 0.5565 0.5619 1.3864
v -0.3510 0.7725 1.4256
v -0.8721 0.6284 1.4256
v 0.6797 0.8158 1.4240
v -0.3279 1.0076 1.3998
v -0.3454 0.9014 1.4256
v -0.8843 1.0669 1.4199
v 0.4371 1.0260 1.4122
v 0.7818 1.0315 1.4126
v -0.3162 1.1388 1.3992
v -0.3045 1.2133 1.4220
v -0.1076 1.3202 1.4349
v -0.9042 1.6251 1.3850
v 0.9200 1.6624 1.3279
v 0.9232 1.9320 1.4088
v 0.9423 2.1178 1.3769
v 0.8096 2.4805 1.4474
v 0.7705 2.6229 1.3971
v -0.6916 2.7417 1.4072
v -0.6168 2.8300 1.4083
v 0.6155 2.8334 1.4011
v -0.0675 3.0963 1.4497
v 0.0584 3.1102 1.3399
v -0.4424 0.0021 1.4391
v -0.8532 0.1000 1.4381
v -0.8461 0.5077 1.4606
v -0.8558 0.9295 1.4605
v -0.3710 0.7842 1.4574
v -0.8600 0.5270 1.4414
v 0.5987 0.7910 1.4278
v 0.6694 1.0178 1.4601
v 0.6561 0.8737 1.4378
v -0.8600 0.8434 1.4517
v 0.5325 1.0165 1.4550
v -0.8498 1.0624 1.4721
v -0.8601 1.0614 1.4585
v -0.3595 1.1548 1.4631
v 0.7168 1.0308 1.4471
v 0.7028 1.2606 1.4604
v 0.3726 1.2444 1.4201
v 0.3104 1.3040 1.4323
v -0.2325 1.3500 1.5005
v 0.7247 1.3321 1.4587
v 0.7856 1.4087 1.4315
v 0.8063 1.6597 1.4759
v -0.8791 1.7771 1.4482
v 0.8495 1.6425 1.4256
v 0.8860 1.7986 1.4281
v -0.9421 2.0049 1.3882
v 0.8483 2.2216 1.5095
v 0.7047 2.7023 1.4455
v -0.7177 2.6737 1.4573
v -0.5668 2.8556 1.4675
v -0.3533 3.0106 1.4524
v 0.2380 3.0600 1.4526
v -0.2526 3.0534 1.4696
v -0.5295 0.0012 1.4982
v -0.4605 0.1031 1.5131
v -0.8326 0.1364 1.4679
v -0.4039 0.7257 1.4924
v -0.8152 0.5574 1.4956
v -0.4138 0.1598 1.4789
v -0.8250 0.5904 1.4869
v -0.4083 1.0736 1.5124
v -0.8250 0.7904 1.4921
v -0.8250 0.8777 1.4943
v -0.8250 0.9273 1.4956
v -0.3700 0.8630 1.4609
v 0.5840 1.1804 1.4713
v -0.8070 1.0615 1.5164
v 0.4780 1.1605 1.4459
v 0.5035 1.2671 1.4743
v -0.3478 1.2863 1.4993
v 0.3061 1.3879 1.5155
v 0.0003 1.3576 1.5092
v -0.0655 1.3356 1.4703
v 0.2336 1.4242 1.5709
v -0.8367 1.4019 1.4596
v 0.7990 1.7771 1.5230
v 0.8642 1.9625 1.5042
v -0.8977 2.0211 1.4654
v 0.8777 2.0219 1.4936
v -0.8720 2.2436 1.4595
v 0.7999 2.4524 1.4921
v -0.7927 2.5418 1.4376
v -0.7668 2.5731 1.4685
v -0.7162 2.6437 1.4942
v -0.6175 2.7380 1.5645
v 0.5924 2.7780 1.5551
v 0.5100 2.8860 1.5161
v -0.4722 2.9226 1.4961
v 0.3356 3.0085 1.5168
v 0.3612 3.0159 1.4085
v -0.2300 3.0569 1.4956
v -0.3013 3.0216 1.5632
v -0.1950 3.0680 1.4956
v -0.6706 0.0268 1.5310
v -0.7849 0.0296 1.4744
v -0.5573 0.0963 1.5567
v -0.7684 0.5389 1.5306
v -0.4746 0.3507 1.5314
v -0.7698 0.1190 1.5212
v -0.4599 0.5949 1.5306
v -0.7900 0.6306 1.5182
v -0.4392 0.8769 1.5278
v -0.7966 0.9553 1.5212
v -0.8250 0.9282 1.4956
v -0.8250 0.9824 1.4969
v -0.4400 0.9517 1.5310
v -0.8250 1.0351 1.4982
v -0.4406 1.1399 1.5297
v -0.3932 1.2105 1.5007
v -0.8028 1.2260 1.5049
v -0.4633 1.3153 1.5540
v 0.6046 1.3219 1.4879
v 0.4491 1.3379 1.4895
v -0.3368 1.3303 1.5174
v 0.5560 1.4677 1.5415
v 0.3843 1.3557 1.4911
v -0.7661 1.4273 1.5163
v -0.7919 1.4025 1.4982
v -0.7707 1.5088 1.5168
v 0.6813 1.4365 1.4941
v -0.8178 1.5475 1.4816
v 0.6717 1.5592 1.5373
v 0.7533 1.5839 1.4966
v -0.8120 1.7267 1.5165
v 0.8314 2.1052 1.5542
v -0.8699 2.1040 1.5011
v -0.8242 2.3301 1.5090
v -0.7950 2.4690 1.4913
v 0.7605 2.5604 1.4958
v 0.7208 2.6070 1.5270
v -0.4135 2.9507 1.5697
v -0.1950 3.0651 1.5296
v -0.1947 3.0651 1.5306
v -0.1950 3.0650 1.5306
v -0.6032 0.0768 1.5559
v -0.7153 0.1916 1.5513
v -0.6849 0.3590 1.5620
v -0.5129 0.1809 1.5468
v -0.5586 0.5634 1.5694
v -0.7324 0.8236 1.5562
v -0.5029 0.5970 1.5539
v -0.7297 1.0060 1.5608
v -0.7550 0.8128 1.5443
v -0.7384 1.0630 1.5585
v -0.6978 1.0650 1.5732
v -0.4910 1.2045 1.5528
v -0.6905 1.2622 1.5579
v -0.7654 1.3543 1.5183
v -0.5786 1.2846 1.5680
v -0.6500 1.2453 1.5669
v -0.6768 1.4381 1.5579
v 0.0163 1.4122 1.6060
v -0.7204 1.3513 1.5404
v -0.7056 1.5818 1.5653
v -0.7811 1.6545 1.5297
v 0.6862 1.6853 1.5787
v 0.8498 2.2650 1.4928
v -0.7439 2.5257 1.5520
v -0.5614 2.8205 1.5463
v 0.4861 2.9087 1.5082
v -0.1888 3.0651 1.5656
v -0.0672 3.0958 1.4809
v -0.5976 0.3924 1.5705
v -0.6541 0.1038 1.5627
v -0.6500 0.4424 1.5699
v -0.6268 0.5848 1.5752
v -0.6854 0.6243 1.5673
v -0.6500 0.6307 1.5739
v -0.6294 1.0443 1.5852
v -0.5000 1.0460 1.5667
v -0.5392 1.0692 1.5791
v -0.6241 1.0541 1.5879
v -0.6150 1.3151 1.5669
v -0.5157 1.3813 1.5740
v -0.5873 1.4453 1.5805
v 0.1028 1.3980 1.5676
v -0.3219 1.3974 1.5579
v -0.4532 1.4444 1.5899
v 0.4185 1.4689 1.5703
v -0.7662 1.8139 1.5781
v -0.8381 2.1692 1.5369
v 0.7453 2.3456 1.6362
v 0.7500 2.4201 1.6006
v 0.6664 2.5595 1.6583
v -0.6607 2.6864 1.5488
v 0.5296 2.8073 1.6492
v 0.4557 2.8856 1.6656
v -0.4031 2.9288 1.6988
v -0.3021 3.0121 1.6993
v 0.1278 3.0832 1.5220
v -0.3907 1.4989 1.6299
v 0.4777 1.5642 1.6220
v 0.5898 1.6455 1.6186
v 0.7486 1.9784 1.6386
v -0.7344 1.8772 1.6228
v -0.8156 2.0272 1.5735
v -0.7406 2.1177 1.6647
v 0.7459 2.2080 1.6575
v 0.6960 2.3022 1.7138
v 0.7389 2.4748 1.5944
v -0.6692 2.5526 1.6591
v -0.6660 2.6412 1.5910
v 0.5927 2.6939 1.6735
v -0.5424 2.8071 1.6207
v 0.4806 2.8696 1.6370
v 0.2371 3.0478 1.6133
v 0.1609 3.0737 1.5747
v -0.0206 3.0968 1.5883
v 0.1227 1.5009 1.7111
v -0.0865 1.4615 1.6680
v -0.3401 1.5271 1.6669
v 0.5503 1.6186 1.6252
v -0.5196 1.5451 1.6242
v -0.5560 1.6402 1.6549
v -0.6611 1.6165 1.5950
v 0.5792 1.6985 1.6561
v -0.6297 1.7245 1.6514
v 0.6762 1.8119 1.6423
v -0.7055 1.7862 1.6189
v 0.6844 1.9572 1.6921
v -0.7029 1.9896 1.6836
v -0.7878 2.2276 1.5989
v -0.7177 2.3649 1.6696
v -0.7282 2.4602 1.6209
v -0.6564 2.4458 1.7306
v -0.5581 2.7423 1.6909
v 0.5483 2.6878 1.7803
v 0.4878 2.7939 1.7814
v -0.2146 3.0588 1.6717
v 0.1155 3.0930 1.6704
v -0.1218 3.1082 1.7393
v 0.2795 1.4912 1.6411
v 0.3994 1.6242 1.7167
v 0.5477 1.7482 1.7088
v 0.6086 2.0182 1.7838
v -0.7376 2.2931 1.6605
v 0.6607 2.4662 1.7160
v 0.5850 2.5445 1.8020
v -0.6310 2.5900 1.6964
v 0.6267 2.6713 1.6361
v -0.4715 2.8722 1.6623
v 0.4313 2.9073 1.6735
v 0.2958 3.0151 1.6276
v 0.1954 3.0747 1.7202
v -0.2270 1.4359 1.5997
v -0.2826 1.5452 1.7037
v 0.2739 1.6385 1.8019
v -0.4297 1.6377 1.7158
v -0.4837 1.6436 1.6924
v 0.5126 1.7339 1.7244
v -0.5585 1.7493 1.7084
v -0.6315 1.9758 1.7488
v 0.6053 2.1189 1.8121
v 0.6359 2.1695 1.7861
v 0.6720 2.3075 1.7437
v 0.4895 2.7511 1.8403
v -0.4999 2.7728 1.7911
v 0.4658 2.8410 1.7548
v -0.0252 3.1206 1.7241
v 0.0228 1.5507 1.7795
v -0.3851 1.6740 1.7706
v 0.3656 1.6988 1.8022
v -0.6168 1.8882 1.7291
v -0.6661 2.3096 1.7511
v 0.6170 2.3834 1.7988
v -0.5504 2.4689 1.8767
v -0.6004 2.5698 1.7612
v -0.5608 2.5932 1.8230
v 0.3334 2.9929 1.8365
v -0.1615 1.5759 1.7818
v -0.2589 1.6436 1.8111
v -0.3101 1.6681 1.8065
v -0.4400 1.7351 1.7795
v 0.4606 1.8107 1.8174
v -0.5319 1.8308 1.7724
v -0.6343 2.0579 1.7713
v -0.6064 2.3686 1.8140
v -0.4382 2.8738 1.7731
v 0.2855 3.0301 1.7851
v 0.1823 3.1115 1.8104
v -0.2105 3.0753 1.7478
v -0.1674 3.1104 1.7930
v 0.0875 3.1188 1.7428
v 0.1773 1.6207 1.8206
v -0.3497 1.7008 1.8114
v -0.4494 1.8225 1.8313
v 0.5024 1.8990 1.8318
v -0.4629 1.9106 1.8667
v 0.5750 2.0151 1.8140
v 0.5333 1.9796 1.8408
v 0.5221 2.5571 1.9022
v -0.4984 2.6962 1.8753
v -0.4908 2.7747 1.8097
v 0.3925 2.9271 1.7732
v -0.3829 2.9347 1.8358
v -0.3239 3.0089 1.8305
v -0.0779 3.1817 1.8635
v 0.0851 1.6582 1.8692
v -0.0123 1.6019 1.8302
v -0.1271 1.6807 1.8834
v 0.3441 1.7425 1.8457
v -0.3585 1.7590 1.8492
v 0.3996 1.8102 1.8573
v 0.3501 1.8517 1.9088
v -0.5152 1.9781 1.8555
v -0.6090 2.1622 1.8127
v 0.5555 2.1475 1.8595
v -0.5190 2.3213 1.9149
v 0.4963 2.6665 1.9007
v -0.4573 2.7998 1.8656
v 0.4356 2.8393 1.8764
v -0.3068 3.0426 1.8856
v 0.2216 3.0752 1.7755
v 0.1798 3.1533 1.8868
v 0.2488 1.7578 1.8982
v 0.1969 1.6908 1.8717
v -0.2702 1.8251 1.9320
v 0.4350 1.9101 1.8838
v -0.4172 1.8980 1.8922
v 0.4336 1.9478 1.9024
v 0.4712 2.0793 1.9148
v -0.4956 2.0454 1.8885
v 0.5586 2.2644 1.8695
v -0.5431 2.4874 1.8814
v -0.3927 2.9124 1.9533
v 0.3746 2.9506 1.9700
v 0.2638 3.1349 1.9647
v 0.0409 1.7870 1.9607
v -0.0641 1.7217 1.9188
v -0.1753 1.7463 1.9172
v -0.3097 1.8305 1.9174
v -0.3707 1.9582 1.9394
v -0.3902 2.1079 1.9733
v 0.4175 2.1286 1.9616
v -0.3887 2.0445 1.9577
v -0.4767 2.1448 1.9237
v -0.5181 2.4762 1.9194
v 0.4302 2.5730 2.0385
v -0.4236 2.8554 1.9035
v 0.4426 2.7634 1.9585
v -0.2687 3.1101 1.9358
v 0.3078 3.0742 1.9604
v -0.2253 3.1506 1.9309
v 0.2721 1.9022 1.9649
v -0.1183 1.8369 1.9752
v 0.2388 1.9722 2.0007
v -0.4705 2.2174 1.9439
v 0.4944 2.4270 1.9509
v 0.4527 2.6776 1.9871
v -0.4286 2.7489 2.0019
v 0.3958 2.8785 2.0443
v -0.1927 3.1422 1.8853
v 0.1558 3.2385 1.9799
v -0.1122 3.2364 1.9496
v 0.1531 1.8323 1.9696
v -0.2254 1.9924 2.0130
v -0.2409 1.8905 1.9710
v 0.3441 2.1046 1.9998
v -0.3459 2.1772 2.0225
v 0.4111 2.2348 1.9956
v -0.4257 2.2844 1.9970
v 0.4914 2.3469 1.9460
v 0.3728 2.5101 2.1016
v -0.4393 2.5539 2.0276
v 0.4208 2.6923 2.0474
v 0.4061 2.7837 2.0747
v -0.2506 3.1883 2.0158
v 0.0954 3.1767 1.8665
v 0.0071 3.4430 2.1735
v -0.0467 3.3867 2.1107
v -0.0035 2.1081 2.0943
v -0.0508 1.8288 1.9812
v -0.1327 2.0137 2.0425
v 0.1307 2.0616 2.0649
v -0.1402 2.1193 2.0852
v 0.2453 2.2113 2.0895
v -0.3389 2.2546 2.0550
v 0.3715 2.3039 2.0482
v -0.4335 2.3653 2.0096
v -0.4534 2.4028 1.9966
v -0.4241 2.8072 1.9759
v 0.3818 2.9383 2.0797
v 0.3789 2.9711 2.1361
v -0.3804 2.9529 2.0832
v 0.3629 3.0297 2.0907
v 0.2200 3.2447 2.0457
v 0.1439 2.1424 2.0932
v -0.2274 2.1447 2.0686
v 0.2918 2.1129 2.0294
v 0.3513 2.4025 2.0962
v -0.4009 2.6295 2.0800
v -0.4423 2.6754 1.9996
v 0.3832 2.7993 2.1387
v -0.3507 3.0504 2.0691
v 0.2928 3.2295 2.1480
v -0.3275 3.0501 1.9740
v -0.2377 3.2896 2.1312
v -0.1489 3.3601 2.1246
v 0.0351 3.1908 1.8653
v -0.3186 2.3437 2.1014
v -0.3610 2.4499 2.1017
v -0.3398 2.5587 2.1501
v 0.3815 2.8392 2.1485
v -0.3976 2.8787 2.0195
v -0.3510 3.0944 2.1331
v 0.3581 3.1018 2.2180
v -0.3178 3.1725 2.1356
v -0.2016 3.2624 2.0506
v 0.1856 3.3155 2.0973
v 0.0633 2.2783 2.1754
v -0.1748 2.3305 2.1733
v -0.2038 2.3242 2.1587
v 0.2196 2.3848 2.1791
v 0.3023 2.4552 2.1492
v 0.3718 2.6446 2.1301
v -0.3960 2.7802 2.0954
v 0.3633 2.9843 2.2869
v 0.2624 3.2816 2.1613
v -0.1905 3.3749 2.1804
v -0.0371 2.2865 2.1822
v -0.1105 2.3369 2.1963
v 0.1489 2.4501 2.2358
v -0.2543 2.3644 2.1512
v 0.2196 2.4703 2.2112
v 0.3100 2.5352 2.1716
v -0.3492 2.7053 2.1927
v 0.3633 2.8936 2.2464
v -0.3697 3.0173 2.1774
v -0.0563 3.4594 2.1986
v -0.1207 3.3899 2.1412
v 0.0512 2.4362 2.2535
v -0.0702 2.4088 2.2357
v -0.2808 2.6045 2.2310
v 0.2941 2.6658 2.2502
v -0.3769 2.8521 2.1766
v -0.3135 3.2837 2.2956
v 0.2594 3.3502 2.2440
v 0.0295 3.4779 2.2088
v -0.1950 2.5278 2.2541
v -0.2273 2.5552 2.2470
v 0.2189 2.6345 2.3086
v 0.2435 2.5774 2.2496
v 0.3462 2.9265 2.3238
v -0.1684 3.4254 2.2178
v 0.1228 3.4322 2.1975
v 0.0229 2.4736 2.2753
v -0.0739 2.5577 2.3235
v -0.1544 2.4760 2.2486
v -0.2745 2.6725 2.2783
v -0.2649 2.7850 2.3769
v -0.3703 2.9621 2.2399
v -0.3476 3.0038 2.3617
v -0.3559 3.1284 2.2713
v 0.3020 3.2755 2.2404
v -0.3020 3.3119 2.2992
v -0.2744 3.3458 2.2717
v -0.2252 3.4205 2.2700
v 0.1953 3.4010 2.2174
v 0.0549 2.5848 2.3480
v 0.1070 2.5378 2.3012
v -0.1624 2.5252 2.2692
v -0.1949 2.6185 2.3153
v 0.2600 2.6802 2.3007
v 0.3500 3.0671 2.3658
v 0.3441 3.0658 2.4066
v 0.3367 3.2185 2.2966
v -0.0951 3.5681 2.3117
v 0.1360 3.5284 2.2910
v 0.2094 2.6731 2.3444
v -0.1691 2.6280 2.3383
v 0.2153 2.7424 2.3953
v 0.3338 2.7232 2.2271
v 0.2907 2.9637 2.4680
v -0.3327 2.8275 2.2950
v 0.3250 3.2939 2.3532
v -0.3318 3.2583 2.3561
v 0.2906 3.4525 2.3988
v -0.1970 3.5252 2.3338
v 0.2123 3.5638 2.3908
v 0.1213 3.6145 2.3779
v -0.2085 2.7044 2.3727
v -0.2581 2.8513 2.4338
v 0.3444 3.1658 2.4281
v -0.2781 3.4702 2.3912
v 0.0213 3.6051 2.3305
v 0.1487 2.6736 2.3865
v -0.1580 2.8042 2.4879
v 0.2488 2.8403 2.4362
v -0.3280 3.0016 2.4168
v -0.3391 3.1612 2.4577
v -0.1891 3.6044 2.4199
v -0.0731 3.6378 2.3829
v 0.0878 3.6409 2.3885
v 0.0896 2.8498 2.5552
v -0.1383 2.7454 2.4492
v -0.2852 2.9470 2.4663
v 0.3136 3.0999 2.5127
v 0.3408 3.3031 2.4436
v 0.3350 3.4191 2.5136
v -0.3186 3.4320 2.4504
v -0.2773 3.5166 2.4383
v 0.2890 3.5329 2.4979
v 0.2398 3.5603 2.4286
v -0.2386 3.6335 2.5460
v 0.1575 3.6964 2.5218
v 0.0871 3.7234 2.5045
v 0.0063 2.9612 2.6593
v -0.0489 2.8728 2.5836
v -0.2290 2.9147 2.5168
v 0.1997 2.8881 2.5229
v -0.3425 3.2378 2.4450
v -0.3335 3.3548 2.4358
v 0.3172 3.4965 2.5469
v -0.1321 3.6221 2.3914
v 0.2078 2.9895 2.5944
v -0.3367 3.2635 2.6006
v 0.3468 3.3499 2.5944
v -0.3283 3.4680 2.5474
v -0.1472 2.8968 2.5698
v 0.2800 3.0660 2.5605
v 0.3147 3.1701 2.5806
v -0.3155 3.1209 2.5271
v 0.3361 3.1939 2.5123
v 0.3272 3.3066 2.6756
v -0.1870 3.6889 2.5445
v 0.1710 3.7287 2.5739
v -0.0904 3.7765 2.5672
v 0.0086 3.7464 2.5139
v 0.1516 2.9276 2.5882
v -0.1467 2.9650 2.6206
v 0.0982 2.9642 2.6456
v -0.2448 3.0403 2.5961
v 0.2860 3.1678 2.6611
v -0.2921 3.2179 2.7008
v 0.2751 3.2172 2.7342
v -0.2527 3.6531 2.6158
v 0.2163 3.6766 2.5725
v -0.1484 3.7465 2.5699
v 0.0970 3.7585 2.5501
v -0.1050 3.0004 2.6794
v 0.1427 2.9933 2.6482
v -0.2229 3.0615 2.6470
v 0.2092 3.0445 2.6438
v 0.2451 3.1182 2.6786
v 0.3313 3.3603 2.6656
v 0.2926 3.5795 2.6831
v -0.2106 3.7846 2.6892
v -0.0490 3.7487 2.5226
v -0.0200 3.8821 2.6555
v 0.3313 3.4095 2.6738
v -0.3415 3.3980 2.6113
v -0.2887 3.5812 2.6287
v 0.0542 3.9719 2.7525
v -0.1619 3.0775 2.7243
v -0.2247 3.1105 2.6997
v 0.1944 3.1370 2.7630
v -0.2486 3.1789 2.7342
v 0.3091 3.5096 2.6907
v 0.2846 3.6289 2.7774
v 0.2223 3.7705 2.6933
v -0.2310 3.8425 2.8020
v 0.1357 3.8909 2.7158
v -0.1061 3.9296 2.7343
v -0.0201 3.0785 2.7827
v -0.0690 3.0943 2.7903
v 0.1947 3.1928 2.8067
v -0.2201 3.1750 2.7668
v -0.3264 3.3408 2.6856
v -0.2864 3.6068 2.7289
v -0.2632 3.6910 2.7085
v -0.0153 3.9828 2.7544
v 0.1394 3.9839 2.8057
v 0.0653 3.1205 2.8211
v -0.2673 3.2977 2.7835
v 0.2671 3.6602 2.6809
v 0.1692 3.8841 2.7404
v -0.1394 3.9507 2.7811
v -0.1580 3.1400 2.7932
v -0.2033 3.2524 2.8322
v 0.2683 3.3085 2.7873
v 0.1855 3.4199 2.9179
v 0.2696 3.4777 2.8258
v 0.2888 3.5375 2.7816
v -0.2819 3.4952 2.8021
v -0.2917 3.5696 2.7453
v 0.2582 3.8220 2.9170
v -0.0786 4.0379 2.8112
v -0.0095 3.1399 2.8396
v 0.1134 3.1319 2.8111
v -0.1067 3.1654 2.8389
v 0.1104 3.2390 2.8785
v 0.1333 3.3899 2.9402
v -0.2438 3.4353 2.8583
v -0.2689 3.7572 2.8759
v -0.1974 3.9248 2.8200
v -0.1531 4.0658 2.8764
v -0.1512 3.2374 2.8611
v 0.2651 3.5699 2.8756
v 0.2345 3.8862 2.8651
v 0.2084 3.9123 2.8333
v 0.2119 4.0215 2.9132
v -0.0221 3.2163 2.8869
v -0.0727 3.3599 2.9486
v -0.2041 3.4392 2.9093
v 0.2165 3.4319 2.8919
v -0.2550 3.5735 2.9107
v 0.0952 4.0973 2.8639
v 0.1069 4.1780 2.9604
v 0.0055 4.1205 2.8579
v 0.0637 3.3726 2.9581
v -0.1585 3.4134 2.9373
v 0.2247 3.5558 2.9548
v -0.2212 3.5942 2.9816
v 0.2640 3.9610 3.0159
v -0.2405 3.8952 2.8880
v -0.1711 4.1188 2.9509
v 0.0514 4.2011 2.9575
v -0.1811 3.6514 3.0677
v 0.2348 3.6617 2.9923
v 0.2578 3.7228 2.9585
v 0.2596 3.7955 2.9644
v -0.2153 4.0772 2.9690
v 0.1797 4.0974 2.9325
v -0.1368 4.1478 2.9437
v -0.0232 4.2616 3.0316
v 0.1290 3.5573 3.0523
v -0.1306 3.5231 3.0290
v -0.2060 3.7196 3.0820
v 0.2234 3.7271 3.0520
v -0.2461 3.7309 3.0018
v -0.2594 3.8487 3.0594
v -0.2605 3.8348 2.9468
v -0.2565 3.9958 2.9957
v -0.0783 4.1554 2.9126
v 0.0687 4.2595 3.0456
v -0.1123 3.6277 3.1093
v 0.2496 3.8703 3.1320
v -0.2635 3.9478 3.1053
v 0.2574 4.0246 3.0896
v 0.0375 3.6366 3.1395
v -0.0375 3.6421 3.1449
v 0.1737 3.6577 3.0801
v 0.2610 3.9401 3.1057
v 0.2481 4.0122 3.1638
v 0.2451 4.0446 3.0117
v -0.2406 4.0744 3.0751
v 0.1259 4.2565 3.0863
v -0.1049 4.2689 3.0805
v -0.0128 3.3728 2.9657
v 0.0870 3.6609 3.1437
v 0.1750 3.7324 3.1392
v -0.1597 4.2213 3.0875
v 0.1272 4.3594 3.1929
v 0.0607 4.3882 3.1649
v -0.1243 3.6647 3.1276
v 0.1765 3.8290 3.2264
v -0.2229 3.9327 3.2130
v 0.2140 4.0737 3.2363
v -0.2444 4.0434 3.1532
v -0.2053 4.1771 3.1661
v 0.2089 4.1679 3.2034
v 0.1808 4.2014 3.1019
v 0.1705 4.3153 3.2177
v -0.1500 4.3540 3.2186
v -0.0723 4.3900 3.1731
v 0.1392 3.7822 3.2217
v -0.1623 3.8011 3.2189
v -0.2200 3.8632 3.1918
v 0.2170 3.8995 3.2134
v -0.1676 4.3108 3.2116
v -0.0142 4.4019 3.1657
v 0.0792 4.5295 3.2561
v 0.2001 3.9687 3.2540
v -0.2042 4.2004 3.2147
v 0.1892 4.3150 3.3013
v 0.1466 4.4799 3.2818
v 0.0805 3.8052 3.2756
v -0.1018 3.7784 3.2467
v -0.1519 3.8864 3.2767
v 0.1579 4.0318 3.3175
v -0.1976 4.0691 3.2712
v -0.1929 4.2267 3.3127
v -0.1879 4.3077 3.2853
v -0.1204 4.4822 3.2550
v 0.0060 3.8201 3.3010
v -0.1762 4.1534 3.3418
v 0.1683 4.2013 3.3756
v 0.1937 4.2038 3.3080
v 0.1824 4.3851 3.2983
v -0.1819 4.4630 3.3283
v -0.1089 4.5575 3.3062
v -0.0389 4.5518 3.2600
v 0.1024 4.5828 3.3328
v -0.0856 3.8584 3.3021
v 0.1129 3.9166 3.3120
v -0.2042 4.4090 3.3696
v 0.0397 4.5686 3.2726
v -0.0231 4.6188 3.3318
v -0.0402 4.0177 3.3769
v 0.0332 4.0261 3.3812
v -0.1219 4.0405 3.3515
v 0.0982 4.0317 3.3614
v -0.1242 4.1456 3.4035
v 0.1345 4.1508 3.3970
v -0.1922 4.2956 3.3759
v 0.1807 4.2621 3.4074
v 0.1436 4.5754 3.3792
v -0.1120 4.1706 3.4307
v 0.0529 4.1405 3.4463
v 0.0980 4.1879 3.4692
v 0.2100 4.3650 3.4597
v 0.2040 4.4623 3.3948
v 0.0929 4.6620 3.4761
v -0.0561 4.6680 3.4430
v 0.0368 4.6659 3.4228
v -0.0609 4.1636 3.4626
v -0.1846 4.5071 3.3763
v -0.1492 4.6181 3.4685
v -0.1268 4.2311 3.5008
v 0.1975 4.3342 3.5386
v -0.1646 4.2539 3.4307
v 0.2226 4.4458 3.6154
v 0.1585 4.6175 3.5315
v -0.1088 4.6542 3.4952
v 0.0910 4.2171 3.5330
v -0.0018 4.1797 3.5036
v 0.1353 4.2572 3.5765
v 0.2215 4.4719 3.6043
v 0.1855 4.5738 3.4950
v -0.1971 4.5530 3.5093
v 0.0848 4.6726 3.5603
v -0.1037 4.6629 3.6193
v -0.2053 4.3360 3.4281
v -0.0372 4.6881 3.5605
v -0.0625 4.2112 3.5607
v 0.1564 4.2891 3.6336
v 0.0287 4.6899 3.6045
v -0.2025 4.3590 3.6129
v -0.1982 4.5234 3.6727
v -0.1790 4.5843 3.6456
v 0.1315 4.6403 3.6331
v -0.0434 4.6587 3.7212
v 0.1514 4.3644 3.9115
v -0.2225 4.4828 3.5924
v 0.1897 4.5604 3.6564
v -0.1120 4.6253 3.7173
v 0.0334 4.2161 3.6169
v -0.1335 4.2983 3.8268
v 0.0487 4.6603 3.7137
v 0.1496 4.4580 3.8933
v 0.1266 4.6081 3.7224
v 0.0506 4.2411 3.8424
v -0.0891 4.2573 3.8108
v 0.1570 4.3123 3.7412
v 0.1304 4.5281 3.8456
v 0.0980 4.5749 3.8218
v -0.0399 4.2434 3.8683
v 0.1214 4.2896 3.8641
v -0.1864 4.4144 3.7782
v 0.0692 4.2721 3.9270
v -0.0919 4.2743 3.8899
v -0.1404 4.3437 3.9132
v 0.1339 4.3452 3.9302
v -0.1218 4.5321 3.8600
v 0.0857 4.5114 3.9407
v -0.1406 4.4061 3.9360
v -0.1430 4.4576 3.9133
v -0.0195 4.5413 3.9351
v -0.0808 4.3075 3.9693
v 0.1025 4.4289 3.9918
v -0.0989 4.4847 3.9582
v 0.0297 4.5214 3.9681
v 0.0017 4.5112 3.9830
v -0.0036 4.2623 3.9458
v 0.0647 4.3358 4.0031
v 0.0156 4.3086 4.0013
v -0.0081 4.3462 4.0255
v -0.0921 4.3898 4.0069
v -0.0833 4.4148 4.0059
v -0.0556 4.4820 3.9979
v 0.0430 4.4506 4.0195
v 0.0500 4.3951 4.0254
v -0.0178 4.4089 4.0382
v -0.0033 4.4606 4.0217
vn 0.194 0.287 -0.938
vn 0.663 -0.740 -0.109
vn 0.866 -0.493 0.089
vn -0.942 -0.208 -0.263
vn -0.694 0.580 -0.427
vn 0.969 0.016 -0.247
vn -0.451 -0.890 0.070
vn -0.982 -0.145 -0.121
vn 0.318 0.798 -0.512
vn -0.062 0.858 -0.510
vn 0.649 0.638 -0.414
vn 0.991 -0.107 -0.075
vn 0.338 -0.908 0.248
vn -0.885 -0.461 0.065
vn -0.849 0.425 -0.315
vn -0.734 0.569 -0.372
vn -0.991 0.001 -0.136
vn 0.965 0.176 -0.193
vn 0.934 -0.357 0.007
vn 0.761 0.533 -0.370
vn -0.889 0.345 -0.302
vn -0.327 -0.906 0.269
vn 0.990 -0.119 -0.078
vn 0.058 -0.959 0.276
vn -0.622 -0.757 0.201
vn -0.995 -0.040 -0.096
vn 0.405 0.767 -0.498
vn 0.621 -0.756 0.205
vn -0.605 0.658 -0.449
vn -0.833 -0.546 0.092
vn -0.977 -0.186 -0.105
vn 0.979 -0.084 -0.185
vn -0.911 0.242 -0.335
vn 0.869 0.340 -0.359
vn 0.879 -0.477 -0.010
vn -0.054 0.826 -0.561
vn 0.913 -0.407 -0.004
vn -0.402 0.840 -0.365
vn 0.578 -0.796 0.180
vn -0.457 -0.865 0.208
vn 0.980 0.117 -0.159
vn 0.646 0.650 -0.400
vn 0.513 -0.839 0.183
vn 0.089 -0.975 0.205
vn -0.734 -0.676 0.061
vn -0.972 0.175 -0.157
vn 0.138 0.900 -0.414
vn -0.965 -0.247 -0.083
vn 0.829 0.511 -0.227
vn -0.715 0.576 -0.396
vn -0.832 -0.547 0.096
vn 0.973 -0.225 -0.041
vn -0.461 -0.865 0.198
vn 0.523 0.799 -0.299
vn 0.836 -0.541 0.089
vn -0.567 -0.813 0.131
vn 0.983 0.112 -0.143
vn -0.000 0.931 -0.366
vn 0.876 -0.482 0.003
vn -0.996 -0.067 -0.055
vn -0.895 0.405 -0.188
vn 0.236 -0.961 0.143
vn -0.880 -0.476 0.009
vn -0.178 -0.962 0.207
vn -0.711 -0.701 0.048
vn -0.990 -0.068 -0.124
vn 0.987 0.034 -0.158
vn 0.845 0.460 -0.274
vn -0.530 0.779 -0.334
vn 0.935 -0.352 -0.042
vn 0.406 0.831 -0.380
vn -0.629 0.698 -0.343
vn 0.613 0.699 -0.368
vn 0.687 -0.725 0.045
vn -0.310 0.872 -0.380
vn -0.887 0.387 -0.252
vn -0.469 0.788 -0.398
vn -0.892 -0.451 -0.021
vn -0.268 -0.956 0.121
vn 0.520 -0.847 0.109
vn -0.981 0.010 -0.196
vn 0.311 0.852 -0.421
vn 0.980 0.003 -0.198
vn -0.784 0.521 -0.337
vn -0.004 0.899 -0.439
vn 0.237 -0.969 0.063
vn 0.858 0.401 -0.320
vn -0.125 -0.987 0.103
vn 0.890 -0.444 -0.102
vn -0.880 -0.474 -0.035
vn -0.925 0.172 -0.340
vn 0.689 -0.724 0.018
vn -0.516 -0.855 0.048
vn -0.713 0.641 -0.284
vn 0.599 0.682 -0.420
vn -0.059 0.950 -0.307
vn 0.956 -0.253 -0.147
vn 0.653 0.714 -0.253
vn -0.507 0.768 -0.392
vn -0.286 -0.958 0.017
vn -0.905 -0.396 -0.154
vn -0.937 -0.333 -0.109
vn -0.693 -0.720 -0.032
vn 0.716 -0.697 -0.032
vn 0.969 0.145 -0.200
vn 0.566 -0.824 0.003
vn 0.846 -0.532 -0.043
vn 0.859 0.452 -0.240
vn -0.974 0.149 -0.170
vn -0.321 0.892 -0.320
vn 0.356 0.879 -0.317
vn 0.240 -0.971 -0.015
vn -0.816 -0.577 0.005
vn -0.649 0.742 -0.168
vn -0.988 0.006 -0.153
vn 0.980 0.098 -0.175
vn -0.899 0.371 -0.232
vn 0.903 0.388 -0.182
vn -0.584 -0.811 -0.027
vn -0.902 -0.420 -0.098
vn -0.472 0.844 -0.257
vn 0.459 0.848 -0.266
vn -0.030 -0.999 -0.027
vn 0.889 -0.446 -0.104
vn -0.829 0.518 -0.213
vn 0.148 0.955 -0.256
vn -0.250 0.926 -0.283
vn 0.727 -0.683 -0.071
vn -0.982 -0.118 -0.150
vn -0.335 -0.941 -0.052
vn 0.500 -0.864 -0.055
vn -0.785 -0.586 -0.202
vn 0.965 0.054 -0.257
vn 0.745 0.628 -0.225
vn -0.554 -0.822 -0.131
vn -0.725 -0.678 -0.120
vn 0.908 0.320 -0.271
vn -0.706 0.649 -0.284
vn 0.662 0.681 -0.315
vn 0.985 -0.107 -0.133
vn -0.806 0.547 -0.224
vn 0.271 0.904 -0.332
vn 0.498 -0.853 -0.153
vn 0.500 0.809 -0.310
vn 0.158 -0.981 -0.110
vn -0.933 -0.322 -0.162
vn -0.965 -0.030 -0.262
vn 0.978 -0.095 -0.185
vn 0.533 0.735 -0.418
vn 0.115 0.918 -0.379
vn -0.256 0.925 -0.282
vn -0.046 0.942 -0.332
vn -0.643 -0.671 -0.368
vn -0.892 -0.360 -0.273
vn 0.909 -0.333 -0.252
vn 0.806 0.469 -0.360
vn -0.464 0.807 -0.366
vn -0.202 -0.968 -0.150
vn 0.737 -0.638 -0.223
vn 0.862 0.022 -0.506
vn -0.731 0.568 -0.378
vn -0.640 0.572 -0.513
vn -0.121 0.856 -0.502
vn 0.344 0.797 -0.496
vn -0.512 -0.792 -0.332
vn -0.880 0.031 -0.474
vn -0.907 0.297 -0.298
vn 0.676 0.586 -0.446
vn 0.217 -0.919 -0.329
vn -0.326 -0.795 -0.511
vn -0.638 -0.673 -0.374
vn 0.733 -0.497 -0.465
vn -0.841 0.256 -0.477
vn 0.552 0.614 -0.565
vn 0.126 0.842 -0.524
vn -0.864 -0.303 -0.403
vn 0.857 -0.247 -0.452
vn 0.159 -0.851 -0.500
vn -0.075 -0.927 -0.368
vn 0.546 -0.687 -0.479
vn 0.770 0.291 -0.568
vn 0.811 0.191 -0.554
vn 0.731 0.408 -0.547
vn -0.782 0.380 -0.494
vn -0.742 0.417 -0.524
vn -0.577 0.638 -0.510
vn -0.728 -0.454 -0.513
vn -0.398 0.735 -0.549
vn 0.419 -0.832 -0.364
vn -0.253 -0.819 -0.514
vn -0.496 -0.682 -0.537
vn -0.655 -0.588 -0.475
vn 0.742 -0.353 -0.570
vn 0.790 0.029 -0.613
vn 0.396 0.740 -0.544
vn -0.130 0.808 -0.574
vn -0.381 -0.825 -0.417
vn -0.833 -0.092 -0.545
vn 0.566 0.654 -0.502
vn 0.537 0.615 -0.577
vn 0.336 -0.788 -0.516
vn -0.116 -0.838 -0.533
vn -0.412 -0.736 -0.538
vn 0.567 -0.585 -0.579
vn 0.682 -0.500 -0.534
vn -0.772 -0.318 -0.550
vn 0.789 -0.267 -0.554
vn -0.777 0.282 -0.563
vn 0.208 -0.819 -0.535
vn -0.538 -0.644 -0.544
vn -0.666 -0.500 -0.554
vn 0.657 -0.379 -0.652
vn 0.686 -0.465 -0.560
vn 0.664 0.488 -0.566
vn -0.579 0.593 -0.560
vn -0.529 0.644 -0.553
vn -0.454 0.709 -0.540
vn 0.190 0.813 -0.551
vn 0.443 -0.711 -0.546
vn 0.427 -0.710 -0.560
vn 0.512 -0.634 -0.580
vn -0.790 -0.083 -0.607
vn 0.758 0.339 -0.557
vn -0.639 0.533 -0.556
vn 0.089 0.837 -0.540
vn -0.112 0.842 -0.528
vn -0.034 -0.862 -0.506
vn 0.352 -0.769 -0.533
vn -0.553 -0.604 -0.573
vn -0.682 -0.426 -0.595
vn -0.720 -0.219 -0.659
vn 0.779 -0.197 -0.595
vn -0.817 0.071 -0.573
vn -0.773 0.310 -0.553
vn -0.297 0.783 -0.546
vn -0.255 -0.798 -0.546
vn -0.373 -0.711 -0.596
vn 0.397 -0.620 -0.677
vn 0.629 -0.364 -0.687
vn -0.696 0.459 -0.553
vn 0.604 0.586 -0.540
vn -0.070 -0.847 -0.527
vn -0.162 -0.769 -0.618
vn -0.250 -0.543 -0.802
vn -0.468 -0.514 -0.719
vn -0.494 -0.340 -0.800
vn -0.598 -0.305 -0.741
vn -0.637 -0.306 -0.707
vn 0.637 -0.274 -0.721
vn -0.625 -0.312 -0.715
vn 0.733 0.004 -0.680
vn 0.335 0.793 -0.508
vn 0.140 0.847 -0.513
vn 0.001 -0.857 -0.515
vn 0.451 -0.712 -0.538
vn -0.380 -0.572 -0.727
vn 0.498 -0.469 -0.729
vn 0.692 -0.149 -0.706
vn -0.745 0.055 -0.665
vn 0.782 0.170 -0.599
vn 0.740 0.397 -0.542
vn -0.616 0.573 -0.541
vn 0.471 0.697 -0.540
vn 0.014 0.860 -0.511
vn 0.285 -0.797 -0.533
vn -0.190 -0.826 -0.531
vn 0.255 -0.734 -0.629
vn -0.147 -0.690 -0.709
vn 0.414 -0.525 -0.744
vn 0.561 -0.386 -0.732
vn 0.744 -0.052 -0.666
vn -0.784 0.254 -0.566
vn 0.671 0.524 -0.524
vn -0.550 0.651 -0.523
vn 0.436 0.736 -0.518
vn -0.320 0.802 -0.504
vn 0.613 -0.308 -0.728
vn -0.561 -0.314 -0.766
vn -0.649 -0.209 -0.732
vn -0.779 0.110 -0.618
vn -0.722 0.446 -0.529
vn 0.555 0.656 -0.511
vn 0.250 0.839 -0.483
vn -0.344 -0.534 -0.772
vn 0.153 -0.860 -0.487
vn 0.036 -0.911 -0.411
vn 0.081 -0.770 -0.632
vn -0.195 -0.608 -0.769
vn -0.185 -0.200 -0.962
vn -0.172 -0.359 -0.917
vn 0.473 -0.395 -0.788
vn -0.408 -0.337 -0.849
vn -0.715 -0.087 -0.694
vn 0.785 0.186 -0.591
vn -0.783 0.246 -0.571
vn 0.783 0.322 -0.532
vn -0.640 0.606 -0.473
vn -0.452 0.740 -0.498
vn 0.451 0.763 -0.464
vn 0.004 0.906 -0.422
vn 0.002 -0.351 -0.936
vn 0.528 -0.099 -0.843
vn -0.585 0.051 -0.810
vn -0.399 0.009 -0.917
vn 0.280 -0.037 -0.959
vn -0.139 0.055 -0.989
vn 0.153 0.061 -0.986
vn 0.484 0.060 -0.873
vn -0.077 0.085 -0.993
vn 0.153 -0.540 -0.828
vn 0.089 -0.825 -0.559
vn 0.053 -0.446 -0.893
vn 0.067 -0.443 -0.894
vn 0.275 -0.562 -0.780
vn -0.386 -0.224 -0.895
vn -0.562 -0.170 -0.810
vn -0.656 -0.192 -0.730
vn -0.578 0.717 -0.390
vn -0.357 0.835 -0.418
vn 0.502 0.768 -0.398
vn 0.590 -0.443 -0.676
vn 0.055 -0.972 -0.227
vn 0.658 0.037 -0.752
vn -0.575 0.073 -0.815
vn 0.587 -0.014 -0.809
vn -0.317 0.060 -0.947
vn 0.334 0.050 -0.941
vn 0.037 0.022 -0.999
vn 0.189 -0.176 -0.966
vn 0.285 -0.300 -0.910
vn 0.172 -0.392 -0.904
vn 0.267 -0.510 -0.818
vn 0.344 -0.329 -0.880
vn 0.604 -0.305 -0.736
vn 0.794 -0.203 -0.573
vn 0.747 -0.217 -0.628
vn 0.715 -0.235 -0.658
vn -0.487 0.814 -0.315
vn -0.185 0.858 -0.480
vn -0.098 0.928 -0.360
vn -0.833 -0.460 -0.307
vn 0.809 -0.049 -0.585
vn -0.725 -0.058 -0.686
vn 0.674 0.039 -0.737
vn 0.524 -0.413 -0.745
vn 0.034 -0.936 -0.349
vn 0.068 -0.926 -0.372
vn -0.383 -0.071 -0.921
vn -0.655 -0.027 -0.755
vn 0.513 -0.222 -0.829
vn 0.893 -0.062 -0.447
vn -0.776 0.365 -0.514
vn -0.726 0.492 -0.481
vn -0.785 0.507 -0.355
vn -0.695 0.633 -0.341
vn 0.629 0.664 -0.405
vn 0.484 0.819 -0.308
vn 0.271 0.875 -0.402
vn 0.148 0.910 -0.388
vn 0.867 0.011 -0.498
vn -0.893 0.022 -0.449
vn -0.760 0.019 -0.650
vn -0.563 -0.047 -0.825
vn 0.097 -0.252 -0.963
vn 0.063 -0.655 -0.753
vn 0.277 -0.762 -0.585
vn 0.105 -0.713 -0.693
vn 0.380 -0.228 -0.897
vn -0.814 -0.041 -0.580
vn -0.869 -0.113 -0.482
vn 0.867 0.225 -0.444
vn -0.806 0.417 -0.421
vn 0.731 0.564 -0.383
vn 0.084 0.942 -0.326
vn 0.833 -0.380 -0.402
vn -0.890 -0.082 -0.448
vn 0.970 -0.074 -0.233
vn -0.767 0.044 -0.640
vn 0.864 0.005 -0.504
vn 0.059 -0.080 -0.995
vn -0.152 -0.127 -0.980
vn 0.630 -0.575 -0.522
vn -0.418 -0.409 -0.811
vn 0.548 -0.145 -0.824
vn -0.159 -0.394 -0.905
vn -0.113 -0.858 -0.500
vn 0.638 -0.177 -0.750
vn -0.772 -0.075 -0.631
vn -0.748 -0.115 -0.654
vn 0.645 -0.257 -0.720
vn -0.861 -0.115 -0.495
vn 0.841 -0.169 -0.514
vn -0.899 0.192 -0.392
vn 0.822 0.403 -0.403
vn -0.820 0.216 -0.530
vn 0.781 0.444 -0.439
vn 0.813 0.499 -0.300
vn -0.614 0.719 -0.326
vn 0.183 -0.058 -0.981
vn 0.315 -0.069 -0.947
vn -0.023 -0.105 -0.994
vn 0.797 -0.163 -0.581
vn -0.386 -0.065 -0.920
vn 0.456 -0.110 -0.883
vn 0.793 -0.120 -0.598
vn 0.049 -0.935 -0.351
vn 0.350 -0.815 -0.461
vn -0.924 0.071 -0.375
vn -0.891 -0.066 -0.449
vn 0.848 0.454 -0.274
vn -0.770 0.566 -0.294
vn -0.313 0.880 -0.358
vn 0.300 0.928 -0.220
vn 0.341 0.875 -0.344
vn 0.042 -0.999 -0.021
vn -0.040 -0.999 0.004
vn 0.466 -0.191 -0.864
vn 0.145 -0.927 -0.346
vn 0.352 -0.051 -0.935
vn -0.214 -0.090 -0.973
vn -0.305 -0.064 -0.950
vn 0.957 -0.023 -0.289
vn -0.416 -0.100 -0.904
vn 0.964 -0.025 -0.266
vn -0.496 -0.158 -0.854
vn 0.945 -0.058 -0.323
vn -0.887 0.031 -0.461
vn 0.621 -0.110 -0.776
vn -0.897 -0.032 -0.440
vn -0.190 -0.723 -0.664
vn -0.826 -0.034 -0.562
vn -0.941 -0.106 -0.322
vn 0.970 0.083 -0.227
vn -0.894 0.341 -0.290
vn -0.834 0.386 -0.395
vn -0.744 0.628 -0.230
vn 0.213 0.947 -0.240
vn -0.249 0.918 -0.309
vn 0.827 -0.559 -0.061
vn 0.062 -0.998 0.008
vn -0.153 -0.983 0.106
vn -0.249 -0.926 -0.284
vn 0.293 -0.064 -0.954
vn -0.982 -0.086 -0.167
vn 0.732 -0.051 -0.680
vn -0.583 -0.066 -0.810
vn -0.752 -0.063 -0.656
vn -0.628 -0.063 -0.776
vn 0.698 -0.062 -0.713
vn 0.542 -0.053 -0.839
vn -0.792 -0.065 -0.607
vn -0.776 -0.132 -0.616
vn -0.650 -0.208 -0.731
vn -0.468 -0.703 -0.536
vn 0.568 -0.770 -0.292
vn 0.813 -0.147 -0.563
vn 0.904 -0.146 -0.402
vn 0.983 -0.119 -0.137
vn 0.974 -0.114 -0.198
vn 0.807 0.551 -0.214
vn 0.688 0.660 -0.300
vn 0.559 0.771 -0.304
vn 0.373 0.905 -0.204
vn 0.062 -0.997 -0.039
vn -0.090 -0.775 -0.625
vn -0.500 -0.515 -0.697
vn 0.975 -0.158 0.156
vn -0.828 -0.135 -0.544
vn -0.998 -0.029 -0.055
vn 0.997 -0.062 0.034
vn -0.965 0.001 -0.263
vn 0.798 -0.043 -0.601
vn 0.806 -0.034 -0.591
vn 0.906 -0.272 -0.325
vn 0.883 -0.070 -0.464
vn -0.788 -0.466 -0.402
vn -0.175 -0.924 -0.341
vn -0.983 -0.058 -0.174
vn 0.932 -0.107 -0.345
vn -0.933 -0.075 -0.352
vn 0.925 0.375 -0.064
vn -0.822 0.498 -0.277
vn -0.648 0.735 -0.201
vn 0.535 0.808 -0.246
vn 0.487 0.819 -0.302
vn -0.128 0.963 -0.236
vn -0.639 -0.308 -0.705
vn 0.992 -0.121 0.028
vn -0.945 -0.019 -0.325
vn 0.931 -0.088 -0.353
vn -0.999 -0.041 -0.010
vn -0.957 0.097 -0.275
vn 0.991 0.131 0.021
vn 0.925 0.259 -0.278
vn -0.950 0.290 -0.116
vn 0.662 0.722 -0.201
vn -0.566 0.789 -0.238
vn -0.317 0.933 -0.170
vn -0.070 -0.996 -0.051
vn -0.905 -0.406 0.125
vn 0.730 -0.201 -0.653
vn 0.930 -0.066 -0.362
vn 0.870 -0.188 0.456
vn -0.965 -0.216 0.150
vn -0.971 -0.076 0.229
vn -0.999 -0.019 0.037
vn 0.915 -0.042 -0.401
vn -0.954 -0.100 -0.282
vn 0.372 -0.911 -0.180
vn 0.992 -0.087 0.089
vn 0.988 -0.103 -0.117
vn -0.883 0.457 -0.107
vn -0.836 0.488 -0.251
vn -0.396 0.888 -0.234
vn -0.015 0.983 -0.184
vn 0.746 -0.558 0.363
vn -0.022 -0.992 0.126
vn 0.838 -0.494 -0.231
vn 0.945 -0.126 0.302
vn -0.957 -0.098 -0.274
vn 0.987 -0.034 -0.156
vn -0.911 -0.064 -0.407
vn -0.881 -0.062 -0.468
vn -0.969 -0.065 0.239
vn 0.884 -0.423 -0.199
vn 0.995 -0.041 -0.091
vn -0.507 -0.819 -0.268
vn 0.996 -0.062 -0.065
vn -0.986 -0.098 -0.136
vn -0.505 0.847 -0.163
vn 0.252 0.934 -0.252
vn -0.014 -0.999 0.034
vn -0.774 -0.482 -0.411
vn 0.982 -0.095 -0.160
vn -0.819 -0.159 0.551
vn 0.905 -0.115 0.410
vn 0.777 -0.132 0.616
vn 0.951 -0.093 0.293
vn 0.995 -0.039 -0.089
vn 0.793 -0.401 0.459
vn 0.984 -0.043 -0.171
vn 0.930 -0.184 0.317
vn -0.048 -0.981 -0.188
vn -0.998 -0.042 0.054
vn 0.850 0.490 -0.194
vn 0.867 0.485 -0.109
vn -0.834 0.531 -0.149
vn 0.650 0.750 -0.122
vn -0.419 0.896 -0.148
vn -0.021 -1.000 0.010
vn 0.167 -0.934 0.315
vn -0.568 -0.295 0.769
vn -0.950 -0.306 -0.071
vn 0.653 -0.204 0.729
vn -0.994 -0.064 -0.092
vn 0.792 -0.599 0.114
vn 1.000 -0.017 -0.003
vn 0.986 -0.074 0.149
vn -0.987 -0.115 0.114
vn -0.927 0.375 0.008
vn -0.654 0.747 -0.118
vn 0.497 0.854 -0.154
vn 0.222 -0.973 0.067
vn 0.422 -0.185 0.887
vn -0.671 -0.144 0.727
vn 0.991 -0.079 0.110
vn 0.995 -0.033 0.099
vn -0.996 -0.080 -0.047
vn -0.814 -0.574 -0.088
vn 0.980 -0.008 0.201
vn 0.121 -0.978 -0.172
vn 0.357 -0.933 0.042
vn 0.957 -0.092 0.276
vn -0.996 -0.080 0.045
vn -0.995 0.097 0.012
vn 0.904 0.426 -0.027
vn -0.858 0.508 -0.080
vn -0.452 0.887 -0.092
vn 0.126 0.981 -0.148
vn -0.088 0.989 -0.121
vn 0.895 -0.126 0.428
vn -0.545 -0.174 0.820
vn 0.779 -0.140 0.611
vn -0.987 -0.062 0.148
vn -0.867 -0.103 0.488
vn -0.974 -0.212 0.076
vn 0.810 -0.166 0.562
vn -0.863 -0.067 0.501
vn -0.956 -0.056 0.288
vn 0.987 0.149 0.065
vn 0.783 0.608 -0.132
vn -0.743 0.662 -0.100
vn 0.368 0.919 -0.140
vn -0.307 -0.951 0.028
vn -0.655 -0.608 0.448
vn -0.213 -0.200 0.956
vn 0.209 -0.334 0.919
vn 0.034 -0.195 0.980
vn -0.964 -0.086 0.251
vn 0.353 -0.176 0.919
vn -0.459 -0.155 0.875
vn 0.952 -0.020 0.306
vn 0.590 -0.154 0.792
vn -0.669 -0.137 0.731
vn -0.717 -0.113 0.688
vn 0.418 -0.824 0.382
vn 0.035 -0.999 0.025
vn -0.911 -0.171 0.375
vn -0.988 0.081 0.130
vn 0.964 0.237 0.118
vn 0.931 0.364 0.035
vn 0.620 0.781 -0.080
vn 0.370 0.926 -0.070
vn 0.090 -0.174 0.981
vn 0.942 -0.033 0.333
vn -0.470 -0.159 0.869
vn -0.913 -0.059 0.403
vn -0.446 -0.894 0.037
vn -0.130 -0.985 -0.112
vn 0.942 -0.103 0.319
vn 0.954 -0.110 0.278
vn -0.904 0.426 -0.019
vn -0.641 0.765 -0.059
vn 0.718 -0.465 0.518
vn -0.909 -0.305 0.285
vn -0.324 -0.137 0.936
vn 0.865 -0.035 0.501
vn -0.924 -0.120 0.362
vn 0.438 -0.173 0.882
vn 0.901 -0.032 0.432
vn 0.793 -0.019 0.610
vn 0.893 0.034 0.449
vn -0.617 -0.102 0.781
vn 0.888 -0.018 0.460
vn 0.838 -0.148 0.526
vn -0.837 -0.105 0.538
vn -0.698 -0.185 0.691
vn -0.960 -0.123 0.252
vn 0.966 -0.246 0.076
vn 0.976 0.044 0.214
vn 0.986 0.017 0.164
vn -0.945 0.311 0.103
vn 0.932 0.363 -0.008
vn -0.762 0.645 -0.049
vn -0.221 0.966 -0.134
vn 0.833 -0.044 0.551
vn 0.813 -0.032 0.581
vn -0.751 -0.048 0.659
vn -0.818 -0.049 0.573
vn 0.245 -0.239 0.940
vn 0.631 -0.159 0.759
vn -0.860 -0.437 0.261
vn -0.502 -0.148 0.852
vn 0.631 -0.227 0.742
vn -0.539 -0.057 0.841
vn 0.769 0.031 0.638
vn -0.626 -0.597 0.501
vn 0.531 -0.510 0.677
vn -0.806 -0.295 0.512
vn 0.718 0.692 -0.075
vn -0.320 0.945 -0.072
vn 0.231 0.969 -0.083
vn -0.433 -0.478 0.765
vn -0.522 -0.073 0.850
vn 0.699 -0.112 0.706
vn -0.700 -0.052 0.713
vn -0.850 -0.100 0.518
vn 0.695 -0.032 0.719
vn 0.700 -0.034 0.713
vn -0.046 -0.244 0.969
vn -0.012 -0.166 0.986
vn -0.731 -0.117 0.672
vn -0.276 -0.100 0.956
vn -0.095 -0.995 0.022
vn -0.034 -0.999 -0.028
vn 0.291 -0.688 0.665
vn 0.880 -0.251 0.405
vn -0.888 -0.262 0.378
vn 0.902 -0.135 0.411
vn -0.964 0.231 0.134
vn 0.912 0.409 -0.013
vn 0.752 0.659 -0.027
vn 0.102 0.988 -0.120
vn 0.053 -0.853 0.519
vn 0.436 -0.545 0.716
vn 0.504 -0.064 0.861
vn 0.594 -0.031 0.804
vn -0.368 -0.398 0.840
vn -0.066 -0.993 0.096
vn -0.020 -0.587 0.809
vn -0.353 -0.344 0.870
vn -0.072 -0.947 0.314
vn 0.676 -0.148 0.722
vn -0.539 -0.241 0.808
vn 0.761 -0.267 0.591
vn 0.960 -0.038 0.278
vn 0.851 0.523 -0.048
vn -0.631 0.776 -0.027
vn 0.474 0.875 -0.100
vn -0.006 0.998 -0.065
vn 0.148 -0.219 0.964
vn -0.318 -0.042 0.947
vn -0.454 -0.044 0.890
vn 0.378 -0.034 0.925
vn -0.619 -0.043 0.784
vn 0.472 -0.029 0.881
vn -0.608 -0.025 0.794
vn 0.533 -0.031 0.846
vn -0.603 -0.203 0.772
vn 0.577 0.032 0.816
vn -0.183 -0.983 0.033
vn -0.114 -0.993 0.040
vn -0.266 -0.762 0.590
vn 0.507 -0.033 0.861
vn -0.651 -0.446 0.615
vn 0.811 -0.433 0.394
vn -0.878 -0.389 0.280
vn -0.936 -0.103 0.337
vn -0.974 -0.014 0.225
vn -0.979 0.197 0.061
vn -0.857 0.514 -0.031
vn 0.622 0.783 -0.031
vn 0.376 0.922 -0.089
vn -0.256 0.966 -0.043
vn 0.120 0.992 -0.035
vn -0.100 -0.053 0.994
vn -0.221 -0.241 0.945
vn 0.257 -0.035 0.966
vn -0.345 -0.042 0.938
vn -0.236 -0.057 0.970
vn 0.063 -0.035 0.997
vn 0.283 -0.025 0.959
vn 0.058 -0.050 0.997
vn -0.342 -0.799 0.495
vn -0.059 -0.890 0.451
vn -0.492 -0.732 0.472
vn -0.377 -0.519 0.767
vn -0.792 -0.466 0.395
vn -0.481 0.876 -0.033
vn 0.294 0.955 -0.030
vn -0.431 0.902 -0.039
vn -0.154 -0.070 0.986
vn -0.037 -0.378 0.925
vn 0.370 -0.187 0.910
vn -0.431 -0.898 0.093
vn -0.667 -0.612 0.425
vn 0.657 -0.396 0.641
vn -0.934 -0.268 0.236
vn -0.758 0.652 -0.018
vn -0.568 0.823 -0.028
vn 0.453 0.891 -0.035
vn 0.115 -0.663 0.739
vn 0.471 -0.565 0.677
vn -0.730 -0.678 0.088
vn 0.931 -0.268 0.248
vn -0.978 -0.191 0.083
vn 0.974 0.227 0.016
vn -0.918 0.397 -0.014
vn -0.900 0.435 -0.019
vn 0.808 0.589 -0.012
vn 0.148 -0.895 0.421
vn 0.322 -0.886 0.333
vn -0.611 -0.782 0.120
vn 0.704 -0.577 0.414
vn -0.991 -0.009 0.135
vn -0.954 0.299 0.021
vn -0.684 0.729 -0.025
vn -0.160 0.986 -0.041
vn -0.270 -0.962 -0.022
vn 0.560 -0.765 0.317
vn 0.716 -0.644 0.268
vn 0.948 0.319 -0.014
vn 0.892 0.453 -0.019
vn -0.768 0.640 -0.022
vn 0.197 0.979 -0.052
vn 0.039 -0.997 -0.066
vn -0.279 -0.960 0.003
vn -0.489 -0.872 -0.024
vn -0.745 -0.625 0.235
vn 1.000 0.010 -0.018
vn 0.626 0.780 -0.021
vn 0.573 0.819 -0.016
vn -0.291 0.956 -0.033
vn 0.172 -0.985 0.018
vn -0.069 -0.997 -0.030
vn 0.335 -0.942 -0.001
vn -0.733 -0.679 -0.033
vn -0.932 -0.361 -0.008
vn 0.996 -0.083 -0.016
vn 0.900 0.434 -0.029
vn -0.768 0.640 -0.023
vn -0.094 0.995 -0.019
vn -0.203 -0.975 -0.085
vn 0.926 -0.376 0.020
vn -0.952 0.305 -0.016
vn 0.825 0.563 -0.048
vn -0.711 0.702 -0.029
vn -0.605 0.791 -0.087
vn 0.590 0.805 -0.059
vn 0.480 -0.877 0.006
vn -0.640 -0.768 -0.021
vn 0.855 0.517 -0.043
vn 0.482 0.875 -0.039
vn 0.197 0.979 -0.052
vn -0.855 -0.518 0.040
vn -0.995 0.076 0.056
vn -0.970 0.239 -0.035
vn 0.721 0.693 -0.026
vn -0.426 0.901 -0.076
vn -0.305 0.951 -0.046
vn -0.334 -0.942 -0.044
vn 0.864 -0.499 0.061
vn 0.979 -0.205 -0.020
vn 0.991 0.131 -0.023
vn -0.834 0.551 -0.010
vn -0.823 0.564 -0.065
vn -0.761 0.646 -0.054
vn 0.364 0.926 -0.100
vn 0.354 0.933 -0.060
vn 0.217 -0.975 -0.042
vn 0.628 -0.778 -0.002
vn 0.751 -0.659 -0.034
vn 0.777 -0.627 0.060
vn 0.940 -0.339 -0.032
vn 0.751 0.658 -0.049
vn -0.692 0.718 -0.074
vn 0.131 0.990 -0.054
vn -0.051 0.996 -0.067
vn -0.153 0.975 -0.159
vn -0.110 -0.993 -0.046
vn -0.224 -0.974 -0.028
vn -0.611 -0.791 -0.043
vn 0.814 -0.581 -0.002
vn 0.952 0.302 -0.053
vn -0.786 0.607 -0.117
vn 0.708 0.694 -0.133
vn 0.055 -0.998 -0.043
vn -0.150 -0.989 -0.003
vn 0.341 -0.939 -0.032
vn -0.756 -0.653 -0.033
vn -0.981 -0.192 -0.022
vn 0.992 -0.122 -0.016
vn -0.992 0.122 -0.017
vn 0.463 -0.886 -0.030
vn 0.582 -0.812 -0.030
vn -0.868 -0.496 -0.029
vn 0.972 -0.235 -0.029
vn -0.998 -0.053 -0.024
vn -0.883 0.468 -0.043
vn 0.623 0.778 -0.082
vn 0.472 0.870 -0.143
vn 0.095 0.982 -0.160
vn -0.273 0.947 -0.169
vn 0.133 -0.991 -0.022
vn 0.229 -0.973 0.008
vn -0.428 -0.904 -0.017
vn -0.487 -0.873 -0.033
vn 0.682 -0.731 -0.027
vn -0.926 -0.377 -0.017
vn 0.953 -0.301 -0.020
vn -0.973 0.230 -0.034
vn 0.981 0.188 -0.049
vn -0.959 0.275 -0.067
vn 0.807 0.580 -0.108
vn -0.400 0.905 -0.146
vn -0.274 0.957 -0.093
vn 0.739 -0.673 0.040
vn -0.897 0.435 -0.079
vn 0.856 0.511 -0.077
vn -0.847 0.523 -0.097
vn -0.760 0.640 -0.115
vn 0.606 0.780 -0.153
vn -0.667 0.730 -0.150
vn 0.026 -1.000 0.015
vn -0.169 -0.985 0.040
vn -0.597 -0.802 0.012
vn -0.846 -0.533 -0.020
vn 0.897 -0.442 0.001
vn 0.943 -0.331 0.019
vn -0.945 0.325 -0.045
vn -0.561 0.820 -0.117
vn 0.304 0.938 -0.167
vn -0.283 -0.959 0.028
vn 0.688 -0.726 0.021
vn 0.960 0.272 -0.068
vn 0.911 0.408 -0.064
vn -0.904 0.420 -0.087
vn -0.514 0.842 -0.164
vn 0.282 0.944 -0.173
vn -0.466 -0.884 0.029
vn -0.741 -0.671 0.011
vn -0.967 -0.253 0.000
vn 0.910 0.404 -0.087
vn 0.722 0.679 -0.128
vn -0.053 0.975 -0.218
vn 0.024 -0.999 0.047
vn 0.147 -0.983 0.111
vn -0.363 -0.927 0.091
vn 0.579 -0.814 0.050
vn -0.543 -0.836 0.080
vn 0.999 -0.024 -0.037
vn -0.997 0.072 -0.036
vn 0.841 0.530 -0.110
vn -0.906 0.411 -0.103
vn 0.421 0.890 -0.173
vn 0.471 -0.881 0.040
vn 0.438 -0.896 0.070
vn -0.662 -0.747 0.070
vn 0.793 -0.609 0.026
vn -0.826 -0.562 0.053
vn 0.859 -0.509 -0.051
vn -0.891 -0.453 0.014
vn -0.405 0.896 -0.183
vn -0.362 0.916 -0.170
vn 0.006 0.985 -0.170
vn 0.689 -0.723 0.047
vn 0.648 -0.760 0.043
vn -0.896 -0.444 0.022
vn 0.967 -0.255 0.009
vn 0.961 0.272 -0.058
vn 0.402 0.899 -0.175
vn 0.356 0.917 -0.182
vn 0.252 0.947 -0.197
vn -0.174 -0.976 0.128
vn 0.295 -0.952 0.077
vn 0.817 -0.577 0.015
vn -0.894 0.437 -0.095
vn 0.737 0.663 -0.135
vn -0.677 0.722 -0.145
vn 0.072 0.978 -0.194
vn -0.092 -0.990 0.109
vn 0.259 -0.966 0.008
vn 0.698 -0.701 -0.150
vn 0.925 -0.378 -0.052
vn 0.980 -0.198 -0.018
vn -0.740 0.659 -0.131
vn 0.510 0.842 -0.174
vn -0.034 -0.990 0.134
vn -0.230 -0.966 0.115
vn -0.647 -0.760 -0.067
vn -0.789 -0.614 0.022
vn -0.890 -0.445 -0.102
vn -0.951 -0.307 -0.035
vn -0.982 -0.190 -0.000
vn 0.983 0.178 -0.050
vn 0.926 0.372 -0.064
vn 0.608 0.778 -0.160
vn 0.533 -0.844 -0.061
vn 0.963 -0.233 -0.138
vn -0.996 -0.087 -0.022
vn -0.971 0.232 -0.058
vn -0.568 0.808 -0.153
vn 0.066 0.981 -0.185
vn 0.038 -0.988 0.148
vn -0.498 -0.864 0.075
vn 0.541 -0.672 -0.506
vn -0.801 0.584 -0.131
vn 0.513 0.844 -0.156
vn -0.151 0.971 -0.184
vn -0.416 -0.899 -0.135
vn 0.298 -0.912 -0.282
vn 0.754 -0.555 -0.351
vn 0.997 0.062 -0.051
vn 0.849 0.519 -0.099
vn 0.333 0.928 -0.165
vn -0.092 -0.993 0.076
vn -0.641 -0.693 -0.329
vn 0.867 -0.451 -0.213
vn -0.970 0.237 -0.057
vn 0.746 0.655 -0.116
vn -0.525 0.839 -0.144
vn -0.314 0.934 -0.169
vn 0.224 0.960 -0.169
vn -0.222 0.955 -0.195
vn -0.056 0.983 -0.172
vn 0.078 -0.908 -0.411
vn -0.103 -0.052 -0.993
vn 0.296 -0.257 -0.920
vn -0.416 0.054 -0.908
vn 0.230 0.083 -0.970
vn -0.050 -0.723 -0.689
vn 0.033 -0.983 -0.183
vn -0.274 -0.961 -0.027
vn 0.234 -0.710 -0.664
vn -0.435 -0.798 -0.417
vn 0.642 -0.425 -0.638
vn 0.775 -0.447 -0.447
vn 0.920 -0.312 -0.235
vn 0.959 -0.212 -0.185
vn -0.996 -0.000 -0.091
vn 0.995 0.087 -0.041
vn -0.992 0.104 -0.075
vn -0.946 0.323 -0.029
vn 0.794 0.603 -0.074
vn -0.780 0.621 -0.078
vn 0.575 0.808 -0.132
vn -0.410 0.905 -0.114
vn 0.564 -0.382 -0.732
vn -0.396 -0.350 -0.849
vn 0.048 0.090 -0.995
vn 0.430 0.052 -0.901
vn 0.347 0.090 -0.933
vn 0.178 0.089 -0.980
vn 0.096 -0.988 0.117
vn 0.160 -0.412 -0.897
vn 0.439 -0.317 -0.841
vn -0.798 -0.546 -0.254
vn -0.898 -0.361 -0.252
vn -0.962 -0.220 -0.160
vn 0.988 -0.057 -0.142
vn -0.989 -0.099 -0.108
vn 0.984 0.166 -0.067
vn 0.688 0.715 -0.125
vn 0.384 0.915 -0.120
vn -0.196 -0.755 -0.625
vn -0.708 -0.073 -0.703
vn 0.561 0.074 -0.825
vn -0.202 0.077 -0.976
vn -0.210 -0.367 -0.906
vn 0.331 -0.023 -0.943
vn -0.373 -0.810 -0.453
vn -0.249 -0.964 -0.098
vn -0.429 -0.532 -0.730
vn 0.625 -0.265 -0.734
vn -0.637 -0.578 -0.509
vn -0.835 -0.355 -0.421
vn 0.912 -0.249 -0.326
vn 0.987 -0.125 -0.105
vn 0.966 0.258 -0.030
vn 0.947 0.320 0.016
vn 0.912 0.410 0.006
vn -0.655 0.749 -0.099
vn 0.517 0.849 -0.115
vn -0.639 0.766 -0.075
vn 0.007 -1.000 -0.001
vn -0.682 -0.397 -0.615
vn 0.894 -0.074 -0.442
vn 0.719 -0.022 -0.695
vn 0.841 0.043 -0.539
vn -0.577 0.057 -0.815
vn 0.678 0.053 -0.733
vn -0.468 0.008 -0.884
vn 0.567 -0.024 -0.823
vn 0.002 -0.985 0.170
vn 0.052 -0.962 -0.269
vn 0.614 -0.098 -0.783
vn -0.613 -0.340 -0.713
vn 0.839 -0.309 -0.449
vn 0.921 0.389 -0.038
vn 0.851 0.525 -0.003
vn 0.515 0.855 -0.057
vn 0.088 0.989 -0.121
vn 0.483 -0.833 -0.271
vn -0.782 0.035 -0.622
vn -0.851 0.012 -0.525
vn 0.765 0.057 -0.641
vn -0.714 -0.006 -0.700
vn -0.658 -0.411 -0.631
vn -0.185 -0.680 -0.710
vn -0.422 -0.306 -0.853
vn -0.904 -0.322 -0.280
vn 0.963 -0.185 -0.198
vn -0.969 -0.196 -0.151
vn 0.995 0.072 -0.074
vn 0.884 0.465 -0.047
vn -0.851 0.520 -0.079
vn -0.864 0.503 -0.021
vn -0.771 0.636 -0.034
vn -0.427 0.897 -0.112
vn -0.319 0.943 -0.091
vn -0.170 0.981 -0.094
vn 0.249 -0.969 -0.011
vn -0.868 0.013 -0.497
vn 0.912 0.030 -0.410
vn 0.174 -0.586 -0.792
vn 0.007 -0.235 -0.972
vn -0.058 -0.987 0.150
vn 0.824 -0.075 -0.562
vn -0.695 -0.297 -0.655
vn 0.893 -0.189 -0.409
vn 0.954 -0.166 -0.249
vn 0.982 -0.160 -0.102
vn 0.669 0.740 -0.068
vn -0.722 0.692 0.008
vn -0.516 0.855 -0.053
vn -0.262 0.965 -0.005
vn -0.089 0.994 -0.056
vn -0.894 -0.417 -0.162
vn -0.905 -0.121 -0.408
vn 0.941 -0.322 -0.105
vn -0.046 -0.045 -0.998
vn 0.100 -0.055 -0.993
vn -0.045 -0.055 -0.997
vn 0.980 -0.004 -0.199
vn 0.060 -0.039 -0.997
vn -0.046 -0.044 -0.998
vn -0.072 -0.049 -0.996
vn -0.212 -0.048 -0.976
vn -0.959 -0.009 -0.282
vn -0.231 -0.029 -0.972
vn 0.226 -0.174 -0.959
vn -0.108 -0.045 -0.993
vn -0.266 -0.046 -0.963
vn 0.296 -0.047 -0.954
vn -0.150 -0.045 -0.988
vn -0.212 -0.042 -0.976
vn -0.105 -0.043 -0.994
vn 0.309 -0.048 -0.950
vn 0.016 -0.043 -0.999
vn 0.092 -0.048 -0.995
vn 0.481 -0.322 -0.815
vn 0.290 -0.056 -0.955
vn 0.838 0.012 -0.546
vn 0.363 -0.054 -0.930
vn -0.076 -0.044 -0.996
vn -0.337 -0.088 -0.937
vn -0.082 -0.986 0.146
vn 0.888 -0.116 -0.445
vn -0.825 -0.343 -0.449
vn 0.956 -0.145 -0.253
vn 0.949 -0.206 -0.241
vn -0.972 -0.188 -0.144
vn -0.964 0.267 -0.019
vn 0.980 0.200 -0.025
vn -0.971 0.239 -0.016
vn 0.955 0.290 0.057
vn -0.948 0.317 0.036
vn -0.853 0.520 0.041
vn 0.645 0.764 -0.019
vn 0.570 0.822 0.008
vn 0.297 0.951 -0.091
vn -0.390 0.921 -0.022
vn 0.008 -0.999 0.031
vn -0.094 -0.995 -0.037
vn -0.068 -0.445 -0.893
vn 0.011 -0.108 -0.994
vn -0.107 -0.261 -0.959
vn -0.145 -0.049 -0.988
vn -0.393 -0.099 -0.914
vn 0.998 -0.035 0.059
vn 0.452 -0.056 -0.890
vn 0.433 -0.048 -0.900
vn -0.976 -0.029 -0.218
vn 0.969 0.008 -0.248
vn 0.581 -0.050 -0.812
vn -0.933 -0.018 -0.359
vn 0.542 -0.058 -0.839
vn 0.679 -0.058 -0.732
vn -0.561 -0.037 -0.827
vn 0.975 -0.007 -0.221
vn -0.856 -0.006 -0.517
vn -0.472 -0.038 -0.881
vn -0.535 -0.053 -0.843
vn 0.648 -0.458 -0.608
vn 0.932 -0.002 -0.362
vn 0.443 -0.714 -0.542
vn -0.617 -0.139 -0.775
vn -0.232 -0.961 0.148
vn 0.394 -0.894 -0.214
vn 0.966 -0.039 -0.254
vn 0.982 -0.141 -0.122
vn -0.936 -0.251 -0.245
vn -0.990 -0.103 -0.100
vn -0.995 0.038 -0.092
vn -0.627 0.779 0.011
vn 0.186 0.982 -0.032
vn 0.844 -0.518 0.138
vn -0.043 -0.999 0.011
vn 0.026 -0.964 -0.266
vn -0.329 -0.660 -0.676
vn 0.651 -0.344 -0.677
vn -0.669 -0.314 -0.674
vn -0.696 -0.040 -0.717
vn 0.597 -0.088 -0.797
vn 0.568 -0.048 -0.822
vn -0.996 -0.056 0.072
vn 0.677 -0.051 -0.734
vn -0.582 -0.042 -0.812
vn -0.968 -0.007 -0.251
vn 0.695 -0.050 -0.718
vn 0.995 -0.036 0.093
vn 0.999 -0.017 -0.029
vn 0.809 -0.058 -0.585
vn -0.943 -0.106 -0.317
vn 0.993 -0.016 -0.115
vn -0.726 -0.053 -0.686
vn -0.594 -0.801 -0.078
vn 0.253 -0.966 0.050
vn -0.809 -0.097 -0.579
vn -0.782 -0.184 -0.595
vn -0.962 -0.095 -0.254
vn 0.989 -0.141 0.045
vn -0.987 0.142 -0.072
vn -0.923 0.383 0.034
vn 0.887 0.457 0.063
vn 0.843 0.526 0.110
vn -0.855 0.514 0.065
vn -0.514 0.858 0.013
vn 0.437 0.899 0.021
vn 0.126 0.989 0.083
vn 0.030 1.000 0.002
vn -0.138 -0.984 0.115
vn -0.790 -0.556 0.259
vn -0.987 -0.159 0.026
vn 0.969 -0.125 0.215
vn -0.834 -0.036 -0.550
vn 0.753 -0.049 -0.656
vn -0.992 -0.037 -0.124
vn 0.777 -0.059 -0.627
vn -0.737 -0.031 -0.675
vn 0.826 -0.048 -0.561
vn -0.840 -0.029 -0.542
vn -0.824 -0.029 -0.565
vn -0.886 -0.044 -0.462
vn 0.814 -0.261 -0.520
vn 0.670 -0.596 -0.442
vn 0.994 -0.027 -0.105
vn -0.936 -0.207 -0.286
vn -0.986 -0.148 -0.072
vn 0.992 -0.122 -0.016
vn -0.998 0.069 0.002
vn -0.958 0.284 0.051
vn 0.927 0.363 0.095
vn -0.591 0.799 0.112
vn -0.109 0.994 0.001
vn -0.916 -0.030 -0.400
vn 0.885 -0.049 -0.463
vn 0.952 -0.057 0.300
vn 0.905 -0.047 -0.424
vn -0.995 -0.101 -0.014
vn -0.909 -0.380 -0.170
vn 0.875 -0.186 -0.447
vn 0.911 -0.381 -0.159
vn -0.900 -0.374 0.224
vn 0.713 -0.700 0.026
vn 0.008 -0.972 0.235
vn 0.062 -0.984 0.168
vn 0.994 -0.096 -0.046
vn 0.995 -0.026 0.094
vn -0.982 0.163 0.094
vn -0.943 0.319 0.094
vn -0.916 0.385 0.109
vn -0.808 0.583 0.089
vn 0.777 0.629 0.018
vn 0.548 0.831 0.093
vn -0.470 0.876 0.104
vn 0.286 0.958 0.025
vn -0.160 0.985 0.066
vn -0.173 -0.935 0.309
vn 0.652 -0.530 -0.543
vn -0.088 -0.996 0.002
vn -0.114 -0.982 -0.149
vn 0.340 -0.915 0.218
vn 0.331 -0.936 -0.124
vn -0.829 -0.193 -0.525
vn 0.892 -0.178 -0.416
vn -0.781 -0.129 0.611
vn -0.976 -0.070 0.207
vn -0.904 -0.031 -0.427
vn 0.906 -0.064 -0.419
vn 0.941 -0.049 0.336
vn 0.986 -0.065 -0.151
vn -0.940 -0.077 -0.332
vn -0.920 -0.063 -0.386
vn 0.297 -0.913 0.281
vn 0.982 -0.053 0.180
vn -0.996 -0.059 0.074
vn -0.935 0.335 0.119
vn -0.808 0.571 0.144
vn 0.635 0.754 0.169
vn 0.451 0.876 0.169
vn -0.237 0.968 0.086
vn 0.324 0.941 0.102
vn 0.374 -0.631 -0.679
vn 0.004 -1.000 -0.001
vn -0.637 -0.762 -0.119
vn -0.800 -0.463 -0.381
vn -0.880 -0.251 -0.403
vn 0.815 -0.151 0.559
vn -0.808 -0.109 0.579
vn 0.937 -0.066 0.342
vn 0.961 -0.048 -0.271
vn 0.836 -0.085 0.543
vn -0.985 -0.025 -0.172
vn 0.953 -0.049 -0.300
vn 0.968 -0.050 -0.247
vn -0.977 -0.021 -0.213
vn 0.861 -0.446 0.245
vn -0.656 -0.727 0.203
vn -0.422 -0.848 0.321
vn -0.104 -0.944 0.314
vn 0.995 -0.027 0.101
vn -0.989 -0.150 0.012
vn -0.951 0.152 0.268
vn -0.953 0.247 0.177
vn 0.925 0.337 0.177
vn 0.890 0.434 0.141
vn 0.771 0.622 0.139
vn -0.736 0.660 0.152
vn 0.674 0.733 0.086
vn -0.721 0.685 0.107
vn 0.563 0.810 0.165
vn -0.348 0.934 0.079
vn 0.284 0.946 0.156
vn -0.701 -0.706 -0.100
vn 0.540 -0.482 0.690
vn 0.938 -0.323 -0.126
vn 0.959 -0.099 -0.266
vn -0.968 -0.028 -0.248
vn -0.932 -0.339 -0.130
vn 0.768 -0.101 0.632
vn -0.926 -0.126 0.356
vn -0.891 -0.100 0.443
vn -0.999 -0.026 -0.042
vn 0.997 -0.046 -0.066
vn -0.969 -0.075 0.235
vn 0.932 -0.081 0.354
vn 0.956 -0.037 0.290
vn 0.981 -0.138 0.138
vn 0.978 -0.120 0.171
vn -0.948 -0.052 0.313
vn 0.953 -0.040 0.302
vn 0.976 0.162 0.142
vn 0.905 0.337 0.261
vn -0.921 0.306 0.243
vn 0.904 0.354 0.239
vn -0.841 0.483 0.245
vn -0.777 0.603 0.178
vn -0.735 0.631 0.248
vn -0.654 0.728 0.207
vn -0.394 0.903 0.172
vn -0.261 0.953 0.156
vn 0.214 -0.717 0.664
vn -0.112 -0.576 0.810
vn 0.583 -0.262 0.769
vn 0.575 -0.131 0.807
vn 0.997 -0.072 -0.008
vn -0.667 -0.229 0.709
vn -0.671 -0.134 0.730
vn 0.991 -0.043 0.129
vn 0.713 -0.108 0.693
vn -0.908 -0.091 0.408
vn 0.775 -0.095 0.625
vn -0.994 -0.025 -0.109
vn -0.841 -0.111 0.530
vn -0.946 -0.119 0.302
vn 0.998 -0.062 0.021
vn 0.881 -0.042 0.472
vn -0.382 -0.773 0.507
vn 0.695 -0.619 0.367
vn -0.060 -0.916 0.397
vn -0.993 -0.070 -0.092
vn 0.927 -0.080 0.367
vn 0.957 -0.150 0.248
vn -0.986 -0.136 0.098
vn -0.978 -0.055 0.202
vn 0.882 -0.024 0.471
vn -0.916 0.237 0.325
vn 0.943 0.292 0.161
vn 0.928 0.301 0.221
vn -0.915 0.336 0.223
vn -0.877 0.450 0.171
vn 0.825 0.518 0.225
vn 0.734 0.665 0.138
vn 0.566 0.793 0.227
vn -0.541 0.814 0.210
vn 0.001 0.993 0.118
vn -0.180 0.974 0.138
vn 0.005 -1.000 -0.001
vn -0.895 -0.438 0.087
vn 0.318 -0.194 0.928
vn 0.418 -0.158 0.895
vn -0.436 -0.266 0.860
vn 0.989 -0.051 0.137
vn -0.493 -0.148 0.857
vn 0.578 -0.100 0.810
vn -1.000 -0.025 0.001
vn -0.637 -0.100 0.765
vn -0.785 -0.119 0.608
vn -0.995 -0.021 0.094
vn 0.984 -0.042 0.173
vn 0.763 -0.142 0.631
vn 0.874 -0.088 0.479
vn -0.809 -0.172 0.562
vn 0.949 -0.269 0.163
vn -0.692 -0.547 0.472
vn -0.968 0.004 0.252
vn -0.999 -0.042 -0.022
vn -0.981 -0.029 0.192
vn -0.954 -0.096 0.285
vn 0.882 -0.149 0.447
vn 0.928 0.230 0.293
vn 0.900 0.304 0.312
vn -0.886 0.402 0.231
vn -0.783 0.558 0.275
vn 0.655 0.696 0.293
vn -0.037 -0.999 0.034
vn -0.094 -0.995 0.016
vn 0.848 -0.511 0.140
vn 0.904 -0.075 0.421
vn -0.987 -0.078 0.137
vn 0.133 -0.152 0.979
vn -0.256 -0.174 0.951
vn -0.911 -0.029 0.412
vn -0.448 -0.147 0.882
vn 0.412 -0.143 0.900
vn 0.631 -0.125 0.766
vn -0.970 -0.020 0.241
vn -0.605 -0.140 0.784
vn 0.968 -0.041 0.246
vn -0.704 -0.116 0.701
vn -0.983 -0.019 0.183
vn 0.770 -0.071 0.634
vn -0.993 -0.009 0.117
vn 0.780 -0.022 0.625
vn 0.053 -0.932 0.360
vn 0.221 -0.835 0.504
vn 0.754 -0.144 0.641
vn 0.866 0.174 0.469
vn -0.903 0.285 0.322
vn 0.882 0.418 0.219
vn -0.886 0.356 0.298
vn 0.672 0.705 0.228
vn -0.577 0.784 0.229
vn -0.478 0.855 0.202
vn -0.395 0.901 0.181
vn 0.379 0.908 0.178
vn 0.194 0.971 0.141
vn -0.096 0.985 0.143
vn -0.055 -0.985 0.164
vn 0.790 -0.328 0.519
vn -0.009 -0.193 0.981
vn -0.927 -0.017 0.376
vn 0.948 -0.035 0.316
vn 0.426 -0.152 0.892
vn -0.374 -0.145 0.916
vn -0.408 -0.152 0.900
vn -0.520 -0.145 0.842
vn -0.581 -0.165 0.797
vn 0.950 -0.040 0.310
vn 0.494 -0.131 0.859
vn -0.640 -0.131 0.757
vn -0.941 -0.012 0.339
vn -0.724 -0.161 0.671
vn -0.591 -0.309 0.745
vn 0.682 -0.043 0.730
vn 0.663 -0.058 0.747
vn -0.157 -0.764 0.626
vn 0.016 -0.873 0.488
vn 0.482 -0.658 0.578
vn -0.896 0.014 0.443
vn 0.582 -0.087 0.809
vn -0.844 -0.033 0.535
vn -0.898 -0.092 0.431
vn -0.892 -0.102 0.440
vn -0.892 0.114 0.438
vn 0.901 0.261 0.348
vn -0.892 0.279 0.354
vn -0.822 0.470 0.320
vn 0.742 0.612 0.274
vn 0.532 0.819 0.214
vn 0.180 0.976 0.125
vn -0.748 -0.502 0.434
vn 0.147 -0.988 0.053
vn 0.320 -0.146 0.936
vn -0.209 -0.157 0.965
vn 0.893 -0.039 0.449
vn -0.882 -0.019 0.470
vn 0.298 -0.130 0.946
vn 0.917 -0.047 0.396
vn 0.851 -0.026 0.525
vn -0.895 0.011 0.446
vn -0.509 -0.122 0.852
vn 0.553 -0.063 0.831
vn 0.851 -0.269 0.451
vn 0.685 -0.392 0.613
vn 0.066 -0.891 0.450
vn -0.851 -0.087 0.518
vn 0.914 -0.153 0.376
vn 0.878 -0.132 0.461
vn 0.909 0.087 0.408
vn 0.887 0.324 0.329
vn 0.841 0.445 0.310
vn -0.738 0.610 0.288
vn -0.724 0.611 0.319
vn 0.687 0.654 0.316
vn -0.031 0.997 0.074
vn 0.055 0.991 0.121
vn 0.625 -0.471 0.622
vn -0.843 -0.249 0.476
vn -0.781 -0.017 0.625
vn -0.772 -0.018 0.635
vn 0.815 -0.037 0.579
vn -0.847 -0.023 0.532
vn -0.023 -0.151 0.988
vn 0.075 -0.116 0.990
vn 0.165 -0.154 0.974
vn -0.844 -0.017 0.536
vn -0.222 -0.121 0.967
vn -0.774 0.043 0.631
vn -0.836 -0.012 0.548
vn 0.754 -0.093 0.650
vn 0.344 -0.064 0.937
vn 0.240 -0.044 0.970
vn -0.373 -0.479 0.795
vn -0.224 -0.609 0.761
vn 0.099 -0.774 0.626
vn 0.441 -0.074 0.894
vn 0.555 -0.157 0.817
vn 0.662 -0.218 0.717
vn -0.787 -0.113 0.607
vn 0.769 -0.178 0.614
vn 0.795 -0.178 0.581
vn -0.910 -0.045 0.412
vn 0.842 0.150 0.518
vn 0.773 0.527 0.353
vn -0.769 0.530 0.357
vn -0.639 0.718 0.275
vn -0.428 0.881 0.202
vn 0.336 0.930 0.146
vn -0.327 0.935 0.135
vn 0.195 -0.796 0.574
vn 0.558 -0.280 0.781
vn -0.766 -0.026 0.642
vn 0.697 -0.030 0.716
vn -0.653 -0.021 0.757
vn 0.704 -0.038 0.709
vn -0.743 -0.017 0.669
vn 0.640 -0.006 0.768
vn -0.707 -0.017 0.707
vn -0.712 -0.018 0.702
vn -0.712 -0.018 0.702
vn 0.804 -0.032 0.594
vn -0.113 -0.099 0.989
vn -0.603 0.040 0.797
vn -0.367 -0.136 0.920
vn -0.188 -0.260 0.947
vn 0.515 -0.334 0.789
vn 0.002 -0.717 0.697
vn -0.009 -0.868 0.496
vn -0.014 -0.876 0.482
vn 0.135 -0.797 0.588
vn -0.723 0.031 0.690
vn 0.679 -0.232 0.697
vn 0.776 -0.149 0.613
vn -0.831 -0.041 0.554
vn 0.821 -0.012 0.570
vn -0.871 0.203 0.448
vn 0.870 0.249 0.426
vn -0.866 0.386 0.319
vn -0.834 0.406 0.373
vn -0.799 0.435 0.415
vn -0.745 0.565 0.354
vn 0.737 0.589 0.332
vn 0.642 0.713 0.282
vn -0.609 0.768 0.198
vn 0.511 0.845 0.156
vn 0.422 0.891 0.169
vn -0.337 0.931 0.140
vn -0.489 0.869 0.071
vn -0.224 0.974 0.026
vn -0.207 -0.504 0.838
vn -0.562 -0.445 0.697
vn 0.211 -0.137 0.968
vn -0.494 -0.019 0.869
vn 0.561 -0.028 0.827
vn -0.550 -0.104 0.829
vn 0.509 -0.036 0.860
vn -0.604 -0.019 0.797
vn 0.579 -0.032 0.815
vn -0.578 -0.018 0.816
vn -0.731 -0.021 0.682
vn -0.696 -0.017 0.718
vn 0.512 -0.014 0.859
vn -0.697 -0.018 0.717
vn 0.566 0.008 0.825
vn 0.479 -0.138 0.867
vn -0.612 0.069 0.788
vn 0.263 -0.235 0.936
vn 0.127 -0.165 0.978
vn 0.023 -0.400 0.916
vn 0.314 -0.603 0.733
vn 0.216 -0.407 0.887
vn -0.151 -0.543 0.826
vn -0.507 -0.006 0.862
vn -0.630 0.014 0.777
vn -0.549 -0.073 0.833
vn 0.371 -0.233 0.899
vn -0.733 -0.071 0.676
vn 0.410 -0.341 0.846
vn 0.565 -0.236 0.791
vn -0.689 -0.151 0.709
vn 0.787 -0.001 0.617
vn -0.831 0.068 0.552
vn -0.853 0.196 0.484
vn -0.873 0.274 0.405
vn 0.848 0.366 0.383
vn 0.799 0.423 0.428
vn -0.589 0.781 0.206
vn -0.299 0.949 0.101
vn -0.212 0.975 0.058
vn -0.350 0.932 0.097
vn 0.080 -0.458 0.885
vn -0.381 -0.029 0.924
vn -0.225 -0.018 0.974
vn 0.366 -0.033 0.930
vn 0.172 -0.023 0.985
vn -0.368 -0.019 0.930
vn 0.420 -0.028 0.907
vn -0.452 -0.016 0.892
vn -0.502 -0.014 0.865
vn -0.457 0.059 0.887
vn -0.246 0.009 0.969
vn 0.362 0.013 0.932
vn -0.269 0.065 0.961
vn -0.486 0.065 0.872
vn 0.039 0.007 0.999
vn -0.111 0.107 0.988
vn -0.348 -0.075 0.935
vn 0.032 -0.826 0.563
vn -0.434 0.034 0.900
vn -0.506 -0.133 0.852
vn -0.595 -0.150 0.790
vn 0.536 -0.322 0.780
vn 0.855 0.186 0.485
vn -0.817 0.345 0.462
vn -0.689 0.653 0.316
vn 0.613 0.767 0.190
vn -0.302 0.953 0.000
vn -0.110 0.994 0.028
vn 0.095 -0.027 0.995
vn -0.116 -0.086 0.990
vn -0.090 -0.021 0.996
vn -0.015 -0.021 1.000
vn -0.219 -0.020 0.975
vn -0.149 -0.022 0.989
vn -0.088 -0.023 0.996
vn 0.340 -0.015 0.940
vn 0.193 0.058 0.979
vn 0.048 0.021 0.999
vn -0.091 0.007 0.996
vn -0.081 -0.258 0.963
vn -0.139 -0.115 0.984
vn 0.133 -0.831 0.541
vn 0.076 -0.525 0.848
vn -0.010 -0.421 0.907
vn 0.185 -0.623 0.760
vn -0.703 -0.154 0.695
vn -0.831 0.115 0.544
vn 0.826 0.166 0.538
vn 0.861 0.195 0.470
vn 0.806 0.336 0.488
vn -0.763 0.495 0.416
vn 0.764 0.570 0.304
vn 0.712 0.658 0.244
vn -0.645 0.755 0.119
vn -0.610 0.792 0.008
vn 0.176 0.981 0.085
vn -0.123 -0.588 0.800
vn 0.309 -0.555 0.772
vn 0.482 -0.462 0.745
vn 0.714 -0.153 0.683
vn -0.683 -0.179 0.708
vn -0.753 -0.088 0.652
vn -0.760 -0.017 0.650
vn 0.798 0.064 0.599
vn 0.768 0.032 0.640
vn 0.822 0.274 0.499
vn -0.805 0.297 0.514
vn -0.796 0.427 0.429
vn 0.775 0.519 0.360
vn -0.739 0.604 0.298
vn 0.731 0.640 0.235
vn 0.385 0.918 -0.098
vn 0.191 0.980 -0.049
vn 0.004 0.993 -0.121
vn 0.156 -0.765 0.625
vn -0.091 -0.793 0.602
vn -0.261 -0.606 0.751
vn 0.412 -0.453 0.791
vn -0.186 -0.437 0.880
vn -0.389 -0.357 0.849
vn -0.410 -0.247 0.878
vn 0.521 -0.399 0.754
vn -0.516 -0.322 0.794
vn 0.608 -0.322 0.725
vn -0.595 -0.238 0.768
vn 0.649 -0.281 0.707
vn -0.681 -0.202 0.703
vn -0.810 0.079 0.582
vn -0.788 0.183 0.588
vn -0.825 0.238 0.512
vn -0.804 0.188 0.563
vn -0.804 0.458 0.380
vn 0.841 0.365 0.400
vn 0.826 0.493 0.275
vn -0.432 0.900 -0.058
vn 0.232 0.959 -0.159
vn -0.272 0.905 -0.328
vn 0.264 -0.709 0.654
vn 0.397 -0.592 0.701
vn 0.532 -0.440 0.723
vn 0.673 -0.206 0.710
vn -0.818 0.112 0.564
vn 0.807 0.200 0.556
vn 0.825 0.219 0.521
vn -0.814 0.345 0.468
vn 0.787 0.458 0.412
vn -0.745 0.624 0.234
vn 0.774 0.592 0.226
vn 0.509 0.857 0.081
vn 0.394 0.903 -0.171
vn -0.112 -0.757 0.644
vn -0.275 -0.683 0.677
vn 0.332 -0.620 0.711
vn -0.369 -0.609 0.702
vn -0.366 -0.481 0.797
vn 0.483 -0.534 0.694
vn -0.504 -0.419 0.755
vn -0.662 -0.244 0.709
vn 0.704 -0.115 0.701
vn 0.742 -0.028 0.670
vn 0.773 0.086 0.629
vn 0.860 0.367 0.354
vn -0.833 0.438 0.338
vn 0.753 0.608 0.251
vn -0.043 0.952 -0.303
vn 0.041 -0.743 0.668
vn -0.409 -0.562 0.719
vn 0.454 -0.548 0.702
vn -0.616 -0.289 0.733
vn -0.772 0.065 0.633
vn 0.786 0.098 0.610
vn -0.803 0.108 0.586
vn -0.868 0.134 0.478
vn -0.850 0.248 0.464
vn 0.787 0.605 -0.119
vn -0.177 -0.710 0.681
vn -0.307 -0.597 0.741
vn -0.372 -0.595 0.713
vn -0.477 -0.501 0.722
vn 0.515 -0.485 0.707
vn -0.585 -0.357 0.728
vn -0.682 -0.156 0.714
vn -0.765 0.041 0.642
vn -0.806 0.563 0.186
vn 0.664 0.737 -0.126
vn 0.315 0.896 -0.314
vn -0.413 0.891 -0.188
vn -0.360 0.855 -0.374
vn 0.150 0.909 -0.389
vn 0.191 -0.688 0.701
vn -0.372 -0.550 0.748
vn -0.519 -0.431 0.738
vn 0.590 -0.350 0.727
vn -0.568 -0.356 0.742
vn 0.652 -0.185 0.736
vn 0.620 -0.245 0.746
vn 0.852 0.133 0.506
vn -0.874 0.319 0.367
vn -0.824 0.493 0.279
vn 0.719 0.689 0.084
vn -0.771 0.636 0.045
vn -0.695 0.713 -0.097
vn -0.144 0.826 -0.545
vn 0.095 -0.595 0.798
vn -0.023 -0.663 0.748
vn -0.161 -0.623 0.765
vn 0.353 -0.511 0.784
vn -0.417 -0.490 0.765
vn 0.479 -0.437 0.761
vn 0.383 -0.435 0.815
vn -0.611 -0.284 0.739
vn -0.712 -0.058 0.699
vn 0.644 -0.093 0.759
vn -0.723 -0.044 0.690
vn 0.883 0.213 0.419
vn -0.866 0.435 0.246
vn 0.904 0.398 0.156
vn -0.729 0.636 -0.253
vn 0.558 0.797 -0.230
vn 0.508 0.731 -0.455
vn 0.324 -0.495 0.806
vn 0.194 -0.552 0.811
vn -0.312 -0.500 0.808
vn 0.509 -0.392 0.766
vn -0.485 -0.337 0.807
vn 0.481 -0.280 0.831
vn 0.596 -0.175 0.784
vn -0.579 -0.203 0.790
vn 0.691 -0.076 0.719
vn -0.799 0.181 0.574
vn -0.887 0.460 -0.043
vn 0.897 0.440 -0.043
vn 0.674 0.577 -0.460
vn 0.066 -0.477 0.877
vn -0.054 -0.540 0.840
vn -0.229 -0.503 0.834
vn -0.381 -0.409 0.829
vn -0.397 -0.309 0.864
vn -0.559 -0.200 0.805
vn 0.508 -0.235 0.829
vn -0.452 -0.270 0.850
vn -0.611 -0.162 0.775
vn -0.819 0.053 0.571
vn 0.819 0.009 0.573
vn -0.896 0.397 0.197
vn 0.910 0.281 0.303
vn -0.673 0.653 -0.346
vn 0.805 0.532 -0.261
vn -0.684 0.593 -0.425
vn 0.368 -0.330 0.869
vn -0.161 -0.442 0.883
vn 0.298 -0.323 0.898
vn -0.623 -0.159 0.766
vn 0.798 0.020 0.602
vn 0.871 0.184 0.455
vn -0.936 0.211 0.282
vn 0.980 0.144 0.140
vn -0.498 0.726 -0.475
vn 0.418 0.714 -0.562
vn -0.352 0.728 -0.588
vn 0.174 -0.413 0.894
vn -0.291 -0.344 0.893
vn -0.311 -0.339 0.888
vn 0.448 -0.266 0.853
vn -0.470 -0.276 0.838
vn 0.606 -0.186 0.773
vn -0.627 -0.196 0.754
vn 0.716 -0.099 0.691
vn 0.727 -0.128 0.674
vn -0.811 0.013 0.585
vn 0.911 0.011 0.412
vn 0.947 0.114 0.302
vn -0.686 0.577 -0.443
vn 0.307 0.770 -0.559
vn 0.035 0.768 -0.639
vn -0.194 0.770 -0.607
vn -0.001 -0.405 0.914
vn -0.096 -0.386 0.918
vn -0.195 -0.383 0.903
vn 0.178 -0.373 0.911
vn -0.160 -0.390 0.907
vn 0.415 -0.351 0.839
vn -0.503 -0.287 0.815
vn 0.559 -0.273 0.783
vn -0.687 -0.156 0.710
vn -0.764 -0.087 0.639
vn -0.963 0.207 0.174
vn 0.972 0.230 -0.054
vn 0.979 0.202 0.021
vn -0.979 0.205 -0.012
vn 0.949 0.300 -0.098
vn 0.614 0.631 -0.473
vn 0.282 -0.395 0.874
vn -0.370 -0.364 0.855
vn 0.396 -0.314 0.863
vn 0.630 -0.220 0.745
vn -0.848 -0.068 0.525
vn -0.884 0.105 0.456
vn 0.947 -0.113 0.302
vn -0.939 0.270 -0.214
vn 0.823 0.466 -0.325
vn -0.827 0.480 -0.292
vn -0.688 0.581 -0.434
vn -0.464 0.681 -0.566
vn 0.090 0.793 -0.603
vn -0.550 -0.291 0.782
vn -0.671 -0.174 0.721
vn -0.701 -0.223 0.678
vn 0.987 0.029 0.156
vn -0.967 0.206 0.148
vn -0.958 0.263 -0.110
vn 0.967 0.232 -0.102
vn -0.902 0.374 -0.216
vn -0.616 0.621 -0.485
vn 0.547 0.656 -0.520
vn 0.146 -0.424 0.894
vn -0.324 -0.395 0.860
vn -0.391 -0.365 0.845
vn 0.434 -0.350 0.830
vn 0.583 -0.261 0.769
vn 0.819 -0.136 0.558
vn -0.925 -0.035 0.377
vn 0.993 0.035 0.114
vn 0.681 0.626 -0.379
vn -0.533 0.661 -0.528
vn -0.056 -0.428 0.902
vn -0.168 -0.425 0.890
vn 0.307 -0.429 0.850
vn -0.511 -0.316 0.799
vn 0.505 -0.339 0.794
vn 0.676 -0.285 0.679
vn -0.857 -0.196 0.477
vn 0.982 -0.045 0.186
vn -0.981 0.185 0.052
vn -0.094 0.703 -0.705
vn -0.306 0.715 -0.629
vn 0.058 -0.446 0.893
vn -0.111 -0.483 0.869
vn -0.691 -0.328 0.644
vn 0.733 -0.350 0.583
vn -0.972 -0.011 0.233
vn -0.924 0.315 -0.217
vn 0.776 0.463 -0.429
vn 0.069 0.690 -0.720
vn -0.458 -0.405 0.791
vn -0.560 -0.366 0.744
vn 0.526 -0.455 0.719
vn 0.521 -0.434 0.735
vn 0.914 -0.206 0.350
vn -0.542 0.588 -0.601
vn 0.286 0.728 -0.623
vn 0.022 -0.526 0.850
vn -0.143 -0.593 0.792
vn -0.332 -0.410 0.849
vn -0.682 -0.423 0.597
vn -0.712 -0.409 0.571
vn -0.991 0.001 0.136
vn -0.950 -0.145 0.277
vn -0.989 0.144 -0.019
vn 0.851 0.428 -0.305
vn -0.851 0.409 -0.329
vn -0.799 0.459 -0.388
vn -0.641 0.554 -0.531
vn 0.607 0.572 -0.552
vn 0.094 -0.617 0.781
vn 0.310 -0.532 0.788
vn -0.379 -0.477 0.793
vn -0.488 -0.509 0.709
vn 0.657 -0.459 0.599
vn 0.991 0.098 0.093
vn 0.957 -0.128 0.261
vn 0.970 0.228 -0.086
vn -0.250 0.689 -0.680
vn 0.351 0.657 -0.667
vn 0.432 -0.556 0.710
vn -0.378 -0.587 0.716
vn 0.563 -0.513 0.648
vn 0.860 -0.243 0.448
vn 0.819 -0.331 0.469
vn -0.889 -0.238 0.391
vn 0.938 0.253 -0.237
vn -0.973 0.191 -0.130
vn 0.823 0.403 -0.399
vn -0.570 0.584 -0.578
vn 0.584 0.606 -0.540
vn 0.437 0.689 -0.579
vn -0.555 -0.510 0.657
vn -0.703 -0.437 0.561
vn 0.998 0.034 0.053
vn -0.747 0.457 -0.484
vn 0.041 0.737 -0.675
vn 0.366 -0.579 0.729
vn -0.481 -0.546 0.686
vn 0.717 -0.413 0.561
vn -0.885 -0.201 0.419
vn -0.989 -0.071 0.133
vn -0.623 0.633 -0.459
vn -0.139 0.772 -0.620
vn 0.298 0.753 -0.587
vn 0.273 -0.606 0.747
vn -0.325 -0.593 0.737
vn -0.824 -0.325 0.465
vn 0.919 -0.213 0.331
vn 0.997 0.038 -0.066
vn 0.966 0.218 -0.135
vn -0.899 0.310 -0.309
vn -0.785 0.514 -0.346
vn 0.847 0.469 -0.250
vn 0.710 0.582 -0.396
vn -0.794 0.529 -0.299
vn 0.512 0.695 -0.506
vn 0.288 0.766 -0.574
vn 0.016 -0.664 0.748
vn -0.202 -0.622 0.757
vn -0.619 -0.485 0.618
vn 0.483 -0.543 0.686
vn -0.999 0.039 -0.005
vn -0.969 0.173 -0.174
vn 0.953 0.294 -0.077
vn -0.398 0.723 -0.565
vn 0.544 -0.559 0.626
vn -0.974 -0.150 0.171
vn 0.999 -0.006 0.047
vn -0.928 0.345 -0.137
vn -0.432 -0.566 0.702
vn 0.823 -0.393 0.411
vn 0.917 -0.306 0.256
vn -0.894 -0.311 0.323
vn 0.966 -0.185 0.180
vn 0.929 -0.194 0.316
vn -0.625 0.652 -0.428
vn 0.585 0.605 -0.540
vn -0.330 0.672 -0.663
vn 0.059 0.757 -0.651
vn 0.431 -0.562 0.705
vn -0.545 -0.495 0.677
vn 0.262 -0.657 0.707
vn -0.743 -0.431 0.513
vn 0.832 -0.384 0.401
vn -0.835 -0.355 0.421
vn 0.833 -0.346 0.432
vn -0.819 0.469 -0.330
vn 0.746 0.553 -0.372
vn -0.529 0.641 -0.556
vn 0.352 0.682 -0.642
vn -0.328 -0.661 0.674
vn 0.444 -0.626 0.641
vn -0.622 -0.586 0.519
vn 0.710 -0.489 0.507
vn 0.713 -0.511 0.481
vn 0.975 -0.035 0.217
vn 0.960 0.280 -0.029
vn -0.733 0.503 -0.458
vn -0.222 0.736 -0.639
vn 0.015 0.714 -0.700
vn 0.966 0.079 0.246
vn -0.991 0.106 0.084
vn -0.937 0.342 -0.069
vn 0.220 0.663 -0.715
vn -0.505 -0.652 0.566
vn -0.614 -0.585 0.530
vn 0.543 -0.601 0.587
vn -0.733 -0.465 0.496
vn 0.973 0.217 0.080
vn 0.992 0.124 0.027
vn 0.781 0.491 -0.387
vn -0.901 0.339 -0.270
vn 0.425 0.643 -0.637
vn -0.318 0.669 -0.672
vn -0.022 -0.711 0.703
vn -0.205 -0.690 0.694
vn 0.571 -0.381 0.727
vn -0.652 -0.444 0.614
vn -0.931 -0.087 0.355
vn -0.964 0.243 -0.105
vn -0.925 0.314 -0.212
vn -0.126 0.662 -0.739
vn 0.511 0.552 -0.659
vn 0.227 -0.631 0.742
vn -0.825 -0.192 0.532
vn 0.902 0.367 -0.229
vn 0.699 0.517 -0.495
vn -0.573 0.564 -0.594
vn -0.443 -0.591 0.674
vn -0.626 -0.356 0.693
vn 0.799 -0.207 0.564
vn 0.621 -0.392 0.679
vn 0.933 -0.075 0.353
vn 0.961 -0.017 0.277
vn -0.935 -0.032 0.353
vn -0.984 0.090 0.151
vn 0.987 0.145 -0.076
vn -0.300 0.604 -0.738
vn -0.074 -0.600 0.796
vn 0.383 -0.536 0.752
vn -0.297 -0.531 0.794
vn 0.334 -0.445 0.831
vn 0.467 -0.425 0.775
vn -0.764 -0.241 0.599
vn -0.995 0.099 0.028
vn -0.772 0.417 -0.480
vn -0.565 0.529 -0.633
vn -0.451 -0.389 0.804
vn 0.914 -0.189 0.358
vn 0.896 0.307 -0.320
vn 0.843 0.300 -0.447
vn 0.774 0.403 -0.488
vn -0.055 -0.472 0.880
vn -0.277 -0.455 0.846
vn -0.717 -0.333 0.613
vn 0.611 -0.367 0.701
vn -0.941 -0.119 0.317
vn 0.365 0.621 -0.694
vn 0.518 0.680 -0.519
vn 0.004 0.686 -0.727
vn 0.180 -0.493 0.851
vn -0.552 -0.416 0.723
vn 0.803 -0.278 0.527
vn -0.769 -0.317 0.555
vn 0.989 0.089 -0.118
vn -0.933 0.236 -0.272
vn -0.660 0.551 -0.511
vn 0.172 0.760 -0.626
vn -0.690 -0.385 0.613
vn 0.919 -0.190 0.346
vn 0.970 -0.054 0.235
vn 0.987 -0.117 0.108
vn -0.809 0.466 -0.358
vn 0.665 0.565 -0.488
vn -0.568 0.656 -0.497
vn -0.081 0.738 -0.670
vn 0.512 -0.468 0.720
vn -0.393 -0.500 0.772
vn -0.716 -0.470 0.516
vn 0.885 -0.272 0.379
vn -0.936 -0.194 0.293
vn -0.966 -0.160 0.201
vn -0.999 0.017 -0.033
vn -0.954 0.206 -0.218
vn -0.279 0.710 -0.647
vn 0.279 0.722 -0.633
vn -0.347 -0.531 0.773
vn 0.897 -0.280 0.341
vn -0.994 0.027 0.105
vn 0.962 0.270 0.031
vn 0.179 -0.542 0.821
vn -0.100 -0.612 0.785
vn 0.661 -0.451 0.600
vn 0.995 -0.035 0.098
vn 0.937 0.004 0.348
vn 0.892 0.369 -0.260
vn -0.950 0.308 -0.060
vn 0.569 0.611 -0.551
vn -0.468 0.673 -0.573
vn -0.096 -0.534 0.840
vn 0.273 -0.619 0.737
vn 0.751 -0.436 0.496
vn -0.757 0.536 -0.374
vn 0.682 0.469 -0.561
vn 0.338 0.588 -0.735
vn -0.513 -0.540 0.668
vn 0.667 -0.366 0.649
vn -0.884 -0.104 0.456
vn 0.932 0.032 0.361
vn -0.965 0.125 0.231
vn -0.902 0.397 -0.170
vn 0.976 0.217 0.010
vn 0.833 0.471 -0.289
vn 0.865 0.363 -0.346
vn -0.761 0.384 -0.523
vn -0.430 0.577 -0.694
vn 0.488 -0.574 0.657
vn -0.610 -0.486 0.627
vn -0.837 -0.318 0.444
vn 0.858 -0.169 0.485
vn -0.900 0.347 -0.265
vn -0.064 0.577 -0.814
vn 0.367 0.523 -0.769
vn 0.809 -0.116 0.576
vn -0.985 0.148 0.085
vn 0.996 0.029 -0.083
vn 0.729 0.399 -0.556
vn 0.331 -0.529 0.781
vn -0.376 -0.596 0.709
vn -0.657 -0.256 0.709
vn 0.747 -0.223 0.626
vn -0.880 -0.078 0.469
vn -0.983 -0.042 0.176
vn -0.979 0.127 -0.157
vn -0.536 0.450 -0.714
vn 0.033 -0.531 0.847
vn -0.823 -0.265 0.503
vn 0.839 -0.282 0.464
vn 0.961 -0.061 0.270
vn 0.884 0.233 -0.405
vn -0.830 0.313 -0.461
vn -0.579 0.652 -0.490
vn -0.222 0.584 -0.781
vn 0.506 0.697 -0.508
vn -0.336 -0.391 0.857
vn 0.411 -0.348 0.843
vn -0.979 0.071 -0.189
vn 0.154 0.695 -0.703
vn -0.155 0.827 -0.541
vn -0.224 -0.418 0.880
vn 0.132 -0.433 0.892
vn -0.585 -0.310 0.749
vn 0.456 -0.383 0.803
vn -0.743 -0.306 0.596
vn 0.610 -0.398 0.685
vn -0.988 -0.155 0.016
vn 0.881 -0.429 0.200
vn 0.722 0.591 -0.360
vn -0.585 -0.499 0.640
vn 0.245 -0.579 0.778
vn 0.543 -0.693 0.475
vn 0.992 -0.115 -0.058
vn 0.961 0.186 -0.206
vn 0.524 0.827 -0.203
vn -0.270 0.909 -0.319
vn 0.208 0.911 -0.357
vn -0.213 -0.669 0.712
vn -0.898 0.354 -0.260
vn -0.717 0.663 -0.217
vn -0.578 -0.782 0.235
vn 0.923 -0.371 0.105
vn -0.859 -0.463 0.219
vn 0.988 -0.053 0.144
vn 0.747 0.664 -0.027
vn -0.467 0.879 -0.101
vn 0.612 -0.744 0.267
vn 0.036 -0.907 0.421
vn 0.607 -0.784 0.132
vn 0.969 0.244 -0.039
vn 0.887 0.438 -0.144
vn -0.909 0.404 -0.097
vn 0.430 0.902 0.019
vn -0.494 0.863 0.110
vn -0.945 -0.325 0.047
vn -0.226 0.974 -0.033
vn -0.323 -0.928 0.187
vn 0.797 -0.597 0.095
vn 0.080 0.996 0.049
vn -0.942 -0.313 0.119
vn -0.917 0.292 0.272
vn -0.812 0.563 0.152
vn 0.591 0.795 0.138
vn -0.227 0.878 0.422
vn 0.952 -0.211 0.222
vn -0.998 0.062 0.012
vn 0.882 0.419 0.217
vn -0.593 0.725 0.350
vn 0.157 -0.973 0.167
vn -0.756 -0.641 0.136
vn 0.265 0.877 0.401
vn 0.916 0.238 0.322
vn 0.632 0.690 0.351
vn 0.317 -0.939 0.135
vn -0.540 -0.835 0.112
vn 0.851 -0.508 0.136
vn 0.746 0.554 0.369
vn 0.602 0.690 0.402
vn -0.146 -0.975 0.169
vn 0.686 -0.707 0.172
vn -0.975 -0.045 0.218
vn 0.473 -0.764 0.440
vn -0.609 -0.741 0.281
vn -0.888 -0.358 0.287
vn 0.725 -0.435 0.534
vn -0.689 0.608 0.396
vn 0.538 0.676 0.503
vn -0.902 0.036 0.429
vn -0.898 0.290 0.330
vn -0.209 0.836 0.507
vn -0.480 -0.653 0.585
vn 0.723 0.191 0.664
vn -0.577 0.611 0.543
vn 0.197 0.817 0.541
vn -0.045 0.663 0.747
vn -0.066 -0.876 0.477
vn 0.515 -0.394 0.761
vn 0.190 -0.707 0.681
vn -0.184 -0.471 0.862
vn -0.662 -0.167 0.731
vn -0.525 0.285 0.802
vn -0.370 0.671 0.643
vn 0.269 0.447 0.853
vn 0.368 -0.063 0.928
vn -0.095 0.032 0.995
vn -0.046 0.463 0.885
usemtl creature
f 2//2 1//1 6//6
f 1//1 2//2 7//7
f 7//7 4//4 1//1
f 1//1 4//4 5//5
f 9//9 6//6 1//1
f 5//5 9//9 1//1
f 6//6 13//13 2//2
f 6//6 3//3 13//13
f 2//2 13//13 7//7
f 4//4 7//7 14//14
f 4//4 14//14 5//5
f 14//14 8//8 5//5
f 6//6 12//12 3//3
f 11//11 12//12 6//6
f 6//6 9//9 11//11
f 8//8 15//15 5//5
f 10//10 11//11 9//9
f 10//10 9//9 5//5
f 5//5 15//15 10//10
f 13//13 22//22 7//7
f 7//7 22//22 14//14
f 16//16 10//10 15//15
f 14//14 15//15 8//8
f 3//3 28//28 13//13
f 12//12 28//28 3//3
f 12//12 19//19 28//28
f 17//17 16//16 15//15
f 18//18 12//12 11//11
f 17//17 14//14 25//25
f 15//15 14//14 17//17
f 13//13 28//28 24//24
f 22//22 25//25 14//14
f 18//18 19//19 12//12
f 20//20 18//18 11//11
f 10//10 20//20 11//11
f 29//29 10//10 16//16
f 17//17 29//29 16//16
f 22//22 13//13 24//24
f 18//18 23//23 19//19
f 21//21 29//29 17//17
f 17//17 25//25 30//30
f 26//26 21//21 17//17
f 23//23 18//18 20//20
f 20//20 10//10 27//27
f 10//10 29//29 36//36
f 22//22 24//24 25//25
f 23//23 39//39 19//19
f 30//30 26//26 17//17
f 27//27 10//10 36//36
f 28//28 19//19 39//39
f 31//31 21//21 26//26
f 34//34 20//20 27//27
f 25//25 24//24 40//40
f 40//40 30//30 25//25
f 20//20 32//32 23//23
f 32//32 20//20 34//34
f 30//30 31//31 26//26
f 33//33 21//21 31//31
f 33//33 29//29 21//21
f 23//23 35//35 39//39
f 50//50 36//36 29//29
f 42//42 27//27 36//36
f 39//39 24//24 28//28
f 40//40 45//45 30//30
f 31//31 30//30 45//45
f 32//32 35//35 23//23
f 34//34 41//41 32//32
f 50//50 29//29 33//33
f 38//38 36//36 50//50
f 42//42 36//36 47//47
f 47//47 36//36 38//38
f 24//24 39//39 44//44
f 44//44 40//40 24//24
f 32//32 37//37 35//35
f 48//48 33//33 31//31
f 46//46 50//50 33//33
f 42//42 34//34 27//27
f 37//37 43//43 35//35
f 43//43 39//39 35//35
f 40//40 44//44 45//45
f 45//45 48//48 31//31
f 46//46 33//33 48//48
f 34//34 42//42 41//41
f 44//44 53//53 45//45
f 32//32 41//41 37//37
f 41//41 42//42 49//49
f 38//38 58//58 47//47
f 43//43 44//44 39//39
f 51//51 48//48 45//45
f 54//54 49//49 42//42
f 54//54 42//42 47//47
f 44//44 43//43 62//62
f 53//53 51//51 45//45
f 48//48 51//51 60//60
f 60//60 46//46 48//48
f 41//41 57//57 52//52
f 57//57 41//41 49//49
f 38//38 50//50 61//61
f 58//58 54//54 47//47
f 69//69 58//58 38//38
f 62//62 64//64 44//44
f 64//64 53//53 44//44
f 41//41 55//55 37//37
f 61//61 46//46 60//60
f 46//46 61//61 50//50
f 69//69 38//38 61//61
f 51//51 53//53 56//56
f 37//37 55//55 43//43
f 62//62 43//43 55//55
f 63//63 60//60 51//51
f 52//52 55//55 41//41
f 53//53 64//64 56//56
f 56//56 63//63 51//51
f 71//71 54//54 58//58
f 62//62 55//55 74//74
f 76//76 69//69 61//61
f 85//85 71//71 58//58
f 68//68 49//49 54//54
f 75//75 85//85 58//58
f 75//75 58//58 69//69
f 56//56 64//64 79//79
f 74//74 55//55 59//59
f 52//52 59//59 55//55
f 66//66 61//61 60//60
f 63//63 56//56 65//65
f 68//68 57//57 49//49
f 76//76 72//72 69//69
f 79//79 65//65 56//56
f 66//66 60//60 63//63
f 57//57 70//70 52//52
f 76//76 61//61 66//66
f 70//70 59//59 52//52
f 67//67 57//57 68//68
f 84//84 72//72 76//76
f 68//68 54//54 71//71
f 75//75 69//69 72//72
f 70//70 74//74 59//59
f 73//73 68//68 71//71
f 71//71 82//82 73//73
f 63//63 65//65 78//78
f 74//74 70//70 92//92
f 66//66 63//63 78//78
f 57//57 67//67 70//70
f 68//68 83//83 67//67
f 87//87 68//68 73//73
f 85//85 82//82 71//71
f 81//81 84//84 76//76
f 81//81 91//91 84//84
f 62//62 79//79 64//64
f 74//74 80//80 62//62
f 80//80 74//74 92//92
f 90//90 78//78 65//65
f 81//81 76//76 66//66
f 77//77 75//75 72//72
f 62//62 80//80 86//86
f 66//66 78//78 90//90
f 87//87 83//83 68//68
f 84//84 77//77 72//72
f 85//85 75//75 77//77
f 88//88 79//79 62//62
f 86//86 88//88 62//62
f 93//93 90//90 65//65
f 83//83 70//70 67//67
f 66//66 90//90 81//81
f 81//81 90//90 101//101
f 95//95 87//87 73//73
f 95//95 73//73 82//82
f 99//99 77//77 84//84
f 99//99 85//85 77//77
f 88//88 93//93 79//79
f 79//79 93//93 65//65
f 70//70 89//89 92//92
f 83//83 89//89 70//70
f 117//117 84//84 91//91
f 86//86 80//80 92//92
f 115//115 91//91 81//81
f 108//108 87//87 95//95
f 94//94 84//84 117//117
f 99//99 84//84 94//94
f 88//88 100//100 93//93
f 86//86 92//92 106//106
f 92//92 89//89 106//106
f 83//83 97//97 89//89
f 87//87 105//105 83//83
f 105//105 87//87 108//108
f 117//117 91//91 115//115
f 111//111 95//95 82//82
f 85//85 111//111 82//82
f 110//110 85//85 99//99
f 96//96 111//111 85//85
f 96//96 85//85 110//110
f 107//107 89//89 97//97
f 102//102 81//81 101//101
f 105//105 97//97 83//83
f 102//102 115//115 81//81
f 108//108 95//95 98//98
f 98//98 95//95 111//111
f 100//100 103//103 93//93
f 106//106 89//89 104//104
f 90//90 93//93 103//103
f 89//89 107//107 104//104
f 103//103 101//101 90//90
f 102//102 101//101 103//103
f 108//108 118//118 105//105
f 94//94 114//114 99//99
f 99//99 114//114 110//110
f 86//86 100//100 88//88
f 100//100 119//119 103//103
f 105//105 140//140 97//97
f 112//112 123//123 86//86
f 86//86 123//123 100//100
f 106//106 112//112 86//86
f 104//104 107//107 106//106
f 97//97 124//124 107//107
f 97//97 140//140 124//124
f 105//105 116//116 140//140
f 116//116 105//105 118//118
f 109//109 117//117 115//115
f 134//134 118//118 108//108
f 125//125 94//94 117//117
f 134//134 108//108 98//98
f 126//126 111//111 96//96
f 130//130 119//119 100//100
f 106//106 107//107 128//128
f 113//113 102//102 103//103
f 120//120 102//102 113//113
f 115//115 102//102 120//120
f 94//94 125//125 114//114
f 111//111 134//134 98//98
f 127//127 126//126 96//96
f 96//96 121//121 127//127
f 96//96 110//110 121//121
f 110//110 114//114 121//121
f 123//123 130//130 100//100
f 112//112 106//106 131//131
f 131//131 106//106 128//128
f 134//134 111//111 122//122
f 126//126 122//122 111//111
f 103//103 119//119 113//113
f 119//119 120//120 113//113
f 124//124 128//128 107//107
f 129//129 115//115 120//120
f 129//129 109//109 115//115
f 117//117 109//109 125//125
f 118//118 134//134 137//137
f 136//136 120//120 119//119
f 146//146 129//129 120//120
f 116//116 148//148 140//140
f 147//147 109//109 129//129
f 121//121 114//114 125//125
f 122//122 126//126 142//142
f 152//152 126//126 127//127
f 119//119 130//130 135//135
f 167//167 125//125 109//109
f 152//152 142//142 126//126
f 145//145 112//112 131//131
f 145//145 123//123 112//112
f 158//158 130//130 123//123
f 143//143 145//145 131//131
f 120//120 136//136 132//132
f 116//116 133//133 148//148
f 137//137 116//116 118//118
f 167//167 141//141 125//125
f 125//125 138//138 121//121
f 127//127 121//121 157//157
f 135//135 136//136 119//119
f 128//128 124//124 159//159
f 121//121 138//138 157//157
f 158//158 135//135 130//130
f 143//143 131//131 128//128
f 143//143 128//128 159//159
f 132//132 146//146 120//120
f 156//156 134//134 139//139
f 122//122 139//139 134//134
f 138//138 125//125 141//141
f 144//144 139//139 122//122
f 142//142 144//144 122//122
f 145//145 158//158 123//123
f 135//135 132//132 136//136
f 116//116 137//137 133//133
f 147//147 167//167 109//109
f 137//137 134//134 156//156
f 124//124 140//140 155//155
f 141//141 167//167 138//138
f 142//142 152//152 150//150
f 152//152 127//127 151//151
f 145//145 179//179 158//158
f 135//135 153//153 132//132
f 155//155 159//159 124//124
f 140//140 148//148 155//155
f 146//146 147//147 129//129
f 167//167 161//161 138//138
f 157//157 138//138 161//161
f 149//149 139//139 144//144
f 149//149 144//144 142//142
f 149//149 142//142 164//164
f 142//142 150//150 164//164
f 127//127 157//157 151//151
f 152//152 151//151 157//157
f 152//152 157//157 163//163
f 169//169 145//145 143//143
f 154//154 147//147 146//146
f 133//133 155//155 148//148
f 176//176 147//147 154//154
f 149//149 168//168 139//139
f 161//161 162//162 157//157
f 154//154 146//146 132//132
f 160//160 137//137 156//156
f 156//156 139//139 168//168
f 163//163 150//150 152//152
f 158//158 179//179 197//197
f 159//159 189//189 143//143
f 158//158 165//165 135//135
f 165//165 153//153 135//135
f 172//172 159//159 155//155
f 133//133 160//160 155//155
f 166//166 147//147 176//176
f 166//166 167//167 147//147
f 133//133 137//137 160//160
f 167//167 184//184 161//161
f 173//173 184//184 167//167
f 184//184 162//162 161//161
f 174//174 149//149 164//164
f 163//163 157//157 188//188
f 175//175 164//164 150//150
f 170//170 197//197 179//179
f 197//197 165//165 158//158
f 165//165 171//171 153//153
f 172//172 155//155 177//177
f 183//183 156//156 168//168
f 174//174 168//168 149//149
f 162//162 186//186 157//157
f 188//188 157//157 186//186
f 163//163 175//175 150//150
f 169//169 143//143 189//189
f 179//179 145//145 169//169
f 159//159 172//172 180//180
f 153//153 171//171 132//132
f 176//176 154//154 132//132
f 155//155 160//160 177//177
f 173//173 167//167 166//166
f 160//160 156//156 183//183
f 218//218 175//175 163//163
f 179//179 169//169 178//178
f 159//159 180//180 189//189
f 192//192 171//171 165//165
f 192//192 132//132 171//171
f 176//176 132//132 192//192
f 206//206 176//176 187//187
f 198//198 176//176 206//206
f 166//166 176//176 198//198
f 160//160 183//183 181//181
f 224//224 184//184 185//185
f 224//224 162//162 184//184
f 218//218 164//164 175//175
f 196//196 218//218 163//163
f 196//196 163//163 188//188
f 192//192 165//165 197//197
f 176//176 192//192 187//187
f 207//207 177//177 160//160
f 181//181 182//182 160//160
f 160//160 182//182 194//194
f 166//166 208//208 173//173
f 208//208 184//184 173//173
f 185//185 184//184 208//208
f 195//195 174//174 164//164
f 235//235 196//196 188//188
f 178//178 169//169 189//189
f 179//179 178//178 227//227
f 179//179 227//227 190//190
f 190//190 170//170 179//179
f 190//190 197//197 170//170
f 189//189 180//180 201//201
f 191//191 192//192 197//197
f 207//207 172//172 177//177
f 183//183 168//168 174//174
f 224//224 188//188 186//186
f 224//224 186//186 162//162
f 225//225 218//218 196//196
f 203//203 197//197 190//190
f 180//180 219//219 201//201
f 210//210 211//211 192//192
f 211//211 187//187 192//192
f 207//207 193//193 172//172
f 232//232 160//160 194//194
f 207//207 160//160 232//232
f 208//208 166//166 233//233
f 208//208 224//224 185//185
f 174//174 214//214 183//183
f 200//200 214//214 174//174
f 215//215 188//188 224//224
f 195//195 200//200 174//174
f 164//164 218//218 195//195
f 191//191 197//197 203//203
f 180//180 204//204 219//219
f 203//203 192//192 191//191
f 203//203 210//210 192//192
f 180//180 172//172 204//204
f 193//193 213//213 172//172
f 211//211 206//206 187//187
f 198//198 206//206 222//222
f 166//166 198//198 233//233
f 240//240 224//224 208//208
f 217//217 235//235 188//188
f 226//226 196//196 235//235
f 178//178 189//189 201//201
f 227//227 202//202 190//190
f 172//172 205//205 204//204
f 213//213 205//205 172//172
f 206//206 211//211 230//230
f 207//207 213//213 193//193
f 233//233 234//234 208//208
f 216//216 188//188 215//215
f 216//216 217//217 188//188
f 199//199 200//200 195//195
f 196//196 226//226 225//225
f 178//178 254//254 227//227
f 201//201 209//209 178//178
f 201//201 219//219 209//209
f 213//213 212//212 204//204
f 205//205 213//213 204//204
f 230//230 231//231 206//206
f 222//222 233//233 198//198
f 181//181 183//183 223//223
f 183//183 214//214 223//223
f 240//240 208//208 234//234
f 199//199 214//214 200//200
f 274//274 216//216 215//215
f 224//224 274//274 215//215
f 252//252 195//195 218//218
f 178//178 209//209 254//254
f 237//237 203//203 190//190
f 210//210 203//203 237//237
f 219//219 221//221 220//220
f 204//204 221//221 219//219
f 229//229 211//211 210//210
f 229//229 230//230 211//211
f 231//231 222//222 206//206
f 182//182 260//260 194//194
f 181//181 223//223 182//182
f 199//199 241//241 214//214
f 298//298 235//235 217//217
f 217//217 216//216 274//274
f 252//252 218//218 283//283
f 225//225 283//283 218//218
f 209//209 219//219 228//228
f 237//237 190//190 236//236
f 202//202 236//236 190//190
f 220//220 228//228 219//219
f 212//212 213//213 207//207
f 232//232 212//212 207//207
f 194//194 258//258 232//232
f 280//280 233//233 222//222
f 296//296 260//260 182//182
f 272//272 234//234 233//233
f 296//296 182//182 261//261
f 223//223 261//261 182//182
f 234//234 281//281 240//240
f 214//214 241//241 261//261
f 262//262 224//224 240//240
f 262//262 274//274 224//224
f 195//195 241//241 199//199
f 263//263 241//241 195//195
f 263//263 195//195 252//252
f 254//254 209//209 285//285
f 210//210 237//237 229//229
f 237//237 245//245 229//229
f 221//221 238//238 220//220
f 245//245 230//230 229//229
f 245//245 247//247 230//230
f 247//247 248//248 230//230
f 248//248 247//247 231//231
f 230//230 248//248 231//231
f 232//232 258//258 212//212
f 259//259 222//222 231//231
f 280//280 222//222 259//259
f 280//280 272//272 233//233
f 261//261 223//223 214//214
f 235//235 339//339 226//226
f 264//264 225//225 226//226
f 227//227 254//254 202//202
f 242//242 266//266 236//236
f 220//220 265//265 228//228
f 237//237 236//236 243//243
f 244//244 245//245 237//237
f 221//221 204//204 238//238
f 246//246 247//247 245//245
f 212//212 249//249 239//239
f 247//247 250//250 231//231
f 258//258 249//249 212//212
f 194//194 251//251 258//258
f 352//352 281//281 234//234
f 352//352 234//234 272//272
f 261//261 241//241 273//273
f 297//297 262//262 240//240
f 281//281 297//297 240//240
f 263//263 282//282 241//241
f 274//274 298//298 217//217
f 235//235 298//298 276//276
f 253//253 283//283 225//225
f 226//226 339//339 264//264
f 339//339 235//235 276//276
f 253//253 225//225 264//264
f 254//254 285//285 286//286
f 254//254 242//242 202//202
f 202//202 242//242 236//236
f 228//228 265//265 209//209
f 268//268 237//237 243//243
f 220//220 238//238 255//255
f 245//245 244//244 256//256
f 292//292 246//246 245//245
f 256//256 292//292 245//245
f 204//204 257//257 238//238
f 270//270 257//257 212//212
f 212//212 257//257 204//204
f 212//212 239//239 270//270
f 260//260 294//294 194//194
f 272//272 372//372 352//352
f 282//282 273//273 241//241
f 275//275 263//263 252//252
f 285//285 209//209 265//265
f 236//236 266//266 243//243
f 220//220 255//255 267//267
f 220//220 267//267 265//265
f 237//237 268//268 244//244
f 256//256 244//244 292//292
f 257//257 269//269 238//238
f 249//249 270//270 239//239
f 258//258 271//271 249//249
f 293//293 231//231 279//279
f 279//279 231//231 250//250
f 194//194 294//294 251//251
f 396//396 261//261 273//273
f 282//282 263//263 275//275
f 265//265 267//267 285//285
f 266//266 242//242 243//243
f 238//238 314//314 267//267
f 238//238 267//267 255//255
f 269//269 314//314 238//238
f 270//270 277//277 257//257
f 278//278 246//246 292//292
f 278//278 247//247 246//246
f 279//279 250//250 247//247
f 258//258 251//251 271//271
f 231//231 293//293 259//259
f 259//259 295//295 280//280
f 295//295 272//272 280//280
f 296//296 261//261 396//396
f 396//396 273//273 373//373
f 356//356 373//373 273//273
f 356//356 273//273 282//282
f 262//262 297//297 274//274
f 299//299 282//282 275//275
f 264//264 283//283 253//253
f 264//264 339//339 300//300
f 307//307 305//305 301//301
f 307//307 301//301 306//306
f 304//304 301//301 284//284
f 306//306 301//301 304//304
f 285//285 267//267 311//311
f 367//367 268//268 243//243
f 268//268 288//288 244//244
f 267//267 314//314 365//365
f 292//292 290//290 289//289
f 244//244 290//290 292//292
f 291//291 269//269 257//257
f 277//277 291//291 257//257
f 292//292 317//317 278//278
f 249//249 277//277 270//270
f 317//317 247//247 278//278
f 271//271 337//337 249//249
f 294//294 260//260 296//296
f 295//295 372//372 272//272
f 353//353 281//281 352//352
f 353//353 297//297 281//281
f 298//298 274//274 297//297
f 319//319 276//276 298//298
f 252//252 299//299 275//275
f 276//276 319//319 339//339
f 264//264 359//359 283//283
f 300//300 359//359 264//264
f 284//284 301//301 322//322
f 302//302 322//322 301//301
f 305//305 302//302 301//301
f 284//284 343//343 304//304
f 308//308 302//302 305//305
f 307//307 308//308 305//305
f 309//309 307//307 306//306
f 304//304 326//326 306//306
f 328//328 307//307 309//309
f 326//326 309//309 306//306
f 290//290 329//329 289//289
f 286//286 347//347 254//254
f 347//347 242//242 254//254
f 242//242 367//367 243//243
f 244//244 310//310 312//312
f 312//312 329//329 290//290
f 287//287 311//311 267//267
f 268//268 310//310 288//288
f 288//288 310//310 244//244
f 290//290 244//244 312//312
f 267//267 365//365 287//287
f 315//315 292//292 289//289
f 291//291 314//314 269//269
f 315//315 316//316 292//292
f 292//292 316//316 317//317
f 334//334 291//291 277//277
f 279//279 247//247 317//317
f 249//249 337//337 277//277
f 317//317 293//293 279//279
f 293//293 369//369 259//259
f 251//251 294//294 271//271
f 259//259 395//395 295//295
f 353//353 354//354 297//297
f 320//320 356//356 282//282
f 299//299 320//320 282//282
f 319//319 298//298 338//338
f 320//320 299//299 252//252
f 283//283 320//320 252//252
f 412//412 339//339 319//319
f 340//340 300//300 339//339
f 322//322 442//442 284//284
f 302//302 321//321 322//322
f 284//284 442//442 343//343
f 302//302 342//342 321//321
f 343//343 303//303 304//304
f 302//302 323//323 342//342
f 308//308 323//323 302//302
f 324//324 304//304 303//303
f 304//304 324//324 326//326
f 325//325 308//308 327//327
f 307//307 327//327 308//308
f 328//328 327//327 307//307
f 328//328 309//309 326//326
f 348//348 328//328 326//326
f 348//348 326//326 363//363
f 329//329 327//327 328//328
f 289//289 328//328 348//348
f 289//289 329//329 328//328
f 310//310 330//330 312//312
f 312//312 330//330 331//331
f 331//331 330//330 329//329
f 285//285 346//346 286//286
f 366//366 367//367 242//242
f 268//268 367//367 310//310
f 312//312 331//331 329//329
f 289//289 348//348 315//315
f 430//430 311//311 365//365
f 311//311 346//346 285//285
f 332//332 313//313 314//314
f 314//314 313//313 365//365
f 287//287 365//365 311//311
f 333//333 332//332 314//314
f 291//291 333//333 314//314
f 315//315 348//348 316//316
f 316//316 389//389 317//317
f 335//335 334//334 277//277
f 337//337 336//336 277//277
f 277//277 336//336 335//335
f 369//369 293//293 317//317
f 271//271 351//351 337//337
f 395//395 259//259 369//369
f 296//296 394//394 294//294
f 372//372 295//295 435//435
f 297//297 354//354 355//355
f 298//298 318//318 338//338
f 318//318 298//298 297//297
f 318//318 297//297 338//338
f 414//414 320//320 283//283
f 358//358 414//414 283//283
f 283//283 359//359 358//358
f 374//374 359//359 300//300
f 374//374 300//300 340//340
f 415//415 322//322 321//321
f 342//342 375//375 321//321
f 343//343 324//324 303//303
f 308//308 344//344 323//323
f 343//343 378//378 324//324
f 325//325 344//344 308//308
f 329//329 325//325 327//327
f 329//329 330//330 325//325
f 349//349 348//348 363//363
f 367//367 345//345 310//310
f 310//310 345//345 330//330
f 386//386 311//311 430//430
f 365//365 313//313 385//385
f 332//332 333//333 313//313
f 389//389 316//316 348//348
f 291//291 390//390 333//333
f 333//333 390//390 350//350
f 334//334 390//390 291//291
f 389//389 369//369 317//317
f 294//294 351//351 271//271
f 371//371 294//294 394//394
f 395//395 435//435 295//295
f 394//394 296//296 396//396
f 354//354 353//353 352//352
f 398//398 297//297 355//355
f 320//320 461//461 356//356
f 398//398 338//338 297//297
f 320//320 414//414 357//357
f 438//438 340//340 339//339
f 438//438 339//339 412//412
f 375//375 415//415 321//321
f 341//341 343//343 442//442
f 376//376 343//343 341//341
f 360//360 342//342 323//323
f 323//323 344//344 360//360
f 361//361 378//378 343//343
f 344//344 325//325 379//379
f 378//378 427//427 362//362
f 362//362 324//324 378//378
f 325//325 402//402 379//379
f 324//324 362//362 326//326
f 362//362 363//363 326//326
f 330//330 345//345 325//325
f 333//333 364//364 313//313
f 313//313 364//364 385//385
f 346//346 347//347 286//286
f 366//366 242//242 347//347
f 350//350 368//368 333//333
f 333//333 368//368 364//364
f 311//311 386//386 346//346
f 389//389 348//348 349//349
f 335//335 390//390 334//334
f 337//337 351//351 336//336
f 370//370 480//480 369//369
f 351//351 294//294 371//371
f 393//393 395//395 369//369
f 354//354 352//352 372//372
f 461//461 373//373 356//356
f 357//357 462//462 320//320
f 359//359 414//414 358//358
f 359//359 374//374 414//414
f 415//415 416//416 322//322
f 416//416 442//442 322//322
f 342//342 377//377 375//375
f 361//361 343//343 376//376
f 377//377 342//342 422//422
f 360//360 422//422 342//342
f 364//364 380//380 381//381
f 345//345 402//402 325//325
f 345//345 382//382 402//402
f 385//385 364//364 381//381
f 385//385 381//381 383//383
f 367//367 366//366 345//345
f 366//366 382//382 345//345
f 362//362 349//349 363//363
f 365//365 385//385 430//430
f 366//366 347//347 407//407
f 350//350 387//387 368//368
f 368//368 387//387 384//384
f 349//349 388//388 389//389
f 350//350 390//390 387//387
f 369//369 389//389 391//391
f 392//392 390//390 335//335
f 370//370 369//369 391//391
f 351//351 457//457 335//335
f 351//351 335//335 336//336
f 369//369 480//480 492//492
f 393//393 369//369 492//492
f 395//395 434//434 435//435
f 394//394 396//396 397//397
f 397//397 396//396 373//373
f 462//462 461//461 320//320
f 486//486 374//374 340//340
f 438//438 486//486 340//340
f 439//439 415//415 375//375
f 376//376 444//444 361//361
f 381//381 401//401 421//421
f 344//344 379//379 360//360
f 361//361 471//471 378//378
f 381//381 421//421 403//403
f 403//403 421//421 425//425
f 380//380 399//399 401//401
f 381//381 380//380 401//401
f 471//471 362//362 427//427
f 399//399 400//400 419//419
f 489//489 362//362 471//471
f 380//380 400//400 399//399
f 404//404 400//400 364//364
f 364//364 400//400 380//380
f 381//381 403//403 425//425
f 364//364 368//368 404//404
f 383//383 381//381 425//425
f 368//368 384//384 404//404
f 383//383 430//430 385//385
f 366//366 407//407 382//382
f 431//431 349//349 362//362
f 387//387 405//405 384//384
f 386//386 406//406 346//346
f 389//389 388//388 431//431
f 388//388 349//349 431//431
f 408//408 389//389 431//431
f 409//409 391//391 389//389
f 456//456 390//390 392//392
f 392//392 335//335 457//457
f 480//480 370//370 432//432
f 351//351 494//494 433//433
f 351//351 371//371 494//494
f 371//371 394//394 494//494
f 393//393 434//434 395//395
f 494//494 394//394 410//410
f 513//513 435//435 434//434
f 397//397 410//410 394//394
f 482//482 354//354 372//372
f 411//411 354//354 482//482
f 461//461 397//397 373//373
f 354//354 411//411 436//436
f 355//355 354//354 436//436
f 436//436 398//398 355//355
f 462//462 357//357 414//414
f 412//412 319//319 338//338
f 414//414 413//413 463//463
f 438//438 412//412 338//338
f 437//437 414//414 374//374
f 415//415 441//441 416//416
f 442//442 416//416 341//341
f 401//401 417//417 465//465
f 423//423 465//465 466//466
f 401//401 465//465 423//423
f 377//377 439//439 375//375
f 376//376 341//341 444//444
f 443//443 417//417 401//401
f 420//420 401//401 423//423
f 399//399 443//443 401//401
f 421//421 401//401 420//420
f 421//421 420//420 423//423
f 443//443 419//419 450//450
f 399//399 419//419 443//443
f 444//444 471//471 361//361
f 450//450 419//419 400//400
f 379//379 424//424 360//360
f 360//360 424//424 422//422
f 423//423 448//448 425//425
f 423//423 425//425 421//421
f 404//404 450//450 400//400
f 379//379 426//426 424//424
f 471//471 427//427 378//378
f 404//404 449//449 450//450
f 379//379 402//402 426//426
f 428//428 404//404 384//384
f 405//405 428//428 384//384
f 425//425 454//454 383//383
f 454//454 430//430 383//383
f 489//489 429//429 362//362
f 386//386 477//477 406//406
f 430//430 477//477 386//386
f 477//477 346//346 406//406
f 346//346 571//571 347//347
f 362//362 429//429 431//431
f 429//429 408//408 431//431
f 429//429 389//389 408//408
f 429//429 409//409 389//389
f 456//456 387//387 390//390
f 432//432 370//370 391//391
f 393//393 492//492 434//434
f 513//513 372//372 435//435
f 482//482 372//372 513//513
f 482//482 436//436 411//411
f 461//461 460//460 397//397
f 496//496 461//461 462//462
f 483//483 338//338 398//398
f 484//484 462//462 414//414
f 485//485 484//484 414//414
f 485//485 414//414 463//463
f 437//437 413//413 414//414
f 439//439 440//440 415//415
f 417//417 418//418 465//465
f 500//500 341//341 416//416
f 501//501 418//418 417//417
f 466//466 487//487 423//423
f 500//500 444//444 341//341
f 423//423 487//487 446//446
f 445//445 417//417 450//450
f 443//443 450//450 417//417
f 377//377 470//470 467//467
f 448//448 423//423 446//446
f 448//448 446//446 447//447
f 447//447 451//451 448//448
f 469//469 471//471 444//444
f 449//449 445//445 450//450
f 452//452 448//448 451//451
f 448//448 452//452 425//425
f 449//449 404//404 428//428
f 449//449 428//428 405//405
f 425//425 452//452 453//453
f 382//382 474//474 402//402
f 476//476 454//454 425//425
f 453//453 476//476 425//425
f 477//477 430//430 454//454
f 455//455 407//407 347//347
f 382//382 407//407 455//455
f 405//405 387//387 456//456
f 409//409 429//429 478//478
f 351//351 458//458 457//457
f 459//459 458//458 351//351
f 433//433 459//459 351//351
f 529//529 492//492 480//480
f 495//495 492//492 575//575
f 434//434 492//492 495//495
f 546//546 397//397 460//460
f 483//483 398//398 436//436
f 338//338 483//483 497//497
f 438//438 338//338 514//514
f 515//515 437//437 374//374
f 377//377 467//467 439//439
f 444//444 500//500 504//504
f 444//444 504//504 505//505
f 445//445 501//501 417//417
f 487//487 468//468 446//446
f 505//505 469//469 444//444
f 447//447 446//446 468//468
f 422//422 470//470 377//377
f 449//449 472//472 445//445
f 424//424 470//470 422//422
f 506//506 471//471 469//469
f 449//449 473//473 472//472
f 426//426 488//488 424//424
f 473//473 449//449 475//475
f 405//405 475//475 449//449
f 474//474 426//426 402//402
f 452//452 476//476 453//453
f 382//382 525//525 474//474
f 455//455 525//525 382//382
f 527//527 454//454 476//476
f 455//455 347//347 509//509
f 478//478 429//429 489//489
f 543//543 346//346 477//477
f 456//456 479//479 405//405
f 479//479 456//456 392//392
f 478//478 391//391 409//409
f 457//457 479//479 392//392
f 529//529 480//480 432//432
f 494//494 493//493 433//433
f 481//481 493//493 494//494
f 410//410 397//397 545//545
f 484//484 496//496 462//462
f 514//514 338//338 530//530
f 338//338 497//497 530//530
f 463//463 413//413 437//437
f 486//486 515//515 374//374
f 465//465 533//533 466//466
f 516//516 440//440 439//439
f 418//418 501//501 464//464
f 533//533 487//487 466//466
f 439//439 467//467 516//516
f 533//533 468//468 487//487
f 501//501 445//445 502//502
f 522//522 447//447 468//468
f 445//445 472//472 507//507
f 451//451 447//447 522//522
f 524//524 471//471 506//506
f 451//451 522//522 523//523
f 473//473 507//507 472//472
f 524//524 491//491 471//471
f 523//523 452//452 451//451
f 473//473 475//475 507//507
f 491//491 489//489 471//471
f 474//474 488//488 426//426
f 478//478 489//489 491//491
f 454//454 527//527 619//619
f 619//619 477//477 454//454
f 571//571 509//509 347//347
f 479//479 490//490 405//405
f 346//346 543//543 571//571
f 478//478 432//432 391//391
f 529//529 432//432 478//478
f 493//493 511//511 433//433
f 410//410 481//481 494//494
f 512//512 513//513 434//434
f 495//495 512//512 434//434
f 397//397 546//546 545//545
f 496//496 591//591 461//461
f 463//463 484//484 485//485
f 437//437 579//579 463//463
f 438//438 514//514 498//498
f 498//498 486//486 438//438
f 418//418 499//499 465//465
f 465//465 499//499 533//533
f 440//440 517//517 415//415
f 500//500 416//416 441//441
f 467//467 503//503 516//516
f 535//535 504//504 500//500
f 520//520 468//468 533//533
f 536//536 519//519 467//467
f 520//520 522//522 468//468
f 470//470 536//536 467//467
f 507//507 502//502 445//445
f 470//470 538//538 536//536
f 505//505 506//506 469//469
f 424//424 488//488 470//470
f 523//523 508//508 452//452
f 476//476 452//452 508//508
f 525//525 488//488 474//474
f 525//525 455//455 556//556
f 526//526 490//490 479//479
f 619//619 543//543 477//477
f 544//544 478//478 491//491
f 458//458 479//479 457//457
f 559//559 529//529 478//478
f 574//574 492//492 529//529
f 433//433 510//510 459//459
f 510//510 433//433 511//511
f 575//575 492//492 574//574
f 482//482 547//547 436//436
f 513//513 547//547 482//482
f 460//460 461//461 591//591
f 562//562 496//496 484//484
f 497//497 483//483 530//530
f 562//562 484//484 463//463
f 593//593 562//562 463//463
f 531//531 593//593 463//463
f 579//579 531//531 463//463
f 579//579 437//437 515//515
f 415//415 517//517 441//441
f 518//518 464//464 501//501
f 535//535 500//500 441//441
f 502//502 518//518 501//501
f 467//467 519//519 503//503
f 535//535 505//505 504//504
f 507//507 541//541 502//502
f 508//508 523//523 522//522
f 505//505 524//524 506//506
f 488//488 538//538 470//470
f 475//475 541//541 507//507
f 542//542 538//538 488//488
f 405//405 490//490 475//475
f 476//476 508//508 568//568
f 544//544 491//491 589//589
f 569//569 527//527 476//476
f 556//556 455//455 509//509
f 559//559 478//478 544//544
f 458//458 528//528 479//479
f 459//459 510//510 458//458
f 559//559 574//574 529//529
f 609//609 495//495 575//575
f 547//547 513//513 512//512
f 436//436 547//547 592//592
f 483//483 436//436 592//592
f 514//514 530//530 498//498
f 645//645 486//486 498//498
f 645//645 515//515 486//486
f 464//464 532//532 550//550
f 550//550 594//594 464//464
f 516//516 551//551 440//440
f 551//551 517//517 440//440
f 553//553 520//520 533//533
f 521//521 534//534 502//502
f 536//536 503//503 519//519
f 502//502 539//539 521//521
f 538//538 537//537 536//536
f 505//505 535//535 585//585
f 541//541 539//539 502//502
f 524//524 505//505 585//585
f 568//568 508//508 555//555
f 589//589 491//491 524//524
f 490//490 541//541 475//475
f 586//586 476//476 568//568
f 525//525 556//556 488//488
f 569//569 476//476 586//586
f 490//490 526//526 541//541
f 572//572 556//556 509//509
f 571//571 572//572 509//509
f 479//479 528//528 526//526
f 458//458 558//558 528//528
f 481//481 610//610 493//493
f 495//495 680//680 512//512
f 481//481 410//410 545//545
f 591//591 546//546 460//460
f 591//591 496//496 548//548
f 548//548 496//496 562//562
f 549//549 498//498 530//530
f 518//518 563//563 464//464
f 533//533 499//499 594//594
f 517//517 552//552 441//441
f 518//518 566//566 563//563
f 554//554 551//551 516//516
f 503//503 554//554 516//516
f 552//552 535//535 441//441
f 502//502 566//566 518//518
f 534//534 566//566 502//502
f 555//555 522//522 520//520
f 555//555 508//508 522//522
f 488//488 556//556 542//542
f 588//588 589//589 524//524
f 526//526 570//570 541//541
f 618//618 527//527 569//569
f 618//618 619//619 527//527
f 526//526 557//557 570//570
f 526//526 558//558 557//557
f 528//528 558//558 526//526
f 589//589 559//559 544//544
f 458//458 510//510 558//558
f 510//510 511//511 493//493
f 638//638 575//575 574//574
f 560//560 512//512 680//680
f 622//622 512//512 560//560
f 481//481 545//545 546//546
f 577//577 512//512 622//622
f 547//547 512//512 577//577
f 699//699 562//562 593//593
f 579//579 593//593 531//531
f 580//580 579//579 515//515
f 563//563 532//532 464//464
f 418//418 464//464 499//499
f 464//464 594//594 499//499
f 597//597 517//517 551//551
f 597//597 551//551 554//554
f 594//594 553//553 533//533
f 582//582 565//565 535//535
f 582//582 535//535 552//552
f 599//599 520//520 553//553
f 521//521 566//566 534//534
f 555//555 520//520 599//599
f 536//536 554//554 503//503
f 539//539 566//566 521//521
f 536//536 583//583 554//554
f 585//585 535//535 565//565
f 539//539 567//567 566//566
f 537//537 583//583 536//536
f 542//542 587//587 538//538
f 541//541 567//567 539//539
f 556//556 540//540 542//542
f 559//559 589//589 608//608
f 510//510 573//573 558//558
f 609//609 680//680 495//495
f 611//611 610//610 481//481
f 546//546 611//611 481//481
f 591//591 548//548 660//660
f 530//530 483//483 561//561
f 699//699 548//548 562//562
f 613//613 699//699 593//593
f 549//549 578//578 498//498
f 580//580 515//515 645//645
f 596//596 517//517 597//597
f 552//552 517//517 596//596
f 566//566 581//581 563//563
f 599//599 553//553 594//594
f 597//597 554//554 564//564
f 596//596 582//582 552//552
f 584//584 555//555 599//599
f 537//537 603//603 583//583
f 565//565 604//604 585//585
f 584//584 568//568 555//555
f 538//538 587//587 537//537
f 584//584 586//586 568//568
f 585//585 588//588 524//524
f 605//605 588//588 585//585
f 540//540 587//587 542//542
f 618//618 569//569 652//652
f 556//556 606//606 540//540
f 556//556 572//572 606//606
f 571//571 543//543 607//607
f 573//573 620//620 558//558
f 608//608 638//638 559//559
f 638//638 574//574 559//559
f 493//493 621//621 510//510
f 609//609 575//575 638//638
f 610//610 640//640 493//493
f 622//622 560//560 642//642
f 576//576 611//611 546//546
f 577//577 592//592 547//547
f 561//561 483//483 592//592
f 612//612 660//660 548//548
f 699//699 612//612 548//548
f 530//530 561//561 623//623
f 498//498 578//578 645//645
f 662//662 593//593 579//579
f 662//662 579//579 700//700
f 579//579 580//580 700//700
f 625//625 594//594 595//595
f 599//599 594//594 625//625
f 598//598 596//596 597//597
f 597//597 614//614 598//598
f 600//600 597//597 564//564
f 596//596 601//601 582//582
f 614//614 597//597 600//600
f 596//596 598//598 614//614
f 601//601 565//565 582//582
f 600//600 564//564 554//554
f 567//567 602//602 566//566
f 554//554 583//583 603//603
f 616//616 565//565 601//601
f 604//604 565//565 616//616
f 537//537 651//651 603//603
f 537//537 587//587 651//651
f 605//605 585//585 604//604
f 654//654 587//587 540//540
f 541//541 602//602 567//567
f 654//654 540//540 658//658
f 569//569 586//586 652//652
f 658//658 540//540 606//606
f 570//570 602//602 541//541
f 636//636 588//588 633//633
f 619//619 607//607 543//543
f 571//571 607//607 572//572
f 636//636 589//589 588//588
f 570//570 557//557 558//558
f 608//608 589//589 636//636
f 659//659 608//608 636//636
f 573//573 510//510 620//620
f 590//590 641//641 610//610
f 680//680 642//642 560//560
f 546//546 591//591 697//697
f 561//561 592//592 623//623
f 549//549 530//530 578//578
f 563//563 684//684 532//532
f 581//581 566//566 615//615
f 602//602 615//615 566//566
f 667//667 599//599 625//625
f 617//617 599//599 667//667
f 671//671 626//626 596//596
f 596//596 616//616 601//601
f 596//596 626//626 616//616
f 584//584 599//599 617//617
f 554//554 603//603 600//600
f 605//605 604//604 616//616
f 628//628 584//584 617//617
f 603//603 651//651 629//629
f 628//628 586//586 584//584
f 651//651 587//587 654//654
f 586//586 628//628 652//652
f 605//605 633//633 588//588
f 605//605 655//655 633//633
f 618//618 652//652 657//657
f 570//570 634//634 602//602
f 674//674 619//619 618//618
f 558//558 634//634 570//570
f 620//620 634//634 558//558
f 620//620 510//510 621//621
f 719//719 609//609 638//638
f 640//640 621//621 493//493
f 610//610 641//641 640//640
f 719//719 680//680 609//609
f 576//576 643//643 611//611
f 546//546 697//697 576//576
f 660//660 697//697 591//591
f 592//592 577//577 721//721
f 592//592 644//644 623//623
f 623//623 578//578 530//530
f 661//661 645//645 578//578
f 662//662 613//613 593//593
f 645//645 661//661 580//580
f 580//580 724//724 700//700
f 550//550 595//595 594//594
f 624//624 563//563 581//581
f 627//627 581//581 615//615
f 671//671 596//596 614//614
f 627//627 615//615 630//630
f 603//603 629//629 600//600
f 627//627 630//630 631//631
f 602//602 630//630 615//615
f 626//626 653//653 616//616
f 653//653 605//605 616//616
f 655//655 605//605 653//653
f 602//602 632//632 630//630
f 628//628 672//672 652//652
f 602//602 656//656 632//632
f 657//657 689//689 618//618
f 606//606 676//676 658//658
f 634//634 656//656 602//602
f 689//689 674//674 618//618
f 675//675 607//607 619//619
f 607//607 606//606 572//572
f 659//659 636//636 637//637
f 679//679 635//635 620//620
f 680//680 806//806 642//642
f 610//610 611//611 590//590
f 697//697 643//643 576//576
f 577//577 622//622 721//721
f 592//592 721//721 644//644
f 699//699 613//613 662//662
f 580//580 661//661 724//724
f 683//683 662//662 700//700
f 563//563 624//624 685//685
f 532//532 595//595 550//550
f 581//581 665//665 624//624
f 646//646 665//665 581//581
f 581//581 647//647 646//646
f 627//627 647//647 581//581
f 627//627 631//631 647//647
f 667//667 648//648 649//649
f 649//649 617//617 667//667
f 649//649 628//628 617//617
f 600//600 650//650 614//614
f 614//614 650//650 671//671
f 628//628 649//649 672//672
f 650//650 600//600 629//629
f 629//629 651//651 650//650
f 631//631 630//630 632//632
f 654//654 650//650 651//651
f 655//655 653//653 626//626
f 631//631 632//632 656//656
f 650//650 654//654 658//658
f 626//626 633//633 655//655
f 637//637 636//636 633//633
f 620//620 635//635 634//634
f 659//659 678//678 608//608
f 638//638 608//608 678//678
f 718//718 719//719 638//638
f 720//720 642//642 806//806
f 766//766 642//642 720//720
f 766//766 622//622 642//642
f 622//622 758//758 721//721
f 662//662 751//751 699//699
f 725//725 662//662 683//683
f 685//685 684//684 563//563
f 532//532 663//663 595//595
f 667//667 625//625 595//595
f 667//667 595//595 663//663
f 647//647 665//665 646//646
f 667//667 664//664 666//666
f 647//647 668//668 665//665
f 667//667 666//666 648//648
f 668//668 647//647 631//631
f 668//668 631//631 669//669
f 666//666 649//649 648//648
f 669//669 631//631 710//710
f 666//666 672//672 649//649
f 670//670 671//671 650//650
f 673//673 626//626 671//671
f 672//672 657//657 652//652
f 670//670 673//673 671//671
f 656//656 710//710 631//631
f 657//657 734//734 689//689
f 676//676 650//650 658//658
f 670//670 691//691 673//673
f 674//674 675//675 619//619
f 675//675 712//712 607//607
f 633//633 626//626 673//673
f 694//694 637//637 633//633
f 693//693 634//634 635//635
f 677//677 695//695 635//635
f 679//679 677//677 635//635
f 738//738 678//678 659//659
f 621//621 679//679 620//620
f 681//681 643//643 697//697
f 660//660 612//612 722//722
f 623//623 739//739 578//578
f 661//661 578//578 739//739
f 684//684 663//663 532//532
f 665//665 685//685 624//624
f 685//685 665//665 686//686
f 664//664 667//667 663//663
f 668//668 686//686 665//665
f 666//666 664//664 705//705
f 668//668 687//687 686//686
f 687//687 668//668 669//669
f 672//672 666//666 705//705
f 672//672 709//709 657//657
f 688//688 657//657 709//709
f 688//688 734//734 657//657
f 650//650 676//676 690//690
f 692//692 676//676 606//606
f 690//690 676//676 692//692
f 650//650 690//690 670//670
f 607//607 692//692 606//606
f 691//691 670//670 690//690
f 691//691 633//633 673//673
f 691//691 694//694 633//633
f 634//634 693//693 656//656
f 715//715 694//694 691//691
f 748//748 638//638 678//678
f 748//748 718//718 638//638
f 640//640 696//696 621//621
f 621//621 696//696 639//639
f 680//680 719//719 765//765
f 765//765 806//806 680//680
f 643//643 757//757 611//611
f 622//622 766//766 758//758
f 682//682 697//697 660//660
f 623//623 644//644 749//749
f 722//722 682//682 660//660
f 751//751 722//722 612//612
f 739//739 623//623 698//698
f 699//699 751//751 612//612
f 723//723 751//751 662//662
f 724//724 661//661 739//739
f 725//725 683//683 700//700
f 701//701 684//684 685//685
f 684//684 727//727 663//663
f 684//684 701//701 727//727
f 701//701 685//685 686//686
f 727//727 664//664 663//663
f 702//702 664//664 727//727
f 706//706 704//704 686//686
f 728//728 686//686 704//704
f 687//687 706//706 686//686
f 703//703 705//705 664//664
f 669//669 708//708 687//687
f 687//687 708//708 706//706
f 703//703 707//707 705//705
f 707//707 672//672 705//705
f 703//703 672//672 707//707
f 708//708 732//732 706//706
f 703//703 709//709 672//672
f 710//710 708//708 669//669
f 656//656 714//714 710//710
f 711//711 712//712 675//675
f 712//712 692//692 607//607
f 690//690 692//692 713//713
f 713//713 691//691 690//690
f 693//693 714//714 656//656
f 691//691 713//713 737//737
f 737//737 715//715 691//691
f 695//695 693//693 635//635
f 715//715 637//637 694//694
f 637//637 715//715 659//659
f 621//621 677//677 679//679
f 756//756 765//765 719//719
f 590//590 789//789 641//641
f 843//843 766//766 720//720
f 643//643 681//681 772//772
f 697//697 772//772 681//681
f 749//749 644//644 721//721
f 623//623 749//749 774//774
f 740//740 723//723 662//662
f 725//725 740//740 662//662
f 726//726 727//727 701//701
f 726//726 702//702 727//727
f 686//686 728//728 701//701
f 701//701 731//731 726//726
f 726//726 729//729 702//702
f 729//729 664//664 702//702
f 731//731 730//730 726//726
f 726//726 730//730 729//729
f 728//728 731//731 701//701
f 729//729 703//703 664//664
f 704//704 732//732 728//728
f 728//728 732//732 731//731
f 730//730 703//703 729//729
f 731//731 742//742 730//730
f 730//730 709//709 703//703
f 732//732 704//704 706//706
f 732//732 733//733 731//731
f 742//742 688//688 730//730
f 688//688 709//709 730//730
f 710//710 732//732 708//708
f 732//732 710//710 744//744
f 732//732 744//744 733//733
f 714//714 744//744 710//710
f 688//688 735//735 734//734
f 734//734 735//735 689//689
f 735//735 784//784 689//689
f 674//674 689//689 675//675
f 712//712 711//711 692//692
f 737//737 713//713 736//736
f 736//736 715//715 737//737
f 695//695 747//747 693//693
f 738//738 659//659 715//715
f 695//695 677//677 716//716
f 717//717 678//678 738//738
f 678//678 717//717 748//748
f 621//621 755//755 677//677
f 640//640 641//641 696//696
f 611//611 757//757 590//590
f 806//806 843//843 720//720
f 643//643 772//772 757//757
f 760//760 773//773 697//697
f 774//774 698//698 623//623
f 739//739 698//698 750//750
f 751//751 723//723 740//740
f 741//741 783//783 724//724
f 724//724 739//739 741//741
f 768//768 700//700 724//724
f 731//731 733//733 742//742
f 733//733 743//743 742//742
f 743//743 688//688 742//742
f 733//733 744//744 743//743
f 743//743 752//752 688//688
f 735//735 688//688 752//752
f 692//692 711//711 745//745
f 692//692 745//745 713//713
f 693//693 744//744 714//714
f 745//745 736//736 713//713
f 693//693 747//747 744//744
f 736//736 746//746 715//715
f 716//716 747//747 695//695
f 715//715 746//746 738//738
f 639//639 755//755 621//621
f 719//719 718//718 748//748
f 773//773 772//772 697//697
f 759//759 721//721 758//758
f 721//721 774//774 749//749
f 682//682 760//760 697//697
f 722//722 808//808 682//682
f 750//750 741//741 739//739
f 792//792 725//725 700//700
f 768//768 792//792 700//700
f 752//752 743//743 744//744
f 752//752 761//761 735//735
f 735//735 761//761 784//784
f 744//744 753//753 752//752
f 753//753 744//744 747//747
f 736//736 745//745 763//763
f 736//736 763//763 746//746
f 754//754 738//738 746//746
f 779//779 738//738 754//754
f 677//677 812//812 716//716
f 717//717 738//738 805//805
f 755//755 812//812 677//677
f 748//748 756//756 719//719
f 757//757 814//814 590//590
f 815//815 721//721 759//759
f 803//803 722//722 751//751
f 783//783 768//768 724//724
f 785//785 711//711 675//675
f 752//752 762//762 761//761
f 777//777 745//745 711//711
f 752//752 753//753 762//762
f 770//770 762//762 753//753
f 747//747 764//764 753//753
f 764//764 770//770 753//753
f 716//716 764//764 747//747
f 823//823 764//764 716//716
f 738//738 779//779 805//805
f 639//639 794//794 755//755
f 641//641 639//639 696//696
f 758//758 766//766 795//795
f 815//815 774//774 721//721
f 819//819 751//751 740//740
f 775//775 740//740 827//827
f 827//827 740//740 725//725
f 792//792 828//828 725//725
f 784//784 785//785 689//689
f 689//689 785//785 675//675
f 785//785 777//777 711//711
f 762//762 784//784 761//761
f 770//770 764//764 771//771
f 754//754 746//746 763//763
f 823//823 716//716 812//812
f 755//755 794//794 812//812
f 748//748 717//717 805//805
f 788//788 756//756 748//748
f 641//641 813//813 639//639
f 841//841 765//765 756//756
f 814//814 780//780 590//590
f 774//774 791//791 698//698
f 767//767 698//698 791//791
f 750//750 698//698 767//767
f 819//819 803//803 751//751
f 740//740 775//775 819//819
f 828//828 827//827 725//725
f 768//768 783//783 792//792
f 784//784 776//776 785//785
f 769//769 745//745 777//777
f 778//778 801//801 745//745
f 762//762 770//770 786//786
f 801//801 763//763 745//745
f 771//771 821//821 770//770
f 748//748 805//805 788//788
f 780//780 789//789 590//590
f 795//795 759//759 758//758
f 760//760 790//790 773//773
f 682//682 808//808 760//760
f 808//808 722//722 781//781
f 782//782 722//722 803//803
f 782//782 781//781 722//722
f 741//741 750//750 798//798
f 785//785 769//769 777//777
f 811//811 745//745 769//769
f 786//786 770//770 800//800
f 770//770 821//821 800//800
f 779//779 754//754 805//805
f 823//823 771//771 764//764
f 754//754 787//787 805//805
f 806//806 765//765 841//841
f 815//815 791//791 774//774
f 797//797 750//750 767//767
f 810//810 792//792 783//783
f 827//827 804//804 775//775
f 785//785 811//811 769//769
f 811//811 778//778 745//745
f 754//754 763//763 801//801
f 846//846 788//788 805//805
f 841//841 756//756 788//788
f 843//843 795//795 766//766
f 760//760 802//802 790//790
f 760//760 796//796 802//802
f 808//808 796//796 760//760
f 767//767 791//791 797//797
f 803//803 781//781 782//782
f 809//809 783//783 741//741
f 809//809 810//810 783//783
f 786//786 784//784 762//762
f 841//841 848//848 806//806
f 807//807 795//795 843//843
f 773//773 790//790 772//772
f 799//799 781//781 803//803
f 741//741 798//798 809//809
f 804//804 819//819 775//775
f 819//819 804//804 827//827
f 784//784 837//837 776//776
f 785//785 793//793 811//811
f 784//784 786//786 820//820
f 821//821 771//771 823//823
f 812//812 794//794 878//878
f 794//794 639//639 878//878
f 813//813 824//824 639//639
f 813//813 641//641 789//789
f 772//772 814//814 757//757
f 861//861 807//807 843//843
f 759//759 795//795 880//880
f 849//849 759//759 880//880
f 796//796 790//790 802//802
f 849//849 815//815 759//759
f 797//797 791//791 816//816
f 799//799 808//808 781//781
f 750//750 797//797 826//826
f 750//750 826//826 798//798
f 820//820 837//837 784//784
f 776//776 837//837 785//785
f 785//785 831//831 793//793
f 832//832 801//801 778//778
f 801//801 787//787 754//754
f 639//639 824//824 878//878
f 880//880 795//795 807//807
f 825//825 796//796 808//808
f 797//797 816//816 817//817
f 850//850 825//825 808//808
f 826//826 797//797 817//817
f 850//850 808//808 799//799
f 803//803 819//819 818//818
f 829//829 827//827 828//828
f 866//866 828//828 792//792
f 810//810 866//866 792//792
f 785//785 830//830 831//831
f 837//837 830//830 785//785
f 800//800 839//839 786//786
f 839//839 820//820 786//786
f 821//821 823//823 822//822
f 787//787 840//840 805//805
f 859//859 788//788 846//846
f 859//859 841//841 788//788
f 789//789 780//780 842//842
f 772//772 790//790 834//834
f 791//791 815//815 849//849
f 791//791 849//849 816//816
f 850//850 799//799 803//803
f 851//851 850//850 803//803
f 803//803 818//818 851//851
f 810//810 809//809 866//866
f 793//793 831//831 811//811
f 844//844 800//800 821//821
f 821//821 822//822 858//858
f 787//787 801//801 840//840
f 823//823 812//812 822//822
f 878//878 833//833 812//812
f 813//813 860//860 824//824
f 789//789 842//842 813//813
f 848//848 843//843 806//806
f 796//796 886//886 790//790
f 817//817 816//816 826//826
f 836//836 825//825 850//850
f 853//853 829//829 828//828
f 853//853 828//828 866//866
f 852//852 827//827 829//829
f 854//854 837//837 820//820
f 831//831 856//856 811//811
f 778//778 811//811 857//857
f 844//844 821//821 845//845
f 821//821 858//858 845//845
f 840//840 801//801 832//832
f 846//846 805//805 840//840
f 772//772 834//834 814//814
f 886//886 834//834 790//790
f 826//826 816//816 835//835
f 852//852 882//882 819//819
f 852//852 819//819 827//827
f 874//874 837//837 854//854
f 838//838 830//830 837//837
f 839//839 800//800 844//844
f 857//857 811//811 856//856
f 857//857 832//832 778//778
f 812//812 833//833 822//822
f 824//824 860//860 878//878
f 813//813 842//842 847//847
f 861//861 902//902 807//807
f 870//870 835//835 816//816
f 864//864 796//796 825//825
f 826//826 835//835 871//871
f 798//798 826//826 871//871
f 809//809 798//798 881//881
f 865//865 866//866 809//809
f 819//819 851//851 818//818
f 838//838 831//831 830//830
f 846//846 840//840 877//877
f 841//841 892//892 848//848
f 880//880 807//807 902//902
f 864//864 869//869 796//796
f 825//825 836//836 864//864
f 894//894 864//864 836//836
f 894//894 836//836 850//850
f 888//888 865//865 809//809
f 881//881 888//888 809//809
f 819//819 882//882 851//851
f 895//895 852//852 829//829
f 874//874 838//838 837//837
f 839//839 855//855 820//820
f 855//855 854//854 820//820
f 844//844 855//855 839//839
f 844//844 845//845 906//906
f 857//857 876//876 832//832
f 832//832 876//876 840//840
f 858//858 822//822 845//845
f 833//833 867//867 822//822
f 813//813 847//847 860//860
f 859//859 892//892 841//841
f 902//902 843//843 848//848
f 902//902 861//861 843//843
f 834//834 862//862 814//814
f 849//849 880//880 868//868
f 868//868 816//816 849//849
f 796//796 869//869 886//886
f 872//872 894//894 850//850
f 873//873 881//881 798//798
f 851//851 882//882 889//889
f 865//865 853//853 866//866
f 895//895 930//930 852//852
f 838//838 883//883 831//831
f 831//831 883//883 856//856
f 906//906 925//925 844//844
f 857//857 856//856 876//876
f 867//867 884//884 822//822
f 845//845 822//822 884//884
f 877//877 859//859 846//846
f 847//847 842//842 860//860
f 814//814 901//901 780//780
f 862//862 963//963 814//814
f 887//887 816//816 868//868
f 870//870 816//816 887//887
f 871//871 873//873 798//798
f 850//850 851//851 872//872
f 889//889 905//905 851//851
f 852//852 889//889 882//882
f 914//914 829//829 853//853
f 875//875 838//838 874//874
f 874//874 854//854 855//855
f 844//844 925//925 855//855
f 899//899 906//906 845//845
f 899//899 845//845 884//884
f 876//876 891//891 840//840
f 840//840 891//891 877//877
f 877//877 912//912 859//859
f 860//860 879//879 878//878
f 918//918 859//859 912//912
f 944//944 848//848 892//892
f 950//950 848//848 944//944
f 950//950 902//902 848//848
f 814//814 963//963 901//901
f 863//863 880//880 902//902
f 887//887 868//868 880//880
f 853//853 865//865 914//914
f 930//930 889//889 852//852
f 874//874 855//855 896//896
f 860//860 842//842 919//919
f 834//834 893//893 885//885
f 880//880 863//863 887//887
f 886//886 893//893 834//834
f 881//881 873//873 888//888
f 851//851 947//947 872//872
f 925//925 897//897 855//855
f 838//838 875//875 883//883
f 883//883 890//890 856//856
f 876//876 856//856 890//890
f 899//899 884//884 867//867
f 916//916 867//867 833//833
f 910//910 912//912 877//877
f 919//919 879//879 860//860
f 834//834 885//885 862//862
f 893//893 886//886 869//869
f 904//904 870//870 887//887
f 893//893 869//869 864//864
f 864//864 903//903 893//893
f 894//894 903//903 864//864
f 835//835 870//870 871//871
f 873//873 871//871 957//957
f 937//937 851//851 905//905
f 937//937 947//947 851//851
f 888//888 914//914 865//865
f 922//922 905//905 889//889
f 959//959 895//895 829//829
f 875//875 874//874 896//896
f 883//883 875//875 898//898
f 899//899 867//867 916//916
f 916//916 833//833 909//909
f 878//878 879//879 934//934
f 892//892 943//943 944//944
f 935//935 919//919 842//842
f 780//780 901//901 842//842
f 1011//1011 902//902 950//950
f 885//885 945//945 862//862
f 904//904 887//887 863//863
f 928//928 903//903 894//894
f 888//888 913//913 914//914
f 930//930 923//923 889//889
f 896//896 931//931 875//875
f 931//931 924//924 875//875
f 890//890 900//900 876//876
f 900//900 908//908 876//876
f 891//891 876//876 908//908
f 908//908 910//910 891//891
f 877//877 891//891 910//910
f 878//878 934//934 911//911
f 918//918 892//892 859//859
f 1011//1011 990//990 902//902
f 902//902 951//951 863//863
f 936//936 873//873 957//957
f 952//952 888//888 873//873
f 922//922 921//921 905//905
f 922//922 889//889 923//923
f 915//915 930//930 895//895
f 855//855 897//897 896//896
f 898//898 890//890 883//883
f 906//906 899//899 907//907
f 916//916 909//909 917//917
f 878//878 909//909 833//833
f 912//912 910//910 918//918
f 919//919 935//935 879//879
f 893//893 920//920 885//885
f 870//870 904//904 927//927
f 928//928 894//894 872//872
f 947//947 928//928 872//872
f 913//913 888//888 952//952
f 915//915 895//895 959//959
f 930//930 915//915 959//959
f 897//897 931//931 896//896
f 939//939 898//898 875//875
f 890//890 898//898 900//900
f 900//900 955//955 908//908
f 909//909 933//933 917//917
f 926//926 909//909 878//878
f 911//911 926//926 878//878
f 901//901 935//935 842//842
f 862//862 945//945 963//963
f 945//945 885//885 920//920
f 927//927 904//904 863//863
f 903//903 946//946 893//893
f 871//871 870//870 927//927
f 873//873 936//936 929//929
f 929//929 952//952 873//873
f 913//913 829//829 914//914
f 930//930 973//973 923//923
f 924//924 939//939 875//875
f 932//932 925//925 906//906
f 906//906 907//907 932//932
f 916//916 948//948 899//899
f 907//907 899//899 948//948
f 908//908 940//940 941//941
f 941//941 910//910 908//908
f 909//909 926//926 911//911
f 879//879 935//935 934//934
f 992//992 951//951 902//902
f 927//927 863//863 951//951
f 928//928 964//964 903//903
f 958//958 937//937 921//921
f 921//921 922//922 923//923
f 959//959 975//975 930//930
f 897//897 938//938 931//931
f 931//931 939//939 924//924
f 1004//1004 897//897 925//925
f 948//948 916//916 917//917
f 955//955 940//940 908//908
f 909//909 911//911 933//933
f 918//918 910//910 941//941
f 918//918 943//943 892//892
f 946//946 903//903 964//964
f 927//927 957//957 871//871
f 927//927 1066//1066 957//957
f 994//994 964//964 928//928
f 937//937 905//905 921//921
f 913//913 952//952 971//971
f 973//973 921//921 923//923
f 972//972 829//829 913//913
f 939//939 931//931 983//983
f 932//932 1004//1004 925//925
f 932//932 907//907 948//948
f 898//898 955//955 900//900
f 917//917 933//933 948//948
f 935//935 949//949 934//934
f 944//944 943//943 950//950
f 992//992 902//902 990//990
f 920//920 893//893 946//946
f 937//937 958//958 947//947
f 972//972 913//913 971//971
f 953//953 973//973 930//930
f 953//953 930//930 975//975
f 897//897 1004//1004 954//954
f 954//954 938//938 897//897
f 983//983 898//898 939//939
f 983//983 955//955 898//898
f 961//961 948//948 956//956
f 948//948 933//933 956//956
f 940//940 1007//1007 941//941
f 941//941 1007//1007 918//918
f 918//918 942//942 943//943
f 1009//1009 950//950 943//943
f 920//920 1012//1012 945//945
f 969//969 927//927 951//951
f 929//929 936//936 1032//1032
f 928//928 947//947 1013//1013
f 996//996 1013//1013 947//947
f 929//929 1032//1032 952//952
f 958//958 996//996 947//947
f 829//829 972//972 959//959
f 966//966 931//931 938//938
f 966//966 983//983 931//931
f 961//961 932//932 948//948
f 955//955 960//960 940//940
f 956//956 933//933 962//962
f 911//911 962//962 933//933
f 918//918 1007//1007 942//942
f 949//949 988//988 934//934
f 1011//1011 950//950 1009//1009
f 901//901 1010//1010 935//935
f 969//969 951//951 992//992
f 927//927 969//969 993//993
f 936//936 957//957 1066//1066
f 1032//1032 936//936 995//995
f 952//952 1032//1032 971//971
f 996//996 958//958 921//921
f 973//973 965//965 921//921
f 975//975 959//959 972//972
f 961//961 982//982 932//932
f 960//960 955//955 983//983
f 961//961 956//956 984//984
f 962//962 986//986 956//956
f 1007//1007 940//940 967//967
f 1048//1048 962//962 987//987
f 968//968 987//987 962//962
f 934//934 968//968 911//911
f 911//911 968//968 962//962
f 1008//1008 943//943 942//942
f 1009//1009 943//943 1008//1008
f 1012//1012 963//963 945//945
f 920//920 946//946 1012//1012
f 964//964 1049//1049 946//946
f 1013//1013 970//970 928//928
f 970//970 994//994 928//928
f 1033//1033 996//996 921//921
f 997//997 972//972 971//971
f 1014//1014 1033//1033 921//921
f 1014//1014 921//921 965//965
f 953//953 1052//1052 973//973
f 974//974 975//975 972//972
f 1052//1052 953//953 975//975
f 978//978 976//976 977//977
f 980//980 978//978 977//977
f 1018//1018 977//977 979//979
f 979//979 977//977 999//999
f 1000//1000 980//980 977//977
f 1000//1000 977//977 1018//1018
f 961//961 984//984 981//981
f 961//961 981//981 982//982
f 985//985 940//940 960//960
f 967//967 940//940 985//985
f 1048//1048 986//986 962//962
f 967//967 1025//1025 1007//1007
f 987//987 934//934 1048//1048
f 987//987 968//968 934//934
f 988//988 1048//1048 934//934
f 1008//1008 942//942 1007//1007
f 949//949 989//989 988//988
f 935//935 1010//1010 949//949
f 963//963 1010//1010 901//901
f 963//963 991//991 1010//1010
f 1012//1012 991//991 963//963
f 1066//1066 927//927 993//993
f 936//936 1066//1066 995//995
f 971//971 1032//1032 1034//1034
f 965//965 973//973 1014//1014
f 1071//1071 974//974 972//972
f 1071//1071 1052//1052 975//975
f 975//975 974//974 1071//1071
f 998//998 976//976 978//978
f 977//977 976//976 1015//1015
f 977//977 1015//1015 999//999
f 978//978 1001//1001 998//998
f 980//980 1001//1001 978//978
f 1003//1003 1001//1001 980//980
f 1003//1003 980//980 1000//1000
f 979//979 1040//1040 1018//1018
f 1001//1001 1003//1003 1002//1002
f 1018//1018 1003//1003 1000//1000
f 982//982 1004//1004 932//932
f 956//956 1005//1005 984//984
f 984//984 1005//1005 981//981
f 1006//1006 1005//1005 956//956
f 983//983 985//985 960//960
f 986//986 1006//1006 956//956
f 1008//1008 1007//1007 1026//1026
f 949//949 1010//1010 989//989
f 1163//1163 990//990 1011//1011
f 992//992 990//990 1163//1163
f 1013//1013 994//994 970//970
f 1085//1085 997//997 971//971
f 972//972 997//997 1085//1085
f 1131//1131 1014//1014 973//973
f 973//973 1052//1052 1131//1131
f 1071//1071 972//972 1070//1070
f 1015//1015 1036//1036 999//999
f 1036//1036 979//979 999//999
f 1001//1001 1038//1038 998//998
f 1036//1036 1016//1016 979//979
f 1054//1054 979//979 1016//1016
f 1017//1017 1038//1038 1001//1001
f 1040//1040 979//979 1054//1054
f 1002//1002 1017//1017 1001//1001
f 1042//1042 1018//1018 1040//1040
f 1003//1003 1017//1017 1002//1002
f 1041//1041 1017//1017 1020//1020
f 1020//1020 1017//1017 1003//1003
f 1020//1020 1003//1003 1018//1018
f 1019//1019 1020//1020 1018//1018
f 1019//1019 1018//1018 1042//1042
f 1020//1020 1019//1019 1005//1005
f 1005//1005 1019//1019 981//981
f 981//981 1019//1019 1021//1021
f 1021//1021 982//982 981//981
f 1021//1021 1022//1022 982//982
f 982//982 1022//1022 1004//1004
f 954//954 1044//1044 938//938
f 1005//1005 1006//1006 1020//1020
f 966//966 1045//1045 983//983
f 1024//1024 1020//1020 1006//1006
f 1059//1059 983//983 1045//1045
f 1059//1059 985//985 983//983
f 1059//1059 1023//1023 985//985
f 1006//1006 986//986 1024//1024
f 1023//1023 1025//1025 985//985
f 1025//1025 967//967 985//985
f 1048//1048 1024//1024 986//986
f 1025//1025 1119//1119 1007//1007
f 1007//1007 1119//1119 1026//1026
f 1027//1027 1048//1048 988//988
f 1163//1163 1011//1011 1009//1009
f 1193//1193 969//969 992//992
f 1029//1029 1012//1012 946//946
f 964//964 1031//1031 1049//1049
f 1194//1194 1066//1066 993//993
f 1050//1050 964//964 994//994
f 1066//1066 1068//1068 995//995
f 995//995 1068//1068 1032//1032
f 1013//1013 996//996 1083//1083
f 1083//1083 996//996 1033//1033
f 1014//1014 1051//1051 1033//1033
f 1034//1034 1085//1085 971//971
f 1070//1070 972//972 1069//1069
f 972//972 1085//1085 1069//1069
f 1166//1166 1131//1131 1052//1052
f 976//976 998//998 1053//1053
f 976//976 1134//1134 1015//1015
f 1038//1038 1053//1053 998//998
f 1089//1089 1016//1016 1036//1036
f 1089//1089 1054//1054 1016//1016
f 1038//1038 1017//1017 1039//1039
f 1057//1057 1042//1042 1040//1040
f 1043//1043 1041//1041 1020//1020
f 1057//1057 1058//1058 1042//1042
f 1019//1019 1042//1042 1058//1058
f 1021//1021 1019//1019 1058//1058
f 1020//1020 1046//1046 1043//1043
f 938//938 1044//1044 966//966
f 1024//1024 1046//1046 1020//1020
f 1047//1047 1119//1119 1025//1025
f 989//989 1027//1027 988//988
f 1062//1062 989//989 1010//1010
f 1028//1028 1062//1062 1010//1010
f 1163//1163 1009//1009 1122//1122
f 1125//1125 969//969 1193//1193
f 1125//1125 1123//1123 969//969
f 1123//1123 993//993 969//969
f 1030//1030 1029//1029 946//946
f 1127//1127 1194//1194 993//993
f 946//946 1049//1049 1030//1030
f 964//964 1065//1065 1031//1031
f 964//964 1050//1050 1065//1065
f 1083//1083 994//994 1013//1013
f 1083//1083 1033//1033 1051//1051
f 1053//1053 1035//1035 976//976
f 1035//1035 1134//1134 976//976
f 1015//1015 1134//1134 1036//1036
f 1037//1037 1053//1053 1038//1038
f 1039//1039 1037//1037 1038//1038
f 1073//1073 1040//1040 1054//1054
f 1055//1055 1040//1040 1073//1073
f 1017//1017 1056//1056 1039//1039
f 1056//1056 1017//1017 1041//1041
f 1040//1040 1055//1055 1057//1057
f 1046//1046 1078//1078 1043//1043
f 954//954 1004//1004 1044//1044
f 966//966 1159//1159 1045//1045
f 1045//1045 1075//1075 1059//1059
f 1059//1059 1076//1076 1060//1060
f 1023//1023 1059//1059 1060//1060
f 1047//1047 1025//1025 1023//1023
f 1060//1060 1047//1047 1023//1023
f 1078//1078 1046//1046 1024//1024
f 1024//1024 1048//1048 1078//1078
f 1080//1080 1048//1048 1027//1027
f 1026//1026 1119//1119 1008//1008
f 989//989 1062//1062 1027//1027
f 1009//1009 1008//1008 1061//1061
f 1164//1164 992//992 1163//1163
f 1029//1029 1124//1124 1012//1012
f 1068//1068 1066//1066 1067//1067
f 1051//1051 1129//1129 1083//1083
f 1070//1070 1086//1086 1071//1071
f 1088//1088 1036//1036 1134//1134
f 1089//1089 1036//1036 1088//1088
f 1099//1099 1054//1054 1089//1089
f 1143//1143 1054//1054 1099//1099
f 1039//1039 1094//1094 1037//1037
f 1054//1054 1143//1143 1073//1073
f 1056//1056 1074//1074 1039//1039
f 1057//1057 1151//1151 1184//1184
f 1057//1057 1184//1184 1058//1058
f 1043//1043 1078//1078 1041//1041
f 1058//1058 1187//1187 1021//1021
f 1075//1075 1076//1076 1059//1059
f 1187//1187 1022//1022 1021//1021
f 1022//1022 1077//1077 1004//1004
f 1077//1077 1117//1117 1004//1004
f 1060//1060 1076//1076 1116//1116
f 1048//1048 1118//1118 1078//1078
f 1048//1048 1080//1080 1118//1118
f 1079//1079 1119//1119 1047//1047
f 1121//1121 1081//1081 1027//1027
f 1162//1162 1061//1061 1008//1008
f 1009//1009 1061//1061 1162//1162
f 1028//1028 1082//1082 1062//1062
f 1122//1122 1009//1009 1063//1063
f 991//991 1012//1012 1010//1010
f 1222//1222 1127//1127 993//993
f 1049//1049 1031//1031 1030//1030
f 1050//1050 1223//1223 1031//1031
f 1050//1050 1031//1031 1065//1065
f 1067//1067 1066//1066 1194//1194
f 1244//1244 1050//1050 994//994
f 1083//1083 1244//1244 994//994
f 1034//1034 1032//1032 1068//1068
f 1085//1085 1034//1034 1084//1084
f 1201//1201 1166//1166 1052//1052
f 1052//1052 1071//1071 1087//1087
f 1087//1087 1201//1201 1052//1052
f 1090//1090 1072//1072 1053//1053
f 1090//1090 1053//1053 1037//1037
f 1093//1093 1091//1091 1092//1092
f 1092//1092 1091//1091 1095//1095
f 1092//1092 1095//1095 1101//1101
f 1091//1091 1093//1093 1096//1096
f 1097//1097 1091//1091 1096//1096
f 1095//1095 1091//1091 1097//1097
f 1098//1098 1097//1097 1096//1096
f 1037//1037 1094//1094 1090//1090
f 1102//1102 1101//1101 1095//1095
f 1102//1102 1095//1095 1097//1097
f 1097//1097 1098//1098 1100//1100
f 1097//1097 1100//1100 1102//1102
f 1105//1105 1102//1102 1103//1103
f 1039//1039 1144//1144 1094//1094
f 1109//1109 1101//1101 1102//1102
f 1109//1109 1102//1102 1105//1105
f 1107//1107 1109//1109 1105//1105
f 1110//1110 1104//1104 1101//1101
f 1108//1108 1104//1104 1110//1110
f 1110//1110 1101//1101 1109//1109
f 1179//1179 1055//1055 1073//1073
f 1106//1106 1107//1107 1105//1105
f 1105//1105 1103//1103 1106//1106
f 1146//1146 1055//1055 1208//1208
f 1115//1115 1109//1109 1107//1107
f 1115//1115 1107//1107 1106//1106
f 1115//1115 1106//1106 1103//1103
f 1151//1151 1055//1055 1146//1146
f 1147//1147 1108//1108 1114//1114
f 1151//1151 1057//1057 1055//1055
f 1110//1110 1109//1109 1115//1115
f 1041//1041 1074//1074 1056//1056
f 1116//1116 1115//1115 1103//1103
f 1041//1041 1113//1113 1074//1074
f 1110//1110 1115//1115 1076//1076
f 1112//1112 1114//1114 1108//1108
f 1112//1112 1110//1110 1076//1076
f 1112//1112 1108//1108 1110//1110
f 1115//1115 1116//1116 1076//1076
f 1078//1078 1113//1113 1041//1041
f 1076//1076 1111//1111 1114//1114
f 1076//1076 1114//1114 1112//1112
f 1078//1078 1155//1155 1113//1113
f 1156//1156 1111//1111 1075//1075
f 1075//1075 1111//1111 1076//1076
f 1060//1060 1116//1116 1157//1157
f 1236//1236 1004//1004 1117//1117
f 1236//1236 1044//1044 1004//1004
f 1159//1159 1156//1156 1045//1045
f 1075//1075 1045//1045 1156//1156
f 1190//1190 1047//1047 1060//1060
f 1190//1190 1079//1079 1047//1047
f 1027//1027 1120//1120 1080//1080
f 1008//1008 1119//1119 1218//1218
f 1027//1027 1081//1081 1120//1120
f 1162//1162 1008//1008 1218//1218
f 1121//1121 1027//1027 1062//1062
f 1082//1082 1121//1121 1062//1062
f 1162//1162 1063//1063 1009//1009
f 1064//1064 1028//1028 1010//1010
f 1193//1193 992//992 1164//1164
f 1010//1010 1012//1012 1064//1064
f 1012//1012 1124//1124 1064//1064
f 1029//1029 1126//1126 1124//1124
f 1125//1125 993//993 1123//1123
f 1030//1030 1126//1126 1029//1029
f 1222//1222 1194//1194 1127//1127
f 1067//1067 1194//1194 1128//1128
f 1128//1128 1068//1068 1067//1067
f 1129//1129 1244//1244 1083//1083
f 1034//1034 1068//1068 1084//1084
f 1085//1085 1084//1084 1198//1198
f 1130//1130 1129//1129 1051//1051
f 1199//1199 1130//1130 1051//1051
f 1069//1069 1085//1085 1132//1132
f 1131//1131 1199//1199 1051//1051
f 1131//1131 1051//1051 1014//1014
f 1132//1132 1086//1086 1070//1070
f 1070//1070 1069//1069 1132//1132
f 1166//1166 1247//1247 1131//1131
f 1086//1086 1087//1087 1071//1071
f 1072//1072 1133//1133 1053//1053
f 1133//1133 1035//1035 1053//1053
f 1204//1204 1089//1089 1088//1088
f 1101//1101 1135//1135 1137//1137
f 1139//1139 1135//1135 1170//1170
f 1137//1137 1135//1135 1139//1139
f 1136//1136 1101//1101 1137//1137
f 1101//1101 1136//1136 1092//1092
f 1092//1092 1136//1136 1093//1093
f 1136//1136 1138//1138 1093//1093
f 1136//1136 1137//1137 1138//1138
f 1204//1204 1099//1099 1089//1089
f 1138//1138 1096//1096 1093//1093
f 1096//1096 1138//1138 1098//1098
f 1138//1138 1139//1139 1098//1098
f 1138//1138 1137//1137 1139//1139
f 1139//1139 1100//1100 1098//1098
f 1139//1139 1102//1102 1100//1100
f 1101//1101 1104//1104 1141//1141
f 1139//1139 1103//1103 1102//1102
f 1142//1142 1141//1141 1104//1104
f 1103//1103 1139//1139 1152//1152
f 1144//1144 1140//1140 1094//1094
f 1139//1139 1178//1178 1149//1149
f 1139//1139 1149//1149 1152//1152
f 1179//1179 1073//1073 1143//1143
f 1141//1141 1142//1142 1175//1175
f 1108//1108 1142//1142 1104//1104
f 1074//1074 1144//1144 1039//1039
f 1208//1208 1055//1055 1179//1179
f 1142//1142 1145//1145 1175//1175
f 1147//1147 1145//1145 1142//1142
f 1108//1108 1147//1147 1142//1142
f 1152//1152 1116//1116 1103//1103
f 1111//1111 1147//1147 1114//1114
f 1152//1152 1153//1153 1116//1116
f 1152//1152 1149//1149 1153//1153
f 1113//1113 1155//1155 1074//1074
f 1153//1153 1157//1157 1116//1116
f 1184//1184 1231//1231 1058//1058
f 1058//1058 1231//1231 1187//1187
f 1156//1156 1154//1154 1111//1111
f 1187//1187 1158//1158 1022//1022
f 1022//1022 1158//1158 1077//1077
f 1078//1078 1160//1160 1155//1155
f 1044//1044 1188//1188 966//966
f 1159//1159 966//966 1188//1188
f 1190//1190 1060//1060 1157//1157
f 1078//1078 1080//1080 1160//1160
f 1118//1118 1080//1080 1078//1078
f 1119//1119 1079//1079 1190//1190
f 1191//1191 1119//1119 1190//1190
f 1161//1161 1120//1120 1081//1081
f 1240//1240 1125//1125 1193//1193
f 1222//1222 993//993 1125//1125
f 1031//1031 1223//1223 1030//1030
f 1050//1050 1195//1195 1223//1223
f 1195//1195 1050//1050 1196//1196
f 1244//1244 1196//1196 1050//1050
f 1084//1084 1068//1068 1128//1128
f 1300//1300 1244//1244 1129//1129
f 1129//1129 1130//1130 1300//1300
f 1198//1198 1084//1084 1165//1165
f 1198//1198 1132//1132 1085//1085
f 1199//1199 1131//1131 1247//1247
f 1087//1087 1086//1086 1225//1225
f 1200//1200 1166//1166 1201//1201
f 1225//1225 1201//1201 1087//1087
f 1133//1133 1249//1249 1035//1035
f 1202//1202 1168//1168 1035//1035
f 1088//1088 1134//1134 1203//1203
f 1169//1169 1170//1170 1135//1135
f 1090//1090 1167//1167 1072//1072
f 1204//1204 1088//1088 1203//1203
f 1274//1274 1169//1169 1101//1101
f 1101//1101 1169//1169 1135//1135
f 1171//1171 1274//1274 1101//1101
f 1141//1141 1174//1174 1101//1101
f 1101//1101 1174//1174 1171//1171
f 1178//1178 1139//1139 1172//1172
f 1172//1172 1139//1139 1170//1170
f 1094//1094 1205//1205 1090//1090
f 1178//1178 1172//1172 1173//1173
f 1140//1140 1205//1205 1094//1094
f 1204//1204 1143//1143 1099//1099
f 1176//1176 1143//1143 1204//1204
f 1177//1177 1174//1174 1175//1175
f 1141//1141 1175//1175 1174//1174
f 1178//1178 1173//1173 1210//1210
f 1176//1176 1179//1179 1143//1143
f 1177//1177 1175//1175 1180//1180
f 1180//1180 1175//1175 1145//1145
f 1186//1186 1178//1178 1210//1210
f 1178//1178 1186//1186 1149//1149
f 1144//1144 1182//1182 1181//1181
f 1074//1074 1182//1182 1144//1144
f 1147//1147 1180//1180 1145//1145
f 1148//1148 1180//1180 1147//1147
f 1208//1208 1151//1151 1146//1146
f 1183//1183 1180//1180 1148//1148
f 1150//1150 1182//1182 1074//1074
f 1184//1184 1151//1151 1208//1208
f 1074//1074 1155//1155 1150//1150
f 1111//1111 1148//1148 1147//1147
f 1215//1215 1148//1148 1111//1111
f 1157//1157 1153//1153 1186//1186
f 1186//1186 1153//1153 1149//1149
f 1231//1231 1184//1184 1230//1230
f 1111//1111 1154//1154 1215//1215
f 1156//1156 1216//1216 1154//1154
f 1156//1156 1159//1159 1216//1216
f 1189//1189 1157//1157 1186//1186
f 1187//1187 1290//1290 1158//1158
f 1189//1189 1190//1190 1157//1157
f 1120//1120 1160//1160 1080//1080
f 1218//1218 1119//1119 1191//1191
f 1081//1081 1082//1082 1161//1161
f 1121//1121 1082//1082 1081//1081
f 1219//1219 1162//1162 1218//1218
f 1293//1293 1122//1122 1063//1063
f 1293//1293 1163//1163 1122//1122
f 1164//1164 1163//1163 1267//1267
f 1221//1221 1193//1193 1164//1164
f 1126//1126 1323//1323 1124//1124
f 1241//1241 1194//1194 1222//1222
f 1242//1242 1194//1194 1268//1268
f 1194//1194 1242//1242 1128//1128
f 1197//1197 1084//1084 1128//1128
f 1084//1084 1243//1243 1301//1301
f 1084//1084 1301//1301 1165//1165
f 1198//1198 1086//1086 1132//1132
f 1200//1200 1247//1247 1166//1166
f 1072//1072 1167//1167 1253//1253
f 1072//1072 1253//1253 1133//1133
f 1249//1249 1202//1202 1035//1035
f 1035//1035 1168//1168 1134//1134
f 1168//1168 1203//1203 1134//1134
f 1274//1274 1275//1275 1169//1169
f 1169//1169 1252//1252 1170//1170
f 1090//1090 1205//1205 1167//1167
f 1171//1171 1250//1250 1274//1274
f 1277//1277 1172//1172 1170//1170
f 1174//1174 1209//1209 1171//1171
f 1176//1176 1204//1204 1312//1312
f 1177//1177 1209//1209 1174//1174
f 1206//1206 1173//1173 1172//1172
f 1177//1177 1207//1207 1209//1209
f 1206//1206 1210//1210 1173//1173
f 1144//1144 1181//1181 1140//1140
f 1208//1208 1179//1179 1176//1176
f 1180//1180 1207//1207 1177//1177
f 1206//1206 1212//1212 1210//1210
f 1209//1209 1207//1207 1211//1211
f 1211//1211 1207//1207 1180//1180
f 1183//1183 1211//1211 1180//1180
f 1213//1213 1210//1210 1212//1212
f 1230//1230 1184//1184 1208//1208
f 1155//1155 1182//1182 1150//1150
f 1214//1214 1210//1210 1213//1213
f 1155//1155 1185//1185 1182//1182
f 1215//1215 1183//1183 1148//1148
f 1214//1214 1186//1186 1210//1210
f 1216//1216 1215//1215 1154//1154
f 1214//1214 1189//1189 1186//1186
f 1155//1155 1160//1160 1185//1185
f 1216//1216 1159//1159 1233//1233
f 1077//1077 1158//1158 1117//1117
f 1158//1158 1236//1236 1117//1117
f 1264//1264 1190//1190 1189//1189
f 1190//1190 1264//1264 1191//1191
f 1120//1120 1217//1217 1160//1160
f 1238//1238 1217//1217 1120//1120
f 1161//1161 1238//1238 1120//1120
f 1082//1082 1319//1319 1161//1161
f 1219//1219 1063//1063 1162//1162
f 1028//1028 1192//1192 1082//1082
f 1028//1028 1220//1220 1192//1192
f 1239//1239 1220//1220 1028//1028
f 1064//1064 1239//1239 1028//1028
f 1221//1221 1164//1164 1267//1267
f 1193//1193 1221//1221 1240//1240
f 1124//1124 1323//1323 1064//1064
f 1268//1268 1194//1194 1241//1241
f 1242//1242 1197//1197 1128//1128
f 1243//1243 1084//1084 1197//1197
f 1298//1298 1196//1196 1244//1244
f 1224//1224 1198//1198 1165//1165
f 1130//1130 1199//1199 1245//1245
f 1086//1086 1248//1248 1225//1225
f 1225//1225 1248//1248 1201//1201
f 1275//1275 1251//1251 1169//1169
f 1252//1252 1277//1277 1170//1170
f 1312//1312 1204//1204 1203//1203
f 1209//1209 1256//1256 1171//1171
f 1206//1206 1172//1172 1255//1255
f 1209//1209 1227//1227 1256//1256
f 1212//1212 1206//1206 1226//1226
f 1258//1258 1208//1208 1176//1176
f 1181//1181 1281//1281 1140//1140
f 1211//1211 1227//1227 1209//1209
f 1212//1212 1226//1226 1259//1259
f 1229//1229 1227//1227 1211//1211
f 1182//1182 1228//1228 1181//1181
f 1183//1183 1229//1229 1211//1211
f 1316//1316 1208//1208 1258//1258
f 1259//1259 1213//1213 1212//1212
f 1183//1183 1260//1260 1229//1229
f 1316//1316 1230//1230 1208//1208
f 1259//1259 1214//1214 1213//1213
f 1183//1183 1215//1215 1260//1260
f 1185//1185 1292//1292 1182//1182
f 1234//1234 1187//1187 1231//1231
f 1264//1264 1189//1189 1214//1214
f 1234//1234 1289//1289 1187//1187
f 1187//1187 1289//1289 1290//1290
f 1188//1188 1235//1235 1159//1159
f 1233//1233 1159//1159 1235//1235
f 1044//1044 1236//1236 1237//1237
f 1158//1158 1291//1291 1236//1236
f 1217//1217 1238//1238 1160//1160
f 1388//1388 1218//1218 1191//1191
f 1352//1352 1218//1218 1388//1388
f 1352//1352 1219//1219 1218//1218
f 1161//1161 1319//1319 1238//1238
f 1082//1082 1192//1192 1319//1319
f 1355//1355 1163//1163 1293//1293
f 1064//1064 1323//1323 1239//1239
f 1222//1222 1125//1125 1240//1240
f 1359//1359 1126//1126 1223//1223
f 1030//1030 1223//1223 1126//1126
f 1195//1195 1297//1297 1223//1223
f 1195//1195 1196//1196 1297//1297
f 1165//1165 1301//1301 1224//1224
f 1245//1245 1300//1300 1130//1130
f 1246//1246 1198//1198 1224//1224
f 1303//1303 1198//1198 1246//1246
f 1247//1247 1273//1273 1199//1199
f 1303//1303 1272//1272 1086//1086
f 1086//1086 1198//1198 1303//1303
f 1247//1247 1200//1200 1273//1273
f 1248//1248 1086//1086 1272//1272
f 1367//1367 1200//1200 1201//1201
f 1248//1248 1367//1367 1201//1201
f 1253//1253 1333//1333 1133//1133
f 1168//1168 1202//1202 1203//1203
f 1171//1171 1254//1254 1250//1250
f 1167//1167 1205//1205 1253//1253
f 1256//1256 1254//1254 1171//1171
f 1278//1278 1172//1172 1277//1277
f 1278//1278 1255//1255 1172//1172
f 1278//1278 1206//1206 1255//1255
f 1281//1281 1279//1279 1205//1205
f 1309//1309 1206//1206 1278//1278
f 1227//1227 1282//1282 1256//1256
f 1140//1140 1281//1281 1205//1205
f 1226//1226 1206//1206 1309//1309
f 1312//1312 1258//1258 1176//1176
f 1227//1227 1285//1285 1282//1282
f 1229//1229 1285//1285 1227//1227
f 1181//1181 1228//1228 1281//1281
f 1287//1287 1259//1259 1226//1226
f 1182//1182 1261//1261 1228//1228
f 1262//1262 1260//1260 1215//1215
f 1292//1292 1261//1261 1182//1182
f 1232//1232 1262//1262 1215//1215
f 1234//1234 1231//1231 1230//1230
f 1233//1233 1232//1232 1215//1215
f 1264//1264 1214//1214 1263//1263
f 1263//1263 1344//1344 1264//1264
f 1233//1233 1215//1215 1216//1216
f 1044//1044 1265//1265 1188//1188
f 1235//1235 1188//1188 1265//1265
f 1290//1290 1291//1291 1158//1158
f 1160//1160 1292//1292 1185//1185
f 1238//1238 1292//1292 1160//1160
f 1238//1238 1266//1266 1292//1292
f 1319//1319 1266//1266 1238//1238
f 1293//1293 1063//1063 1219//1219
f 1192//1192 1354//1354 1319//1319
f 1355//1355 1267//1267 1163//1163
f 1220//1220 1239//1239 1192//1192
f 1267//1267 1240//1240 1221//1221
f 1126//1126 1359//1359 1323//1323
f 1197//1197 1242//1242 1362//1362
f 1362//1362 1243//1243 1197//1197
f 1301//1301 1243//1243 1269//1269
f 1300//1300 1298//1298 1244//1244
f 1271//1271 1245//1245 1199//1199
f 1271//1271 1199//1199 1273//1273
f 1248//1248 1272//1272 1303//1303
f 1338//1338 1203//1203 1202//1202
f 1169//1169 1251//1251 1252//1252
f 1251//1251 1276//1276 1252//1252
f 1277//1277 1252//1252 1276//1276
f 1205//1205 1279//1279 1253//1253
f 1279//1279 1335//1335 1253//1253
f 1338//1338 1312//1312 1203//1203
f 1307//1307 1254//1254 1256//1256
f 1310//1310 1278//1278 1277//1277
f 1308//1308 1307//1307 1256//1256
f 1312//1312 1338//1338 1257//1257
f 1282//1282 1308//1308 1256//1256
f 1313//1313 1258//1258 1312//1312
f 1284//1284 1226//1226 1309//1309
f 1313//1313 1342//1342 1258//1258
f 1228//1228 1283//1283 1281//1281
f 1226//1226 1284//1284 1287//1287
f 1342//1342 1316//1316 1258//1258
f 1229//1229 1286//1286 1285//1285
f 1229//1229 1262//1262 1286//1286
f 1287//1287 1214//1214 1259//1259
f 1260//1260 1262//1262 1229//1229
f 1344//1344 1214//1214 1287//1287
f 1346//1346 1230//1230 1316//1316
f 1230//1230 1346//1346 1234//1234
f 1344//1344 1263//1263 1214//1214
f 1233//1233 1235//1235 1385//1385
f 1385//1385 1235//1235 1288//1288
f 1237//1237 1265//1265 1044//1044
f 1318//1318 1292//1292 1266//1266
f 1219//1219 1352//1352 1389//1389
f 1356//1356 1321//1321 1240//1240
f 1356//1356 1240//1240 1267//1267
f 1322//1322 1239//1239 1323//1323
f 1294//1294 1295//1295 1240//1240
f 1240//1240 1295//1295 1222//1222
f 1295//1295 1241//1241 1222//1222
f 1223//1223 1296//1296 1359//1359
f 1268//1268 1241//1241 1325//1325
f 1361//1361 1242//1242 1268//1268
f 1296//1296 1223//1223 1326//1326
f 1223//1223 1421//1421 1326//1326
f 1361//1361 1362//1362 1242//1242
f 1297//1297 1421//1421 1223//1223
f 1362//1362 1269//1269 1243//1243
f 1328//1328 1299//1299 1301//1301
f 1328//1328 1301//1301 1269//1269
f 1300//1300 1460//1460 1298//1298
f 1330//1330 1301//1301 1299//1299
f 1300//1300 1270//1270 1364//1364
f 1245//1245 1270//1270 1300//1300
f 1224//1224 1301//1301 1330//1330
f 1271//1271 1302//1302 1245//1245
f 1200//1200 1428//1428 1273//1273
f 1368//1368 1367//1367 1248//1248
f 1368//1368 1248//1248 1303//1303
f 1333//1333 1253//1253 1306//1306
f 1249//1249 1338//1338 1202//1202
f 1399//1399 1464//1464 1254//1254
f 1275//1275 1398//1398 1251//1251
f 1277//1277 1276//1276 1251//1251
f 1277//1277 1251//1251 1305//1305
f 1399//1399 1254//1254 1307//1307
f 1277//1277 1305//1305 1370//1370
f 1335//1335 1306//1306 1253//1253
f 1370//1370 1310//1310 1277//1277
f 1278//1278 1310//1310 1309//1309
f 1279//1279 1336//1336 1335//1335
f 1282//1282 1337//1337 1308//1308
f 1279//1279 1281//1281 1311//1311
f 1280//1280 1312//1312 1257//1257
f 1315//1315 1337//1337 1282//1282
f 1281//1281 1341//1341 1311//1311
f 1312//1312 1280//1280 1313//1313
f 1283//1283 1341//1341 1281//1281
f 1285//1285 1315//1315 1282//1282
f 1286//1286 1315//1315 1285//1285
f 1262//1262 1315//1315 1286//1286
f 1316//1316 1345//1345 1346//1346
f 1344//1344 1287//1287 1314//1314
f 1233//1233 1262//1262 1232//1232
f 1385//1385 1347//1347 1233//1233
f 1191//1191 1264//1264 1344//1344
f 1289//1289 1234//1234 1386//1386
f 1350//1350 1288//1288 1235//1235
f 1388//1388 1191//1191 1414//1414
f 1292//1292 1317//1317 1348//1348
f 1386//1386 1290//1290 1289//1289
f 1235//1235 1265//1265 1350//1350
f 1349//1349 1291//1291 1290//1290
f 1349//1349 1351//1351 1291//1291
f 1236//1236 1291//1291 1416//1416
f 1236//1236 1265//1265 1237//1237
f 1266//1266 1319//1319 1353//1353
f 1390//1390 1293//1293 1219//1219
f 1354//1354 1479//1479 1319//1319
f 1390//1390 1355//1355 1293//1293
f 1192//1192 1320//1320 1354//1354
f 1239//1239 1320//1320 1192//1192
f 1239//1239 1322//1322 1320//1320
f 1294//1294 1240//1240 1321//1321
f 1359//1359 1296//1296 1324//1324
f 1296//1296 1326//1326 1360//1360
f 1297//1297 1196//1196 1421//1421
f 1298//1298 1363//1363 1196//1196
f 1327//1327 1269//1269 1362//1362
f 1298//1298 1460//1460 1363//1363
f 1300//1300 1364//1364 1460//1460
f 1330//1330 1299//1299 1328//1328
f 1245//1245 1302//1302 1270//1270
f 1330//1330 1366//1366 1224//1224
f 1246//1246 1224//1224 1366//1366
f 1303//1303 1246//1246 1331//1331
f 1304//1304 1273//1273 1428//1428
f 1332//1332 1303//1303 1331//1331
f 1367//1367 1429//1429 1200//1200
f 1332//1332 1368//1368 1303//1303
f 1333//1333 1334//1334 1133//1133
f 1249//1249 1133//1133 1334//1334
f 1250//1250 1254//1254 1274//1274
f 1274//1274 1254//1254 1275//1275
f 1373//1373 1249//1249 1334//1334
f 1373//1373 1338//1338 1249//1249
f 1333//1333 1306//1306 1335//1335
f 1308//1308 1337//1337 1307//1307
f 1338//1338 1339//1339 1257//1257
f 1339//1339 1280//1280 1257//1257
f 1311//1311 1336//1336 1279//1279
f 1401//1401 1309//1309 1310//1310
f 1377//1377 1309//1309 1401//1401
f 1313//1313 1280//1280 1339//1339
f 1377//1377 1284//1284 1309//1309
f 1339//1339 1379//1379 1313//1313
f 1342//1342 1313//1313 1379//1379
f 1379//1379 1316//1316 1342//1342
f 1377//1377 1287//1287 1284//1284
f 1314//1314 1287//1287 1377//1377
f 1228//1228 1343//1343 1283//1283
f 1345//1345 1316//1316 1379//1379
f 1343//1343 1228//1228 1261//1261
f 1262//1262 1347//1347 1315//1315
f 1233//1233 1347//1347 1262//1262
f 1234//1234 1346//1346 1384//1384
f 1414//1414 1191//1191 1344//1344
f 1292//1292 1348//1348 1261//1261
f 1384//1384 1386//1386 1234//1234
f 1386//1386 1349//1349 1290//1290
f 1265//1265 1236//1236 1416//1416
f 1351//1351 1416//1416 1291//1291
f 1292//1292 1353//1353 1317//1317
f 1318//1318 1353//1353 1292//1292
f 1353//1353 1318//1318 1266//1266
f 1219//1219 1389//1389 1390//1390
f 1319//1319 1391//1391 1353//1353
f 1479//1479 1391//1391 1319//1319
f 1355//1355 1356//1356 1267//1267
f 1323//1323 1481//1481 1322//1322
f 1359//1359 1392//1392 1323//1323
f 1358//1358 1295//1295 1294//1294
f 1359//1359 1324//1324 1457//1457
f 1295//1295 1325//1325 1241//1241
f 1296//1296 1457//1457 1324//1324
f 1360//1360 1457//1457 1296//1296
f 1268//1268 1325//1325 1361//1361
f 1363//1363 1421//1421 1196//1196
f 1327//1327 1395//1395 1328//1328
f 1327//1327 1328//1328 1269//1269
f 1330//1330 1328//1328 1329//1329
f 1270//1270 1302//1302 1365//1365
f 1271//1271 1365//1365 1302//1302
f 1246//1246 1366//1366 1331//1331
f 1304//1304 1271//1271 1273//1273
f 1464//1464 1369//1369 1254//1254
f 1254//1254 1369//1369 1275//1275
f 1369//1369 1397//1397 1275//1275
f 1305//1305 1251//1251 1370//1370
f 1432//1432 1334//1334 1333//1333
f 1432//1432 1403//1403 1334//1334
f 1403//1403 1373//1373 1334//1334
f 1335//1335 1371//1371 1333//1333
f 1333//1333 1371//1371 1432//1432
f 1337//1337 1400//1400 1307//1307
f 1370//1370 1401//1401 1310//1310
f 1335//1335 1372//1372 1371//1371
f 1336//1336 1372//1372 1335//1335
f 1375//1375 1338//1338 1373//1373
f 1337//1337 1374//1374 1400//1400
f 1371//1371 1372//1372 1336//1336
f 1374//1374 1337//1337 1315//1315
f 1375//1375 1339//1339 1338//1338
f 1311//1311 1376//1376 1336//1336
f 1340//1340 1374//1374 1315//1315
f 1376//1376 1311//1311 1341//1341
f 1339//1339 1378//1378 1379//1379
f 1283//1283 1407//1407 1341//1341
f 1315//1315 1381//1381 1340//1340
f 1407//1407 1283//1283 1382//1382
f 1380//1380 1314//1314 1377//1377
f 1382//1382 1283//1283 1343//1343
f 1411//1411 1345//1345 1379//1379
f 1380//1380 1344//1344 1314//1314
f 1347//1347 1381//1381 1315//1315
f 1261//1261 1383//1383 1343//1343
f 1380//1380 1412//1412 1344//1344
f 1384//1384 1346//1346 1345//1345
f 1413//1413 1383//1383 1261//1261
f 1412//1412 1414//1414 1344//1344
f 1413//1413 1261//1261 1348//1348
f 1350//1350 1265//1265 1450//1450
f 1448//1448 1449//1449 1349//1349
f 1349//1349 1449//1449 1351//1351
f 1351//1351 1541//1541 1416//1416
f 1416//1416 1417//1417 1265//1265
f 1265//1265 1417//1417 1450//1450
f 1387//1387 1388//1388 1414//1414
f 1353//1353 1348//1348 1317//1317
f 1389//1389 1352//1352 1388//1388
f 1418//1418 1348//1348 1353//1353
f 1451//1451 1390//1390 1389//1389
f 1454//1454 1390//1390 1478//1478
f 1320//1320 1322//1322 1354//1354
f 1356//1356 1355//1355 1390//1390
f 1390//1390 1321//1321 1356//1356
f 1514//1514 1294//1294 1321//1321
f 1323//1323 1392//1392 1481//1481
f 1358//1358 1325//1325 1295//1295
f 1326//1326 1393//1393 1360//1360
f 1422//1422 1394//1394 1361//1361
f 1394//1394 1362//1362 1361//1361
f 1395//1395 1329//1329 1328//1328
f 1270//1270 1460//1460 1364//1364
f 1365//1365 1423//1423 1270//1270
f 1427//1427 1271//1271 1304//1304
f 1427//1427 1558//1558 1271//1271
f 1331//1331 1426//1426 1332//1332
f 1426//1426 1331//1331 1366//1366
f 1332//1332 1429//1429 1368//1368
f 1488//1488 1428//1428 1200//1200
f 1429//1429 1488//1488 1200//1200
f 1368//1368 1429//1429 1367//1367
f 1464//1464 1397//1397 1369//1369
f 1397//1397 1398//1398 1275//1275
f 1370//1370 1251//1251 1398//1398
f 1370//1370 1398//1398 1463//1463
f 1307//1307 1400//1400 1399//1399
f 1336//1336 1406//1406 1371//1371
f 1402//1402 1371//1371 1406//1406
f 1403//1403 1375//1375 1373//1373
f 1371//1371 1402//1402 1432//1432
f 1403//1403 1405//1405 1375//1375
f 1406//1406 1336//1336 1376//1376
f 1403//1403 1466//1466 1405//1405
f 1401//1401 1404//1404 1408//1408
f 1377//1377 1401//1401 1408//1408
f 1434//1434 1374//1374 1440//1440
f 1405//1405 1339//1339 1375//1375
f 1340//1340 1440//1440 1374//1374
f 1341//1341 1406//1406 1376//1376
f 1407//1407 1406//1406 1341//1341
f 1405//1405 1378//1378 1339//1339
f 1408//1408 1380//1380 1377//1377
f 1340//1340 1410//1410 1440//1440
f 1405//1405 1379//1379 1378//1378
f 1381//1381 1410//1410 1340//1340
f 1409//1409 1411//1411 1379//1379
f 1409//1409 1379//1379 1405//1405
f 1382//1382 1343//1343 1407//1407
f 1412//1412 1380//1380 1408//1408
f 1442//1442 1345//1345 1411//1411
f 1384//1384 1345//1345 1442//1442
f 1384//1384 1444//1444 1445//1445
f 1445//1445 1386//1386 1384//1384
f 1475//1475 1385//1385 1288//1288
f 1348//1348 1415//1415 1413//1413
f 1445//1445 1349//1349 1386//1386
f 1288//1288 1350//1350 1475//1475
f 1389//1389 1388//1388 1387//1387
f 1418//1418 1447//1447 1348//1348
f 1453//1453 1390//1390 1451//1451
f 1418//1418 1353//1353 1391//1391
f 1453//1453 1478//1478 1390//1390
f 1513//1513 1391//1391 1479//1479
f 1322//1322 1479//1479 1354//1354
f 1455//1455 1390//1390 1454//1454
f 1321//1321 1390//1390 1514//1514
f 1390//1390 1455//1455 1514//1514
f 1480//1480 1322//1322 1357//1357
f 1322//1322 1481//1481 1357//1357
f 1456//1456 1294//1294 1514//1514
f 1456//1456 1358//1358 1294//1294
f 1359//1359 1457//1457 1392//1392
f 1325//1325 1358//1358 1420//1420
f 1420//1420 1361//1361 1325//1325
f 1360//1360 1393//1393 1457//1457
f 1394//1394 1422//1422 1362//1362
f 1422//1422 1327//1327 1362//1362
f 1395//1395 1330//1330 1329//1329
f 1423//1423 1460//1460 1270//1270
f 1396//1396 1423//1423 1365//1365
f 1366//1366 1330//1330 1518//1518
f 1366//1366 1518//1518 1424//1424
f 1461//1461 1365//1365 1271//1271
f 1425//1425 1366//1366 1424//1424
f 1558//1558 1461//1461 1271//1271
f 1425//1425 1426//1426 1366//1366
f 1521//1521 1429//1429 1332//1332
f 1488//1488 1462//1462 1428//1428
f 1464//1464 1430//1430 1397//1397
f 1400//1400 1431//1431 1399//1399
f 1431//1431 1464//1464 1399//1399
f 1490//1490 1401//1401 1370//1370
f 1404//1404 1401//1401 1490//1490
f 1374//1374 1434//1434 1400//1400
f 1432//1432 1466//1466 1403//1403
f 1466//1466 1437//1437 1405//1405
f 1408//1408 1404//1404 1433//1433
f 1407//1407 1465//1465 1406//1406
f 1406//1406 1465//1465 1402//1402
f 1432//1432 1402//1402 1495//1495
f 1432//1432 1495//1495 1466//1466
f 1407//1407 1435//1435 1465//1465
f 1437//1437 1466//1466 1436//1436
f 1437//1437 1409//1409 1405//1405
f 1437//1437 1411//1411 1409//1409
f 1437//1437 1439//1439 1411//1411
f 1435//1435 1407//1407 1441//1441
f 1437//1437 1436//1436 1438//1438
f 1437//1437 1438//1438 1439//1439
f 1411//1411 1439//1439 1438//1438
f 1408//1408 1433//1433 1443//1443
f 1343//1343 1441//1441 1407//1407
f 1411//1411 1438//1438 1442//1442
f 1410//1410 1470//1470 1440//1440
f 1381//1381 1470//1470 1410//1410
f 1443//1443 1412//1412 1408//1408
f 1383//1383 1413//1413 1343//1343
f 1347//1347 1470//1470 1381//1381
f 1442//1442 1444//1444 1384//1384
f 1385//1385 1470//1470 1347//1347
f 1385//1385 1475//1475 1470//1470
f 1443//1443 1414//1414 1412//1412
f 1472//1472 1414//1414 1443//1443
f 1415//1415 1446//1446 1413//1413
f 1414//1414 1472//1472 1451//1451
f 1445//1445 1505//1505 1349//1349
f 1451//1451 1387//1387 1414//1414
f 1348//1348 1447//1447 1415//1415
f 1505//1505 1448//1448 1349//1349
f 1451//1451 1389//1389 1387//1387
f 1449//1449 1541//1541 1351//1351
f 1416//1416 1477//1477 1417//1417
f 1418//1418 1452//1452 1447//1447
f 1480//1480 1479//1479 1322//1322
f 1457//1457 1419//1419 1392//1392
f 1361//1361 1420//1420 1458//1458
f 1458//1458 1422//1422 1361//1361
f 1326//1326 1482//1482 1393//1393
f 1421//1421 1597//1597 1326//1326
f 1363//1363 1483//1483 1421//1421
f 1550//1550 1327//1327 1422//1422
f 1395//1395 1327//1327 1459//1459
f 1363//1363 1516//1516 1483//1483
f 1460//1460 1516//1516 1363//1363
f 1330//1330 1395//1395 1484//1484
f 1330//1330 1484//1484 1485//1485
f 1423//1423 1486//1486 1460//1460
f 1423//1423 1396//1396 1486//1486
f 1518//1518 1330//1330 1485//1485
f 1555//1555 1396//1396 1365//1365
f 1365//1365 1461//1461 1555//1555
f 1520//1520 1558//1558 1427//1427
f 1462//1462 1304//1304 1428//1428
f 1462//1462 1658//1658 1304//1304
f 1489//1489 1522//1522 1464//1464
f 1398//1398 1397//1397 1463//1463
f 1370//1370 1463//1463 1490//1490
f 1468//1468 1433//1433 1404//1404
f 1434//1434 1467//1467 1400//1400
f 1465//1465 1497//1497 1402//1402
f 1402//1402 1497//1497 1495//1495
f 1465//1465 1469//1469 1497//1497
f 1440//1440 1467//1467 1434//1434
f 1470//1470 1467//1467 1440//1440
f 1465//1465 1435//1435 1441//1441
f 1468//1468 1443//1443 1433//1433
f 1465//1465 1441//1441 1469//1469
f 1467//1467 1470//1470 1471//1471
f 1436//1436 1442//1442 1438//1438
f 1472//1472 1443//1443 1468//1468
f 1413//1413 1441//1441 1343//1343
f 1473//1473 1444//1444 1442//1442
f 1413//1413 1474//1474 1441//1441
f 1503//1503 1441//1441 1474//1474
f 1446//1446 1474//1474 1413//1413
f 1502//1502 1470//1470 1475//1475
f 1445//1445 1444//1444 1473//1473
f 1536//1536 1505//1505 1445//1445
f 1350//1350 1476//1476 1475//1475
f 1450//1450 1476//1476 1350//1350
f 1447//1447 1446//1446 1415//1415
f 1446//1446 1447//1447 1474//1474
f 1508//1508 1474//1474 1447//1447
f 1506//1506 1448//1448 1505//1505
f 1477//1477 1416//1416 1541//1541
f 1447//1447 1452//1452 1509//1509
f 1453//1453 1451//1451 1543//1543
f 1391//1391 1512//1512 1418//1418
f 1511//1511 1455//1455 1454//1454
f 1511//1511 1454//1454 1478//1478
f 1513//1513 1512//1512 1391//1391
f 1547//1547 1357//1357 1481//1481
f 1392//1392 1419//1419 1481//1481
f 1514//1514 1546//1546 1456//1456
f 1358//1358 1548//1548 1420//1420
f 1393//1393 1549//1549 1457//1457
f 1625//1625 1457//1457 1549//1549
f 1422//1422 1458//1458 1596//1596
f 1596//1596 1550//1550 1422//1422
f 1326//1326 1597//1597 1482//1482
f 1421//1421 1483//1483 1597//1597
f 1550//1550 1551//1551 1327//1327
f 1551//1551 1395//1395 1459//1459
f 1551//1551 1459//1459 1327//1327
f 1427//1427 1304//1304 1520//1520
f 1426//1426 1521//1521 1332//1332
f 1658//1658 1462//1462 1488//1488
f 1630//1630 1487//1487 1429//1429
f 1488//1488 1630//1630 1658//1658
f 1488//1488 1429//1429 1487//1487
f 1464//1464 1522//1522 1430//1430
f 1397//1397 1430//1430 1563//1563
f 1563//1563 1463//1463 1397//1397
f 1463//1463 1563//1563 1490//1490
f 1431//1431 1489//1489 1464//1464
f 1400//1400 1527//1527 1431//1431
f 1524//1524 1404//1404 1490//1490
f 1400//1400 1493//1493 1527//1527
f 1494//1494 1404//1404 1524//1524
f 1494//1494 1468//1468 1404//1404
f 1494//1494 1524//1524 1491//1491
f 1494//1494 1491//1491 1492//1492
f 1467//1467 1493//1493 1400//1400
f 1494//1494 1492//1492 1498//1498
f 1498//1498 1468//1468 1494//1494
f 1467//1467 1533//1533 1493//1493
f 1441//1441 1497//1497 1469//1469
f 1495//1495 1499//1499 1466//1466
f 1499//1499 1436//1436 1466//1466
f 1471//1471 1533//1533 1467//1467
f 1496//1496 1497//1497 1441//1441
f 1498//1498 1472//1472 1468//1468
f 1499//1499 1442//1442 1436//1436
f 1499//1499 1473//1473 1442//1442
f 1498//1498 1492//1492 1501//1501
f 1501//1501 1472//1472 1498//1498
f 1496//1496 1441//1441 1503//1503
f 1495//1495 1497//1497 1496//1496
f 1470//1470 1533//1533 1471//1471
f 1470//1470 1502//1502 1533//1533
f 1501//1501 1492//1492 1500//1500
f 1536//1536 1473//1473 1499//1499
f 1536//1536 1445//1445 1473//1473
f 1500//1500 1472//1472 1501//1501
f 1508//1508 1503//1503 1474//1474
f 1476//1476 1502//1502 1475//1475
f 1502//1502 1476//1476 1538//1538
f 1508//1508 1504//1504 1503//1503
f 1536//1536 1537//1537 1505//1505
f 1451//1451 1472//1472 1500//1500
f 1476//1476 1450//1450 1538//1538
f 1584//1584 1505//1505 1537//1537
f 1584//1584 1506//1506 1505//1505
f 1451//1451 1500//1500 1543//1543
f 1508//1508 1447//1447 1509//1509
f 1449//1449 1540//1540 1541//1541
f 1417//1417 1477//1477 1507//1507
f 1418//1418 1509//1509 1452//1452
f 1512//1512 1510//1510 1418//1418
f 1591//1591 1418//1418 1510//1510
f 1511//1511 1478//1478 1589//1589
f 1480//1480 1513//1513 1479//1479
f 1511//1511 1514//1514 1455//1455
f 1357//1357 1545//1545 1480//1480
f 1514//1514 1511//1511 1546//1546
f 1547//1547 1545//1545 1357//1357
f 1456//1456 1546//1546 1594//1594
f 1456//1456 1548//1548 1358//1358
f 1457//1457 1515//1515 1419//1419
f 1548//1548 1595//1595 1458//1458
f 1548//1548 1458//1458 1420//1420
f 1549//1549 1393//1393 1482//1482
f 1597//1597 1483//1483 1516//1516
f 1551//1551 1517//1517 1395//1395
f 1517//1517 1484//1484 1395//1395
f 1485//1485 1484//1484 1517//1517
f 1555//1555 1461//1461 1628//1628
f 1425//1425 1519//1519 1426//1426
f 1426//1426 1519//1519 1521//1521
f 1521//1521 1630//1630 1429//1429
f 1630//1630 1488//1488 1487//1487
f 1489//1489 1523//1523 1522//1522
f 1431//1431 1523//1523 1489//1489
f 1523//1523 1431//1431 1527//1527
f 1493//1493 1525//1525 1527//1527
f 1524//1524 1526//1526 1528//1528
f 1528//1528 1491//1491 1524//1524
f 1528//1528 1492//1492 1491//1491
f 1493//1493 1529//1529 1525//1525
f 1528//1528 1526//1526 1530//1530
f 1530//1530 1492//1492 1528//1528
f 1533//1533 1529//1529 1493//1493
f 1530//1530 1526//1526 1571//1571
f 1530//1530 1571//1571 1531//1531
f 1531//1531 1492//1492 1530//1530
f 1571//1571 1532//1532 1531//1531
f 1492//1492 1531//1531 1532//1532
f 1572//1572 1492//1492 1532//1532
f 1500//1500 1492//1492 1572//1572
f 1496//1496 1499//1499 1495//1495
f 1529//1529 1533//1533 1502//1502
f 1496//1496 1534//1534 1499//1499
f 1534//1534 1536//1536 1499//1499
f 1503//1503 1580//1580 1496//1496
f 1496//1496 1580//1580 1534//1534
f 1578//1578 1500//1500 1535//1535
f 1534//1534 1580//1580 1537//1537
f 1534//1534 1537//1537 1536//1536
f 1577//1577 1502//1502 1538//1538
f 1503//1503 1504//1504 1580//1580
f 1504//1504 1508//1508 1580//1580
f 1537//1537 1580//1580 1581//1581
f 1581//1581 1584//1584 1537//1537
f 1417//1417 1582//1582 1450//1450
f 1582//1582 1538//1538 1450//1450
f 1543//1543 1500//1500 1578//1578
f 1539//1539 1448//1448 1506//1506
f 1620//1620 1540//1540 1449//1449
f 1417//1417 1507//1507 1582//1582
f 1584//1584 1539//1539 1506//1506
f 1448//1448 1539//1539 1542//1542
f 1448//1448 1542//1542 1449//1449
f 1477//1477 1541//1541 1507//1507
f 1580//1580 1508//1508 1588//1588
f 1509//1509 1588//1588 1508//1508
f 1589//1589 1543//1543 1587//1587
f 1589//1589 1453//1453 1543//1543
f 1588//1588 1509//1509 1591//1591
f 1589//1589 1478//1478 1453//1453
f 1591//1591 1509//1509 1418//1418
f 1511//1511 1589//1589 1623//1623
f 1511//1511 1623//1623 1592//1592
f 1544//1544 1512//1512 1513//1513
f 1545//1545 1513//1513 1480//1480
f 1547//1547 1481//1481 1593//1593
f 1419//1419 1593//1593 1481//1481
f 1649//1649 1456//1456 1594//1594
f 1649//1649 1548//1548 1456//1456
f 1625//1625 1515//1515 1457//1457
f 1595//1595 1596//1596 1458//1458
f 1597//1597 1549//1549 1482//1482
f 1517//1517 1551//1551 1552//1552
f 1460//1460 1708//1708 1516//1516
f 1460//1460 1554//1554 1708//1708
f 1518//1518 1485//1485 1553//1553
f 1553//1553 1485//1485 1517//1517
f 1554//1554 1460//1460 1486//1486
f 1396//1396 1554//1554 1486//1486
f 1627//1627 1599//1599 1518//1518
f 1518//1518 1599//1599 1556//1556
f 1556//1556 1424//1424 1518//1518
f 1425//1425 1599//1599 1519//1519
f 1425//1425 1424//1424 1599//1599
f 1557//1557 1461//1461 1558//1558
f 1557//1557 1558//1558 1711//1711
f 1560//1560 1559//1559 1521//1521
f 1658//1658 1520//1520 1304//1304
f 1561//1561 1630//1630 1521//1521
f 1562//1562 1430//1430 1522//1522
f 1562//1562 1563//1563 1430//1430
f 1564//1564 1522//1522 1523//1523
f 1522//1522 1564//1564 1603//1603
f 1522//1522 1603//1603 1562//1562
f 1567//1567 1563//1563 1562//1562
f 1567//1567 1490//1490 1563//1563
f 1567//1567 1524//1524 1490//1490
f 1523//1523 1527//1527 1606//1606
f 1567//1567 1526//1526 1524//1524
f 1606//1606 1527//1527 1566//1566
f 1525//1525 1570//1570 1527//1527
f 1568//1568 1527//1527 1570//1570
f 1567//1567 1565//1565 1569//1569
f 1569//1569 1526//1526 1567//1567
f 1570//1570 1525//1525 1529//1529
f 1569//1569 1565//1565 1571//1571
f 1571//1571 1526//1526 1569//1569
f 1529//1529 1574//1574 1570//1570
f 1572//1572 1532//1532 1571//1571
f 1571//1571 1573//1573 1572//1572
f 1573//1573 1500//1500 1572//1572
f 1571//1571 1575//1575 1573//1573
f 1575//1575 1535//1535 1500//1500
f 1575//1575 1500//1500 1573//1573
f 1571//1571 1535//1535 1575//1575
f 1529//1529 1502//1502 1576//1576
f 1502//1502 1577//1577 1576//1576
f 1579//1579 1577//1577 1538//1538
f 1614//1614 1577//1577 1579//1579
f 1616//1616 1543//1543 1578//1578
f 1645//1645 1582//1582 1507//1507
f 1449//1449 1644//1644 1620//1620
f 1616//1616 1586//1586 1543//1543
f 1581//1581 1580//1580 1583//1583
f 1616//1616 1585//1585 1586//1586
f 1583//1583 1580//1580 1588//1588
f 1583//1583 1647//1647 1581//1581
f 1585//1585 1543//1543 1586//1586
f 1587//1587 1543//1543 1585//1585
f 1590//1590 1591//1591 1624//1624
f 1624//1624 1591//1591 1544//1544
f 1591//1591 1510//1510 1544//1544
f 1512//1512 1544//1544 1510//1510
f 1545//1545 1544//1544 1513//1513
f 1664//1664 1546//1546 1511//1511
f 1594//1594 1546//1546 1664//1664
f 1593//1593 1419//1419 1515//1515
f 1649//1649 1595//1595 1548//1548
f 1596//1596 1551//1551 1550//1550
f 1597//1597 1516//1516 1598//1598
f 1551//1551 1670//1670 1552//1552
f 1670//1670 1653//1653 1517//1517
f 1552//1552 1670//1670 1517//1517
f 1653//1653 1553//1553 1517//1517
f 1555//1555 1554//1554 1396//1396
f 1424//1424 1556//1556 1599//1599
f 1711//1711 1628//1628 1461//1461
f 1711//1711 1461//1461 1557//1557
f 1599//1599 1521//1521 1519//1519
f 1599//1599 1560//1560 1521//1521
f 1711//1711 1558//1558 1520//1520
f 1520//1520 1658//1658 1711//1711
f 1602//1602 1601//1601 1600//1600
f 1521//1521 1559//1559 1600//1600
f 1559//1559 1602//1602 1600//1600
f 1559//1559 1560//1560 1602//1602
f 1676//1676 1658//1658 1630//1630
f 1561//1561 1600//1600 1601//1601
f 1630//1630 1561//1561 1601//1601
f 1600//1600 1561//1561 1521//1521
f 1562//1562 1603//1603 1632//1632
f 1632//1632 1567//1567 1562//1562
f 1523//1523 1606//1606 1564//1564
f 1603//1603 1564//1564 1632//1632
f 1632//1632 1604//1604 1567//1567
f 1604//1604 1565//1565 1567//1567
f 1604//1604 1605//1605 1608//1608
f 1608//1608 1565//1565 1604//1604
f 1566//1566 1609//1609 1606//1606
f 1606//1606 1609//1609 1607//1607
f 1527//1527 1609//1609 1566//1566
f 1568//1568 1638//1638 1609//1609
f 1568//1568 1609//1609 1527//1527
f 1608//1608 1605//1605 1635//1635
f 1570//1570 1638//1638 1568//1568
f 1608//1608 1610//1610 1611//1611
f 1611//1611 1565//1565 1608//1608
f 1611//1611 1571//1571 1565//1565
f 1610//1610 1571//1571 1611//1611
f 1638//1638 1570//1570 1574//1574
f 1612//1612 1571//1571 1610//1610
f 1574//1574 1529//1529 1638//1638
f 1612//1612 1535//1535 1571//1571
f 1529//1529 1614//1614 1638//1638
f 1639//1639 1638//1638 1614//1614
f 1614//1614 1529//1529 1576//1576
f 1577//1577 1614//1614 1576//1576
f 1612//1612 1578//1578 1535//1535
f 1613//1613 1615//1615 1612//1612
f 1615//1615 1616//1616 1612//1612
f 1616//1616 1578//1578 1612//1612
f 1614//1614 1579//1579 1617//1617
f 1621//1621 1616//1616 1615//1615
f 1579//1579 1538//1538 1582//1582
f 1615//1615 1619//1619 1621//1621
f 1541//1541 1540//1540 1678//1678
f 1579//1579 1582//1582 1645//1645
f 1579//1579 1645//1645 1642//1642
f 1647//1647 1584//1584 1581//1581
f 1647//1647 1539//1539 1584//1584
f 1542//1542 1644//1644 1449//1449
f 1540//1540 1620//1620 1678//1678
f 1541//1541 1713//1713 1507//1507
f 1507//1507 1713//1713 1645//1645
f 1619//1619 1585//1585 1616//1616
f 1619//1619 1616//1616 1621//1621
f 1619//1619 1587//1587 1585//1585
f 1590//1590 1583//1583 1588//1588
f 1623//1623 1587//1587 1619//1619
f 1591//1591 1590//1590 1588//1588
f 1622//1622 1623//1623 1619//1619
f 1623//1623 1589//1589 1587//1587
f 1648//1648 1511//1511 1592//1592
f 1545//1545 1662//1662 1544//1544
f 1664//1664 1511//1511 1648//1648
f 1662//1662 1545//1545 1547//1547
f 1666//1666 1515//1515 1625//1625
f 1690//1690 1595//1595 1649//1649
f 1650//1650 1625//1625 1549//1549
f 1595//1595 1692//1692 1596//1596
f 1597//1597 1668//1668 1549//1549
f 1551//1551 1596//1596 1626//1626
f 1551//1551 1626//1626 1670//1670
f 1516//1516 1708//1708 1598//1598
f 1553//1553 1627//1627 1518//1518
f 1599//1599 1627//1627 1672//1672
f 1658//1658 1674//1674 1711//1711
f 1560//1560 1629//1629 1602//1602
f 1602//1602 1629//1629 1601//1601
f 1749//1749 1676//1676 1630//1630
f 1630//1630 1601//1601 1629//1629
f 1631//1631 1632//1632 1564//1564
f 1606//1606 1631//1631 1564//1564
f 1632//1632 1605//1605 1604//1604
f 1607//1607 1631//1631 1606//1606
f 1631//1631 1633//1633 1632//1632
f 1633//1633 1605//1605 1632//1632
f 1631//1631 1634//1634 1633//1633
f 1631//1631 1607//1607 1634//1634
f 1634//1634 1635//1635 1605//1605
f 1634//1634 1605//1605 1633//1633
f 1636//1636 1635//1635 1634//1634
f 1607//1607 1637//1637 1634//1634
f 1634//1634 1637//1637 1636//1636
f 1607//1607 1640//1640 1637//1637
f 1609//1609 1638//1638 1607//1607
f 1607//1607 1638//1638 1640//1640
f 1636//1636 1637//1637 1635//1635
f 1637//1637 1613//1613 1635//1635
f 1613//1613 1608//1608 1635//1635
f 1638//1638 1639//1639 1640//1640
f 1613//1613 1610//1610 1608//1608
f 1613//1613 1612//1612 1610//1610
f 1637//1637 1640//1640 1613//1613
f 1614//1614 1617//1617 1639//1639
f 1639//1639 1617//1617 1640//1640
f 1640//1640 1615//1615 1613//1613
f 1640//1640 1617//1617 1618//1618
f 1618//1618 1615//1615 1640//1640
f 1617//1617 1615//1615 1618//1618
f 1642//1642 1617//1617 1579//1579
f 1641//1641 1619//1619 1615//1615
f 1641//1641 1615//1615 1617//1617
f 1643//1643 1617//1617 1642//1642
f 1617//1617 1619//1619 1641//1641
f 1646//1646 1642//1642 1645//1645
f 1643//1643 1619//1619 1617//1617
f 1713//1713 1541//1541 1678//1678
f 1542//1542 1539//1539 1647//1647
f 1645//1645 1713//1713 1659//1659
f 1646//1646 1645//1645 1659//1659
f 1646//1646 1681//1681 1642//1642
f 1647//1647 1700//1700 1542//1542
f 1683//1683 1619//1619 1643//1643
f 1647//1647 1583//1583 1660//1660
f 1680//1680 1583//1583 1590//1590
f 1660//1660 1583//1583 1680//1680
f 1683//1683 1622//1622 1619//1619
f 1624//1624 1680//1680 1590//1590
f 1683//1683 1623//1623 1622//1622
f 1687//1687 1623//1623 1683//1683
f 1687//1687 1592//1592 1623//1623
f 1686//1686 1624//1624 1544//1544
f 1648//1648 1592//1592 1687//1687
f 1593//1593 1662//1662 1547//1547
f 1664//1664 1649//1649 1594//1594
f 1515//1515 1666//1666 1593//1593
f 1704//1704 1595//1595 1690//1690
f 1704//1704 1692//1692 1595//1595
f 1549//1549 1668//1668 1651//1651
f 1650//1650 1549//1549 1651//1651
f 1692//1692 1626//1626 1596//1596
f 1668//1668 1597//1597 1652//1652
f 1598//1598 1652//1652 1597//1597
f 1626//1626 1692//1692 1670//1670
f 1692//1692 1669//1669 1670//1670
f 1708//1708 1652//1652 1598//1598
f 1553//1553 1653//1653 1670//1670
f 1555//1555 1654//1654 1554//1554
f 1555//1555 1628//1628 1654//1654
f 1654//1654 1628//1628 1673//1673
f 1709//1709 1599//1599 1672//1672
f 1655//1655 1673//1673 1628//1628
f 1710//1710 1655//1655 1628//1628
f 1656//1656 1599//1599 1709//1709
f 1762//1762 1628//1628 1711//1711
f 1599//1599 1656//1656 1560//1560
f 1675//1675 1674//1674 1658//1658
f 1560//1560 1697//1697 1629//1629
f 1657//1657 1697//1697 1560//1560
f 1697//1697 1749//1749 1630//1630
f 1630//1630 1629//1629 1697//1697
f 1644//1644 1677//1677 1620//1620
f 1542//1542 1700//1700 1677//1677
f 1542//1542 1677//1677 1644//1644
f 1659//1659 1713//1713 1679//1679
f 1642//1642 1683//1683 1643//1643
f 1680//1680 1624//1624 1661//1661
f 1684//1684 1624//1624 1686//1686
f 1544//1544 1662//1662 1686//1686
f 1663//1663 1664//1664 1648//1648
f 1689//1689 1664//1664 1663//1663
f 1664//1664 1689//1689 1744//1744
f 1721//1721 1662//1662 1593//1593
f 1664//1664 1744//1744 1665//1665
f 1664//1664 1665//1665 1690//1690
f 1664//1664 1690//1690 1649//1649
f 1625//1625 1650//1650 1666//1666
f 1651//1651 1668//1668 1650//1650
f 1554//1554 1671//1671 1708//1708
f 1554//1554 1654//1654 1671//1671
f 1672//1672 1553//1553 1670//1670
f 1672//1672 1627//1627 1553//1553
f 1762//1762 1710//1710 1628//1628
f 1698//1698 1674//1674 1675//1675
f 1676//1676 1675//1675 1658//1658
f 1700//1700 1647//1647 1701//1701
f 1660//1660 1701//1701 1647//1647
f 1679//1679 1681//1681 1659//1659
f 1659//1659 1681//1681 1646//1646
f 1682//1682 1681//1681 1717//1717
f 1682//1682 1642//1642 1681//1681
f 1682//1682 1683//1683 1642//1642
f 1684//1684 1680//1680 1661//1661
f 1680//1680 1684//1684 1702//1702
f 1684//1684 1661//1661 1624//1624
f 1682//1682 1685//1685 1683//1683
f 1685//1685 1687//1687 1683//1683
f 1684//1684 1686//1686 1702//1702
f 1687//1687 1663//1663 1648//1648
f 1689//1689 1663//1663 1687//1687
f 1662//1662 1703//1703 1688//1688
f 1593//1593 1722//1722 1721//1721
f 1722//1722 1593//1593 1666//1666
f 1650//1650 1723//1723 1667//1667
f 1692//1692 1704//1704 1691//1691
f 1705//1705 1650//1650 1668//1668
f 1692//1692 1693//1693 1669//1669
f 1668//1668 1652//1652 1705//1705
f 1669//1669 1707//1707 1670//1670
f 1707//1707 1694//1694 1670//1670
f 1671//1671 1654//1654 1695//1695
f 1672//1672 1670//1670 1694//1694
f 1672//1672 1694//1694 1709//1709
f 1654//1654 1673//1673 1655//1655
f 1712//1712 1711//1711 1674//1674
f 1698//1698 1712//1712 1674//1674
f 1698//1698 1675//1675 1676//1676
f 1727//1727 1676//1676 1699//1699
f 1713//1713 1714//1714 1679//1679
f 1717//1717 1681//1681 1679//1679
f 1701//1701 1660//1660 1680//1680
f 1702//1702 1701//1701 1680//1680
f 1719//1719 1682//1682 1717//1717
f 1719//1719 1685//1685 1682//1682
f 1731//1731 1685//1685 1719//1719
f 1731//1731 1687//1687 1685//1685
f 1688//1688 1686//1686 1662//1662
f 1689//1689 1687//1687 1731//1731
f 1662//1662 1721//1721 1703//1703
f 1704//1704 1690//1690 1665//1665
f 1650//1650 1667//1667 1666//1666
f 1732//1732 1691//1691 1704//1704
f 1705//1705 1723//1723 1650//1650
f 1691//1691 1732//1732 1692//1692
f 1693//1693 1692//1692 1732//1732
f 1705//1705 1652//1652 1706//1706
f 1708//1708 1706//1706 1652//1652
f 1696//1696 1695//1695 1654//1654
f 1655//1655 1726//1726 1654//1654
f 1725//1725 1709//1709 1694//1694
f 1655//1655 1710//1710 1726//1726
f 1711//1711 1747//1747 1762//1762
f 1657//1657 1560//1560 1656//1656
f 1676//1676 1748//1748 1698//1698
f 1749//1749 1699//1699 1676//1676
f 1751//1751 1748//1748 1676//1676
f 1727//1727 1751//1751 1676//1676
f 1728//1728 1620//1620 1677//1677
f 1620//1620 1728//1728 1678//1678
f 1701//1701 1715//1715 1700//1700
f 1716//1716 1717//1717 1679//1679
f 1718//1718 1701//1701 1702//1702
f 1686//1686 1755//1755 1702//1702
f 1731//1731 1719//1719 1743//1743
f 1720//1720 1689//1689 1731//1731
f 1744//1744 1689//1689 1720//1720
f 1745//1745 1693//1693 1732//1732
f 1734//1734 1669//1669 1693//1693
f 1734//1734 1735//1735 1707//1707
f 1734//1734 1707//1707 1669//1669
f 1736//1736 1707//1707 1735//1735
f 1708//1708 1671//1671 1695//1695
f 1707//1707 1736//1736 1694//1694
f 1736//1736 1725//1725 1694//1694
f 1696//1696 1724//1724 1695//1695
f 1696//1696 1654//1654 1726//1726
f 1656//1656 1709//1709 1746//1746
f 1781//1781 1747//1747 1711//1711
f 1781//1781 1711//1711 1712//1712
f 1712//1712 1698//1698 1748//1748
f 1767//1767 1678//1678 1728//1728
f 1752//1752 1677//1677 1700//1700
f 1752//1752 1700//1700 1715//1715
f 1767//1767 1738//1738 1678//1678
f 1738//1738 1713//1713 1678//1678
f 1738//1738 1714//1714 1713//1713
f 1714//1714 1738//1738 1739//1739
f 1730//1730 1715//1715 1701//1701
f 1714//1714 1739//1739 1729//1729
f 1714//1714 1729//1729 1679//1679
f 1729//1729 1716//1716 1679//1679
f 1729//1729 1717//1717 1716//1716
f 1718//1718 1742//1742 1701//1701
f 1742//1742 1730//1730 1701//1701
f 1719//1719 1717//1717 1729//1729
f 1718//1718 1702//1702 1742//1742
f 1755//1755 1742//1742 1702//1702
f 1688//1688 1755//1755 1686//1686
f 1731//1731 1744//1744 1720//1720
f 1732//1732 1704//1704 1665//1665
f 1732//1732 1665//1665 1774//1774
f 1667//1667 1722//1722 1666//1666
f 1667//1667 1791//1791 1722//1722
f 1705//1705 1733//1733 1723//1723
f 1708//1708 1695//1695 1706//1706
f 1725//1725 1761//1761 1709//1709
f 1709//1709 1761//1761 1746//1746
f 1726//1726 1710//1710 1762//1762
f 1762//1762 1747//1747 1737//1737
f 1763//1763 1657//1657 1656//1656
f 1656//1656 1746//1746 1763//1763
f 1697//1697 1764//1764 1749//1749
f 1697//1697 1657//1657 1764//1764
f 1765//1765 1751//1751 1727//1727
f 1767//1767 1768//1768 1738//1738
f 1677//1677 1752//1752 1728//1728
f 1715//1715 1784//1784 1752//1752
f 1739//1739 1740//1740 1729//1729
f 1740//1740 1753//1753 1729//1729
f 1741//1741 1719//1719 1729//1729
f 1754//1754 1729//1729 1770//1770
f 1754//1754 1741//1741 1729//1729
f 1741//1741 1754//1754 1719//1719
f 1754//1754 1743//1743 1719//1719
f 1688//1688 1758//1758 1755//1755
f 1743//1743 1773//1773 1731//1731
f 1744//1744 1731//1731 1773//1773
f 1688//1688 1703//1703 1758//1758
f 1774//1774 1665//1665 1744//1744
f 1667//1667 1723//1723 1791//1791
f 1745//1745 1732//1732 1774//1774
f 1705//1705 1706//1706 1733//1733
f 1734//1734 1736//1736 1735//1735
f 1725//1725 1736//1736 1760//1760
f 1724//1724 1817//1817 1695//1695
f 1760//1760 1761//1761 1725//1725
f 1726//1726 1762//1762 1696//1696
f 1748//1748 1781//1781 1712//1712
f 1750//1750 1699//1699 1749//1749
f 1750//1750 1749//1749 1820//1820
f 1765//1765 1727//1727 1699//1699
f 1765//1765 1699//1699 1750//1750
f 1767//1767 1728//1728 1752//1752
f 1766//1766 1767//1767 1752//1752
f 1768//1768 1739//1739 1738//1738
f 1768//1768 1798//1798 1739//1739
f 1730//1730 1769//1769 1715//1715
f 1753//1753 1740//1740 1739//1739
f 1770//1770 1753//1753 1739//1739
f 1770//1770 1729//1729 1753//1753
f 1755//1755 1771//1771 1742//1742
f 1773//1773 1754//1754 1756//1756
f 1773//1773 1743//1743 1754//1754
f 1755//1755 1758//1758 1788//1788
f 1757//1757 1758//1758 1703//1703
f 1721//1721 1757//1757 1703//1703
f 1758//1758 1757//1757 1721//1721
f 1722//1722 1775//1775 1721//1721
f 1733//1733 1830//1830 1723//1723
f 1734//1734 1693//1693 1745//1745
f 1733//1733 1706//1706 1816//1816
f 1760//1760 1778//1778 1761//1761
f 1761//1761 1778//1778 1746//1746
f 1762//1762 1779//1779 1696//1696
f 1737//1737 1794//1794 1762//1762
f 1763//1763 1764//1764 1657//1657
f 1780//1780 1749//1749 1764//1764
f 1782//1782 1781//1781 1748//1748
f 1820//1820 1749//1749 1780//1780
f 1782//1782 1748//1748 1751//1751
f 1836//1836 1782//1782 1751//1751
f 1751//1751 1867//1867 1836//1836
f 1751//1751 1765//1765 1867//1867
f 1765//1765 1750//1750 1820//1820
f 1767//1767 1797//1797 1768//1768
f 1785//1785 1739//1739 1798//1798
f 1783//1783 1784//1784 1715//1715
f 1799//1799 1770//1770 1739//1739
f 1785//1785 1799//1799 1739//1739
f 1730//1730 1771//1771 1769//1769
f 1783//1783 1715//1715 1772//1772
f 1715//1715 1769//1769 1772//1772
f 1771//1771 1730//1730 1742//1742
f 1787//1787 1754//1754 1770//1770
f 1755//1755 1772//1772 1771//1771
f 1787//1787 1756//1756 1754//1754
f 1758//1758 1789//1789 1788//1788
f 1721//1721 1789//1789 1758//1758
f 1790//1790 1744//1744 1773//1773
f 1775//1775 1789//1789 1721//1721
f 1804//1804 1774//1774 1744//1744
f 1804//1804 1744//1744 1790//1790
f 1775//1775 1722//1722 1791//1791
f 1723//1723 1830//1830 1791//1791
f 1776//1776 1745//1745 1774//1774
f 1776//1776 1734//1734 1745//1745
f 1706//1706 1759//1759 1816//1816
f 1734//1734 1792//1792 1736//1736
f 1695//1695 1759//1759 1706//1706
f 1860//1860 1760//1760 1736//1736
f 1817//1817 1777//1777 1695//1695
f 1696//1696 1808//1808 1724//1724
f 1760//1760 1807//1807 1778//1778
f 1779//1779 1808//1808 1696//1696
f 1746//1746 1778//1778 1807//1807
f 1807//1807 1763//1763 1746//1746
f 1779//1779 1762//1762 1794//1794
f 1781//1781 1810//1810 1747//1747
f 1784//1784 1766//1766 1752//1752
f 1796//1796 1767//1767 1766//1766
f 1766//1766 1784//1784 1796//1796
f 1767//1767 1796//1796 1797//1797
f 1768//1768 1797//1797 1798//1798
f 1771//1771 1772//1772 1769//1769
f 1799//1799 1787//1787 1770//1770
f 1755//1755 1786//1786 1772//1772
f 1788//1788 1786//1786 1755//1755
f 1772//1772 1786//1786 1788//1788
f 1756//1756 1787//1787 1773//1773
f 1790//1790 1787//1787 1803//1803
f 1790//1790 1773//1773 1787//1787
f 1815//1815 1774//1774 1804//1804
f 1789//1789 1775//1775 1791//1791
f 1815//1815 1776//1776 1774//1774
f 1816//1816 1830//1830 1733//1733
f 1734//1734 1805//1805 1792//1792
f 1805//1805 1736//1736 1792//1792
f 1695//1695 1777//1777 1759//1759
f 1860//1860 1818//1818 1760//1760
f 1724//1724 1808//1808 1817//1817
f 1818//1818 1807//1807 1760//1760
f 1794//1794 1819//1819 1779//1779
f 1793//1793 1764//1764 1763//1763
f 1763//1763 1807//1807 1793//1793
f 1782//1782 1810//1810 1781//1781
f 1780//1780 1809//1809 1820//1820
f 1795//1795 1810//1810 1782//1782
f 1811//1811 1820//1820 1809//1809
f 1796//1796 1784//1784 1823//1823
f 1783//1783 1823//1823 1784//1784
f 1796//1796 1840//1840 1797//1797
f 1823//1823 1783//1783 1772//1772
f 1823//1823 1772//1772 1812//1812
f 1800//1800 1787//1787 1799//1799
f 1800//1800 1803//1803 1787//1787
f 1803//1803 1804//1804 1790//1790
f 1847//1847 1734//1734 1776//1776
f 1848//1848 1805//1805 1734//1734
f 1848//1848 1734//1734 1847//1847
f 1816//1816 1759//1759 1806//1806
f 1805//1805 1832//1832 1736//1736
f 1832//1832 1860//1860 1736//1736
f 1777//1777 1817//1817 1759//1759
f 1817//1817 1808//1808 1833//1833
f 1818//1818 1849//1849 1807//1807
f 1808//1808 1779//1779 1834//1834
f 1872//1872 1807//1807 1849//1849
f 1807//1807 1872//1872 1793//1793
f 1793//1793 1780//1780 1764//1764
f 1864//1864 1780//1780 1793//1793
f 1737//1737 1747//1747 1810//1810
f 1864//1864 1809//1809 1780//1780
f 1765//1765 1820//1820 1822//1822
f 1821//1821 1782//1782 1836//1836
f 1813//1813 1798//1798 1797//1797
f 1813//1813 1797//1797 1840//1840
f 1798//1798 1813//1813 1825//1825
f 1825//1825 1785//1785 1798//1798
f 1825//1825 1799//1799 1785//1785
f 1788//1788 1812//1812 1772//1772
f 1825//1825 1803//1803 1799//1799
f 1803//1803 1800//1800 1799//1799
f 1826//1826 1812//1812 1788//1788
f 1789//1789 1826//1826 1788//1788
f 1801//1801 1804//1804 1803//1803
f 1801//1801 1815//1815 1804//1804
f 1789//1789 1828//1828 1802//1802
f 1815//1815 1801//1801 1827//1827
f 1791//1791 1828//1828 1789//1789
f 1829//1829 1776//1776 1815//1815
f 1830//1830 1828//1828 1791//1791
f 1829//1829 1847//1847 1776//1776
f 1832//1832 1805//1805 1848//1848
f 1759//1759 1817//1817 1806//1806
f 1779//1779 1819//1819 1834//1834
f 1852//1852 1864//1864 1793//1793
f 1872//1872 1852//1852 1793//1793
f 1810//1810 1794//1794 1737//1737
f 1854//1854 1795//1795 1782//1782
f 1854//1854 1782//1782 1821//1821
f 1765//1765 1837//1837 1867//1867
f 1837//1837 1765//1765 1838//1838
f 1765//1765 1822//1822 1838//1838
f 1840//1840 1825//1825 1813//1813
f 1823//1823 1812//1812 1814//1814
f 1796//1796 1823//1823 1839//1839
f 1796//1796 1839//1839 1840//1840
f 1840//1840 1824//1824 1825//1825
f 1841//1841 1824//1824 1840//1840
f 1826//1826 1814//1814 1812//1812
f 1827//1827 1803//1803 1825//1825
f 1827//1827 1825//1825 1824//1824
f 1827//1827 1801//1801 1803//1803
f 1802//1802 1826//1826 1789//1789
f 1814//1814 1826//1826 1857//1857
f 1828//1828 1826//1826 1802//1802
f 1857//1857 1826//1826 1828//1828
f 1827//1827 1829//1829 1815//1815
f 1846//1846 1828//1828 1830//1830
f 1816//1816 1831//1831 1830//1830
f 1810//1810 1853//1853 1794//1794
f 1810//1810 1795//1795 1863//1863
f 1809//1809 1864//1864 1811//1811
f 1835//1835 1820//1820 1811//1811
f 1821//1821 1836//1836 1877//1877
f 1823//1823 1814//1814 1842//1842
f 1823//1823 1842//1842 1839//1839
f 1840//1840 1843//1843 1841//1841
f 1857//1857 1842//1842 1814//1814
f 1843//1843 1824//1824 1841//1841
f 1824//1824 1843//1843 1856//1856
f 1845//1845 1824//1824 1856//1856
f 1845//1845 1827//1827 1824//1824
f 1845//1845 1829//1829 1827//1827
f 1857//1857 1828//1828 1846//1846
f 1845//1845 1847//1847 1829//1829
f 1830//1830 1858//1858 1846//1846
f 1831//1831 1858//1858 1830//1830
f 1848//1848 1869//1869 1832//1832
f 1859//1859 1860//1860 1832//1832
f 1833//1833 1883//1883 1817//1817
f 1808//1808 1834//1834 1833//1833
f 1849//1849 1818//1818 1872//1872
f 1818//1818 1903//1903 1872//1872
f 1850//1850 1794//1794 1851//1851
f 1853//1853 1851//1851 1794//1794
f 1864//1864 1862//1862 1873//1873
f 1852//1852 1862//1862 1864//1864
f 1875//1875 1864//1864 1873//1873
f 1864//1864 1835//1835 1811//1811
f 1835//1835 1865//1865 1820//1820
f 1877//1877 1854//1854 1821//1821
f 1887//1887 1820//1820 1876//1876
f 1876//1876 1820//1820 1865//1865
f 1887//1887 1822//1822 1820//1820
f 1843//1843 1840//1840 1839//1839
f 1855//1855 1842//1842 1857//1857
f 1857//1857 1844//1844 1855//1855
f 1846//1846 1844//1844 1857//1857
f 1868//1868 1847//1847 1845//1845
f 1869//1869 1848//1848 1847//1847
f 1869//1869 1847//1847 1868//1868
f 1806//1806 1831//1831 1816//1816
f 1870//1870 1859//1859 1832//1832
f 1870//1870 1832//1832 1869//1869
f 1817//1817 1883//1883 1806//1806
f 1831//1831 1806//1806 1883//1883
f 1884//1884 1818//1818 1860//1860
f 1834//1834 1819//1819 1861//1861
f 1884//1884 1903//1903 1818//1818
f 1794//1794 1850//1850 1819//1819
f 1874//1874 1853//1853 1810//1810
f 1863//1863 1874//1874 1810//1810
f 1865//1865 1835//1835 1864//1864
f 1913//1913 1877//1877 1836//1836
f 1836//1836 1867//1867 1913//1913
f 1866//1866 1822//1822 1887//1887
f 1878//1878 1842//1842 1855//1855
f 1839//1839 1842//1842 1878//1878
f 1889//1889 1856//1856 1843//1843
f 1856//1856 1889//1889 1879//1879
f 1879//1879 1880//1880 1856//1856
f 1891//1891 1856//1856 1880//1880
f 1868//1868 1845//1845 1856//1856
f 1844//1844 1846//1846 1881//1881
f 1868//1868 1856//1856 1891//1891
f 1858//1858 1881//1881 1846//1846
f 1894//1894 1860//1860 1859//1859
f 1894//1894 1884//1884 1860//1860
f 1819//1819 1871//1871 1861//1861
f 1850//1850 1851//1851 1819//1819
f 1873//1873 1862//1862 1852//1852
f 1863//1863 1795//1795 1854//1854
f 1864//1864 1924//1924 1865//1865
f 1875//1875 1924//1924 1864//1864
f 1863//1863 1854//1854 1877//1877
f 1926//1926 1877//1877 1913//1913
f 1822//1822 1898//1898 1838//1838
f 1898//1898 1822//1822 1866//1866
f 1839//1839 1889//1889 1843//1843
f 1839//1839 1888//1888 1889//1889
f 1855//1855 1844//1844 1881//1881
f 1891//1891 1869//1869 1868//1868
f 1882//1882 1881//1881 1858//1858
f 1831//1831 1882//1882 1858//1858
f 1891//1891 1870//1870 1869//1869
f 1893//1893 1882//1882 1831//1831
f 1883//1883 1893//1893 1831//1831
f 1834//1834 1940//1940 1833//1833
f 1833//1833 1940//1940 1883//1883
f 1851//1851 1885//1885 1819//1819
f 1903//1903 1852//1852 1872//1872
f 1896//1896 1852//1852 1919//1919
f 1873//1873 1852//1852 1896//1896
f 1863//1863 1922//1922 1874//1874
f 1922//1922 1863//1863 1886//1886
f 1886//1886 1863//1863 1877//1877
f 1865//1865 1887//1887 1876//1876
f 1867//1867 1837//1837 1913//1913
f 1906//1906 1913//1913 1837//1837
f 1837//1837 1838//1838 1898//1898
f 1899//1899 1839//1839 1878//1878
f 1888//1888 1839//1839 1899//1899
f 1878//1878 1855//1855 1890//1890
f 1881//1881 1890//1890 1855//1855
f 1888//1888 1899//1899 1889//1889
f 1879//1879 1891//1891 1880//1880
f 1882//1882 1892//1892 1881//1881
f 1889//1889 1916//1916 1879//1879
f 1891//1891 1879//1879 1916//1916
f 1908//1908 1891//1891 1916//1916
f 1893//1893 1892//1892 1882//1882
f 1891//1891 1908//1908 1870//1870
f 1902//1902 1893//1893 1883//1883
f 1894//1894 1859//1859 1870//1870
f 1861//1861 1940//1940 1834//1834
f 1894//1894 1903//1903 1884//1884
f 1819//1819 1895//1895 1871//1871
f 1885//1885 1895//1895 1819//1819
f 1919//1919 1852//1852 1903//1903
f 1853//1853 1885//1885 1851//1851
f 1874//1874 1885//1885 1853//1853
f 1875//1875 1873//1873 1921//1921
f 1904//1904 1924//1924 1875//1875
f 1886//1886 1877//1877 1922//1922
f 1922//1922 1877//1877 1905//1905
f 1926//1926 1905//1905 1877//1877
f 1887//1887 1865//1865 1924//1924
f 1887//1887 1898//1898 1866//1866
f 1898//1898 1897//1897 1837//1837
f 1899//1899 1878//1878 1890//1890
f 1900//1900 1889//1889 1899//1899
f 1890//1890 1881//1881 1892//1892
f 1889//1889 1900//1900 1916//1916
f 1892//1892 1910//1910 1890//1890
f 1893//1893 1910//1910 1892//1892
f 1901//1901 1870//1870 1908//1908
f 1910//1910 1893//1893 1909//1909
f 1909//1909 1893//1893 1902//1902
f 1901//1901 1894//1894 1870//1870
f 1940//1940 1902//1902 1883//1883
f 1942//1942 1903//1903 1894//1894
f 1871//1871 1895//1895 1861//1861
f 1919//1919 1873//1873 1896//1896
f 1904//1904 1875//1875 1921//1921
f 1912//1912 1898//1898 1925//1925
f 1935//1935 1897//1897 1898//1898
f 1898//1898 1912//1912 1935//1935
f 1906//1906 1837//1837 1897//1897
f 1900//1900 1899//1899 1914//1914
f 1899//1899 1890//1890 1928//1928
f 1929//1929 1907//1907 1916//1916
f 1890//1890 1909//1909 1928//1928
f 1907//1907 1908//1908 1916//1916
f 1908//1908 1917//1917 1901//1901
f 1894//1894 1901//1901 1917//1917
f 1918//1918 1894//1894 1917//1917
f 1942//1942 1894//1894 1918//1918
f 1861//1861 1911//1911 1940//1940
f 1921//1921 1919//1919 1920//1920
f 1921//1921 1873//1873 1919//1919
f 1934//1934 1874//1874 1922//1922
f 1925//1925 1887//1887 1924//1924
f 1925//1925 1898//1898 1887//1887
f 1936//1936 1926//1926 1913//1913
f 1906//1906 1936//1936 1913//1913
f 1953//1953 1936//1936 1906//1906
f 1915//1915 1916//1916 1900//1900
f 1915//1915 1900//1900 1914//1914
f 1910//1910 1909//1909 1890//1890
f 1916//1916 1915//1915 1929//1929
f 1929//1929 1908//1908 1907//1907
f 1941//1941 1940//1940 1911//1911
f 1895//1895 1911//1911 1861//1861
f 1942//1942 1919//1919 1903//1903
f 1874//1874 1934//1934 1951//1951
f 1944//1944 1904//1904 1921//1921
f 1923//1923 1924//1924 1904//1904
f 1945//1945 1905//1905 1926//1926
f 1946//1946 1935//1935 1912//1912
f 1897//1897 1935//1935 1906//1906
f 1953//1953 1906//1906 1935//1935
f 1928//1928 1914//1914 1899//1899
f 1927//1927 1914//1914 1928//1928
f 1914//1914 1927//1927 1915//1915
f 1930//1930 1929//1929 1915//1915
f 1929//1929 1930//1930 1908//1908
f 1902//1902 1931//1931 1909//1909
f 1909//1909 1931//1931 1939//1939
f 1930//1930 1949//1949 1917//1917
f 1908//1908 1930//1930 1917//1917
f 1939//1939 1931//1931 1902//1902
f 1918//1918 1917//1917 1949//1949
f 1885//1885 1911//1911 1895//1895
f 1920//1920 1919//1919 1942//1942
f 1874//1874 1932//1932 1885//1885
f 1874//1874 1933//1933 1932//1932
f 1951//1951 1933//1933 1874//1874
f 1944//1944 1921//1921 1979//1979
f 1922//1922 1943//1943 1934//1934
f 1922//1922 1905//1905 1943//1943
f 1980//1980 1924//1924 1923//1923
f 1904//1904 1980//1980 1923//1923
f 1952//1952 1925//1925 1924//1924
f 1952//1952 1912//1912 1925//1925
f 1945//1945 1926//1926 1947//1947
f 1946//1946 1912//1912 1952//1952
f 1947//1947 1926//1926 1936//1936
f 1953//1953 1961//1961 1936//1936
f 1961//1961 1948//1948 1936//1936
f 1927//1927 1928//1928 1954//1954
f 1928//1928 1909//1909 1937//1937
f 1930//1930 1915//1915 1938//1938
f 1928//1928 1937//1937 1939//1939
f 1949//1949 1930//1930 1938//1938
f 1939//1939 1937//1937 1909//1909
f 1942//1942 1918//1918 1950//1950
f 1958//1958 1921//1921 1920//1920
f 1958//1958 1979//1979 1921//1921
f 1943//1943 1951//1951 1934//1934
f 1980//1980 1904//1904 1944//1944
f 1943//1943 1905//1905 1945//1945
f 1946//1946 1982//1982 1935//1935
f 1935//1935 1960//1960 1953//1953
f 1960//1960 1935//1935 1982//1982
f 1963//1963 1938//1938 1915//1915
f 1939//1939 1954//1954 1928//1928
f 1927//1927 1975//1975 1915//1915
f 1963//1963 1949//1949 1938//1938
f 1955//1955 1918//1918 1949//1949
f 1956//1956 1902//1902 1940//1940
f 1940//1940 1941//1941 1956//1956
f 1964//1964 1920//1920 1942//1942
f 1933//1933 1911//1911 1885//1885
f 1968//1968 1924//1924 1980//1980
f 1968//1968 1952//1952 1924//1924
f 1971//1971 1945//1945 1947//1947
f 1969//1969 1946//1946 1952//1952
f 1948//1948 1947//1947 1936//1936
f 1959//1959 1946//1946 1969//1969
f 1959//1959 1982//1982 1946//1946
f 1996//1996 1953//1953 1960//1960
f 1976//1976 1915//1915 1975//1975
f 1963//1963 1955//1955 1949//1949
f 1956//1956 1939//1939 1902//1902
f 1950//1950 1918//1918 1955//1955
f 1942//1942 1950//1950 1964//1964
f 1933//1933 1941//1941 1911//1911
f 1964//1964 1957//1957 1920//1920
f 1932//1932 1933//1933 1885//1885
f 1943//1943 1966//1966 1951//1951
f 1979//1979 1980//1980 1944//1944
f 1945//1945 1967//1967 1943//1943
f 1945//1945 1971//1971 1970//1970
f 1968//1968 1969//1969 1952//1952
f 1961//1961 1947//1947 1948//1948
f 1996//1996 1961//1961 1953//1953
f 1996//1996 1960//1960 2016//2016
f 2016//2016 1960//1960 1982//1982
f 1954//1954 1962//1962 1927//1927
f 1915//1915 1976//1976 1963//1963
f 1978//1978 1939//1939 1956//1956
f 1954//1954 1939//1939 1978//1978
f 1933//1933 1965//1965 1941//1941
f 1965//1965 1933//1933 1951//1951
f 1966//1966 1991//1991 1951//1951
f 1943//1943 1967//1967 1966//1966
f 1970//1970 1981//1981 1945//1945
f 1972//1972 1959//1959 1969//1969
f 1973//1973 1971//1971 1947//1947
f 1972//1972 1993//1993 1959//1959
f 1973//1973 1947//1947 1961//1961
f 1993//1993 1982//1982 1959//1959
f 1961//1961 1996//1996 1974//1974
f 1975//1975 1927//1927 1962//1962
f 1955//1955 1963//1963 1976//1976
f 1978//1978 1962//1962 1954//1954
f 1955//1955 1977//1977 1950//1950
f 1956//1956 1983//1983 1978//1978
f 1950//1950 1977//1977 1964//1964
f 2000//2000 1964//1964 1977//1977
f 1957//1957 1964//1964 2000//2000
f 1988//1988 1941//1941 1965//1965
f 2000//2000 1920//1920 1957//1957
f 1990//1990 1958//1958 1920//1920
f 1951//1951 1991//1991 1965//1965
f 1984//1984 1979//1979 1958//1958
f 1966//1966 1985//1985 1991//1991
f 1968//1968 1980//1980 1986//1986
f 1986//1986 1969//1969 1968//1968
f 1981//1981 1967//1967 1945//1945
f 2005//2005 1970//1970 1971//1971
f 2005//2005 1971//1971 1973//1973
f 1973//1973 1961//1961 1974//1974
f 1978//1978 1997//1997 1962//1962
f 1941//1941 1983//1983 1956//1956
f 1941//1941 2011//2011 1983//1983
f 1920//1920 2000//2000 1990//1990
f 1991//1991 1988//1988 1965//1965
f 1990//1990 1984//1984 1958//1958
f 2019//2019 1980//1980 1979//1979
f 1967//1967 1985//1985 1966//1966
f 2019//2019 1986//1986 1980//1980
f 1986//1986 1972//1972 1969//1969
f 1974//1974 2007//2007 1973//1973
f 1982//1982 2006//2006 2016//2016
f 2006//2006 1982//1982 1993//1993
f 1996//1996 2007//2007 1974//1974
f 1987//1987 1977//1977 1955//1955
f 1983//1983 1997//1997 1978//1978
f 1987//1987 2000//2000 1977//1977
f 1941//1941 1988//1988 2011//2011
f 1991//1991 1989//1989 1988//1988
f 1984//1984 2019//2019 1979//1979
f 1967//1967 2018//2018 1985//1985
f 2020//2020 1972//1972 1986//1986
f 1972//1972 2020//2020 2004//2004
f 1973//1973 1994//1994 2005//2005
f 2004//2004 1993//1993 1972//1972
f 2007//2007 1994//1994 1973//1973
f 1995//1995 2016//2016 2006//2006
f 1995//1995 2006//2006 2031//2031
f 1975//1975 1962//1962 1999//1999
f 1997//1997 1999//1999 1962//1962
f 1987//1987 1955//1955 1976//1976
f 1999//1999 1997//1997 1983//1983
f 2000//2000 1987//1987 1998//1998
f 1990//1990 2000//2000 2002//2002
f 1989//1989 2001//2001 1988//1988
f 1991//1991 2001//2001 1989//1989
f 1991//1991 2003//2003 2001//2001
f 1984//1984 1990//1990 2002//2002
f 1992//1992 2003//2003 1991//1991
f 1985//1985 1992//1992 1991//1991
f 1985//1985 2013//2013 1992//1992
f 1981//1981 2018//2018 1967//1967
f 2020//2020 1986//1986 2019//2019
f 1981//1981 1970//1970 2014//2014
f 2014//2014 1970//1970 2043//2043
f 1970//1970 2005//2005 2043//2043
f 2004//2004 2006//2006 1993//1993
f 2007//2007 2044//2044 1994//1994
f 2008//2008 1987//1987 1976//1976
f 1976//1976 1975//1975 2008//2008
f 1983//1983 2009//2009 1999//1999
f 1987//1987 2008//2008 1998//1998
f 2008//2008 2010//2010 2000//2000
f 1998//1998 2008//2008 2000//2000
f 2012//2012 2011//2011 1988//1988
f 2010//2010 2002//2002 2000//2000
f 2036//2036 2019//2019 1984//1984
f 1981//1981 2026//2026 2018//2018
f 2053//2053 2020//2020 2019//2019
f 2014//2014 2026//2026 1981//1981
f 2043//2043 2005//2005 2028//2028
f 2005//2005 1994//1994 2028//2028
f 2028//2028 1994//1994 2044//2044
f 1995//1995 2031//2031 2016//2016
f 2006//2006 2045//2045 2031//2031
f 2045//2045 2006//2006 2015//2015
f 2016//2016 2017//2017 1996//1996
f 2021//2021 2007//2007 1996//1996
f 1983//1983 2041//2041 2009//2009
f 2009//2009 2041//2041 1999//1999
f 2008//2008 2023//2023 2010//2010
f 2023//2023 2002//2002 2010//2010
f 1988//1988 2001//2001 2012//2012
f 2002//2002 2036//2036 1984//1984
f 2013//2013 1985//1985 2018//2018
f 2052//2052 2019//2019 2036//2036
f 2038//2038 2015//2015 2004//2004
f 2015//2015 2006//2006 2004//2004
f 2007//2007 2030//2030 2044//2044
f 2007//2007 2021//2021 2030//2030
f 1996//1996 2017//2017 2021//2021
f 2033//2033 2008//2008 1975//1975
f 2011//2011 2024//2024 1983//1983
f 2024//2024 2041//2041 1983//1983
f 2046//2046 2022//2022 2008//2008
f 2022//2022 2023//2023 2008//2008
f 2024//2024 2011//2011 2012//2012
f 2024//2024 2012//2012 2001//2001
f 2025//2025 2002//2002 2023//2023
f 2001//2001 2003//2003 2024//2024
f 2053//2053 2019//2019 2052//2052
f 2037//2037 2020//2020 2053//2053
f 2037//2037 2004//2004 2020//2020
f 2043//2043 2027//2027 2014//2014
f 2037//2037 2038//2038 2004//2004
f 2028//2028 2044//2044 2043//2043
f 2017//2017 2039//2039 2021//2021
f 2039//2039 2017//2017 2016//2016
f 2041//2041 1975//1975 1999//1999
f 1975//1975 2041//2041 2032//2032
f 1975//1975 2032//2032 2033//2033
f 2057//2057 2041//2041 2024//2024
f 2008//2008 2033//2033 2046//2046
f 2024//2024 2034//2034 2057//2057
f 2046//2046 2035//2035 2023//2023
f 2022//2022 2046//2046 2023//2023
f 2024//2024 2003//2003 2034//2034
f 2023//2023 2035//2035 2025//2025
f 2025//2025 2035//2035 2002//2002
f 1992//1992 2048//2048 2003//2003
f 2036//2036 2002//2002 2042//2042
f 2013//2013 2018//2018 1992//1992
f 2026//2026 2051//2051 2018//2018
f 2014//2014 2051//2051 2026//2026
f 2014//2014 2027//2027 2051//2051
f 2029//2029 2015//2015 2038//2038
f 2044//2044 2067//2067 2043//2043
f 2063//2063 2045//2045 2015//2015
f 2063//2063 2015//2015 2029//2029
f 2016//2016 2031//2031 2039//2039
f 2040//2040 2030//2030 2021//2021
f 2046//2046 2047//2047 2035//2035
f 2002//2002 2035//2035 2047//2047
f 2002//2002 2047//2047 2042//2042
f 2018//2018 2048//2048 1992//1992
f 2042//2042 2052//2052 2036//2036
f 2061//2061 2052//2052 2042//2042
f 2048//2048 2018//2018 2051//2051
f 2043//2043 2054//2054 2027//2027
f 2062//2062 2038//2038 2037//2037
f 2029//2029 2038//2038 2062//2062
f 2044//2044 2030//2030 2040//2040
f 2031//2031 2055//2055 2039//2039
f 2045//2045 2055//2055 2031//2031
f 2077//2077 2021//2021 2039//2039
f 2041//2041 2056//2056 2032//2032
f 2032//2032 2056//2056 2033//2033
f 2033//2033 2058//2058 2046//2046
f 2058//2058 2047//2047 2046//2046
f 2048//2048 2034//2034 2003//2003
f 2061//2061 2042//2042 2047//2047
f 2051//2051 2050//2050 2048//2048
f 2027//2027 2088//2088 2051//2051
f 2053//2053 2062//2062 2037//2037
f 2068//2068 2067//2067 2044//2044
f 2044//2044 2069//2069 2068//2068
f 2044//2044 2040//2040 2069//2069
f 2021//2021 2075//2075 2040//2040
f 2077//2077 2075//2075 2021//2021
f 2058//2058 2033//2033 2056//2056
f 2059//2059 2057//2057 2034//2034
f 2048//2048 2060//2060 2034//2034
f 2060//2060 2048//2048 2049//2049
f 2048//2048 2073//2073 2049//2049
f 2073//2073 2048//2048 2080//2080
f 2080//2080 2048//2048 2050//2050
f 2051//2051 2080//2080 2050//2050
f 2051//2051 2066//2066 2080//2080
f 2054//2054 2043//2043 2067//2067
f 2083//2083 2029//2029 2062//2062
f 2029//2029 2083//2083 2063//2063
f 2064//2064 2055//2055 2045//2045
f 2063//2063 2064//2064 2045//2045
f 2055//2055 2077//2077 2039//2039
f 2041//2041 2057//2057 2059//2059
f 2070//2070 2056//2056 2041//2041
f 2070//2070 2058//2058 2056//2056
f 2065//2065 2058//2058 2070//2070
f 2059//2059 2078//2078 2041//2041
f 2070//2070 2041//2041 2078//2078
f 2065//2065 2047//2047 2058//2058
f 2060//2060 2059//2059 2034//2034
f 2065//2065 2072//2072 2061//2061
f 2047//2047 2065//2065 2061//2061
f 2052//2052 2061//2061 2074//2074
f 2088//2088 2066//2066 2051//2051
f 2053//2053 2052//2052 2074//2074
f 2074//2074 2062//2062 2053//2053
f 2054//2054 2088//2088 2027//2027
f 2054//2054 2089//2089 2088//2088
f 2100//2100 2083//2083 2062//2062
f 2091//2091 2069//2069 2040//2040
f 2064//2064 2063//2063 2090//2090
f 2075//2075 2091//2091 2040//2040
f 2055//2055 2102//2102 2077//2077
f 2102//2102 2055//2055 2064//2064
f 2078//2078 2117//2117 2070//2070
f 2071//2071 2065//2065 2070//2070
f 2059//2059 2060//2060 2078//2078
f 2071//2071 2079//2079 2065//2065
f 2079//2079 2072//2072 2065//2065
f 2072//2072 2074//2074 2061//2061
f 2088//2088 2080//2080 2066//2066
f 2098//2098 2062//2062 2074//2074
f 2069//2069 2067//2067 2068//2068
f 2083//2083 2101//2101 2063//2063
f 2101//2101 2090//2090 2063//2063
f 2092//2092 2102//2102 2064//2064
f 2084//2084 2092//2092 2064//2064
f 2084//2084 2064//2064 2090//2090
f 2076//2076 2091//2091 2075//2075
f 2077//2077 2085//2085 2075//2075
f 2076//2076 2075//2075 2085//2085
f 2117//2117 2071//2071 2070//2070
f 2080//2080 2049//2049 2073//2073
f 2081//2081 2072//2072 2079//2079
f 2074//2074 2072//2072 2081//2081
f 2088//2088 2087//2087 2080//2080
f 2098//2098 2074//2074 2081//2081
f 2100//2100 2062//2062 2098//2098
f 2054//2054 2067//2067 2082//2082
f 2082//2082 2067//2067 2113//2113
f 2069//2069 2113//2113 2067//2067
f 2091//2091 2113//2113 2069//2069
f 2076//2076 2085//2085 2103//2103
f 2085//2085 2077//2077 2093//2093
f 2093//2093 2077//2077 2102//2102
f 2095//2095 2071//2071 2117//2117
f 2095//2095 2079//2079 2071//2071
f 2095//2095 2086//2086 2079//2079
f 2094//2094 2060//2060 2049//2049
f 2086//2086 2081//2081 2079//2079
f 2094//2094 2049//2049 2080//2080
f 2097//2097 2080//2080 2087//2087
f 2099//2099 2100//2100 2098//2098
f 2054//2054 2082//2082 2089//2089
f 2101//2101 2083//2083 2100//2100
f 2090//2090 2092//2092 2084//2084
f 2085//2085 2093//2093 2103//2103
f 2116//2116 2102//2102 2092//2092
f 2060//2060 2108//2108 2078//2078
f 2117//2117 2078//2078 2108//2108
f 2117//2117 2104//2104 2095//2095
f 2098//2098 2086//2086 2096//2096
f 2098//2098 2081//2081 2086//2086
f 2088//2088 2097//2097 2087//2087
f 2082//2082 2113//2113 2107//2107
f 2101//2101 2114//2114 2090//2090
f 2113//2113 2091//2091 2130//2130
f 2076//2076 2130//2130 2091//2091
f 2090//2090 2120//2120 2092//2092
f 2116//2116 2092//2092 2120//2120
f 2116//2116 2093//2093 2102//2102
f 2109//2109 2104//2104 2117//2117
f 2060//2060 2094//2094 2108//2108
f 2080//2080 2110//2110 2094//2094
f 2104//2104 2086//2086 2095//2095
f 2097//2097 2110//2110 2080//2080
f 2096//2096 2136//2136 2098//2098
f 2089//2089 2097//2097 2088//2088
f 2089//2089 2105//2105 2097//2097
f 2136//2136 2099//2099 2098//2098
f 2106//2106 2100//2100 2099//2099
f 2101//2101 2100//2100 2106//2106
f 2130//2130 2076//2076 2115//2115
f 2115//2115 2076//2076 2103//2103
f 2093//2093 2122//2122 2103//2103
f 2122//2122 2093//2093 2139//2139
f 2118//2118 2094//2094 2110//2110
f 2097//2097 2105//2105 2110//2110
f 2089//2089 2111//2111 2105//2105
f 2082//2082 2111//2111 2089//2089
f 2082//2082 2107//2107 2111//2111
f 2106//2106 2114//2114 2101//2101
f 2128//2128 2090//2090 2114//2114
f 2120//2120 2090//2090 2128//2128
f 2122//2122 2115//2115 2103//2103
f 2108//2108 2094//2094 2118//2118
f 2117//2117 2108//2108 2109//2109
f 2109//2109 2123//2123 2104//2104
f 2104//2104 2123//2123 2086//2086
f 2119//2119 2134//2134 2110//2110
f 2086//2086 2123//2123 2096//2096
f 2105//2105 2119//2119 2110//2110
f 2107//2107 2112//2112 2111//2111
f 2112//2112 2105//2105 2111//2111
f 2127//2127 2114//2114 2106//2106
f 2127//2127 2128//2128 2114//2114
f 2107//2107 2113//2113 2130//2130
f 2130//2130 2115//2115 2121//2121
f 2132//2132 2116//2116 2120//2120
f 2121//2121 2115//2115 2122//2122
f 2093//2093 2133//2133 2139//2139
f 2133//2133 2093//2093 2116//2116
f 2146//2146 2135//2135 2096//2096
f 2123//2123 2146//2146 2096//2096
f 2105//2105 2124//2124 2119//2119
f 2099//2099 2136//2136 2125//2125
f 2106//2106 2099//2099 2125//2125
f 2112//2112 2137//2137 2105//2105
f 2125//2125 2127//2127 2106//2106
f 2107//2107 2126//2126 2112//2112
f 2130//2130 2129//2129 2107//2107
f 2138//2138 2120//2120 2128//2128
f 2130//2130 2121//2121 2131//2131
f 2120//2120 2138//2138 2132//2132
f 2109//2109 2108//2108 2118//2118
f 2118//2118 2110//2110 2134//2134
f 2109//2109 2146//2146 2123//2123
f 2118//2118 2134//2134 2145//2145
f 2124//2124 2134//2134 2119//2119
f 2096//2096 2135//2135 2136//2136
f 2124//2124 2105//2105 2137//2137
f 2149//2149 2127//2127 2125//2125
f 2149//2149 2142//2142 2127//2127
f 2142//2142 2128//2128 2127//2127
f 2129//2129 2126//2126 2107//2107
f 2142//2142 2138//2138 2128//2128
f 2132//2132 2133//2133 2116//2116
f 2140//2140 2122//2122 2139//2139
f 2139//2139 2133//2133 2152//2152
f 2153//2153 2109//2109 2118//2118
f 2153//2153 2118//2118 2145//2145
f 2109//2109 2153//2153 2146//2146
f 2135//2135 2147//2147 2136//2136
f 2112//2112 2141//2141 2137//2137
f 2126//2126 2141//2141 2112//2112
f 2129//2129 2156//2156 2126//2126
f 2150//2150 2142//2142 2149//2149
f 2143//2143 2129//2129 2130//2130
f 2131//2131 2143//2143 2130//2130
f 2151//2151 2138//2138 2142//2142
f 2121//2121 2157//2157 2131//2131
f 2144//2144 2157//2157 2121//2121
f 2144//2144 2121//2121 2122//2122
f 2152//2152 2133//2133 2132//2132
f 2144//2144 2122//2122 2140//2140
f 2139//2139 2165//2165 2140//2140
f 2139//2139 2152//2152 2160//2160
f 2160//2160 2165//2165 2139//2139
f 2145//2145 2134//2134 2124//2124
f 2146//2146 2162//2162 2135//2135
f 2162//2162 2147//2147 2135//2135
f 2145//2145 2124//2124 2163//2163
f 2141//2141 2124//2124 2137//2137
f 2148//2148 2124//2124 2141//2141
f 2163//2163 2124//2124 2148//2148
f 2147//2147 2125//2125 2136//2136
f 2125//2125 2147//2147 2149//2149
f 2148//2148 2141//2141 2126//2126
f 2143//2143 2156//2156 2129//2129
f 2142//2142 2150//2150 2151//2151
f 2157//2157 2143//2143 2131//2131
f 2151//2151 2132//2132 2138//2138
f 2152//2152 2159//2159 2160//2160
f 2153//2153 2162//2162 2146//2146
f 2169//2169 2149//2149 2147//2147
f 2154//2154 2149//2149 2169//2169
f 2156//2156 2148//2148 2126//2126
f 2155//2155 2148//2148 2156//2156
f 2150//2150 2149//2149 2154//2154
f 2173//2173 2151//2151 2150//2150
f 2164//2164 2132//2132 2151//2151
f 2132//2132 2158//2158 2152//2152
f 2158//2158 2159//2159 2152//2152
f 2140//2140 2165//2165 2161//2161
f 2160//2160 2166//2166 2165//2165
f 2166//2166 2160//2160 2159//2159
f 2153//2153 2145//2145 2163//2163
f 2163//2163 2168//2168 2153//2153
f 2169//2169 2147//2147 2162//2162
f 2163//2163 2148//2148 2170//2170
f 2155//2155 2172//2172 2148//2148
f 2143//2143 2174//2174 2156//2156
f 2151//2151 2173//2173 2164//2164
f 2132//2132 2164//2164 2158//2158
f 2157//2157 2144//2144 2180//2180
f 2180//2180 2144//2144 2175//2175
f 2185//2185 2159//2159 2158//2158
f 2175//2175 2144//2144 2161//2161
f 2144//2144 2140//2140 2161//2161
f 2167//2167 2162//2162 2153//2153
f 2168//2168 2163//2163 2170//2170
f 2168//2168 2167//2167 2153//2153
f 2167//2167 2169//2169 2162//2162
f 2172//2172 2170//2170 2148//2148
f 2171//2171 2169//2169 2176//2176
f 2154//2154 2169//2169 2171//2171
f 2174//2174 2155//2155 2156//2156
f 2189//2189 2150//2150 2154//2154
f 2173//2173 2150//2150 2189//2189
f 2201//2201 2164//2164 2173//2173
f 2157//2157 2180//2180 2143//2143
f 2158//2158 2164//2164 2185//2185
f 2186//2186 2159//2159 2185//2185
f 2183//2183 2175//2175 2161//2161
f 2183//2183 2161//2161 2165//2165
f 2166//2166 2183//2183 2165//2165
f 2182//2182 2166//2166 2159//2159
f 2182//2182 2159//2159 2186//2186
f 2168//2168 2184//2184 2167//2167
f 2176//2176 2169//2169 2167//2167
f 2177//2177 2170//2170 2172//2172
f 2168//2168 2170//2170 2177//2177
f 2155//2155 2178//2178 2172//2172
f 2154//2154 2171//2171 2176//2176
f 2189//2189 2154//2154 2176//2176
f 2143//2143 2188//2188 2174//2174
f 2143//2143 2179//2179 2188//2188
f 2180//2180 2175//2175 2197//2197
f 2198//2198 2186//2186 2185//2185
f 2181//2181 2175//2175 2183//2183
f 2183//2183 2166//2166 2182//2182
f 2184//2184 2176//2176 2167//2167
f 2168//2168 2177//2177 2184//2184
f 2178//2178 2177//2177 2172//2172
f 2155//2155 2174//2174 2178//2178
f 2180//2180 2179//2179 2143//2143
f 2212//2212 2164//2164 2201//2201
f 2212//2212 2185//2185 2164//2164
f 2181//2181 2197//2197 2175//2175
f 2186//2186 2192//2192 2182//2182
f 2177//2177 2178//2178 2194//2194
f 2177//2177 2194//2194 2184//2184
f 2184//2184 2187//2187 2176//2176
f 2174//2174 2193//2193 2178//2178
f 2176//2176 2187//2187 2189//2189
f 2188//2188 2195//2195 2174//2174
f 2189//2189 2201//2201 2173//2173
f 2180//2180 2190//2190 2179//2179
f 2212//2212 2198//2198 2185//2185
f 2191//2191 2197//2197 2181//2181
f 2194//2194 2203//2203 2184//2184
f 2203//2203 2187//2187 2184//2184
f 2195//2195 2193//2193 2174//2174
f 2180//2180 2196//2196 2190//2190
f 2197//2197 2196//2196 2180//2180
f 2205//2205 2181//2181 2183//2183
f 2182//2182 2205//2205 2183//2183
f 2182//2182 2192//2192 2202//2202
f 2178//2178 2215//2215 2194//2194
f 2193//2193 2215//2215 2178//2178
f 2215//2215 2203//2203 2194//2194
f 2206//2206 2212//2212 2201//2201
f 2197//2197 2213//2213 2196//2196
f 2186//2186 2200//2200 2192//2192
f 2209//2209 2191//2191 2181//2181
f 2199//2199 2209//2209 2181//2181
f 2205//2205 2199//2199 2181//2181
f 2202//2202 2205//2205 2182//2182
f 2202//2202 2192//2192 2200//2200
f 2203//2203 2216//2216 2187//2187
f 2216//2216 2189//2189 2187//2187
f 2216//2216 2201//2201 2189//2189
f 2190//2190 2188//2188 2179//2179
f 2208//2208 2198//2198 2212//2212
f 2197//2197 2191//2191 2213//2213
f 2191//2191 2209//2209 2213//2213
f 2208//2208 2186//2186 2198//2198
f 2208//2208 2200//2200 2186//2186
f 2188//2188 2204//2204 2195//2195
f 2201//2201 2216//2216 2206//2206
f 2227//2227 2212//2212 2206//2206
f 2209//2209 2199//2199 2205//2205
f 2200//2200 2205//2205 2202//2202
f 2195//2195 2215//2215 2193//2193
f 2203//2203 2215//2215 2225//2225
f 2204//2204 2222//2222 2195//2195
f 2188//2188 2222//2222 2204//2204
f 2211//2211 2222//2222 2188//2188
f 2190//2190 2211//2211 2188//2188
f 2212//2212 2207//2207 2208//2208
f 2210//2210 2217//2217 2205//2205
f 2205//2205 2200//2200 2210//2210
f 2225//2225 2221//2221 2203//2203
f 2216//2216 2203//2203 2221//2221
f 2226//2226 2195//2195 2222//2222
f 2213//2213 2209//2209 2219//2219
f 2219//2219 2209//2209 2217//2217
f 2200//2200 2208//2208 2214//2214
f 2217//2217 2209//2209 2205//2205
f 2214//2214 2210//2210 2200//2200
f 2195//2195 2220//2220 2215//2215
f 2207//2207 2212//2212 2227//2227
f 2196//2196 2213//2213 2190//2190
f 2207//2207 2232//2232 2208//2208
f 2220//2220 2225//2225 2215//2215
f 2213//2213 2218//2218 2190//2190
f 2214//2214 2208//2208 2232//2232
f 2195//2195 2226//2226 2220//2220
f 2235//2235 2207//2207 2227//2227
f 2219//2219 2224//2224 2213//2213
f 2224//2224 2223//2223 2213//2213
f 2217//2217 2224//2224 2219//2219
f 2221//2221 2225//2225 2229//2229
f 2206//2206 2216//2216 2230//2230
f 2222//2222 2211//2211 2226//2226
f 2230//2230 2227//2227 2206//2206
f 2190//2190 2218//2218 2211//2211
f 2223//2223 2218//2218 2213//2213
f 2207//2207 2235//2235 2232//2232
f 2210//2210 2214//2214 2232//2232
f 2240//2240 2217//2217 2210//2210
f 2228//2228 2220//2220 2226//2226
f 2228//2228 2242//2242 2220//2220
f 2242//2242 2225//2225 2220//2220
f 2216//2216 2221//2221 2229//2229
f 2211//2211 2231//2231 2226//2226
f 2224//2224 2233//2233 2223//2223
f 2233//2233 2224//2224 2217//2217
f 2233//2233 2217//2217 2240//2240
f 2228//2228 2226//2226 2231//2231
f 2229//2229 2230//2230 2216//2216
f 2234//2234 2227//2227 2230//2230
f 2234//2234 2235//2235 2227//2227
f 2233//2233 2218//2218 2223//2223
f 2239//2239 2232//2232 2235//2235
f 2210//2210 2232//2232 2239//2239
f 2240//2240 2210//2210 2236//2236
f 2242//2242 2237//2237 2225//2225
f 2225//2225 2237//2237 2229//2229
f 2229//2229 2237//2237 2230//2230
f 2218//2218 2238//2238 2211//2211
f 2235//2235 2234//2234 2239//2239
f 2233//2233 2238//2238 2218//2218
f 2241//2241 2240//2240 2236//2236
f 2236//2236 2210//2210 2248//2248
f 2248//2248 2210//2210 2239//2239
f 2244//2244 2242//2242 2228//2228
f 2231//2231 2243//2243 2228//2228
f 2228//2228 2243//2243 2244//2244
f 2237//2237 2246//2246 2230//2230
f 2238//2238 2231//2231 2211//2211
f 2230//2230 2246//2246 2234//2234
f 2246//2246 2239//2239 2234//2234
f 2236//2236 2248//2248 2241//2241
f 2245//2245 2242//2242 2244//2244
f 2237//2237 2242//2242 2245//2245
f 2237//2237 2245//2245 2246//2246
f 2238//2238 2243//2243 2231//2231
f 2248//2248 2239//2239 2247//2247
f 2247//2247 2239//2239 2246//2246
f 2238//2238 2233//2233 2240//2240
f 2238//2238 2240//2240 2249//2249
f 2241//2241 2249//2249 2240//2240
f 2241//2241 2248//2248 2249//2249
f 2245//2245 2244//2244 2243//2243
f 2238//2238 2250//2250 2243//2243
f 2243//2243 2251//2251 2245//2245
f 2243//2243 2250//2250 2251//2251
f 2245//2245 2251//2251 2246//2246
f 2251//2251 2247//2247 2246//2246
f 2249//2249 2250//2250 2238//2238
f 2250//2250 2249//2249 2251//2251
f 2251//2251 2248//2248 2247//2247
f 2251//2251 2249//2249 2252//2252
f 2251//2251 2252//2252 2248//2248
f 2252//2252 2249//2249 2248//2248
