# sdf_tetrapod: docs/prototypes/mammoth.html ‚Ì‹——£ŠÖ”‚©‚çÄ‚¢‚½–Ô–Ú
# —§‚¿pE–Ñ”ç‚İB‘O‚Í+ZiUnityjA‘«‚Ì— ‚Íy=0B’PˆÊ‚Íƒ[ƒgƒ‹‘Š“–
mtllib sdf_tetrapod.mtl
o sdf_tetrapod
v -0.0000 0.1229 -1.7231
v -0.0068 0.1337 -1.7366
v 0.0171 0.1400 -1.7231
v -0.0000 0.1200 -1.7131
v -0.0000 0.1200 -1.7131
v -0.0000 0.1200 -1.7131
v -0.0000 0.1200 -1.7131
v 0.0100 0.1229 -1.7131
v 0.0171 0.1300 -1.7131
v -0.0100 0.1229 -1.7131
v 0.0200 0.1400 -1.7131
v 0.0200 0.1400 -1.7131
v 0.0200 0.1400 -1.7131
v -0.0200 0.1400 -1.7131
v 0.0200 0.1400 -1.7131
v -0.0177 0.1500 -1.7131
v -0.0000 0.1200 -1.7131
v -0.0000 0.1213 -1.7031
v 0.0211 0.1400 -1.7031
v -0.0200 0.1370 -1.7031
v -0.0200 0.1400 -1.7131
v 0.0200 0.1500 -1.7047
v -0.0265 0.1443 -1.6778
v 0.0254 0.1605 -1.6757
v -0.0020 0.1542 -1.7369
v -0.0120 0.1262 -1.6830
v 0.0283 0.1549 -1.5114
v 0.0118 0.1234 -1.7038
v 0.0400 0.1800 -1.5631
v -0.0400 0.1800 -1.5631
v -0.0392 0.1900 -1.5631
v 0.0390 0.1700 -1.5531
v 0.0400 0.1800 -1.5631
v -0.0400 0.1744 -1.5531
v -0.0400 0.1800 -1.5631
v 0.0400 0.1900 -1.5585
v 0.0279 0.2170 -1.5578
v -0.0199 0.2287 -1.5419
v -0.0243 0.1513 -1.4201
v -0.0459 0.1750 -1.4888
v -0.0432 0.2046 -1.5274
v 0.0498 0.1771 -1.4863
v -0.0352 0.2835 -1.4360
v 0.0519 0.2450 -1.4703
v -0.0642 0.2553 -1.4353
v 0.0602 0.1882 -1.3665
v 0.0283 0.1473 -1.4223
v 0.0265 0.2872 -1.4406
v -0.0073 0.3063 -1.3573
v 0.0129 0.1680 -1.3202
v 0.0374 0.2936 -1.3612
v -0.0724 0.1969 -1.4037
v 0.0624 0.2021 -1.2979
v -0.0460 0.2924 -1.3448
v 0.0721 0.2430 -1.3580
v -0.0772 0.3441 -1.1445
v -0.0422 0.1758 -1.3424
v 0.0522 0.2874 -1.3458
v -0.0740 0.2438 -1.3256
v 0.0767 0.3654 -1.0997
v 0.0367 0.1959 -1.0721
v -0.1076 0.2747 -1.0724
v -0.0135 0.3791 -1.1545
v 0.1057 0.2834 -1.0811
v 0.0737 0.3939 -1.0581
v -0.0851 0.2298 -1.0699
v 0.1297 0.2798 -0.9721
v -0.1100 0.3385 -1.0577
v 0.0645 0.2090 -1.0788
v -0.0211 0.4485 -1.0077
v -0.0400 0.1965 -1.0567
v 0.0899 0.2398 -1.0757
v 0.1087 0.3576 -1.0445
v 0.0918 0.4192 -0.9849
v -0.0146 0.1840 -0.9724
v -0.0992 0.4086 -0.9951
v 0.0287 0.4444 -1.0111
v -0.0962 0.4206 -0.9248
v -0.0665 0.1981 -0.9817
v 0.1026 0.2317 -0.9343
v -0.1171 0.4053 -0.8859
v 0.1207 0.2654 -0.8415
v 0.1039 0.4142 -0.9144
v -0.0456 0.4548 -0.9175
v -0.1352 0.3010 -0.9691
v 0.0654 0.2013 -0.9498
v -0.1031 0.2415 -0.8782
v 0.1294 0.3699 -0.8845
v 0.0534 0.4634 -0.8748
v -0.0072 0.4677 -0.8956
v 0.1390 0.3450 -0.8720
v 0.0684 0.2146 -0.6862
v 0.0548 0.2121 -0.8038
v -0.0631 0.2137 -0.8078
v 0.1555 0.3324 -0.7262
v 0.1506 0.3937 -0.7527
v -0.1394 0.3939 -0.8050
v -0.1302 0.3090 -0.8997
v -0.1094 0.4321 -0.8429
v -0.0697 0.4766 -0.8136
v 0.1594 0.3500 -0.7131
v 0.1600 0.3600 -0.7131
v -0.1600 0.3600 -0.7131
v -0.1599 0.3700 -0.7131
v 0.1092 0.2437 -0.6965
v -0.1600 0.3500 -0.7093
v 0.1600 0.3600 -0.7131
v -0.1600 0.3600 -0.7131
v 0.1600 0.3700 -0.7127
v 0.0243 0.5611 -0.6030
v 0.1245 0.2714 -0.8034
v -0.1766 0.3061 -0.5037
v -0.1145 0.4876 -0.6901
v -0.1097 0.2547 -0.8433
v -0.1676 0.3672 -0.6706
v 0.1105 0.4384 -0.8257
v 0.1562 0.2954 -0.6088
v -0.0793 0.2205 -0.6084
v 0.1362 0.2550 -0.5221
v 0.0086 0.2002 -0.8648
v -0.1646 0.4686 -0.5765
v 0.0900 0.5149 -0.6710
v -0.0453 0.2076 -0.5384
v 0.1913 0.3911 -0.5413
v -0.0029 0.2020 -0.5969
v -0.1196 0.5450 -0.5359
v -0.0508 0.5719 -0.5546
v -0.1441 0.2895 -0.6993
v 0.0825 0.2217 -0.6408
v 0.0700 0.2123 -0.5145
v -0.1839 0.4456 -0.5330
v 0.1657 0.4908 -0.5322
v 0.1209 0.5713 -0.4818
v -0.1777 0.5112 -0.4733
v -0.1117 0.2384 -0.5465
v -0.2077 0.4434 -0.4652
v 0.0368 0.6002 -0.5057
v 0.2201 0.4683 -0.3994
v -0.0452 0.2028 -0.5016
v 0.1857 0.2975 -0.4493
v -0.1962 0.3649 -0.5099
v -0.1390 0.5559 -0.4809
v 0.0227 0.6088 -0.4813
v -0.0794 0.5979 -0.4718
v 0.1640 0.2610 -0.4210
v 0.1557 0.5379 -0.4825
v 0.1983 0.3802 -0.5049
v -0.2011 0.3301 -0.4493
v 0.1078 0.5867 -0.4523
v -0.1767 0.5537 -0.3732
v -0.1406 0.2454 -0.4565
v -0.2215 0.4483 -0.4003
v 0.1809 0.5454 -0.3811
v -0.0038 0.1843 -0.3743
v 0.2303 0.3580 -0.3586
v 0.1313 0.5986 -0.3648
v 0.2226 0.5092 -0.3319
v 0.2480 0.4301 -0.3216
v -0.1387 0.2263 -0.3448
v -0.0823 0.1973 -0.3444
v 0.2028 0.2428 -0.2561
v -0.1085 0.1960 -0.2889
v -0.2141 0.2853 -0.3116
v 0.2443 0.3255 -0.3072
v 0.0017 0.6368 -0.3644
v -0.1540 0.2201 -0.2854
v 0.1427 0.2197 -0.3133
v -0.2565 0.3115 -0.2882
v -0.2250 0.3135 -0.3267
v 0.0723 0.1897 -0.3169
v -0.4512 0.1634 -0.2968
v 0.4461 0.1879 -0.3018
v -0.4580 0.2361 -0.2921
v -0.5376 0.2037 -0.2544
v 0.4989 0.2440 -0.2767
v 0.3249 0.3291 -0.2665
v -0.2618 0.4113 -0.2996
v -0.1156 0.6145 -0.3396
v -0.0721 0.6445 -0.3095
v 0.4540 0.1292 -0.2753
v -0.4046 0.1012 -0.2428
v -0.2978 0.2524 -0.2497
v -0.1123 0.1882 -0.2555
v -0.4190 0.1922 -0.3008
v 0.3718 0.3150 -0.2611
v -0.3948 0.3388 -0.2479
v -0.3448 0.2953 -0.2669
v 0.2790 0.4592 -0.2767
v -0.1871 0.5708 -0.3170
v 0.3856 0.1544 -0.2770
v 0.3102 0.2565 -0.2563
v 0.2734 0.2180 -0.2204
v -0.2311 0.5359 -0.2847
v -0.2648 0.5591 -0.1996
v 0.1302 0.6694 -0.1951
v 0.5167 0.1752 -0.2663
v 0.3383 0.1800 -0.2431
v 0.3826 0.3682 -0.2350
v 0.2604 0.5118 -0.2623
v 0.2059 0.5872 -0.2602
v -0.1975 0.6067 -0.2429
v 0.3364 0.1700 -0.2331
v -0.3577 0.1488 -0.2411
v 0.3341 0.1731 -0.2328
v 0.3235 0.1900 -0.2331
v -0.2337 0.2096 -0.1894
v 0.1545 0.6379 -0.2399
v -0.5251 0.0863 -0.1997
v 0.3297 0.1700 -0.2231
v 0.2171 0.2121 -0.1996
v -0.4922 0.2847 -0.2443
v -0.3343 0.4152 -0.2421
v 0.2541 0.5497 -0.2323
v -0.1666 0.6456 -0.2128
v 0.4406 0.0574 -0.2196
v -0.0417 0.1494 -0.1932
v 0.5577 0.2174 -0.1855
v 0.2969 0.1875 -0.1934
v 0.1615 0.1826 -0.1771
v 0.3607 0.4231 -0.2153
v -0.4104 0.0129 -0.1733
v 0.5084 0.0318 -0.1870
v 0.1930 0.6336 -0.1849
v -0.0343 0.6817 -0.2308
v -0.4860 0.0746 -0.2264
v -0.4277 0.0221 -0.1918
v -0.0277 0.1709 -0.2741
v 0.5477 0.2032 -0.2242
v -0.1223 0.1750 -0.2108
v -0.1863 0.1957 -0.1788
v -0.2875 0.4777 -0.2607
v 0.3144 0.5178 -0.1819
v 0.3461 0.5007 -0.1509
v 0.4700 0.0000 -0.1831
v 0.4700 0.0000 -0.1831
v 0.4700 0.0000 -0.1831
v 0.4600 0.0000 -0.1831
v 0.4600 0.0000 -0.1831
v 0.4500 0.0000 -0.1831
v 0.4500 0.0000 -0.1831
v 0.4500 0.0000 -0.1831
v -0.4500 0.0000 -0.1831
v -0.4500 0.0000 -0.1831
v -0.4500 0.0000 -0.1831
v -0.4600 0.0000 -0.1831
v -0.4600 0.0000 -0.1831
v -0.4700 0.0000 -0.1831
v -0.4700 0.0000 -0.1831
v -0.4700 0.0000 -0.1831
v 0.4800 0.0100 -0.1893
v 0.4400 0.0011 -0.1831
v 0.4300 0.0066 -0.1831
v -0.4357 0.0023 -0.1831
v -0.4400 0.0100 -0.1893
v -0.4800 0.0011 -0.1831
v -0.4900 0.0066 -0.1831
v 0.4918 0.0050 -0.1824
v 0.3568 0.1165 -0.2006
v 0.3269 0.4852 -0.2092
v 0.1836 0.6315 -0.2141
v 0.4900 0.0000 -0.1731
v 0.4900 0.0000 -0.1731
v 0.4900 0.0000 -0.1731
v 0.4800 0.0000 -0.1731
v 0.4800 0.0000 -0.1731
v 0.4400 0.0000 -0.1731
v 0.4400 0.0000 -0.1731
v 0.4300 0.0000 -0.1731
v 0.4300 0.0000 -0.1731
v 0.4300 0.0000 -0.1731
v -0.4300 0.0000 -0.1731
v -0.4300 0.0000 -0.1731
v -0.4300 0.0000 -0.1731
v -0.4400 0.0000 -0.1731
v -0.4400 0.0000 -0.1731
v -0.4800 0.0000 -0.1731
v -0.4800 0.0000 -0.1731
v -0.4900 0.0000 -0.1731
v -0.4900 0.0000 -0.1731
v -0.4900 0.0000 -0.1731
v 0.5000 0.0100 -0.1795
v 0.5013 0.0038 -0.1739
v 0.4200 0.0022 -0.1731
v -0.4200 0.0100 -0.1795
v -0.5000 0.0022 -0.1731
v -0.1932 0.2202 -0.2342
v 0.4449 0.3406 -0.2085
v 0.5000 0.0000 -0.1631
v 0.5000 0.0000 -0.1631
v 0.5000 0.0000 -0.1631
v 0.4200 0.0000 -0.1631
v 0.4200 0.0000 -0.1631
v 0.4200 0.0000 -0.1631
v -0.4200 0.0000 -0.1631
v -0.4200 0.0000 -0.1631
v -0.4200 0.0000 -0.1631
v -0.5000 0.0000 -0.1631
v -0.5000 0.0000 -0.1631
v -0.5000 0.0000 -0.1631
v 0.5100 0.0100 -0.1709
v 0.4100 0.0022 -0.1631
v -0.4100 0.0100 -0.1709
v -0.5100 0.0022 -0.1631
v 0.5119 0.0051 -0.1655
v -0.4087 0.0041 -0.1648
v -0.5362 0.0256 -0.1461
v -0.3830 0.0932 -0.2159
v 0.5396 0.1087 -0.1734
v 0.3706 0.0632 -0.1518
v 0.2030 0.1940 -0.1468
v 0.5255 0.2751 -0.2041
v 0.4717 0.3277 -0.1518
v -0.4358 0.3621 -0.1907
v 0.3721 0.4406 -0.1841
v -0.4323 0.3814 -0.1417
v 0.5100 0.0000 -0.1531
v 0.5100 0.0000 -0.1531
v 0.5100 0.0000 -0.1531
v 0.4100 0.0000 -0.1531
v 0.4100 0.0000 -0.1531
v 0.4100 0.0000 -0.1531
v -0.4100 0.0000 -0.1531
v -0.4100 0.0000 -0.1531
v -0.4100 0.0000 -0.1531
v -0.5100 0.0000 -0.1531
v -0.5100 0.0000 -0.1531
v -0.5100 0.0000 -0.1531
v 0.5200 0.0100 -0.1574
v -0.4000 0.0100 -0.1574
v -0.3932 0.0099 -0.1448
v 0.5242 0.0143 -0.1578
v -0.3843 0.0213 -0.0981
v -0.5346 0.1076 -0.1054
v -0.3004 0.1783 -0.1350
v -0.5568 0.2301 -0.1666
v 0.5100 0.0000 -0.1431
v 0.5100 0.0000 -0.1431
v 0.4100 0.0000 -0.1431
v 0.4100 0.0000 -0.1431
v -0.4100 0.0000 -0.1431
v -0.4100 0.0000 -0.1431
v -0.5100 0.0000 -0.1431
v -0.5100 0.0000 -0.1431
v 0.5200 0.0011 -0.1431
v 0.4056 0.0032 -0.1607
v 0.3937 0.0100 -0.1431
v -0.4000 0.0011 -0.1431
v -0.5138 0.0042 -0.1631
v -0.5263 0.0100 -0.1431
v -0.2924 0.1894 -0.1892
v 0.1069 0.1520 -0.1497
v 0.5323 0.2520 -0.1368
v -0.5439 0.2574 -0.2033
v -0.0061 0.7033 -0.1618
v 0.5200 0.0000 -0.1331
v 0.5200 0.0000 -0.1331
v 0.5200 0.0000 -0.1331
v 0.4000 0.0000 -0.1331
v 0.4000 0.0000 -0.1331
v 0.4000 0.0000 -0.1331
v -0.4000 0.0000 -0.1331
v -0.4000 0.0000 -0.1331
v -0.4000 0.0000 -0.1331
v -0.5200 0.0000 -0.1331
v -0.5200 0.0000 -0.1331
v -0.5200 0.0000 -0.1331
v 0.5394 0.0500 -0.1331
v -0.3539 0.1150 -0.1564
v -0.0057 0.1356 -0.1509
v 0.4002 0.4129 -0.1770
v -0.3467 0.5013 -0.1535
v 0.3577 0.5015 -0.0881
v 0.5200 0.0000 -0.1231
v 0.5200 0.0000 -0.1231
v 0.4000 0.0000 -0.1231
v 0.4000 0.0000 -0.1231
v -0.4000 0.0000 -0.1231
v -0.4000 0.0000 -0.1231
v -0.5200 0.0000 -0.1231
v -0.5200 0.0000 -0.1231
v 0.5389 0.0251 -0.1244
v 0.5394 0.0400 -0.1231
v 0.5400 0.0500 -0.1231
v 0.5400 0.0500 -0.1231
v 0.5400 0.0500 -0.1231
v 0.5400 0.0500 -0.1231
v 0.5394 0.0600 -0.1231
v 0.5115 0.0536 -0.0530
v 0.2414 0.2003 -0.1172
v -0.3927 0.4387 -0.1043
v 0.0927 0.6873 -0.1665
v 0.5200 0.0000 -0.1131
v 0.5200 0.0000 -0.1131
v 0.4000 0.0000 -0.1131
v 0.4000 0.0000 -0.1131
v -0.4000 0.0000 -0.1131
v -0.4000 0.0000 -0.1131
v -0.5200 0.0000 -0.1131
v -0.5200 0.0000 -0.1131
v 0.5400 0.0500 -0.1231
v 0.5394 0.0500 -0.1131
v -0.0883 0.1375 -0.0969
v -0.2019 0.1903 -0.1232
v -0.2344 0.2012 -0.0757
v 0.4162 0.3956 -0.1031
v 0.3975 0.4282 -0.1103
v -0.1364 0.6788 -0.1451
v 0.5200 0.0000 -0.1131
v 0.5100 0.0000 -0.1031
v 0.5100 0.0000 -0.1031
v 0.4100 0.0000 -0.1031
v 0.4000 0.0000 -0.1131
v 0.4100 0.0000 -0.1031
v -0.4000 0.0000 -0.1131
v -0.4100 0.0000 -0.1031
v -0.4100 0.0000 -0.1031
v -0.5100 0.0000 -0.1031
v -0.5200 0.0000 -0.1131
v -0.5100 0.0000 -0.1031
v 0.5263 0.0100 -0.1031
v 0.4000 0.0011 -0.1031
v -0.3937 0.0100 -0.1031
v -0.5200 0.0011 -0.1031
v -0.4056 0.0102 -0.0744
v 0.5201 0.0341 -0.0633
v -0.3770 0.1333 -0.0951
v 0.3251 0.1625 -0.1225
v -0.3637 0.4908 -0.0993
v 0.5100 0.0000 -0.0931
v 0.5100 0.0000 -0.0931
v 0.4100 0.0000 -0.0931
v 0.4100 0.0000 -0.0931
v -0.4100 0.0000 -0.0931
v -0.4100 0.0000 -0.0931
v -0.5100 0.0000 -0.0931
v -0.5100 0.0000 -0.0931
v 0.4000 0.0066 -0.0931
v -0.5200 0.0066 -0.0931
v 0.0126 0.1275 -0.0639
v 0.5116 0.1982 -0.0931
v 0.3734 0.1561 -0.0862
v -0.3202 0.2035 -0.0702
v 0.4712 0.3121 -0.1143
v 0.3471 0.5079 -0.0905
v 0.2201 0.6218 -0.1427
v 0.5100 0.0000 -0.0931
v 0.5000 0.0000 -0.0831
v 0.5000 0.0000 -0.0831
v 0.4571 0.0000 -0.1171
v 0.4200 0.0000 -0.0831
v 0.4100 0.0000 -0.0931
v 0.4200 0.0000 -0.0831
v -0.4100 0.0000 -0.0931
v -0.4200 0.0000 -0.0831
v -0.4200 0.0000 -0.0831
v -0.4629 0.0000 -0.1171
v -0.5000 0.0000 -0.0831
v -0.5100 0.0000 -0.0931
v -0.5000 0.0000 -0.0831
v 0.5100 0.0022 -0.0831
v 0.4100 0.0022 -0.0831
v -0.4100 0.0022 -0.0831
v -0.5100 0.0022 -0.0831
v 0.5287 0.1483 -0.1009
v -0.5088 0.2723 -0.1196
v -0.2109 0.6343 -0.1193
v 0.5000 0.0000 -0.0831
v 0.4900 0.0000 -0.0731
v 0.4900 0.0000 -0.0731
v 0.4800 0.0000 -0.0731
v 0.4400 0.0000 -0.0731
v 0.4300 0.0000 -0.0731
v 0.4200 0.0000 -0.0831
v 0.4300 0.0000 -0.0731
v -0.4200 0.0000 -0.0831
v -0.4300 0.0000 -0.0731
v -0.4300 0.0000 -0.0731
v -0.4400 0.0000 -0.0731
v -0.4800 0.0000 -0.0731
v -0.4900 0.0000 -0.0731
v -0.5000 0.0000 -0.0831
v -0.4900 0.0000 -0.0731
v 0.5000 0.0022 -0.0731
v 0.4200 0.0022 -0.0731
v -0.4200 0.0022 -0.0731
v -0.5000 0.0022 -0.0731
v -0.5390 0.0285 -0.0952
v 0.3844 0.0158 -0.1059
v 0.3871 0.1038 -0.0828
v -0.4788 0.2056 -0.0734
v 0.4425 0.2977 -0.0700
v 0.4900 0.0000 -0.0731
v 0.4800 0.0000 -0.0731
v 0.4700 0.0000 -0.0631
v 0.4700 0.0000 -0.0631
v 0.4600 0.0000 -0.0631
v 0.4500 0.0000 -0.0631
v 0.4400 0.0000 -0.0731
v 0.4500 0.0000 -0.0631
v 0.4300 0.0000 -0.0731
v -0.4300 0.0000 -0.0731
v -0.4400 0.0000 -0.0731
v -0.4500 0.0000 -0.0631
v -0.4500 0.0000 -0.0631
v -0.4600 0.0000 -0.0631
v -0.4700 0.0000 -0.0631
v -0.4800 0.0000 -0.0731
v -0.4700 0.0000 -0.0631
v -0.4900 0.0000 -0.0731
v 0.4900 0.0066 -0.0631
v 0.4800 0.0011 -0.0631
v -0.4300 0.0066 -0.0631
v -0.4400 0.0011 -0.0631
v -0.4981 0.0108 -0.0616
v -0.4871 0.1266 -0.0671
v 0.2320 0.2018 -0.0632
v 0.4664 0.1816 -0.0697
v -0.4289 0.1607 -0.0672
v 0.2737 0.2300 -0.0206
v -0.3980 0.3906 -0.0569
v 0.4700 0.0000 -0.0631
v 0.4600 0.0000 -0.0631
v 0.4500 0.0000 -0.0631
v -0.4500 0.0000 -0.0631
v -0.4600 0.0000 -0.0631
v -0.4700 0.0000 -0.0631
v 0.4598 0.0206 -0.0464
v 0.4400 0.0100 -0.0568
v -0.4875 0.0360 -0.0414
v -0.4800 0.0100 -0.0568
v 0.4215 0.1962 -0.0664
v -0.3986 0.2927 -0.0373
v 0.3247 0.4765 0.0349
v -0.2063 0.6455 0.0049
v 0.1768 0.6627 -0.0834
v 0.4222 0.0108 -0.0614
v -0.4202 0.0411 -0.0509
v 0.4600 0.0400 -0.0437
v -0.4600 0.0400 -0.0437
v 0.4700 0.0500 -0.0437
v 0.4600 0.0500 -0.0431
v 0.4600 0.0500 -0.0431
v 0.4500 0.0500 -0.0437
v 0.4600 0.0500 -0.0431
v -0.4500 0.0500 -0.0437
v -0.4600 0.0500 -0.0431
v -0.4600 0.0500 -0.0431
v -0.4700 0.0500 -0.0437
v -0.4600 0.0500 -0.0431
v 0.4600 0.0500 -0.0431
v 0.4600 0.0600 -0.0437
v -0.4600 0.0500 -0.0431
v -0.4600 0.0600 -0.0437
v 0.4165 0.0507 -0.0526
v 0.4527 0.0752 -0.0473
v -0.0954 0.1431 -0.0657
v -0.3721 0.2129 -0.0544
v 0.4600 0.0500 -0.0431
v -0.4600 0.0500 -0.0431
v -0.2851 0.2393 -0.0132
v 0.3474 0.2455 -0.0336
v -0.1146 0.1458 -0.0349
v 0.4115 0.3327 -0.0471
v 0.3035 0.5410 -0.0282
v -0.0148 0.1284 0.0249
v 0.3436 0.3123 0.0082
v -0.2484 0.2310 0.0194
v -0.3591 0.4771 -0.0458
v 0.2134 0.6379 -0.0652
v -0.0950 0.7015 -0.0500
v 0.0725 0.7059 -0.0659
v 0.0994 0.1420 -0.0205
v -0.2972 0.3094 0.0550
v 0.3155 0.4361 0.0726
v 0.0385 0.7065 0.0225
v 0.1759 0.1789 0.0075
v -0.0993 0.6949 0.0182
v 0.3197 0.3259 0.0411
v -0.3137 0.4319 0.0827
v -0.1392 0.6585 0.1967
v 0.2560 0.2395 0.0207
v -0.2420 0.2363 0.0595
v 0.1514 0.6745 0.0293
v -0.3260 0.3441 0.0409
v -0.3553 0.3588 0.0050
v -0.3167 0.5084 0.0135
v -0.2278 0.6202 0.0433
v -0.3027 0.4984 0.0747
v 0.1552 0.6656 0.0820
v 0.2837 0.5427 0.0724
v 0.2445 0.6046 0.0322
v 0.0342 0.1375 0.0569
v 0.1446 0.1682 0.0663
v -0.0074 0.1383 0.0737
v -0.1758 0.1819 0.0490
v 0.2760 0.2957 0.1364
v 0.2930 0.3174 0.0879
v -0.2760 0.5640 0.0254
v 0.2784 0.5317 0.1789
v -0.2840 0.5417 0.0836
v 0.2207 0.6153 0.1081
v 0.2003 0.2163 0.1811
v 0.0420 0.6806 0.2362
v -0.1018 0.1698 0.2045
v 0.0699 0.1533 0.1568
v -0.2912 0.3532 0.2358
v -0.2286 0.2422 0.1752
v -0.0436 0.6896 0.1520
v 0.3080 0.3801 0.0906
v 0.3020 0.4608 0.1728
v -0.1714 0.1891 0.1180
v -0.1958 0.6242 0.1877
v 0.1015 0.6676 0.2319
v -0.0105 0.6825 0.2467
v -0.3080 0.3712 0.1081
v -0.2769 0.5200 0.2491
v 0.2228 0.6003 0.2053
v 0.1634 0.6469 0.1761
v 0.2467 0.2728 0.2680
v -0.2216 0.5996 0.2308
v -0.1136 0.1765 0.2465
v -0.2281 0.2496 0.2441
v -0.0580 0.1594 0.2080
v -0.0023 0.1543 0.4019
v -0.1761 0.2085 0.2632
v 0.2100 0.6075 0.2603
v 0.0922 0.1682 0.2702
v 0.3071 0.4370 0.4667
v 0.2984 0.3823 0.3337
v -0.1289 0.6570 0.2568
v -0.2316 0.2527 0.3480
v 0.1600 0.6415 0.2553
v 0.1619 0.1943 0.2370
v -0.0245 0.1604 0.3391
v 0.2666 0.3001 0.3495
v -0.0976 0.6673 0.2629
v -0.2564 0.2846 0.2676
v 0.2856 0.5019 0.2419
v -0.1873 0.6261 0.3507
v -0.1381 0.1891 0.3148
v -0.2101 0.6081 0.3337
v 0.1064 0.6661 0.2630
v 0.1924 0.2182 0.3050
v -0.2987 0.4385 0.2833
v 0.2396 0.5773 0.2863
v -0.0972 0.1710 0.3624
v -0.3006 0.3759 0.4312
v 0.2933 0.3515 0.4187
v -0.2547 0.5552 0.3389
v 0.1093 0.6643 0.3343
v -0.0850 0.6714 0.3346
v 0.2370 0.5847 0.3764
v 0.0980 0.1690 0.4319
v -0.2862 0.5102 0.4078
v -0.0934 0.1696 0.4062
v -0.2401 0.2440 0.5292
v 0.2713 0.2973 0.4394
v 0.1578 0.1924 0.4129
v 0.2988 0.3394 0.5227
v -0.1954 0.6318 0.4425
v 0.0893 0.6860 0.4660
v -0.0152 0.6798 0.3205
v -0.3023 0.3602 0.4997
v -0.2962 0.4665 0.3727
v -0.2359 0.5981 0.4548
v -0.1380 0.1828 0.4345
v -0.1929 0.2073 0.4999
v -0.2488 0.6016 0.5494
v 0.0988 0.1573 0.5537
v -0.2952 0.3250 0.5507
v 0.3041 0.4816 0.5203
v 0.2083 0.6330 0.5118
v 0.1652 0.6473 0.4131
v 0.0384 0.1571 0.4165
v 0.1856 0.1979 0.5547
v -0.3158 0.4153 0.5528
v 0.2495 0.5962 0.5150
v -0.0810 0.6896 0.4777
v -0.0457 0.1543 0.4679
v -0.1177 0.6780 0.4667
v 0.2249 0.2258 0.5757
v -0.2766 0.3106 0.4209
v -0.3152 0.4423 0.5560
v 0.2982 0.5269 0.5688
v -0.0135 0.7081 0.5339
v 0.2228 0.2409 0.4164
v -0.1777 0.6606 0.5423
v 0.2254 0.6287 0.5696
v 0.1051 0.6967 0.5618
v -0.1039 0.1606 0.5441
v -0.1031 0.1553 0.6116
v 0.3062 0.3641 0.5222
v -0.0238 0.1414 0.5909
v 0.1655 0.1844 0.5702
v 0.2497 0.2417 0.6535
v 0.2827 0.5683 0.6233
v 0.2497 0.5974 0.5378
v -0.1830 0.1968 0.5444
v 0.3135 0.3627 0.5665
v -0.3054 0.5100 0.5801
v 0.0185 0.1448 0.5536
v 0.2801 0.2849 0.6057
v -0.2235 0.6286 0.5649
v 0.1441 0.6820 0.5707
v -0.1580 0.1784 0.5928
v -0.2545 0.2501 0.6058
v -0.2305 0.6302 0.6071
v -0.0877 0.7008 0.5646
v 0.1534 0.1745 0.6229
v 0.2099 0.2120 0.5957
v 0.3264 0.4702 0.6058
v 0.0620 0.7115 0.5957
v -0.0953 0.7039 0.5952
v -0.2963 0.5428 0.6119
v 0.1981 0.6571 0.6214
v -0.0280 0.7176 0.6143
v -0.2935 0.2886 0.6249
v -0.1624 0.6752 0.5927
v -0.1238 0.1617 0.6772
v 0.3413 0.3254 0.6521
v 0.3331 0.4023 0.6058
v -0.1728 0.6733 0.6458
v -0.0487 0.1444 0.7025
v -0.1961 0.2011 0.6994
v 0.3211 0.3318 0.6201
v -0.3159 0.3498 0.6007
v -0.3258 0.4430 0.5908
v -0.2945 0.2721 0.6503
v -0.0149 0.1386 0.6722
v -0.3860 0.3445 0.6928
v 0.4109 0.3879 0.7400
v -0.3334 0.5082 0.6655
v -0.1560 0.6870 0.6714
v -0.0003 0.7212 0.6967
v 0.3004 0.5488 0.6525
v -0.1855 0.6671 0.7164
v 0.0900 0.1534 0.6983
v -0.3691 0.2925 0.6907
v 0.3816 0.3352 0.6879
v 0.2421 0.6200 0.6445
v 0.2094 0.6513 0.6872
v 0.1498 0.6865 0.6677
v -0.0576 0.7164 0.6630
v 0.0150 0.1429 0.7022
v 0.3627 0.2735 0.6943
v -0.3653 0.4748 0.7032
v -0.3599 0.4955 0.7246
v -0.2389 0.6235 0.6770
v 0.2926 0.2324 0.7097
v -0.3247 0.2488 0.6991
v 0.3978 0.2509 0.7156
v -0.3795 0.4124 0.6919
v 0.3688 0.4602 0.6898
v 0.2198 0.6407 0.7086
v -0.1960 0.6564 0.7489
v -0.1225 0.1713 0.7680
v 0.2503 0.2320 0.6786
v 0.2724 0.2273 0.7217
v -0.3697 0.2092 0.7313
v 0.4466 0.3169 0.7507
v -0.2970 0.5646 0.7167
v -0.0963 0.7060 0.7083
v 0.0710 0.1471 0.7042
v 0.3593 0.1954 0.7433
v -0.2548 0.2406 0.6758
v 0.4484 0.2665 0.7354
v -0.3676 0.4483 0.6797
v 0.3125 0.5420 0.6765
v 0.1900 0.6620 0.7224
v -0.1512 0.6823 0.7446
v 0.1298 0.6978 0.6750
v 0.4500 0.0156 0.7369
v 0.4600 0.0200 0.7369
v 0.4300 0.0200 0.7345
v 0.4200 0.0200 0.7369
v -0.4300 0.0156 0.7369
v -0.4200 0.0200 0.7369
v -0.4500 0.0200 0.7345
v -0.4600 0.0200 0.7369
v 0.4600 0.0300 0.7329
v 0.4600 0.0200 0.7369
v 0.4700 0.0300 0.7369
v 0.4200 0.0200 0.7369
v 0.4200 0.0300 0.7329
v 0.4100 0.0300 0.7369
v -0.4200 0.0300 0.7329
v -0.4200 0.0200 0.7369
v -0.4100 0.0300 0.7369
v -0.4600 0.0200 0.7369
v -0.4600 0.0300 0.7329
v -0.4700 0.0300 0.7369
v 0.4700 0.0400 0.7345
v 0.4700 0.0300 0.7369
v 0.4100 0.0300 0.7369
v 0.4056 0.0400 0.7369
v -0.4100 0.0400 0.7345
v -0.4100 0.0300 0.7369
v -0.4700 0.0300 0.7369
v -0.4744 0.0400 0.7369
v 0.4821 0.0488 0.7391
v 0.4353 0.0479 0.7234
v -0.0348 0.1437 0.7289
v 0.2028 0.2159 0.8018
v 0.4259 0.1748 0.7352
v -0.4381 0.2527 0.7303
v 0.3602 0.4941 0.7200
v 0.2287 0.6295 0.7419
v 0.4454 0.0020 0.7439
v 0.4300 0.0100 0.7404
v 0.4200 0.0054 0.7469
v -0.4346 0.0020 0.7439
v -0.4500 0.0100 0.7404
v -0.4600 0.0054 0.7469
v 0.4600 0.0200 0.7369
v 0.4200 0.0200 0.7369
v -0.4200 0.0200 0.7369
v -0.4600 0.0200 0.7369
v 0.4773 0.0230 0.7437
v 0.4700 0.0300 0.7369
v 0.4100 0.0300 0.7369
v -0.3940 0.0256 0.7481
v -0.4100 0.0300 0.7369
v -0.4700 0.0300 0.7369
v 0.4800 0.0400 0.7404
v -0.4000 0.0400 0.7404
v -0.4442 0.0451 0.7238
v -0.3878 0.0649 0.7483
v -0.4807 0.0471 0.7376
v 0.1255 0.1656 0.7228
v -0.4660 0.2692 0.7488
v -0.4000 0.3754 0.7135
v -0.4161 0.3918 0.7643
v 0.4600 0.0000 0.7569
v 0.4600 0.0000 0.7569
v 0.4600 0.0000 0.7569
v 0.4500 0.0000 0.7569
v 0.4500 0.0000 0.7569
v 0.4400 0.0000 0.7569
v 0.4400 0.0000 0.7569
v 0.4300 0.0000 0.7569
v 0.4300 0.0000 0.7569
v 0.4200 0.0000 0.7569
v 0.4200 0.0000 0.7569
v 0.4200 0.0000 0.7569
v -0.4200 0.0000 0.7569
v -0.4200 0.0000 0.7569
v -0.4200 0.0000 0.7569
v -0.4300 0.0000 0.7569
v -0.4300 0.0000 0.7569
v -0.4400 0.0000 0.7569
v -0.4400 0.0000 0.7569
v -0.4500 0.0000 0.7569
v -0.4500 0.0000 0.7569
v -0.4600 0.0000 0.7569
v -0.4600 0.0000 0.7569
v -0.4600 0.0000 0.7569
v 0.4700 0.0100 0.7480
v 0.4700 0.0011 0.7569
v 0.3980 0.0118 0.7526
v -0.4100 0.0100 0.7480
v -0.4100 0.0011 0.7569
v -0.4842 0.0059 0.7592
v 0.4863 0.0089 0.7613
v -0.3937 0.0089 0.7613
v 0.3835 0.0400 0.7569
v -0.4965 0.0400 0.7569
v 0.3941 0.0399 0.7444
v 0.3466 0.1671 0.7749
v -0.4003 0.1441 0.7403
v 0.1115 0.1714 0.7936
v -0.4677 0.1435 0.7432
v 0.2216 0.2117 0.7318
v -0.2938 0.2111 0.7718
v 0.0777 0.7076 0.7545
v 0.4700 0.0000 0.7669
v 0.4700 0.0000 0.7669
v 0.4700 0.0000 0.7669
v 0.4100 0.0000 0.7669
v 0.4100 0.0000 0.7669
v 0.4100 0.0000 0.7669
v -0.4100 0.0000 0.7669
v -0.4100 0.0000 0.7669
v -0.4100 0.0000 0.7669
v -0.4700 0.0000 0.7669
v -0.4700 0.0000 0.7669
v -0.4700 0.0000 0.7669
v 0.4000 0.0011 0.7669
v -0.4800 0.0011 0.7669
v 0.4940 0.0180 0.7659
v 0.3938 0.0029 0.7679
v -0.3860 0.0180 0.7659
v 0.5000 0.0300 0.7669
v 0.3800 0.0300 0.7669
v -0.3800 0.0300 0.7669
v -0.5000 0.0300 0.7669
v 0.5000 0.0400 0.7626
v 0.5000 0.0300 0.7669
v 0.3800 0.0300 0.7669
v 0.3776 0.0400 0.7669
v -0.3800 0.0400 0.7626
v -0.3800 0.0300 0.7669
v -0.5000 0.0300 0.7669
v -0.5024 0.0400 0.7669
v 0.3823 0.0460 0.7571
v -0.5002 0.0500 0.7606
v 0.0305 0.1510 0.7687
v -0.2232 0.2148 0.7314
v 0.5179 0.2487 0.7980
v -0.3478 0.5133 0.7708
v -0.3234 0.5294 0.7987
v 0.0410 0.7168 0.7241
v 0.4800 0.0000 0.7769
v 0.4800 0.0000 0.7769
v 0.4800 0.0000 0.7769
v 0.4000 0.0000 0.7769
v 0.4000 0.0000 0.7769
v 0.4000 0.0000 0.7769
v -0.4000 0.0000 0.7769
v -0.4000 0.0000 0.7769
v -0.4000 0.0000 0.7769
v -0.4800 0.0000 0.7769
v -0.4800 0.0000 0.7769
v -0.4800 0.0000 0.7769
v 0.4900 0.0100 0.7689
v -0.3900 0.0100 0.7689
v 0.5000 0.0200 0.7769
v 0.3800 0.0200 0.7769
v -0.3800 0.0200 0.7769
v -0.5000 0.0200 0.7769
v 0.5000 0.0300 0.7669
v 0.5000 0.0200 0.7769
v 0.5040 0.0300 0.7769
v 0.3800 0.0200 0.7769
v 0.3800 0.0300 0.7669
v 0.3760 0.0300 0.7769
v -0.3800 0.0300 0.7669
v -0.3800 0.0200 0.7769
v -0.3760 0.0300 0.7769
v -0.5000 0.0200 0.7769
v -0.5000 0.0300 0.7669
v -0.5040 0.0300 0.7769
v 0.5070 0.0458 0.7726
v -0.0563 0.1603 0.8070
v -0.0869 0.1662 0.8008
v -0.3336 0.1592 0.7984
v 0.4820 0.1454 0.7534
v -0.3798 0.4611 0.7692
v 0.3524 0.5050 0.7776
v 0.2188 0.6203 0.8199
v 0.4800 0.0000 0.7869
v 0.4800 0.0000 0.7869
v 0.4000 0.0000 0.7869
v 0.4000 0.0000 0.7869
v -0.4000 0.0000 0.7869
v -0.4000 0.0000 0.7869
v -0.4800 0.0000 0.7869
v -0.4800 0.0000 0.7869
v 0.4965 0.0100 0.7869
v -0.3835 0.0100 0.7869
v 0.5000 0.0200 0.7769
v 0.5024 0.0200 0.7869
v 0.3800 0.0156 0.7869
v 0.3800 0.0200 0.7769
v -0.3800 0.0200 0.7769
v -0.3776 0.0200 0.7869
v -0.5000 0.0156 0.7869
v -0.5000 0.0200 0.7769
v 0.5093 0.0500 0.7869
v 0.3179 0.2028 0.7583
v -0.4484 0.3165 0.7588
v 0.4352 0.3511 0.8480
v -0.1343 0.6869 0.7842
v -0.0519 0.7087 0.7779
v 0.4800 0.0000 0.7969
v 0.4800 0.0000 0.7969
v 0.4000 0.0000 0.7969
v 0.4000 0.0000 0.7969
v -0.4000 0.0000 0.7969
v -0.4000 0.0000 0.7969
v -0.4800 0.0000 0.7969
v -0.4800 0.0000 0.7969
v 0.4907 0.0024 0.7844
v 0.3860 0.0036 0.8008
v -0.3893 0.0024 0.7844
v 0.5015 0.0160 0.7972
v 0.5093 0.0400 0.7969
v -0.3734 0.0278 0.8023
v 0.5100 0.0500 0.7969
v 0.5100 0.0500 0.7969
v 0.5100 0.0500 0.7969
v 0.5100 0.0500 0.7969
v 0.5095 0.0600 0.7969
v -0.3721 0.0400 0.7821
v -0.5092 0.1408 0.7918
v 0.1109 0.1953 0.8780
v 0.2349 0.2349 0.8429
v -0.5171 0.2489 0.8081
v 0.5260 0.2179 0.8229
v 0.3730 0.4612 0.7988
v 0.3266 0.5311 0.7822
v 0.2711 0.5742 0.8059
v 0.0899 0.6988 0.7948
v 0.4800 0.0000 0.8069
v 0.4800 0.0000 0.8069
v 0.4000 0.0000 0.8069
v 0.4000 0.0000 0.8069
v -0.4000 0.0000 0.8069
v -0.4000 0.0000 0.8069
v -0.4800 0.0000 0.8069
v -0.4800 0.0000 0.8069
v 0.4837 0.0039 0.8311
v -0.3848 0.0059 0.8090
v -0.4929 0.0026 0.8017
v 0.5000 0.0156 0.8069
v 0.3776 0.0200 0.8069
v -0.3800 0.0156 0.8069
v -0.5024 0.0200 0.8069
v 0.5077 0.0337 0.8081
v 0.5100 0.0500 0.7969
v 0.5093 0.0500 0.8069
v 0.5105 0.1122 0.8170
v 0.2857 0.2161 0.8349
v -0.2939 0.2066 0.7902
v -0.0086 0.7089 0.8042
v 0.4800 0.0000 0.8169
v 0.4800 0.0000 0.8169
v 0.4000 0.0000 0.8169
v 0.4000 0.0000 0.8169
v -0.4000 0.0000 0.8169
v -0.4000 0.0000 0.8169
v -0.4800 0.0000 0.8169
v -0.4800 0.0000 0.8169
v 0.3900 0.0054 0.8169
v -0.4900 0.0054 0.8169
v 0.5000 0.0200 0.8169
v 0.5000 0.0200 0.8169
v 0.3800 0.0200 0.8169
v 0.3800 0.0200 0.8169
v -0.3800 0.0200 0.8169
v -0.3800 0.0200 0.8169
v -0.5000 0.0200 0.8169
v -0.5000 0.0200 0.8169
v 0.3613 0.0727 0.7967
v -0.3488 0.1139 0.8086
v -0.3100 0.1900 0.8146
v -0.3100 0.1898 0.8169
v -0.3098 0.1900 0.8169
v -0.4617 0.3294 0.8089
v 0.2385 0.5899 0.8429
v -0.2559 0.5805 0.8266
v 0.1539 0.6732 0.8060
v 0.4800 0.0000 0.8169
v 0.4700 0.0000 0.8269
v 0.4700 0.0000 0.8269
v 0.4410 0.0000 0.8042
v 0.4100 0.0000 0.8269
v 0.4000 0.0000 0.8169
v 0.4100 0.0000 0.8269
v -0.4000 0.0000 0.8169
v -0.4100 0.0000 0.8269
v -0.4100 0.0000 0.8269
v -0.4390 0.0000 0.8042
v -0.4700 0.0000 0.8269
v -0.4800 0.0000 0.8169
v -0.4700 0.0000 0.8269
v 0.4800 0.0011 0.8269
v 0.3906 0.0103 0.8267
v -0.4000 0.0011 0.8269
v -0.4894 0.0103 0.8267
v 0.5000 0.0200 0.8169
v 0.4956 0.0200 0.8269
v 0.3900 0.0114 0.8269
v 0.3800 0.0200 0.8169
v -0.3800 0.0200 0.8169
v -0.3844 0.0200 0.8269
v -0.4900 0.0114 0.8269
v -0.5000 0.0200 0.8169
v 0.5000 0.0300 0.8269
v 0.5000 0.0300 0.8269
v 0.3800 0.0300 0.8269
v 0.3800 0.0300 0.8269
v -0.3800 0.0300 0.8269
v -0.3800 0.0300 0.8269
v -0.5000 0.0300 0.8269
v -0.5000 0.0300 0.8269
v 0.5024 0.0400 0.8269
v -0.3769 0.0400 0.8269
v -0.3100 0.1900 0.8268
v -0.3100 0.1900 0.8269
v -0.3100 0.1900 0.8269
v 0.5227 0.2335 0.8406
v -0.2039 0.2402 0.8607
v 0.4435 0.3529 0.8096
v -0.4317 0.3614 0.8285
v 0.4700 0.0000 0.8269
v 0.4600 0.0000 0.8369
v 0.4600 0.0000 0.8369
v 0.4500 0.0000 0.8369
v 0.4400 0.0000 0.8369
v 0.4300 0.0000 0.8369
v 0.4200 0.0000 0.8369
v 0.4100 0.0000 0.8269
v 0.4200 0.0000 0.8369
v -0.4100 0.0000 0.8269
v -0.4200 0.0000 0.8369
v -0.4200 0.0000 0.8369
v -0.4300 0.0000 0.8369
v -0.4400 0.0000 0.8369
v -0.4500 0.0000 0.8369
v -0.4600 0.0000 0.8369
v -0.4700 0.0000 0.8269
v -0.4600 0.0000 0.8369
v 0.4100 0.0011 0.8369
v -0.4067 0.0018 0.8363
v -0.4700 0.0011 0.8369
v -0.4921 0.0195 0.8325
v 0.5000 0.0300 0.8269
v 0.4938 0.0300 0.8369
v 0.3900 0.0220 0.8369
v 0.3800 0.0300 0.8269
v -0.3800 0.0300 0.8269
v -0.3862 0.0300 0.8369
v -0.4900 0.0220 0.8369
v -0.5000 0.0300 0.8269
v 0.3800 0.0400 0.8329
v -0.5000 0.0400 0.8313
v -0.3808 0.0506 0.8450
v -0.5133 0.0416 0.8023
v 0.5050 0.1806 0.8876
v -0.3113 0.1900 0.8369
v 0.3686 0.4271 0.8453
v 0.2504 0.5604 0.8707
v -0.1333 0.6722 0.8383
v 0.4600 0.0000 0.8369
v 0.4500 0.0000 0.8369
v 0.4400 0.0000 0.8369
v 0.4300 0.0000 0.8369
v 0.4200 0.0000 0.8369
v -0.4200 0.0000 0.8369
v -0.4300 0.0000 0.8369
v -0.4400 0.0000 0.8369
v -0.4500 0.0000 0.8369
v -0.4600 0.0000 0.8369
v 0.4680 0.0100 0.8469
v 0.4600 0.0054 0.8469
v -0.4120 0.0100 0.8469
v -0.4200 0.0054 0.8469
v 0.4786 0.0200 0.8469
v 0.3985 0.0062 0.8355
v -0.4014 0.0200 0.8469
v -0.4767 0.0034 0.8363
v 0.4864 0.0264 0.8443
v -0.3958 0.0190 0.8420
v 0.3810 0.0444 0.8395
v -0.4878 0.0291 0.8440
v 0.0912 0.1796 0.8463
v -0.2981 0.2143 0.8598
v 0.4961 0.2869 0.8649
v 0.1205 0.6838 0.8143
v -0.0496 0.6980 0.8305
v 0.4303 0.0154 0.8578
v 0.4600 0.0200 0.8569
v 0.4600 0.0200 0.8569
v 0.4342 0.0023 0.8513
v 0.4300 0.0156 0.8569
v 0.4200 0.0200 0.8569
v 0.4100 0.0200 0.8525
v 0.4200 0.0200 0.8569
v -0.4089 0.0180 0.8508
v -0.4200 0.0200 0.8569
v -0.4200 0.0200 0.8569
v -0.4458 0.0023 0.8513
v -0.4500 0.0156 0.8569
v -0.4600 0.0200 0.8569
v -0.4700 0.0200 0.8525
v -0.4600 0.0200 0.8569
v 0.4700 0.0300 0.8569
v 0.4700 0.0300 0.8569
v 0.4100 0.0300 0.8569
v 0.4000 0.0300 0.8507
v 0.4100 0.0300 0.8569
v -0.4100 0.0300 0.8569
v -0.4100 0.0300 0.8569
v -0.4700 0.0300 0.8569
v -0.4800 0.0300 0.8507
v -0.4700 0.0300 0.8569
v 0.4744 0.0400 0.8569
v -0.4028 0.0400 0.8569
v 0.4977 0.0753 0.8464
v 0.3504 0.1253 0.8493
v -0.2161 0.2225 0.8062
v 0.2910 0.2454 0.8753
v 0.3467 0.4359 0.8627
v -0.2106 0.6173 0.8463
v 0.4600 0.0200 0.8569
v 0.4500 0.0200 0.8593
v 0.4200 0.0200 0.8569
v -0.4200 0.0200 0.8569
v -0.4300 0.0200 0.8593
v -0.4600 0.0200 0.8569
v 0.4700 0.0300 0.8569
v 0.4100 0.0300 0.8569
v -0.4100 0.0300 0.8569
v -0.4700 0.0300 0.8569
v 0.4100 0.0400 0.8609
v -0.4332 0.0586 0.8760
v -0.4700 0.0400 0.8595
v -0.4869 0.0929 0.8636
v -0.3334 0.2027 0.9002
v -0.4231 0.3535 0.8599
v -0.3640 0.4100 0.8640
v 0.2860 0.5047 0.8846
v 0.1724 0.6517 0.8335
v 0.3927 0.0923 0.8754
v 0.4387 0.0961 0.8897
v -0.0953 0.1686 0.8082
v -0.2440 0.2513 0.8680
v -0.2701 0.2311 0.8501
v 0.4811 0.2843 0.8939
v 0.2690 0.3054 0.9122
v 0.3312 0.5026 0.8333
v -0.3132 0.5072 0.8507
v -0.4667 0.1115 0.8877
v -0.3788 0.1101 0.8759
v 0.3119 0.2768 0.9002
v -0.4167 0.3301 0.8879
v -0.3598 0.4337 0.8547
v -0.2845 0.5110 0.8839
v 0.1815 0.5764 0.9992
v 0.0725 0.6560 0.9716
v 0.4243 0.1239 0.9041
v -0.0435 0.2094 0.9803
v -0.5235 0.2072 0.8554
v -0.3326 0.2663 0.9114
v -0.3817 0.3432 0.8930
v 0.2987 0.4519 0.8954
v -0.3426 0.4673 0.8511
v -0.2368 0.5530 0.9071
v -0.1292 0.6415 0.9379
v -0.0800 0.6728 0.8969
v 0.4611 0.1904 0.9307
v 0.3518 0.1980 0.9143
v 0.0364 0.1678 0.8431
v 0.0206 0.1553 0.8072
v -0.1015 0.2224 0.9677
v -0.4757 0.2827 0.9024
v -0.3383 0.3816 0.8956
v -0.0801 0.6700 0.9069
v -0.0900 0.6669 0.9069
v -0.0800 0.6700 0.9069
v -0.4589 0.1936 0.9311
v -0.5134 0.2287 0.8932
v -0.2186 0.2790 0.9124
v 0.4952 0.2219 0.9160
v 0.3482 0.3561 0.8981
v 0.4007 0.3357 0.8939
v -0.4370 0.2552 0.9347
v -0.3430 0.3199 0.9085
v -0.2883 0.3210 0.9130
v -0.2909 0.2883 0.9022
v 0.2434 0.3301 0.9346
v 0.2534 0.4967 0.9324
v 0.1694 0.6185 0.9265
v -0.0800 0.6700 0.9071
v -0.0703 0.6700 0.9169
v -0.0800 0.6673 0.9169
v -0.0700 0.6701 0.9170
v -0.1268 0.1923 0.8457
v -0.1516 0.2522 0.9708
v 0.4596 0.2440 0.9311
v 0.2083 0.2825 0.9298
v -0.2543 0.3202 0.9218
v -0.4649 0.2713 0.9142
v 0.2721 0.3868 0.9298
v -0.2497 0.4926 0.9428
v 0.0657 0.6494 1.0013
v 0.3723 0.1872 0.9279
v -0.3830 0.2031 0.9328
v -0.3750 0.2578 0.9277
v -0.4000 0.2300 0.9370
v -0.4000 0.2400 0.9354
v -0.4098 0.2400 0.9369
v 0.4100 0.2450 0.9378
v -0.4100 0.2401 0.9369
v -0.4200 0.2421 0.9369
v -0.4506 0.2456 0.9342
v -0.2103 0.2998 0.9510
v 0.2329 0.5612 0.9032
v -0.1856 0.6060 0.9232
v 0.1566 0.6157 0.9606
v -0.0608 0.6765 0.9012
v -0.4015 0.1871 0.9381
v 0.4162 0.2185 0.9402
v -0.4000 0.2200 0.9375
v -0.4000 0.2300 0.9370
v -0.4100 0.2400 0.9370
v -0.4193 0.2191 0.9408
v -0.0809 0.6513 0.9773
v -0.0093 0.6802 0.9150
v 0.2465 0.4374 0.9676
v 0.2222 0.4407 1.0281
v 0.0948 0.2291 0.9979
v 0.0169 0.2277 1.0504
v -0.2215 0.5417 0.9593
v 0.1352 0.6460 0.9139
v -0.2594 0.3832 0.9418
v -0.2572 0.4212 0.9483
v -0.1580 0.6262 0.9309
v -0.0603 0.2215 1.0070
v 0.1663 0.2928 1.0319
v -0.1859 0.3155 1.0261
v -0.2289 0.5097 0.9779
v 0.2097 0.5277 1.0063
v 0.0015 0.2087 0.9900
v 0.1312 0.2556 1.0133
v -0.1562 0.2742 1.0108
v 0.2061 0.5157 1.0319
v -0.1734 0.5779 1.0139
v 0.2206 0.3419 0.9803
v 0.2236 0.3609 1.0017
v -0.2054 0.5127 1.0371
v -0.0520 0.6399 1.0422
v -0.1240 0.2497 1.0103
v 0.1512 0.5921 1.0318
v 0.0099 0.6538 1.0200
v -0.1191 0.2653 1.0582
v 0.1653 0.4114 1.1478
v -0.1324 0.6012 1.0445
v 0.1182 0.6109 1.0459
v -0.0339 0.2502 1.0946
v 0.0924 0.2656 1.0845
v -0.1017 0.2737 1.0905
v 0.1452 0.2911 1.0583
v -0.1247 0.2879 1.0847
v 0.2066 0.3728 1.0417
v -0.0693 0.6450 1.0200
v -0.1827 0.5400 1.0546
v -0.1448 0.3132 1.0955
v 0.1479 0.3190 1.0990
v 0.1661 0.5678 1.0457
v -0.0222 0.6033 1.1374
v -0.0252 0.2667 1.1484
v -0.1483 0.5626 1.0806
v 0.0979 0.5795 1.1283
v 0.0667 0.6385 1.0402
v 0.0002 0.6480 1.0391
v 0.0289 0.2570 1.1203
v -0.1872 0.4440 1.0998
v -0.1633 0.5293 1.0986
v -0.1208 0.6009 1.0599
v 0.1681 0.3867 1.1308
v -0.0795 0.2901 1.1706
v 0.1141 0.3172 1.1694
v -0.2123 0.4215 1.0511
v 0.1693 0.5024 1.1135
v -0.1354 0.3287 1.1462
v 0.1304 0.5509 1.1296
v 0.0577 0.5781 1.1800
v 0.0246 0.5937 1.1617
v 0.0764 0.2865 1.1596
v -0.1525 0.3930 1.2071
v -0.1208 0.3293 1.1934
v 0.1537 0.3535 1.1342
v -0.0040 0.2706 1.2011
v -0.1550 0.4991 1.1493
v -0.1404 0.5188 1.1655
v -0.0477 0.5853 1.1789
v -0.0279 0.2712 1.1746
v -0.1662 0.3941 1.1412
v 0.1456 0.4796 1.2091
v 0.1094 0.5256 1.2384
v -0.0706 0.5599 1.2209
v -0.0977 0.3057 1.2203
v -0.1267 0.5110 1.2127
v 0.1392 0.3670 1.2139
v 0.1346 0.4940 1.2182
v -0.0357 0.5685 1.2390
v -0.0425 0.2660 1.2889
v 0.1332 0.3464 1.2322
v -0.1245 0.5040 1.2702
v 0.0448 0.5729 1.2255
v -0.0144 0.2535 1.3193
v -0.1017 0.2906 1.3115
v 0.1495 0.4101 1.2294
v 0.1020 0.2903 1.3153
v 0.1544 0.4525 1.3382
v -0.1405 0.3352 1.3244
v 0.1341 0.3251 1.3324
v 0.1558 0.3840 1.2842
v 0.0695 0.5533 1.3223
v 0.0538 0.2652 1.3141
v -0.0853 0.5447 1.3472
v 0.0099 0.5742 1.2422
v -0.0878 0.2771 1.3457
v -0.1507 0.3654 1.3125
v 0.1272 0.5035 1.3630
v 0.1144 0.2993 1.3703
v -0.1518 0.4609 1.3294
v -0.0286 0.5633 1.3378
v -0.0642 0.5494 1.3665
v -0.1239 0.3152 1.4456
v 0.0108 0.5647 1.3557
v -0.1576 0.3760 1.3306
v -0.0393 0.2664 1.4809
v 0.1542 0.3756 1.4307
v 0.0676 0.5244 1.4891
v -0.0069 0.2561 1.4255
v -0.1164 0.5132 1.3657
v 0.0491 0.2647 1.4456
v 0.1271 0.3309 1.4944
v 0.1412 0.4406 1.4783
v 0.1246 0.4693 1.5072
v 0.0534 0.2728 1.4866
v 0.1050 0.3011 1.4786
v -0.0935 0.2930 1.4855
v -0.1528 0.4388 1.3897
v -0.0317 0.5453 1.4326
v 0.1374 0.4421 1.5119
v -0.1315 0.4519 1.5176
v -0.1246 0.3366 1.5086
v 0.0581 0.5238 1.5039
v -0.0753 0.5105 1.5304
v -0.1290 0.3500 1.5169
v -0.1293 0.3503 1.5167
v -0.1330 0.3600 1.5169
v -0.1484 0.4004 1.4876
v 0.0931 0.4883 1.5449
v -0.0265 0.2783 1.6191
v -0.1205 0.3234 1.4951
v -0.1300 0.3600 1.5269
v -0.1300 0.3600 1.5269
v -0.1300 0.3600 1.5269
v -0.1140 0.4706 1.5290
v -0.1300 0.3700 1.5363
v -0.1294 0.3746 1.5417
v -0.1150 0.4668 1.5385
v 0.0469 0.5059 1.5676
v 0.0778 0.2932 1.5347
v 0.1342 0.3920 1.5440
v -0.0676 0.4877 1.5854
v 0.1216 0.4559 1.5367
v 0.0191 0.2755 1.6055
v -0.0806 0.2945 1.5319
v 0.0651 0.4393 1.6610
v 0.0913 0.3398 1.6333
v -0.1487 0.3976 1.5019
v 0.0026 0.5259 1.5424
v 0.0816 0.3225 1.6365
v -0.0954 0.4100 1.6304
v 0.0828 0.3696 1.6750
v -0.0554 0.3026 1.6564
v -0.0833 0.3405 1.6622
v 0.0172 0.4642 1.6607
v -0.0112 0.2846 1.6552
v 0.0483 0.3169 1.6909
v 0.0388 0.2892 1.6559
v 0.0657 0.3264 1.6766
v -0.0581 0.3226 1.6848
v -0.0791 0.4393 1.6380
v 0.0478 0.4279 1.6880
v 0.0400 0.3088 1.6869
v -0.0134 0.2927 1.6820
v -0.0612 0.3300 1.6869
v 0.0300 0.3100 1.6969
v 0.0300 0.3100 1.6969
v -0.0200 0.3060 1.6969
v -0.0300 0.3100 1.6969
v -0.0400 0.3100 1.6886
v -0.0300 0.3100 1.6969
v -0.0400 0.3162 1.6969
v 0.0600 0.3300 1.6887
v 0.0600 0.3400 1.6969
v 0.0600 0.3400 1.6969
v -0.0600 0.3400 1.6969
v -0.0600 0.3400 1.6969
v 0.0640 0.3500 1.6969
v 0.0369 0.3567 1.7303
v -0.0433 0.4518 1.6681
v 0.0300 0.3100 1.6969
v 0.0200 0.3100 1.7022
v -0.0300 0.3100 1.6969
v 0.0300 0.3186 1.7069
v 0.0600 0.3400 1.6969
v 0.0514 0.3400 1.7069
v -0.0500 0.3379 1.7069
v -0.0600 0.3400 1.6969
v -0.0600 0.3500 1.7022
v -0.0583 0.4026 1.6990
v -0.0145 0.3161 1.7171
v 0.0378 0.4186 1.7132
v -0.0587 0.3915 1.7134
v -0.0000 0.3600 1.7362
v -0.0403 0.3602 1.7279
v 0.0100 0.3700 1.7362
v -0.0000 0.3700 1.7369
v -0.0000 0.3700 1.7369
v -0.0100 0.3700 1.7362
v -0.0000 0.3700 1.7369
v -0.0000 0.3700 1.7369
v -0.0000 0.3800 1.7362
v -0.0091 0.4180 1.7222
v -0.0000 0.3700 1.7369
vn 0.000 -0.865 -0.501
vn -0.435 -0.491 -0.754
vn 0.674 -0.174 -0.718
vn -0.266 -0.926 -0.266
vn -0.000 0.000 0.000
vn 0.266 -0.926 -0.266
vn -0.274 -0.953 0.126
vn 0.518 -0.756 -0.402
vn 0.674 -0.569 -0.471
vn -0.687 -0.714 -0.133
vn 0.926 -0.266 -0.266
vn 0.906 -0.418 0.059
vn 0.980 0.077 -0.184
vn -0.760 -0.583 -0.287
vn 0.761 0.513 -0.398
vn -0.823 0.442 -0.356
vn 0.274 -0.953 0.126
vn -0.016 -0.986 0.164
vn 0.911 -0.403 0.090
vn -0.789 -0.610 -0.070
vn -0.982 0.030 -0.184
vn 0.760 0.517 -0.394
vn -0.984 -0.118 -0.132
vn 0.857 0.429 -0.284
vn -0.177 0.889 -0.422
vn -0.117 -0.988 0.096
vn 0.503 -0.859 0.095
vn 0.674 -0.734 0.077
vn 0.960 0.216 -0.179
vn -0.994 -0.018 -0.112
vn -0.838 0.468 -0.281
vn 0.848 -0.525 -0.063
vn 0.988 -0.083 -0.129
vn -0.991 -0.100 -0.086
vn -0.996 -0.021 -0.091
vn 0.940 0.323 -0.108
vn 0.657 0.663 -0.358
vn -0.190 0.871 -0.452
vn -0.300 -0.951 0.075
vn -0.867 -0.494 -0.057
vn -0.919 0.232 -0.318
vn 0.929 -0.345 -0.134
vn -0.511 0.803 -0.307
vn 0.813 0.473 -0.340
vn -0.925 0.321 -0.203
vn 0.742 -0.668 0.054
vn 0.382 -0.924 0.034
vn 0.385 0.855 -0.347
vn 0.007 0.953 -0.304
vn 0.086 -0.989 0.122
vn 0.614 0.771 -0.168
vn -0.943 -0.330 -0.047
vn 0.869 -0.495 -0.007
vn -0.722 0.649 -0.239
vn 0.985 0.108 -0.133
vn -0.734 0.601 -0.315
vn -0.636 -0.769 0.064
vn 0.793 0.560 -0.240
vn -0.995 0.003 -0.103
vn 0.639 0.696 -0.327
vn 0.271 -0.961 0.056
vn -0.977 -0.149 -0.150
vn -0.003 0.913 -0.409
vn 0.987 -0.020 -0.162
vn 0.502 0.762 -0.408
vn -0.814 -0.580 -0.031
vn 0.948 -0.302 -0.105
vn -0.943 0.209 -0.260
vn 0.681 -0.731 -0.026
vn -0.218 0.931 -0.292
vn -0.248 -0.968 0.035
vn 0.854 -0.479 -0.204
vn 0.910 0.325 -0.258
vn 0.659 0.720 -0.218
vn 0.040 -0.998 0.054
vn -0.783 0.567 -0.255
vn 0.365 0.843 -0.395
vn -0.461 0.886 -0.048
vn -0.683 -0.730 -0.023
vn 0.611 -0.791 0.027
vn -0.879 0.443 -0.178
vn 0.859 -0.512 0.014
vn 0.751 0.621 -0.222
vn -0.528 0.808 -0.262
vn -0.986 -0.138 -0.097
vn 0.394 -0.918 0.042
vn -0.815 -0.579 0.024
vn 0.918 0.329 -0.223
vn 0.340 0.900 -0.272
vn -0.061 0.955 -0.289
vn 0.993 -0.005 -0.116
vn 0.356 -0.934 0.007
vn 0.301 -0.953 -0.024
vn -0.354 -0.934 0.036
vn 0.974 -0.192 -0.118
vn 0.939 0.283 -0.197
vn -0.963 0.186 -0.193
vn -0.981 -0.161 -0.108
vn -0.697 0.664 -0.270
vn -0.396 0.869 -0.297
vn 0.979 -0.071 -0.189
vn 0.968 -0.023 -0.249
vn -0.981 0.070 -0.179
vn -0.979 0.081 -0.189
vn 0.623 -0.781 -0.044
vn -0.980 -0.161 -0.119
vn 0.984 -0.024 -0.175
vn -0.985 -0.030 -0.172
vn 0.981 0.053 -0.188
vn 0.167 0.932 -0.323
vn 0.885 -0.457 -0.086
vn -0.902 -0.419 -0.105
vn -0.698 0.664 -0.268
vn -0.772 -0.634 -0.048
vn -0.985 0.043 -0.167
vn 0.794 0.558 -0.240
vn 0.926 -0.372 -0.072
vn -0.421 -0.907 0.007
vn 0.723 -0.683 -0.106
vn 0.051 -0.999 0.008
vn -0.886 0.398 -0.238
vn 0.548 0.784 -0.292
vn -0.247 -0.969 -0.010
vn 0.979 -0.052 -0.197
vn 0.087 -0.996 0.020
vn -0.578 0.761 -0.294
vn -0.240 0.915 -0.324
vn -0.813 -0.577 -0.073
vn 0.578 -0.816 -0.016
vn 0.291 -0.954 -0.078
vn -0.928 0.196 -0.315
vn 0.846 0.463 -0.265
vn 0.590 0.746 -0.308
vn -0.843 0.455 -0.286
vn -0.661 -0.748 -0.061
vn -0.944 0.187 -0.271
vn 0.179 0.918 -0.354
vn 0.928 0.248 -0.277
vn -0.139 -0.987 -0.084
vn 0.875 -0.416 -0.246
vn -0.975 -0.090 -0.204
vn -0.624 0.718 -0.307
vn 0.147 0.954 -0.261
vn -0.345 0.902 -0.262
vn 0.692 -0.695 -0.195
vn 0.786 0.577 -0.224
vn 0.965 -0.127 -0.229
vn -0.821 -0.503 -0.270
vn 0.347 0.911 -0.222
vn -0.639 0.724 -0.262
vn -0.664 -0.732 -0.156
vn -0.958 0.080 -0.275
vn 0.760 0.590 -0.271
vn -0.034 -0.989 -0.147
vn 0.919 -0.301 -0.254
vn 0.602 0.728 -0.328
vn 0.811 0.456 -0.367
vn 0.902 0.049 -0.430
vn -0.615 -0.764 -0.192
vn -0.362 -0.923 -0.131
vn 0.562 -0.671 -0.484
vn -0.380 -0.896 -0.232
vn -0.631 -0.666 -0.399
vn 0.707 -0.222 -0.672
vn 0.059 0.953 -0.297
vn -0.570 -0.756 -0.323
vn 0.467 -0.843 -0.266
vn -0.349 -0.417 -0.839
vn -0.891 -0.355 -0.283
vn 0.272 -0.941 -0.200
vn -0.244 -0.415 -0.876
vn -0.033 0.031 -0.999
vn -0.218 0.338 -0.915
vn -0.819 -0.107 -0.564
vn 0.475 0.447 -0.758
vn 0.249 -0.062 -0.967
vn -0.753 0.063 -0.655
vn -0.431 0.852 -0.297
vn -0.321 0.875 -0.363
vn 0.152 -0.531 -0.833
vn 0.338 -0.505 -0.794
vn 0.347 -0.493 -0.798
vn -0.388 -0.870 -0.302
vn 0.244 -0.140 -0.960
vn 0.135 0.386 -0.913
vn -0.308 0.500 -0.809
vn -0.180 0.125 -0.976
vn 0.723 0.140 -0.676
vn -0.636 0.674 -0.376
vn -0.459 -0.453 -0.764
vn -0.472 -0.186 -0.862
vn -0.047 -0.763 -0.645
vn -0.794 0.455 -0.404
vn -0.674 0.639 -0.371
vn 0.308 0.908 -0.283
vn 0.690 -0.322 -0.648
vn -0.679 -0.373 -0.632
vn 0.451 0.435 -0.780
vn 0.675 0.450 -0.585
vn 0.677 0.622 -0.392
vn -0.582 0.717 -0.385
vn -0.635 -0.601 -0.485
vn 0.617 -0.465 -0.635
vn -0.693 -0.430 -0.579
vn -0.738 -0.370 -0.563
vn 0.081 -0.950 -0.300
vn 0.417 0.801 -0.430
vn -0.943 -0.169 -0.286
vn -0.672 -0.553 -0.492
vn 0.130 -0.905 -0.404
vn -0.514 0.584 -0.628
vn -0.478 0.293 -0.828
vn 0.693 0.515 -0.504
vn -0.508 0.813 -0.284
vn -0.183 -0.586 -0.789
vn 0.123 -0.982 -0.143
vn 0.999 0.031 -0.010
vn -0.622 -0.726 -0.294
vn 0.408 -0.862 -0.300
vn 0.677 0.468 -0.567
vn 0.595 -0.539 -0.597
vn 0.553 -0.403 -0.729
vn 0.519 0.838 -0.168
vn -0.208 0.932 -0.297
vn -0.344 -0.487 -0.802
vn 0.147 -0.535 -0.832
vn -0.081 -0.975 -0.206
vn 0.850 0.143 -0.507
vn -0.311 -0.920 -0.240
vn -0.454 -0.851 -0.265
vn -0.679 0.413 -0.607
vn 0.691 0.574 -0.439
vn 0.698 0.669 -0.254
vn 0.003 -0.536 -0.844
vn -0.000 -1.000 0.000
vn 0.207 -0.834 -0.512
vn -0.000 -0.537 -0.844
vn -0.000 -1.000 0.000
vn -0.029 -0.540 -0.841
vn -0.000 -1.000 0.000
vn -0.106 -0.989 -0.106
vn -0.016 -0.508 -0.861
vn -0.000 -1.000 0.000
vn 0.134 -0.844 -0.519
vn -0.000 -0.502 -0.865
vn -0.000 -1.000 0.000
vn -0.027 -0.506 -0.862
vn -0.000 -1.000 0.000
vn -0.106 -0.989 -0.106
vn 0.136 -0.481 -0.866
vn -0.203 -0.615 -0.762
vn -0.386 -0.572 -0.724
vn 0.311 -0.711 -0.631
vn 0.105 -0.456 -0.884
vn -0.191 -0.581 -0.791
vn -0.393 -0.551 -0.737
vn 0.328 -0.429 -0.842
vn -0.762 -0.607 -0.227
vn 0.686 0.528 -0.500
vn 0.480 0.827 -0.292
vn 0.301 -0.863 -0.405
vn -0.000 -1.000 0.000
vn 0.245 -0.829 -0.503
vn 0.154 -0.939 -0.309
vn -0.000 -1.000 0.000
vn -0.206 -0.939 -0.274
vn -0.000 -1.000 0.000
vn -0.000 -0.835 -0.550
vn -0.000 -1.000 0.000
vn -0.194 -0.899 -0.393
vn 0.314 -0.871 -0.377
vn -0.000 -1.000 0.000
vn 0.485 -0.747 -0.454
vn 0.092 -0.978 -0.184
vn -0.000 -1.000 0.000
vn -0.206 -0.939 -0.274
vn -0.000 -1.000 0.000
vn -0.000 -0.835 -0.550
vn -0.000 -1.000 0.000
vn -0.194 -0.899 -0.393
vn 0.507 -0.574 -0.643
vn 0.509 -0.647 -0.568
vn -0.558 -0.481 -0.676
vn 0.494 -0.592 -0.636
vn -0.528 -0.501 -0.686
vn -0.361 -0.803 -0.474
vn 0.608 0.671 -0.424
vn 0.454 -0.855 -0.250
vn -0.000 -1.000 0.000
vn 0.263 -0.842 -0.472
vn -0.207 -0.956 -0.207
vn -0.000 -1.000 0.000
vn -0.207 -0.956 -0.207
vn 0.425 -0.736 -0.527
vn -0.000 -1.000 0.000
vn 0.236 -0.848 -0.475
vn -0.207 -0.956 -0.207
vn -0.000 -1.000 0.000
vn -0.207 -0.956 -0.207
vn 0.541 -0.592 -0.598
vn -0.249 -0.942 -0.226
vn 0.135 -0.677 -0.723
vn -0.282 -0.929 -0.241
vn 0.612 -0.589 -0.528
vn 0.529 -0.725 -0.442
vn -0.841 -0.282 -0.461
vn 0.780 -0.500 -0.377
vn 0.993 -0.118 -0.029
vn -0.913 -0.331 -0.239
vn 0.224 -0.953 -0.202
vn 0.748 0.627 -0.217
vn 0.737 0.675 0.038
vn -0.690 0.664 -0.288
vn 0.710 0.516 -0.480
vn -0.800 0.582 -0.146
vn 0.490 -0.831 -0.265
vn -0.000 -1.000 0.000
vn 0.711 -0.703 0.006
vn -0.207 -0.956 -0.207
vn -0.000 -1.000 0.000
vn -0.482 -0.871 -0.094
vn 0.488 -0.839 -0.242
vn -0.000 -1.000 0.000
vn 0.562 -0.809 -0.172
vn -0.207 -0.956 -0.207
vn -0.000 -1.000 0.000
vn -0.629 -0.773 -0.084
vn 0.664 -0.722 -0.194
vn 0.714 -0.584 -0.386
vn 0.885 -0.388 -0.257
vn 0.845 -0.364 -0.391
vn 0.949 -0.251 0.189
vn -0.936 0.026 0.350
vn 0.382 -0.915 0.130
vn -0.944 0.271 0.186
vn -0.000 -1.000 0.000
vn 0.380 -0.871 -0.310
vn -0.000 -1.000 0.000
vn -0.237 -0.964 -0.119
vn -0.000 -1.000 0.000
vn 0.349 -0.892 -0.287
vn -0.000 -1.000 0.000
vn -0.287 -0.947 -0.144
vn 0.406 -0.819 -0.406
vn -0.694 -0.369 -0.618
vn -0.856 -0.465 -0.226
vn 0.426 -0.798 -0.426
vn -0.695 -0.405 -0.594
vn -0.817 -0.568 -0.099
vn 0.659 -0.702 -0.269
vn 0.288 -0.951 -0.113
vn 0.804 0.404 0.436
vn -0.774 0.590 -0.229
vn 0.017 0.979 -0.201
vn 0.106 -0.989 -0.106
vn -0.000 -1.000 0.000
vn 0.828 -0.546 -0.126
vn -0.513 -0.834 -0.202
vn -0.000 -1.000 0.000
vn -0.770 -0.633 -0.075
vn 0.106 -0.989 -0.106
vn -0.000 -1.000 0.000
vn 0.811 -0.585 -0.016
vn -0.511 -0.831 -0.221
vn -0.000 -1.000 0.000
vn -0.838 -0.546 -0.010
vn 0.986 -0.007 -0.165
vn 0.895 -0.435 0.100
vn -0.011 -0.980 -0.200
vn 0.780 0.572 -0.253
vn -0.720 0.619 -0.314
vn 0.846 0.508 0.163
vn -0.000 -1.000 0.000
vn 0.799 -0.601 0.000
vn -0.000 -1.000 0.000
vn -0.711 -0.704 0.000
vn -0.000 -1.000 0.000
vn 0.806 -0.592 0.000
vn -0.000 -1.000 0.000
vn -0.832 -0.555 0.000
vn 0.914 -0.278 -0.294
vn 0.962 -0.133 0.237
vn 0.996 -0.063 -0.063
vn 0.996 -0.063 0.063
vn -0.000 0.000 0.000
vn 0.996 0.062 -0.063
vn 0.999 0.037 -0.039
vn 0.741 0.083 0.666
vn -0.035 -0.999 0.004
vn -0.861 0.497 0.111
vn 0.274 0.951 -0.146
vn -0.000 -1.000 0.000
vn 0.807 -0.589 0.041
vn -0.000 -1.000 0.000
vn -0.701 -0.712 0.038
vn -0.000 -1.000 0.000
vn 0.782 -0.621 0.065
vn -0.000 -1.000 0.000
vn -0.823 -0.568 0.031
vn 0.996 0.062 0.063
vn 0.949 -0.000 0.316
vn -0.291 -0.947 -0.135
vn -0.363 -0.917 -0.164
vn -0.275 -0.954 0.119
vn 0.837 0.470 0.279
vn 0.868 0.490 -0.073
vn -0.368 0.919 -0.143
vn 0.452 -0.736 0.503
vn 0.703 -0.618 0.351
vn -0.000 -1.000 0.000
vn -0.000 -1.000 0.000
vn -0.106 -0.989 0.106
vn -0.274 -0.939 0.206
vn 0.502 -0.816 0.287
vn 0.463 -0.855 0.232
vn -0.000 -1.000 0.000
vn -0.000 -1.000 0.000
vn -0.106 -0.989 0.106
vn -0.274 -0.939 0.206
vn 0.821 -0.472 0.322
vn -0.527 -0.807 0.266
vn 0.670 -0.688 0.277
vn -0.647 -0.724 0.239
vn 0.469 -0.482 0.740
vn 0.747 -0.098 0.657
vn 0.686 -0.365 0.629
vn -0.471 -0.800 0.372
vn -0.751 0.659 0.040
vn -0.000 -1.000 0.000
vn 0.950 -0.310 0.033
vn -0.000 -1.000 0.000
vn -0.550 -0.835 0.000
vn -0.000 -1.000 0.000
vn 0.877 -0.478 0.052
vn -0.000 -1.000 0.000
vn -0.550 -0.835 0.000
vn -0.549 -0.781 0.299
vn -0.623 -0.705 0.338
vn 0.030 -0.998 -0.050
vn 0.598 0.183 0.780
vn -0.356 -0.394 0.847
vn 0.192 -0.801 0.567
vn 0.777 0.530 0.341
vn 0.720 0.691 0.066
vn 0.670 0.728 -0.146
vn 0.207 -0.956 0.207
vn 0.507 -0.698 0.507
vn -0.000 -1.000 0.000
vn -0.000 -1.000 0.000
vn -0.000 -1.000 0.000
vn -0.393 -0.899 0.194
vn -0.207 -0.956 0.207
vn 0.207 -0.956 0.207
vn 0.329 -0.885 0.329
vn -0.000 -1.000 0.000
vn -0.000 -1.000 0.000
vn -0.000 -1.000 0.000
vn -0.393 -0.899 0.194
vn -0.207 -0.956 0.207
vn 0.545 -0.638 0.545
vn -0.555 -0.704 0.443
vn 0.374 -0.849 0.374
vn -0.594 -0.651 0.473
vn 0.777 0.150 0.611
vn -0.765 0.384 0.517
vn -0.645 0.757 -0.107
vn 0.207 -0.956 0.207
vn 0.413 -0.646 0.642
vn -0.000 -1.000 0.000
vn -0.000 -1.000 0.000
vn -0.000 -1.000 0.000
vn -0.000 -1.000 0.000
vn -0.207 -0.956 0.207
vn -0.207 -0.956 0.207
vn 0.207 -0.956 0.207
vn 0.304 -0.781 0.546
vn -0.000 -1.000 0.000
vn -0.000 -1.000 0.000
vn -0.000 -1.000 0.000
vn -0.000 -1.000 0.000
vn -0.207 -0.956 0.207
vn -0.207 -0.956 0.207
vn 0.545 -0.638 0.545
vn -0.576 -0.612 0.542
vn 0.374 -0.849 0.374
vn -0.571 -0.616 0.543
vn -0.967 -0.069 0.247
vn -0.906 -0.228 0.357
vn -0.788 -0.175 0.591
vn -0.517 0.109 0.849
vn 0.542 0.190 0.819
vn -0.000 -0.835 0.550
vn 0.206 -0.939 0.274
vn 0.106 -0.989 0.106
vn -0.000 -1.000 0.000
vn -0.000 -1.000 0.000
vn -0.000 -1.000 0.000
vn -0.227 -0.862 0.453
vn -0.287 -0.816 0.501
vn -0.082 -0.758 0.647
vn -0.000 -0.835 0.550
vn 0.206 -0.939 0.274
vn 0.106 -0.989 0.106
vn -0.000 -1.000 0.000
vn -0.000 -1.000 0.000
vn -0.000 -1.000 0.000
vn -0.227 -0.862 0.454
vn -0.288 -0.816 0.501
vn -0.081 -0.753 0.653
vn 0.377 -0.496 0.782
vn 0.225 -0.682 0.696
vn 0.351 -0.272 0.896
vn 0.170 -0.515 0.840
vn -0.538 -0.500 0.679
vn -0.416 0.189 0.890
vn 0.290 -0.938 0.191
vn 0.360 0.152 0.920
vn 0.060 -0.014 0.998
vn 0.330 -0.896 0.296
vn -0.822 0.299 0.484
vn 0.033 -0.619 0.784
vn -0.000 -0.630 0.777
vn -0.058 -0.612 0.789
vn 0.027 -0.495 0.869
vn -0.000 -0.515 0.857
vn 0.015 -0.510 0.860
vn 0.005 -0.326 0.945
vn -0.173 -0.569 0.804
vn -0.394 0.036 0.918
vn -0.177 -0.569 0.803
vn 0.078 -0.048 0.996
vn -0.528 -0.114 0.842
vn 0.889 0.318 0.331
vn -0.605 0.794 0.056
vn 0.428 0.901 -0.065
vn -0.550 -0.388 0.740
vn 0.558 -0.028 0.829
vn 0.229 -0.173 0.958
vn 0.115 -0.161 0.980
vn 0.376 0.170 0.911
vn 0.063 -0.063 0.996
vn -0.063 -0.063 0.996
vn -0.222 -0.065 0.973
vn -0.063 0.063 0.996
vn 0.237 0.127 0.963
vn 0.063 -0.063 0.996
vn -0.063 -0.063 0.996
vn 0.061 0.000 0.998
vn -0.063 0.063 0.996
vn 0.063 0.063 0.996
vn -0.159 0.165 0.973
vn 0.063 0.063 0.996
vn -0.020 0.218 0.976
vn -0.595 -0.050 0.802
vn -0.173 0.128 0.976
vn 0.089 -0.982 0.170
vn -0.036 -0.440 0.897
vn -0.000 0.000 0.000
vn -0.000 0.000 0.000
vn -0.339 -0.696 0.634
vn 0.215 -0.492 0.843
vn -0.223 -0.974 0.031
vn 0.754 0.140 0.642
vn 0.813 0.514 0.274
vn -0.168 -0.982 0.088
vn 0.718 -0.256 0.647
vn -0.604 -0.756 0.253
vn -0.822 0.482 0.303
vn 0.634 0.772 -0.031
vn -0.191 0.982 -0.015
vn 0.164 0.986 -0.028
vn 0.314 -0.949 0.014
vn -0.819 -0.493 0.295
vn 0.986 0.006 0.164
vn 0.083 0.992 0.095
vn 0.499 -0.857 0.132
vn -0.220 0.971 0.096
vn 0.714 -0.505 0.485
vn -0.959 0.094 0.267
vn -0.482 0.871 0.091
vn 0.668 -0.711 0.220
vn -0.713 -0.686 0.140
vn 0.439 0.896 0.067
vn -0.742 -0.241 0.625
vn -0.782 -0.054 0.621
vn -0.846 0.481 0.229
vn -0.688 0.718 0.106
vn -0.918 0.246 0.311
vn 0.399 0.911 0.106
vn 0.845 0.530 0.068
vn 0.731 0.675 0.098
vn 0.084 -0.988 0.128
vn 0.462 -0.879 0.119
vn 0.064 -0.981 0.181
vn -0.429 -0.898 0.099
vn 0.839 -0.528 0.133
vn 0.859 -0.444 0.253
vn -0.787 0.616 0.035
vn 0.854 0.510 0.104
vn -0.887 0.449 0.105
vn 0.597 0.797 0.095
vn 0.588 -0.804 0.088
vn 0.106 0.990 0.095
vn -0.303 -0.949 0.082
vn 0.180 -0.977 0.112
vn -0.967 -0.252 0.043
vn -0.700 -0.706 0.106
vn -0.078 0.993 0.084
vn 0.944 -0.314 0.099
vn 0.988 0.143 0.058
vn -0.523 -0.847 0.097
vn -0.548 0.829 0.110
vn 0.302 0.950 0.079
vn -0.081 0.994 0.071
vn -0.987 -0.148 0.069
vn -0.899 0.436 0.029
vn 0.681 0.725 0.102
vn 0.597 0.797 0.094
vn 0.788 -0.616 0.019
vn -0.741 0.669 0.066
vn -0.379 -0.924 0.047
vn -0.700 -0.712 0.057
vn -0.073 -0.992 0.104
vn -0.112 -0.992 -0.066
vn -0.557 -0.830 0.020
vn 0.699 0.713 0.058
vn 0.173 -0.985 0.008
vn 0.999 0.030 -0.036
vn 0.991 -0.132 0.022
vn -0.439 0.897 0.052
vn -0.750 -0.661 -0.038
vn 0.479 0.866 0.142
vn 0.386 -0.923 0.007
vn -0.100 -0.979 -0.175
vn 0.836 -0.547 -0.042
vn -0.302 0.952 0.041
vn -0.847 -0.530 0.042
vn 0.921 0.390 -0.000
vn -0.457 0.889 0.018
vn -0.444 -0.896 0.015
vn -0.639 0.769 -0.017
vn 0.302 0.952 -0.050
vn 0.669 -0.742 0.046
vn -0.996 0.086 0.008
vn 0.778 0.627 -0.037
vn -0.191 -0.982 0.014
vn -0.980 -0.195 -0.049
vn 0.970 -0.237 -0.056
vn -0.831 0.551 -0.075
vn 0.278 0.958 -0.071
vn -0.264 0.959 -0.102
vn 0.723 0.685 -0.088
vn 0.278 -0.953 -0.121
vn -0.940 0.331 -0.082
vn -0.194 -0.980 0.050
vn -0.673 -0.737 -0.061
vn 0.866 -0.498 -0.044
vn 0.473 -0.880 -0.047
vn 0.949 -0.304 -0.086
vn -0.528 0.839 -0.128
vn 0.228 0.963 -0.144
vn -0.020 0.997 -0.069
vn -0.959 -0.259 -0.113
vn -0.964 0.262 -0.054
vn -0.652 0.751 -0.105
vn -0.386 -0.915 -0.113
vn -0.579 -0.808 -0.105
vn -0.752 0.651 -0.105
vn 0.234 -0.971 -0.053
vn -0.863 -0.497 -0.092
vn 0.954 0.287 -0.093
vn 0.646 0.746 -0.160
vn 0.524 0.844 -0.116
vn 0.181 -0.983 -0.043
vn 0.582 -0.810 -0.075
vn -0.990 -0.101 -0.099
vn 0.748 0.651 -0.130
vn -0.215 0.971 -0.102
vn -0.112 -0.991 -0.078
vn -0.370 0.918 -0.143
vn 0.640 -0.764 -0.077
vn -0.878 -0.477 -0.045
vn -0.983 0.160 -0.093
vn 0.887 0.447 -0.118
vn 0.007 0.992 -0.125
vn 0.687 -0.724 -0.071
vn -0.550 0.825 -0.132
vn 0.668 0.739 -0.082
vn 0.328 0.936 -0.129
vn -0.287 -0.952 -0.104
vn -0.243 -0.969 -0.044
vn 0.940 -0.306 -0.152
vn -0.070 -0.997 -0.045
vn 0.423 -0.904 -0.068
vn 0.719 -0.689 -0.090
vn 0.810 0.576 -0.109
vn 0.751 0.658 -0.061
vn -0.598 -0.801 -0.025
vn 0.966 -0.126 -0.227
vn -0.929 0.357 -0.103
vn 0.114 -0.992 -0.049
vn 0.786 -0.575 -0.227
vn -0.639 0.750 -0.169
vn 0.448 0.887 -0.111
vn -0.494 -0.868 -0.049
vn -0.703 -0.701 -0.121
vn -0.709 0.701 -0.079
vn -0.174 0.971 -0.165
vn 0.445 -0.896 -0.013
vn 0.577 -0.817 -0.012
vn 0.905 0.262 -0.336
vn 0.122 0.989 -0.081
vn -0.298 0.950 -0.090
vn -0.859 0.491 -0.143
vn 0.576 0.812 -0.090
vn -0.112 0.992 -0.064
vn -0.755 -0.487 -0.438
vn -0.453 0.887 -0.096
vn -0.348 -0.936 0.056
vn 0.466 -0.550 -0.693
vn 0.874 -0.082 -0.479
vn -0.483 0.871 -0.091
vn -0.207 -0.978 0.000
vn -0.516 -0.856 -0.018
vn 0.806 -0.342 -0.484
vn -0.843 -0.295 -0.450
vn -0.926 0.137 -0.352
vn -0.539 -0.661 -0.522
vn 0.070 -0.997 -0.023
vn -0.665 0.018 -0.747
vn 0.906 0.273 -0.323
vn -0.818 0.519 -0.249
vn -0.421 0.907 -0.010
vn -0.013 0.999 0.032
vn 0.861 0.431 -0.269
vn -0.648 0.761 0.039
vn 0.319 -0.948 0.004
vn -0.362 -0.403 -0.840
vn 0.683 -0.008 -0.731
vn 0.724 0.688 -0.055
vn 0.582 0.813 -0.004
vn 0.505 0.863 -0.002
vn -0.126 0.991 -0.042
vn 0.057 -0.992 0.110
vn 0.273 -0.477 -0.835
vn -0.858 0.420 -0.294
vn -0.824 0.553 -0.127
vn -0.653 0.757 0.013
vn 0.256 -0.790 -0.557
vn -0.172 -0.777 -0.606
vn 0.339 -0.183 -0.923
vn -0.883 0.193 -0.428
vn 0.874 0.354 -0.333
vn 0.688 0.723 0.066
vn -0.626 0.765 0.150
vn -0.348 -0.929 0.127
vn 0.448 -0.891 -0.080
vn 0.318 -0.938 0.141
vn 0.172 -0.454 -0.874
vn 0.785 0.365 -0.501
vn -0.721 0.693 -0.009
vn -0.228 0.969 0.091
vn 0.184 -0.982 0.040
vn -0.095 -0.579 -0.810
vn -0.442 -0.872 -0.211
vn 0.528 0.071 -0.846
vn -0.887 0.335 -0.318
vn 0.758 0.646 -0.089
vn 0.512 0.856 0.079
vn -0.485 0.870 0.093
vn 0.322 0.947 0.004
vn 0.052 -0.397 -0.916
vn 0.121 -0.343 -0.931
vn -0.057 -0.409 -0.911
vn -0.124 -0.506 -0.854
vn 0.069 -0.409 -0.910
vn 0.137 -0.353 -0.926
vn -0.077 -0.424 -0.902
vn -0.124 -0.506 -0.854
vn 0.244 -0.236 -0.941
vn 0.348 -0.348 -0.870
vn 0.356 -0.286 -0.890
vn -0.286 -0.356 -0.890
vn -0.261 -0.301 -0.917
vn -0.348 -0.348 -0.870
vn 0.254 -0.240 -0.937
vn 0.348 -0.348 -0.870
vn 0.356 -0.286 -0.890
vn -0.286 -0.356 -0.890
vn -0.266 -0.311 -0.913
vn -0.348 -0.348 -0.870
vn 0.327 -0.075 -0.942
vn 0.497 -0.223 -0.839
vn -0.370 -0.166 -0.914
vn -0.446 -0.044 -0.894
vn 0.380 0.056 -0.923
vn 0.509 -0.044 -0.859
vn -0.369 -0.165 -0.914
vn -0.356 -0.189 -0.915
vn 0.595 0.049 -0.802
vn -0.126 0.050 -0.991
vn -0.113 -0.986 0.125
vn 0.362 -0.897 0.253
vn -0.026 -0.088 -0.996
vn -0.601 0.044 -0.798
vn 0.845 0.506 -0.175
vn 0.678 0.731 0.078
vn 0.089 -0.667 -0.740
vn -0.259 -0.547 -0.796
vn -0.238 -0.789 -0.566
vn 0.108 -0.664 -0.740
vn -0.286 -0.542 -0.790
vn -0.219 -0.800 -0.558
vn 0.353 -0.524 -0.775
vn -0.368 -0.505 -0.780
vn 0.399 -0.548 -0.735
vn -0.392 -0.524 -0.756
vn 0.525 -0.419 -0.741
vn 0.462 -0.317 -0.828
vn -0.503 -0.337 -0.796
vn 0.626 -0.330 -0.707
vn 0.477 -0.335 -0.812
vn -0.522 -0.380 -0.764
vn 0.524 -0.243 -0.817
vn 0.556 -0.084 -0.827
vn 0.037 0.042 -0.998
vn 0.702 -0.071 -0.708
vn -0.652 0.074 -0.754
vn 0.389 -0.914 0.112
vn -0.743 0.184 -0.644
vn -0.847 0.071 -0.527
vn -0.877 0.436 -0.200
vn 0.251 -0.874 -0.415
vn -0.000 -1.000 0.000
vn 0.094 -0.880 -0.465
vn -0.000 -0.989 -0.151
vn -0.000 -1.000 0.000
vn -0.000 -0.989 -0.151
vn -0.000 -1.000 0.000
vn -0.093 -0.941 -0.326
vn -0.000 -1.000 0.000
vn -0.000 -0.878 -0.478
vn -0.000 -1.000 0.000
vn -0.368 -0.834 -0.411
vn 0.251 -0.874 -0.415
vn -0.000 -1.000 0.000
vn 0.094 -0.880 -0.465
vn -0.000 -0.989 -0.151
vn -0.000 -1.000 0.000
vn -0.000 -0.989 -0.151
vn -0.000 -1.000 0.000
vn -0.093 -0.941 -0.326
vn -0.000 -1.000 0.000
vn -0.000 -0.878 -0.478
vn -0.000 -1.000 0.000
vn -0.253 -0.894 -0.370
vn 0.379 -0.622 -0.686
vn 0.354 -0.827 -0.437
vn -0.561 -0.502 -0.658
vn 0.384 -0.588 -0.711
vn 0.354 -0.827 -0.437
vn -0.608 -0.576 -0.546
vn 0.661 -0.486 -0.573
vn 0.608 -0.625 -0.489
vn -0.749 -0.264 -0.608
vn -0.737 -0.248 -0.629
vn -0.710 -0.097 -0.698
vn -0.730 -0.366 -0.577
vn 0.389 -0.164 -0.906
vn 0.356 -0.922 0.155
vn -0.384 -0.035 -0.923
vn 0.349 -0.934 0.076
vn 0.234 -0.911 -0.341
vn 0.246 0.962 0.116
vn 0.105 -0.989 -0.105
vn -0.000 -1.000 0.000
vn 0.399 -0.883 -0.247
vn -0.276 -0.842 -0.463
vn -0.000 -1.000 0.000
vn -0.105 -0.989 -0.105
vn 0.105 -0.989 -0.105
vn -0.000 -1.000 0.000
vn 0.399 -0.883 -0.247
vn -0.209 -0.924 -0.320
vn -0.000 -1.000 0.000
vn -0.105 -0.989 -0.105
vn -0.183 -0.890 -0.417
vn -0.251 -0.935 -0.251
vn 0.799 -0.483 -0.358
vn -0.682 -0.677 -0.276
vn 0.799 -0.483 -0.358
vn 0.725 -0.299 -0.621
vn -0.784 -0.382 -0.490
vn 0.798 -0.338 -0.500
vn -0.790 -0.359 -0.497
vn 0.790 -0.133 -0.598
vn 0.879 -0.239 -0.411
vn -0.845 -0.185 -0.501
vn -0.911 -0.126 -0.392
vn 0.853 -0.084 -0.515
vn 0.915 -0.165 -0.369
vn -0.848 -0.167 -0.503
vn -0.941 -0.087 -0.326
vn -0.799 -0.003 -0.602
vn -0.893 0.051 -0.448
vn 0.057 -0.993 0.107
vn -0.268 -0.963 -0.026
vn 0.873 0.305 -0.380
vn -0.778 0.606 0.166
vn -0.680 0.692 0.243
vn 0.131 0.990 0.056
vn 0.450 -0.841 -0.300
vn -0.000 -1.000 0.000
vn 0.386 -0.881 -0.274
vn -0.105 -0.989 -0.105
vn -0.000 -1.000 0.000
vn -0.360 -0.931 -0.050
vn 0.450 -0.841 -0.300
vn -0.000 -1.000 0.000
vn 0.386 -0.881 -0.274
vn -0.105 -0.989 -0.105
vn -0.000 -1.000 0.000
vn -0.761 -0.648 -0.034
vn 0.643 -0.695 -0.321
vn 0.643 -0.695 -0.321
vn 0.803 -0.499 -0.325
vn -0.804 -0.533 -0.264
vn 0.803 -0.499 -0.325
vn -0.782 -0.561 -0.272
vn 0.870 -0.348 -0.348
vn 0.890 -0.356 -0.286
vn 0.921 -0.291 -0.257
vn -0.870 -0.348 -0.348
vn -0.890 -0.286 -0.356
vn -0.939 -0.238 -0.248
vn 0.870 -0.348 -0.348
vn 0.890 -0.356 -0.286
vn 0.935 -0.294 -0.198
vn -0.870 -0.348 -0.348
vn -0.890 -0.286 -0.356
vn -0.931 -0.247 -0.269
vn 0.916 0.082 -0.393
vn -0.109 -0.963 0.248
vn -0.233 -0.964 0.125
vn 0.768 -0.392 -0.506
vn 0.686 0.042 -0.727
vn -0.846 0.514 0.143
vn 0.788 0.615 0.038
vn 0.653 0.711 0.262
vn -0.000 -1.000 0.000
vn 0.215 -0.977 0.000
vn -0.000 -1.000 0.000
vn -0.421 -0.907 0.000
vn -0.000 -1.000 0.000
vn 0.215 -0.977 0.000
vn -0.000 -1.000 0.000
vn -0.813 -0.582 0.000
vn 0.843 -0.513 -0.164
vn 0.866 -0.492 -0.088
vn 0.849 -0.503 -0.162
vn 0.960 -0.270 -0.069
vn -0.942 -0.336 0.006
vn -0.948 -0.311 -0.067
vn 0.856 -0.507 -0.096
vn 0.889 -0.449 -0.094
vn -0.884 -0.463 -0.070
vn -0.914 -0.370 -0.165
vn 0.993 0.014 -0.120
vn -0.306 -0.926 -0.222
vn -0.819 0.344 -0.459
vn 0.683 0.571 0.455
vn -0.342 0.926 0.163
vn -0.186 0.978 0.098
vn -0.000 -1.000 0.000
vn 0.215 -0.977 0.000
vn -0.000 -1.000 0.000
vn -0.273 -0.962 -0.027
vn -0.000 -1.000 0.000
vn 0.215 -0.977 0.000
vn -0.000 -1.000 0.000
vn -0.299 -0.950 -0.091
vn 0.626 -0.778 -0.043
vn -0.801 -0.599 -0.004
vn 0.573 -0.806 -0.145
vn 0.874 -0.485 0.021
vn 0.983 -0.178 -0.048
vn 0.944 -0.292 0.151
vn 0.995 -0.072 -0.072
vn 0.995 -0.072 0.072
vn -0.000 0.000 0.000
vn 0.996 0.049 -0.072
vn 1.000 -0.009 0.000
vn 0.925 -0.149 -0.350
vn -0.870 0.044 -0.492
vn 0.316 -0.909 0.273
vn -0.122 -0.893 0.433
vn -0.913 0.302 -0.273
vn 0.991 -0.101 -0.089
vn 0.841 0.510 0.181
vn 0.668 0.697 0.261
vn 0.671 0.696 0.256
vn 0.181 0.957 0.224
vn -0.000 -1.000 0.000
vn 0.391 -0.918 0.062
vn -0.000 -1.000 0.000
vn -0.339 -0.937 0.086
vn -0.000 -1.000 0.000
vn 0.331 -0.943 0.041
vn -0.000 -1.000 0.000
vn -0.313 -0.945 0.101
vn 0.604 -0.681 0.413
vn 0.727 -0.656 0.204
vn -0.719 -0.695 -0.020
vn 0.768 -0.614 0.184
vn -0.942 -0.337 -0.008
vn 0.894 -0.408 0.187
vn -0.879 -0.463 0.117
vn 0.967 -0.201 0.159
vn 0.996 0.049 0.072
vn 0.967 -0.060 0.246
vn 0.995 -0.062 -0.078
vn -0.682 -0.710 0.175
vn 0.826 -0.563 0.031
vn 0.039 0.977 0.209
vn -0.000 -1.000 0.000
vn 0.645 -0.763 0.041
vn -0.000 -1.000 0.000
vn -0.478 -0.878 0.000
vn -0.000 -1.000 0.000
vn 0.381 -0.923 0.049
vn -0.000 -1.000 0.000
vn -0.478 -0.878 0.000
vn -0.517 -0.828 0.216
vn -0.508 -0.829 0.235
vn 0.789 -0.541 0.292
vn 0.907 -0.363 0.213
vn -0.797 -0.546 0.260
vn -0.941 -0.243 0.235
vn 0.848 -0.447 0.284
vn 0.913 -0.331 0.238
vn -0.795 -0.549 0.257
vn -0.890 -0.356 0.286
vn -0.965 -0.239 -0.105
vn 0.918 -0.388 0.079
vn 0.771 -0.634 0.066
vn 0.792 -0.611 0.000
vn 0.812 -0.575 0.096
vn -0.823 0.568 -0.012
vn 0.671 0.653 0.351
vn -0.662 0.685 0.304
vn 0.478 0.868 0.138
vn 0.105 -0.989 0.105
vn 0.105 -0.989 0.105
vn -0.000 -1.000 0.000
vn -0.000 -1.000 0.000
vn -0.000 -1.000 0.000
vn -0.376 -0.887 0.268
vn -0.336 -0.917 0.217
vn 0.105 -0.989 0.105
vn 0.105 -0.989 0.105
vn -0.000 -1.000 0.000
vn -0.000 -1.000 0.000
vn -0.000 -1.000 0.000
vn -0.357 -0.907 0.221
vn -0.245 -0.954 0.173
vn 0.209 -0.955 0.209
vn -0.775 -0.557 0.300
vn 0.359 -0.910 0.207
vn -0.741 -0.570 0.356
vn 0.849 -0.374 0.374
vn 0.774 -0.415 0.478
vn -0.775 -0.280 0.567
vn -0.779 -0.418 0.468
vn 0.849 -0.374 0.374
vn 0.749 -0.479 0.457
vn -0.789 -0.480 0.383
vn -0.809 -0.435 0.395
vn 0.823 -0.362 0.438
vn 0.909 -0.270 0.319
vn -0.779 -0.452 0.434
vn -0.937 -0.218 0.272
vn 0.823 -0.362 0.438
vn 0.920 -0.280 0.273
vn -0.814 -0.374 0.444
vn -0.895 -0.260 0.362
vn 0.927 -0.108 0.359
vn 0.941 -0.204 0.271
vn 0.737 -0.676 0.017
vn 0.884 -0.438 -0.164
vn 0.860 -0.506 0.064
vn 0.859 0.438 0.265
vn -0.367 -0.826 0.427
vn 0.819 0.565 -0.102
vn -0.815 0.556 0.163
vn 0.187 -0.944 0.273
vn 0.284 -0.847 0.450
vn -0.000 -1.000 0.000
vn -0.000 -1.000 0.000
vn -0.000 -1.000 0.000
vn -0.000 -1.000 0.000
vn -0.000 -1.000 0.000
vn -0.105 -0.989 0.105
vn -0.105 -0.989 0.105
vn 0.124 -0.982 0.143
vn 0.219 -0.865 0.452
vn -0.000 -1.000 0.000
vn -0.000 -1.000 0.000
vn -0.000 -1.000 0.000
vn -0.000 -1.000 0.000
vn -0.000 -1.000 0.000
vn -0.105 -0.989 0.105
vn -0.105 -0.989 0.105
vn -0.282 -0.887 0.366
vn 0.529 -0.665 0.528
vn -0.203 -0.935 0.292
vn -0.752 -0.457 0.475
vn 0.827 -0.187 0.530
vn 0.790 -0.231 0.568
vn -0.754 -0.402 0.519
vn -0.814 -0.349 0.464
vn 0.833 -0.348 0.431
vn 0.762 -0.395 0.514
vn -0.696 -0.400 0.596
vn -0.791 -0.267 0.550
vn -0.934 -0.197 0.299
vn -0.862 -0.109 0.495
vn 0.792 -0.379 0.479
vn -0.986 -0.124 0.113
vn 0.879 -0.199 0.433
vn 0.889 -0.458 0.018
vn 0.694 0.524 0.493
vn 0.725 0.563 0.397
vn -0.410 0.875 0.256
vn -0.000 -0.878 0.478
vn 0.094 -0.941 0.324
vn -0.000 -0.987 0.161
vn -0.000 -0.987 0.161
vn -0.052 -0.976 0.211
vn -0.000 -0.878 0.478
vn 0.094 -0.941 0.324
vn -0.000 -0.987 0.161
vn -0.000 -0.987 0.161
vn -0.052 -0.976 0.211
vn 0.321 -0.618 0.717
vn 0.197 -0.848 0.493
vn 0.275 -0.611 0.743
vn 0.197 -0.848 0.493
vn 0.460 -0.491 0.740
vn -0.572 -0.561 0.598
vn 0.524 -0.461 0.716
vn -0.504 -0.632 0.589
vn 0.608 -0.193 0.770
vn 0.643 -0.467 0.607
vn -0.801 -0.359 0.479
vn -0.696 -0.275 0.663
vn 0.222 -0.938 0.267
vn 0.745 -0.522 0.414
vn 0.809 0.573 0.129
vn 0.373 0.888 0.269
vn -0.198 0.953 0.229
vn -0.184 -0.350 0.918
vn 0.522 -0.422 0.742
vn 0.222 -0.576 0.786
vn -0.079 -0.717 0.693
vn -0.289 -0.494 0.820
vn -0.289 -0.494 0.820
vn -0.416 -0.517 0.748
vn -0.374 -0.374 0.849
vn 0.453 -0.470 0.758
vn 0.366 -0.445 0.817
vn 0.222 -0.576 0.786
vn -0.056 -0.654 0.755
vn -0.107 -0.380 0.919
vn -0.289 -0.494 0.820
vn -0.450 -0.491 0.746
vn -0.374 -0.374 0.849
vn 0.545 -0.282 0.790
vn 0.402 -0.529 0.747
vn -0.509 -0.400 0.762
vn -0.606 -0.369 0.705
vn -0.460 -0.368 0.808
vn 0.542 -0.345 0.766
vn 0.439 -0.373 0.817
vn -0.480 -0.386 0.788
vn -0.563 -0.235 0.792
vn -0.509 -0.225 0.831
vn 0.588 -0.119 0.800
vn 0.505 -0.238 0.830
vn 0.710 -0.282 0.645
vn -0.836 -0.462 0.297
vn -0.318 -0.923 0.217
vn -0.567 -0.510 0.646
vn 0.617 0.484 0.621
vn -0.641 0.714 0.283
vn 0.269 -0.317 0.910
vn 0.085 -0.381 0.920
vn -0.202 -0.281 0.938
vn 0.282 -0.347 0.895
vn 0.088 -0.417 0.904
vn -0.220 -0.306 0.927
vn 0.369 -0.267 0.890
vn -0.264 -0.315 0.911
vn 0.354 -0.304 0.885
vn -0.278 -0.259 0.925
vn -0.285 -0.345 0.894
vn 0.065 -0.412 0.909
vn -0.333 -0.187 0.924
vn -0.713 -0.221 0.666
vn 0.706 -0.375 0.600
vn -0.640 0.597 0.484
vn -0.467 0.419 0.779
vn 0.694 0.439 0.571
vn 0.551 0.783 0.291
vn -0.490 -0.426 0.761
vn 0.158 -0.403 0.901
vn -0.313 -0.914 0.259
vn -0.025 -0.679 0.734
vn 0.246 -0.826 0.507
vn 0.520 0.557 0.647
vn 0.229 -0.439 0.869
vn 0.700 0.523 0.486
vn -0.685 0.582 0.439
vn -0.533 -0.361 0.766
vn 0.465 -0.450 0.763
vn -0.293 -0.022 0.956
vn -0.241 0.565 0.789
vn -0.638 0.488 0.596
vn -0.702 0.485 0.521
vn 0.706 0.634 0.315
vn 0.195 0.948 0.251
vn -0.015 -0.396 0.918
vn -0.161 -0.944 0.289
vn -0.961 -0.128 0.245
vn 0.418 -0.124 0.900
vn -0.347 0.400 0.848
vn 0.635 0.288 0.717
vn -0.730 0.366 0.577
vn -0.753 0.550 0.362
vn -0.452 0.841 0.297
vn -0.252 0.941 0.225
vn 0.326 -0.323 0.889
vn -0.679 -0.384 0.626
vn 0.175 -0.944 0.281
vn 0.045 -0.973 0.227
vn -0.405 -0.859 0.313
vn -0.646 0.627 0.435
vn -0.397 0.217 0.892
vn -0.286 0.925 0.251
vn -0.276 0.930 0.244
vn -0.244 0.938 0.247
vn -0.439 -0.247 0.864
vn -0.852 0.199 0.485
vn -0.444 -0.683 0.580
vn 0.855 0.161 0.492
vn 0.247 0.212 0.945
vn 0.344 0.594 0.727
vn -0.125 0.418 0.900
vn 0.018 0.281 0.959
vn -0.384 -0.251 0.889
vn 0.014 -0.440 0.898
vn 0.672 -0.417 0.612
vn 0.844 0.293 0.449
vn 0.598 0.749 0.287
vn -0.272 0.929 0.252
vn -0.257 0.933 0.253
vn -0.268 0.932 0.245
vn -0.247 0.937 0.246
vn -0.356 -0.889 0.286
vn -0.572 -0.737 0.359
vn 0.298 0.361 0.884
vn 0.570 -0.671 0.473
vn -0.539 -0.469 0.700
vn -0.525 0.226 0.821
vn 0.652 -0.072 0.755
vn -0.874 0.222 0.432
vn 0.257 0.927 0.272
vn -0.357 -0.323 0.876
vn 0.436 -0.034 0.899
vn 0.362 0.075 0.929
vn 0.325 0.105 0.940
vn 0.261 0.084 0.962
vn 0.148 0.149 0.978
vn -0.104 0.220 0.970
vn 0.102 0.292 0.951
vn -0.017 0.337 0.941
vn -0.329 0.078 0.941
vn -0.735 -0.514 0.441
vn 0.739 0.587 0.331
vn -0.617 0.725 0.307
vn 0.593 0.751 0.291
vn -0.199 0.946 0.256
vn 0.151 -0.410 0.900
vn -0.026 -0.152 0.988
vn 0.207 -0.020 0.978
vn 0.143 0.096 0.985
vn 0.086 0.144 0.986
vn 0.007 0.005 1.000
vn -0.304 0.916 0.264
vn -0.031 0.968 0.248
vn 0.858 0.045 0.511
vn 0.908 0.052 0.415
vn 0.372 -0.870 0.323
vn 0.080 -0.940 0.333
vn -0.821 0.458 0.341
vn 0.453 0.847 0.278
vn -0.768 -0.167 0.619
vn -0.837 0.087 0.540
vn -0.536 0.795 0.285
vn -0.241 -0.884 0.401
vn 0.719 -0.580 0.382
vn -0.789 -0.474 0.390
vn -0.863 0.389 0.323
vn 0.772 0.531 0.348
vn -0.010 -0.958 0.285
vn 0.529 -0.776 0.343
vn -0.648 -0.678 0.346
vn 0.859 0.329 0.391
vn -0.721 0.611 0.326
vn 0.691 -0.557 0.460
vn 0.846 -0.304 0.438
vn -0.879 0.271 0.392
vn -0.139 0.923 0.358
vn -0.512 -0.801 0.311
vn 0.593 0.743 0.312
vn 0.011 0.967 0.254
vn -0.404 -0.836 0.371
vn 0.931 -0.102 0.349
vn -0.555 0.762 0.334
vn 0.479 0.794 0.375
vn -0.243 -0.933 0.267
vn 0.395 -0.846 0.358
vn -0.489 -0.810 0.322
vn 0.589 -0.714 0.379
vn -0.564 -0.675 0.477
vn 0.843 -0.307 0.442
vn -0.304 0.901 0.311
vn -0.735 0.546 0.401
vn -0.632 -0.682 0.368
vn 0.667 -0.650 0.365
vn 0.724 0.555 0.409
vn -0.076 0.918 0.390
vn -0.172 -0.933 0.316
vn -0.649 0.622 0.438
vn 0.561 0.751 0.347
vn 0.299 0.888 0.349
vn 0.030 0.928 0.372
vn 0.188 -0.937 0.295
vn -0.882 0.058 0.469
vn -0.631 0.599 0.493
vn -0.571 0.716 0.403
vn 0.932 -0.249 0.262
vn -0.533 -0.815 0.226
vn 0.730 -0.673 0.119
vn -0.907 0.091 0.411
vn 0.877 0.275 0.394
vn -0.751 -0.568 0.338
vn 0.688 0.603 0.404
vn 0.426 0.857 0.290
vn 0.147 0.907 0.395
vn 0.427 -0.892 0.147
vn -0.981 -0.193 0.036
vn -0.809 -0.554 0.194
vn 0.849 -0.431 0.306
vn -0.018 -0.999 -0.050
vn -0.885 0.249 0.393
vn -0.832 0.493 0.255
vn -0.402 0.828 0.391
vn -0.267 -0.943 0.199
vn -0.897 -0.226 0.380
vn 0.916 0.304 0.264
vn 0.662 0.741 0.115
vn -0.458 0.871 0.177
vn -0.627 -0.774 -0.094
vn -0.893 0.442 0.085
vn 0.912 -0.375 0.163
vn 0.921 0.386 0.056
vn -0.184 0.982 0.032
vn -0.374 -0.912 -0.166
vn 0.835 -0.543 -0.087
vn -0.739 0.671 0.060
vn 0.133 0.952 0.274
vn -0.094 -0.994 -0.059
vn -0.562 -0.818 -0.124
vn 0.995 -0.091 0.039
vn 0.605 -0.775 -0.182
vn 0.961 0.274 0.028
vn -0.825 -0.560 -0.077
vn 0.896 -0.444 -0.030
vn 0.998 -0.055 -0.044
vn 0.454 0.887 0.078
vn 0.384 -0.922 -0.049
vn -0.525 0.849 0.063
vn 0.112 0.991 0.066
vn -0.494 -0.869 0.022
vn -0.924 -0.373 -0.090
vn 0.731 0.674 0.105
vn 0.687 -0.726 0.027
vn -0.922 0.388 0.010
vn -0.210 0.974 0.084
vn -0.395 0.903 0.169
vn -0.860 -0.505 0.068
vn 0.075 0.982 0.172
vn -0.999 -0.029 0.028
vn -0.234 -0.967 0.099
vn 0.974 -0.217 0.066
vn 0.412 0.889 0.201
vn -0.052 -0.998 0.044
vn -0.733 0.665 0.142
vn 0.231 -0.971 0.069
vn 0.829 -0.523 0.199
vn 0.971 0.182 0.153
vn 0.804 0.570 0.168
vn 0.459 -0.879 0.133
vn 0.697 -0.712 0.085
vn -0.547 -0.830 0.107
vn -0.986 0.148 0.078
vn -0.076 0.976 0.206
vn 0.969 0.193 0.152
vn -0.870 0.448 0.204
vn -0.852 -0.467 0.238
vn 0.319 0.924 0.212
vn -0.526 0.813 0.250
vn -0.881 -0.402 0.251
vn -0.923 -0.362 0.131
vn -0.931 -0.345 0.120
vn -0.992 -0.088 0.091
vn 0.611 0.707 0.356
vn -0.182 -0.975 0.129
vn -0.795 -0.577 0.188
vn -0.896 -0.353 0.270
vn -0.917 -0.289 0.276
vn -0.921 -0.271 0.282
vn -0.729 0.679 0.089
vn -0.919 -0.260 0.297
vn -0.921 -0.274 0.278
vn -0.705 0.589 0.395
vn 0.361 0.833 0.419
vn 0.552 -0.818 0.162
vn 0.945 0.003 0.326
vn -0.363 0.824 0.436
vn 0.835 0.361 0.415
vn 0.226 -0.966 0.124
vn -0.609 -0.773 0.179
vn 0.739 0.491 0.462
vn 0.908 -0.304 0.288
vn -0.946 0.009 0.324
vn -0.068 0.934 0.352
vn 0.750 -0.609 0.257
vn -0.893 0.230 0.387
vn 0.878 0.091 0.471
vn -0.610 -0.755 0.241
vn -0.877 -0.349 0.331
vn 0.115 0.848 0.517
vn 0.043 -0.976 0.213
vn 0.565 -0.609 0.557
vn 0.467 -0.847 0.252
vn 0.770 -0.510 0.382
vn -0.647 -0.571 0.504
vn -0.783 0.453 0.427
vn 0.394 0.765 0.510
vn 0.443 -0.758 0.478
vn -0.159 -0.901 0.404
vn -0.753 -0.430 0.498
vn 0.515 -0.567 0.643
vn 0.320 -0.817 0.481
vn -0.357 -0.782 0.511
vn -0.365 -0.783 0.503
vn -0.453 -0.782 0.427
vn -0.446 -0.714 0.539
vn -0.554 -0.647 0.524
vn 0.699 -0.490 0.521
vn 0.659 -0.484 0.576
vn 0.834 -0.327 0.445
vn -0.572 -0.564 0.596
vn -0.780 -0.350 0.518
vn 0.777 -0.147 0.612
vn 0.485 -0.070 0.872
vn -0.303 0.797 0.522
vn 0.325 -0.716 0.618
vn 0.114 -0.853 0.510
vn -0.387 -0.757 0.526
vn 0.274 -0.567 0.777
vn 0.721 -0.274 0.637
vn 0.597 -0.471 0.649
vn -0.555 -0.489 0.672
vn -0.692 -0.318 0.648
vn -0.830 -0.043 0.556
vn -0.639 0.560 0.527
vn -0.085 -0.638 0.765
vn 0.536 0.443 0.718
vn -0.832 0.158 0.532
vn -0.042 -0.338 0.940
vn -0.511 -0.097 0.854
vn 0.177 0.000 0.984
vn 0.074 -0.074 0.995
vn -0.074 -0.074 0.995
vn -0.288 0.182 0.940
vn -0.074 0.074 0.995
vn 0.074 0.074 0.995
vn 0.213 0.356 0.910
vn -0.106 0.583 0.805
vn -0.000 0.000 0.000
usemtl creature
f 3//3 2//2 25//25
f 6//6 5//5 4//4
f 7//7 4//4 5//5
f 9//9 8//8 2//2
f 4//4 1//1 6//6
f 1//1 8//8 6//6
f 1//1 2//2 8//8
f 7//7 10//10 4//4
f 10//10 1//1 4//4
f 10//10 2//2 1//1
f 13//13 12//12 11//11
f 12//12 9//9 11//11
f 9//9 3//3 11//11
f 9//9 2//2 3//3
f 15//15 13//13 11//11
f 11//11 3//3 15//15
f 3//3 25//25 15//15
f 16//16 2//2 14//14
f 2//2 16//16 25//25
f 6//6 17//17 5//5
f 17//17 7//7 5//5
f 28//28 8//8 9//9
f 6//6 8//8 17//17
f 8//8 18//18 17//17
f 8//8 28//28 18//18
f 17//17 18//18 7//7
f 18//18 10//10 7//7
f 18//18 26//26 10//10
f 2//2 10//10 26//26
f 19//19 28//28 12//12
f 19//19 12//12 13//13
f 9//9 12//12 28//28
f 21//21 14//14 20//20
f 14//14 26//26 20//20
f 14//14 2//2 26//26
f 23//23 21//21 20//20
f 13//13 15//15 22//22
f 24//24 13//13 22//22
f 19//19 13//13 24//24
f 25//25 22//22 15//15
f 23//23 16//16 21//21
f 21//21 16//16 14//14
f 24//24 22//22 25//25
f 23//23 25//25 16//16
f 28//28 26//26 18//18
f 26//26 23//23 20//20
f 24//24 28//28 19//19
f 28//28 24//24 27//27
f 38//38 24//24 25//25
f 23//23 38//38 25//25
f 38//38 37//37 24//24
f 39//39 23//23 26//26
f 37//37 29//29 24//24
f 31//31 23//23 30//30
f 31//31 38//38 23//23
f 27//27 26//26 28//28
f 24//24 32//32 27//27
f 42//42 32//32 33//33
f 32//32 29//29 33//33
f 32//32 24//24 29//29
f 35//35 30//30 34//34
f 30//30 23//23 34//34
f 40//40 35//35 34//34
f 42//42 33//33 36//36
f 37//37 36//36 29//29
f 29//29 36//36 33//33
f 41//41 31//31 35//35
f 35//35 31//31 30//30
f 35//35 40//40 41//41
f 37//37 42//42 36//36
f 41//41 38//38 31//31
f 32//32 42//42 27//27
f 40//40 34//34 23//23
f 39//39 40//40 23//23
f 27//27 39//39 26//26
f 38//38 41//41 43//43
f 44//44 37//37 38//38
f 37//37 44//44 42//42
f 45//45 43//43 41//41
f 48//48 38//38 43//43
f 44//44 38//38 48//48
f 52//52 45//45 41//41
f 39//39 27//27 42//42
f 52//52 41//41 40//40
f 39//39 42//42 47//47
f 47//47 42//42 46//46
f 44//44 55//55 42//42
f 43//43 49//49 48//48
f 44//44 48//48 55//55
f 52//52 40//40 39//39
f 42//42 55//55 46//46
f 45//45 59//59 43//43
f 54//54 49//49 43//43
f 47//47 46//46 50//50
f 51//51 48//48 49//49
f 59//59 45//45 52//52
f 51//51 55//55 48//48
f 47//47 50//50 39//39
f 59//59 54//54 43//43
f 52//52 39//39 57//57
f 57//57 59//59 52//52
f 50//50 57//57 39//39
f 46//46 55//55 53//53
f 56//56 54//54 59//59
f 58//58 55//55 51//51
f 49//49 54//54 56//56
f 50//50 46//46 61//61
f 59//59 57//57 66//66
f 64//64 53//53 55//55
f 55//55 58//58 64//64
f 49//49 58//58 51//51
f 57//57 50//50 71//71
f 60//60 58//58 49//49
f 57//57 71//71 66//66
f 63//63 49//49 56//56
f 53//53 61//61 46//46
f 64//64 69//69 53//53
f 58//58 60//60 64//64
f 53//53 69//69 61//61
f 60//60 73//73 64//64
f 62//62 56//56 59//59
f 64//64 72//72 69//69
f 62//62 59//59 66//66
f 62//62 68//68 56//56
f 68//68 76//76 56//56
f 63//63 60//60 49//49
f 70//70 63//63 56//56
f 77//77 63//63 70//70
f 50//50 61//61 71//71
f 76//76 70//70 56//56
f 63//63 65//65 60//60
f 65//65 73//73 60//60
f 77//77 65//65 63//63
f 72//72 64//64 67//67
f 73//73 67//67 64//64
f 61//61 75//75 71//71
f 69//69 75//75 61//61
f 79//79 62//62 66//66
f 77//77 73//73 65//65
f 68//68 62//62 85//85
f 74//74 73//73 77//77
f 72//72 67//67 69//69
f 69//69 86//86 75//75
f 71//71 79//79 66//66
f 91//91 73//73 74//74
f 85//85 76//76 68//68
f 79//79 71//71 75//75
f 86//86 69//69 67//67
f 62//62 79//79 85//85
f 67//67 73//73 91//91
f 70//70 76//76 78//78
f 74//74 77//77 70//70
f 75//75 86//86 94//94
f 75//75 94//94 79//79
f 87//87 85//85 79//79
f 81//81 84//84 70//70
f 78//78 81//81 70//70
f 89//89 74//74 70//70
f 90//90 89//89 70//70
f 81//81 76//76 85//85
f 91//91 74//74 83//83
f 78//78 76//76 81//81
f 74//74 89//89 83//83
f 86//86 67//67 80//80
f 91//91 82//82 67//67
f 84//84 90//90 70//70
f 82//82 80//80 67//67
f 87//87 98//98 85//85
f 98//98 81//81 85//85
f 83//83 88//88 91//91
f 120//120 94//94 86//86
f 79//79 94//94 87//87
f 80//80 120//120 86//86
f 97//97 81//81 98//98
f 121//121 81//81 97//97
f 99//99 81//81 121//121
f 99//99 84//84 81//81
f 87//87 94//94 114//114
f 93//93 80//80 92//92
f 82//82 92//92 80//80
f 82//82 91//91 111//111
f 98//98 87//87 114//114
f 93//93 120//120 80//80
f 110//110 89//89 90//90
f 105//105 82//82 111//111
f 92//92 82//82 105//105
f 96//96 88//88 83//83
f 83//83 116//116 96//96
f 122//122 116//116 83//83
f 89//89 122//122 83//83
f 90//90 84//84 100//100
f 128//128 98//98 114//114
f 88//88 96//96 91//91
f 113//113 84//84 99//99
f 100//100 127//127 90//90
f 96//96 95//95 91//91
f 116//116 132//132 96//96
f 120//120 123//123 94//94
f 117//117 111//111 91//91
f 117//117 91//91 95//95
f 96//96 101//101 95//95
f 96//96 102//102 101//101
f 103//103 97//97 98//98
f 104//104 97//97 103//103
f 114//114 94//94 135//135
f 112//112 98//98 128//128
f 124//124 95//95 101//101
f 106//106 98//98 112//112
f 115//115 106//106 112//112
f 102//102 107//107 101//101
f 101//101 107//107 124//124
f 108//108 103//103 106//106
f 106//106 103//103 98//98
f 106//106 115//115 108//108
f 124//124 107//107 109//109
f 96//96 109//109 102//102
f 102//102 109//109 107//107
f 115//115 104//104 108//108
f 108//108 104//104 103//103
f 124//124 109//109 96//96
f 115//115 97//97 104//104
f 121//121 113//113 99//99
f 84//84 113//113 100//100
f 120//120 93//93 92//92
f 117//117 95//95 124//124
f 94//94 118//118 135//135
f 123//123 118//118 94//94
f 132//132 124//124 96//96
f 115//115 121//121 97//97
f 121//121 115//115 141//141
f 110//110 122//122 89//89
f 92//92 105//105 129//129
f 119//119 105//105 111//111
f 119//119 111//111 117//117
f 133//133 122//122 110//110
f 114//114 135//135 128//128
f 112//112 128//128 135//135
f 131//131 121//121 141//141
f 110//110 90//90 127//127
f 132//132 116//116 122//122
f 121//121 126//126 113//113
f 127//127 100//100 126//126
f 126//126 100//100 113//113
f 110//110 127//127 137//137
f 92//92 125//125 120//120
f 125//125 123//123 120//120
f 130//130 105//105 119//119
f 123//123 135//135 118//118
f 105//105 130//130 129//129
f 133//133 132//132 122//122
f 147//147 140//140 124//124
f 112//112 141//141 115//115
f 121//121 142//142 126//126
f 137//137 133//133 110//110
f 124//124 119//119 117//117
f 132//132 138//138 124//124
f 131//131 134//134 121//121
f 130//130 92//92 129//129
f 92//92 139//139 125//125
f 124//124 140//140 119//119
f 136//136 131//131 141//141
f 134//134 142//142 121//121
f 125//125 139//139 123//123
f 138//138 147//147 124//124
f 127//127 126//126 142//142
f 143//143 137//137 127//127
f 139//139 135//135 123//123
f 144//144 127//127 142//142
f 92//92 130//130 139//139
f 130//130 119//119 170//170
f 151//151 112//112 135//135
f 146//146 132//132 133//133
f 144//144 143//143 127//127
f 135//135 139//139 151//151
f 134//134 131//131 136//136
f 149//149 133//133 137//137
f 112//112 151//151 141//141
f 119//119 140//140 145//145
f 143//143 149//149 137//137
f 141//141 151//151 148//148
f 130//130 154//154 139//139
f 130//130 170//170 154//154
f 152//152 136//136 141//141
f 146//146 138//138 132//132
f 160//160 151//151 139//139
f 119//119 145//145 170//170
f 151//151 169//169 148//148
f 133//133 138//138 146//146
f 144//144 142//142 150//150
f 154//154 160//160 139//139
f 150//150 142//142 134//134
f 149//149 156//156 133//133
f 156//156 149//149 143//143
f 147//147 155//155 140//140
f 147//147 138//138 155//155
f 134//134 136//136 152//152
f 153//153 138//138 133//133
f 155//155 145//145 140//140
f 156//156 153//153 133//133
f 165//165 143//143 144//144
f 151//151 160//160 159//159
f 151//151 159//159 169//169
f 141//141 148//148 169//169
f 138//138 153//153 157//157
f 178//178 165//165 144//144
f 162//162 160//160 154//154
f 145//145 167//167 170//170
f 169//169 152//152 141//141
f 157//157 158//158 138//138
f 156//156 157//157 153//153
f 144//144 150//150 178//178
f 170//170 227//227 154//154
f 177//177 152//152 169//169
f 152//152 193//193 134//134
f 150//150 134//134 193//193
f 189//189 178//178 150//150
f 145//145 155//155 161//161
f 161//161 167//167 145//145
f 260//260 156//156 143//143
f 143//143 165//165 260//260
f 162//162 159//159 160//160
f 150//150 193//193 189//189
f 138//138 164//164 155//155
f 177//177 193//193 152//152
f 199//199 157//157 156//156
f 200//200 199//199 156//156
f 159//159 163//163 169//169
f 179//179 165//165 178//178
f 162//162 166//166 159//159
f 166//166 163//163 159//159
f 138//138 158//158 164//164
f 231//231 193//193 177//177
f 260//260 200//200 156//156
f 224//224 165//165 179//179
f 219//219 167//167 161//161
f 161//161 155//155 164//164
f 168//168 169//169 163//163
f 158//158 157//157 188//188
f 229//229 154//154 227//227
f 184//184 171//171 174//174
f 184//184 174//174 173//173
f 286//286 168//168 163//163
f 207//207 260//260 165//165
f 286//286 166//166 162//162
f 172//172 175//175 196//196
f 166//166 286//286 163//163
f 187//187 184//184 173//173
f 172//172 190//190 191//191
f 172//172 185//185 175//175
f 177//177 169//169 168//168
f 158//158 188//188 164//164
f 201//201 189//189 193//193
f 201//201 178//178 189//189
f 201//201 179//179 178//178
f 165//165 195//195 207//207
f 172//172 180//180 190//190
f 171//171 181//181 225//225
f 196//196 180//180 172//172
f 184//184 181//181 171//171
f 183//183 162//162 154//154
f 286//286 162//162 183//183
f 191//191 176//176 172//172
f 172//172 176//176 185//185
f 176//176 161//161 164//164
f 182//182 187//187 168//168
f 177//177 168//168 187//187
f 164//164 188//188 176//176
f 177//177 187//187 231//231
f 188//188 157//157 199//199
f 181//181 184//184 182//182
f 171//171 225//225 174//174
f 182//182 184//184 187//187
f 211//211 173//173 174//174
f 286//286 182//182 168//168
f 191//191 192//192 176//176
f 176//176 192//192 161//161
f 186//186 187//187 173//173
f 198//198 175//175 185//185
f 212//212 187//187 186//186
f 185//185 176//176 198//198
f 187//187 212//212 231//231
f 188//188 199//199 176//176
f 194//194 201//201 193//193
f 214//214 224//224 179//179
f 180//180 215//215 190//190
f 190//190 197//197 191//191
f 229//229 183//183 154//154
f 198//198 287//287 175//175
f 186//186 173//173 211//211
f 176//176 199//199 198//198
f 214//214 179//179 201//201
f 182//182 203//203 181//181
f 204//204 197//197 190//190
f 202//202 204//204 190//190
f 204//204 191//191 197//197
f 204//204 205//205 191//191
f 170//170 167//167 219//219
f 175//175 228//228 196//196
f 174//174 353//353 211//211
f 287//287 311//311 175//175
f 213//213 199//199 200//200
f 354//354 195//195 165//165
f 196//196 215//215 180//180
f 258//258 190//190 215//215
f 203//203 307//307 181//181
f 209//209 204//204 202//202
f 209//209 202//202 190//190
f 258//258 209//209 190//190
f 203//203 182//182 307//307
f 218//218 204//204 209//209
f 205//205 204//204 218//218
f 286//286 183//183 229//229
f 307//307 182//182 350//350
f 218//218 191//191 205//205
f 218//218 192//192 191//191
f 206//206 350//350 182//182
f 175//175 217//217 228//228
f 287//287 198//198 370//370
f 313//313 212//212 186//186
f 231//231 212//212 313//313
f 213//213 232//232 199//199
f 224//224 354//354 165//165
f 174//174 225//225 208//208
f 196//196 228//228 217//217
f 170//170 216//216 227//227
f 209//209 258//258 218//218
f 170//170 351//351 369//369
f 219//219 351//351 170//170
f 311//311 217//217 175//175
f 313//313 186//186 211//211
f 220//220 198//198 199//199
f 371//371 193//193 231//231
f 371//371 194//194 193//193
f 232//232 259//259 199//199
f 213//213 200//200 232//232
f 232//232 200//200 233//233
f 223//223 260//260 207//207
f 223//223 207//207 195//195
f 196//196 222//222 215//215
f 219//219 161//161 210//210
f 161//161 192//192 210//210
f 286//286 206//206 182//182
f 220//220 370//370 198//198
f 199//199 370//370 220//220
f 199//199 314//314 370//370
f 315//315 231//231 313//313
f 314//314 199//199 259//259
f 260//260 233//233 200//200
f 224//224 214//214 407//407
f 354//354 391//391 195//195
f 407//407 354//354 224//224
f 181//181 221//221 226//226
f 181//181 226//226 225//225
f 181//181 307//307 221//221
f 217//217 308//308 196//196
f 216//216 402//402 227//227
f 368//368 307//307 350//350
f 229//229 230//230 286//286
f 236//236 235//235 234//234
f 238//238 237//237 234//234
f 238//238 234//234 235//235
f 240//240 239//239 237//237
f 240//240 237//237 238//238
f 241//241 239//239 240//240
f 244//244 243//243 242//242
f 246//246 245//245 242//242
f 246//246 242//242 243//243
f 248//248 247//247 245//245
f 248//248 245//245 246//246
f 249//249 247//247 248//248
f 250//250 257//257 236//236
f 234//234 250//250 236//236
f 215//215 250//250 234//234
f 215//215 234//234 237//237
f 215//215 237//237 239//239
f 239//239 241//241 251//251
f 215//215 239//239 251//251
f 252//252 215//215 251//251
f 254//254 253//253 244//244
f 242//242 254//254 244//244
f 225//225 254//254 242//242
f 225//225 242//242 245//245
f 225//225 245//245 247//247
f 247//247 249//249 255//255
f 225//225 247//247 255//255
f 256//256 225//225 255//255
f 257//257 250//250 215//215
f 226//226 253//253 254//254
f 226//226 254//254 225//225
f 222//222 257//257 215//215
f 333//333 174//174 208//208
f 170//170 402//402 216//216
f 427//427 218//218 258//258
f 402//402 229//229 227//227
f 230//230 229//229 403//403
f 350//350 206//206 334//334
f 353//353 174//174 335//335
f 201//201 194//194 214//214
f 263//263 262//262 261//261
f 265//265 264//264 261//261
f 265//265 261//261 262//262
f 235//235 236//236 264//264
f 265//265 235//235 264//264
f 449//449 235//235 265//265
f 235//235 449//449 238//238
f 238//238 449//449 240//240
f 267//267 266//266 241//241
f 240//240 267//267 241//241
f 449//449 267//267 240//240
f 269//269 268//268 266//266
f 269//269 266//266 267//267
f 270//270 268//268 269//269
f 273//273 272//272 271//271
f 275//275 274//274 271//271
f 275//275 271//271 272//272
f 243//243 244//244 274//274
f 275//275 243//243 274//274
f 456//456 243//243 275//275
f 243//243 456//456 246//246
f 246//246 456//456 248//248
f 277//277 276//276 249//249
f 248//248 277//277 249//249
f 456//456 277//277 248//248
f 279//279 278//278 276//276
f 279//279 276//276 277//277
f 280//280 278//278 279//279
f 281//281 282//282 263//263
f 281//281 263//263 261//261
f 257//257 281//281 261//261
f 257//257 261//261 264//264
f 257//257 264//264 236//236
f 266//266 251//251 241//241
f 251//251 266//266 252//252
f 252//252 266//266 268//268
f 283//283 215//215 252//252
f 270//270 283//283 252//252
f 268//268 270//270 252//252
f 345//345 215//215 283//283
f 284//284 221//221 273//273
f 284//284 273//273 271//271
f 253//253 284//284 271//271
f 253//253 271//271 274//274
f 253//253 274//274 244//244
f 276//276 255//255 249//249
f 255//255 276//276 256//256
f 256//256 276//276 278//278
f 285//285 225//225 256//256
f 280//280 285//285 256//256
f 278//278 280//280 256//256
f 348//348 225//225 285//285
f 222//222 282//282 281//281
f 257//257 222//222 281//281
f 345//345 309//309 215//215
f 226//226 221//221 284//284
f 226//226 284//284 253//253
f 348//348 306//306 225//225
f 309//309 258//258 215//215
f 307//307 330//330 221//221
f 306//306 208//208 225//225
f 369//369 402//402 170//170
f 333//333 335//335 174//174
f 210//210 192//192 310//310
f 313//313 211//211 353//353
f 311//311 287//287 312//312
f 312//312 287//287 370//370
f 370//370 314//314 233//233
f 371//371 231//231 315//315
f 232//232 314//314 259//259
f 445//445 260//260 223//223
f 290//290 289//289 288//288
f 262//262 263//263 288//288
f 289//289 262//262 288//288
f 449//449 262//262 289//289
f 262//262 449//449 265//265
f 267//267 449//449 269//269
f 292//292 291//291 270//270
f 269//269 292//292 270//270
f 449//449 292//292 269//269
f 293//293 291//291 292//292
f 296//296 295//295 294//294
f 272//272 273//273 294//294
f 295//295 272//272 294//294
f 456//456 272//272 295//295
f 272//272 456//456 275//275
f 277//277 456//456 279//279
f 298//298 297//297 280//280
f 279//279 298//298 280//280
f 456//456 298//298 279//279
f 299//299 297//297 298//298
f 300//300 304//304 290//290
f 300//300 290//290 288//288
f 282//282 300//300 288//288
f 282//282 288//288 263//263
f 291//291 283//283 270//270
f 301//301 345//345 283//283
f 293//293 301//301 283//283
f 291//291 293//293 283//283
f 302//302 305//305 296//296
f 302//302 296//296 294//294
f 221//221 302//302 294//294
f 221//221 294//294 273//273
f 297//297 285//285 280//280
f 303//303 348//348 285//285
f 299//299 303//303 285//285
f 297//297 299//299 285//285
f 222//222 304//304 300//300
f 222//222 300//300 282//282
f 221//221 305//305 302//302
f 222//222 331//331 304//304
f 218//218 389//389 192//192
f 219//219 210//210 310//310
f 217//217 311//311 352//352
f 311//311 312//312 352//352
f 335//335 313//313 353//353
f 233//233 314//314 232//232
f 194//194 371//371 214//214
f 318//318 317//317 316//316
f 289//289 290//290 316//316
f 317//317 289//289 316//316
f 449//449 289//289 317//317
f 320//320 319//319 293//293
f 292//292 320//320 293//293
f 449//449 320//320 292//292
f 321//321 319//319 320//320
f 324//324 323//323 322//322
f 295//295 296//296 322//322
f 323//323 295//295 322//322
f 456//456 295//295 323//323
f 326//326 325//325 299//299
f 298//298 326//326 299//299
f 456//456 326//326 298//298
f 327//327 325//325 326//326
f 328//328 331//331 318//318
f 328//328 318//318 316//316
f 304//304 328//328 316//316
f 304//304 316//316 290//290
f 319//319 301//301 293//293
f 321//321 345//345 301//301
f 319//319 321//321 301//301
f 329//329 330//330 324//324
f 329//329 324//324 322//322
f 305//305 329//329 322//322
f 305//305 322//322 296//296
f 325//325 303//303 299//299
f 327//327 348//348 303//303
f 325//325 327//327 303//303
f 331//331 328//328 304//304
f 330//330 329//329 221//221
f 221//221 329//329 305//305
f 381//381 331//331 222//222
f 196//196 381//381 222//222
f 330//330 307//307 332//332
f 368//368 332//332 307//307
f 489//489 427//427 258//258
f 427//427 389//389 218//218
f 230//230 403//403 286//286
f 404//404 334//334 206//206
f 192//192 389//389 310//310
f 370//370 233//233 372//372
f 445//445 233//233 260//260
f 466//466 407//407 214//214
f 337//337 336//336 317//317
f 337//337 317//317 318//318
f 336//336 449//449 317//317
f 449//449 338//338 320//320
f 321//321 320//320 338//338
f 321//321 338//338 339//339
f 341//341 340//340 323//323
f 341//341 323//323 324//324
f 340//340 456//456 323//323
f 456//456 342//342 326//326
f 327//327 326//326 342//342
f 327//327 342//342 343//343
f 318//318 331//331 337//337
f 337//337 331//331 344//344
f 339//339 345//345 321//321
f 324//324 330//330 341//341
f 341//341 330//330 347//347
f 343//343 348//348 327//327
f 309//309 345//345 346//346
f 306//306 349//349 487//487
f 306//306 348//348 349//349
f 402//402 403//403 229//229
f 310//310 389//389 219//219
f 286//286 403//403 206//206
f 313//313 335//335 465//465
f 315//315 313//313 465//465
f 312//312 370//370 443//443
f 354//354 571//571 391//391
f 570//570 354//354 407//407
f 357//357 356//356 355//355
f 336//336 337//337 355//355
f 356//356 336//336 355//355
f 449//449 336//336 356//356
f 359//359 358//358 339//339
f 338//338 359//359 339//339
f 449//449 359//359 338//338
f 360//360 358//358 359//359
f 363//363 362//362 361//361
f 340//340 341//341 361//361
f 362//362 340//340 361//361
f 456//456 340//340 362//362
f 365//365 364//364 343//343
f 342//342 365//365 343//343
f 456//456 365//365 342//342
f 366//366 364//364 365//365
f 357//357 355//355 344//344
f 331//331 357//357 344//344
f 381//381 357//357 331//331
f 344//344 355//355 337//337
f 358//358 345//345 339//339
f 346//346 345//345 358//358
f 360//360 346//346 358//358
f 488//488 346//346 360//360
f 363//363 361//361 347//347
f 330//330 363//363 347//347
f 332//332 363//363 330//330
f 347//347 361//361 341//341
f 364//364 348//348 343//343
f 349//349 348//348 364//364
f 366//366 349//349 364//364
f 487//487 349//349 366//366
f 346//346 488//488 309//309
f 196//196 367//367 381//381
f 487//487 208//208 306//306
f 369//369 351//351 439//439
f 350//350 334//334 426//426
f 403//403 404//404 206//206
f 371//371 315//315 390//390
f 445//445 372//372 233//233
f 371//371 466//466 214//214
f 374//374 373//373 356//356
f 374//374 356//356 357//357
f 373//373 449//449 356//356
f 449//449 375//375 359//359
f 360//360 359//359 375//375
f 360//360 375//375 376//376
f 378//378 377//377 362//362
f 378//378 362//362 363//363
f 377//377 456//456 362//362
f 456//456 379//379 365//365
f 366//366 365//365 379//379
f 366//366 379//379 380//380
f 381//381 374//374 357//357
f 376//376 488//488 360//360
f 332//332 378//378 363//363
f 380//380 487//487 366//366
f 385//385 384//384 383//383
f 384//384 382//382 383//383
f 382//382 367//367 383//383
f 382//382 381//381 367//367
f 386//386 385//385 383//383
f 383//383 367//367 386//386
f 367//367 387//387 386//386
f 367//367 196//196 387//387
f 308//308 387//387 196//196
f 489//489 258//258 309//309
f 217//217 388//388 308//308
f 370//370 405//405 443//443
f 372//372 406//406 370//370
f 569//569 445//445 223//223
f 195//195 569//569 223//223
f 393//393 392//392 373//373
f 393//393 373//373 374//374
f 392//392 449//449 373//373
f 449//449 394//394 375//375
f 376//376 375//375 394//394
f 376//376 394//394 395//395
f 397//397 396//396 377//377
f 397//397 377//377 378//378
f 396//396 456//456 377//377
f 456//456 398//398 379//379
f 380//380 379//379 398//398
f 380//380 398//398 399//399
f 381//381 393//393 374//374
f 395//395 488//488 376//376
f 332//332 397//397 378//378
f 399//399 487//487 380//380
f 382//382 425//425 381//381
f 385//385 400//400 384//384
f 400//400 401//401 384//384
f 401//401 382//382 384//384
f 401//401 425//425 382//382
f 386//386 400//400 385//385
f 386//386 387//387 400//400
f 387//387 401//401 400//400
f 387//387 425//425 401//401
f 308//308 425//425 387//387
f 333//333 208//208 487//487
f 350//350 426//426 368//368
f 427//427 489//489 441//441
f 572//572 439//439 351//351
f 352//352 464//464 217//217
f 352//352 312//312 443//443
f 406//406 405//405 370//370
f 444//444 372//372 445//445
f 391//391 535//535 195//195
f 393//393 408//408 392//392
f 392//392 408//408 409//409
f 410//410 392//392 409//409
f 449//449 392//392 410//410
f 411//411 413//413 412//412
f 394//394 411//411 412//412
f 449//449 411//411 394//394
f 412//412 395//395 394//394
f 397//397 414//414 396//396
f 396//396 414//414 415//415
f 416//416 396//396 415//415
f 456//456 396//396 416//416
f 417//417 419//419 418//418
f 398//398 417//417 418//418
f 456//456 417//417 398//398
f 418//418 399//399 398//398
f 420//420 425//425 408//408
f 393//393 420//420 408//408
f 381//381 420//420 393//393
f 408//408 425//425 409//409
f 413//413 421//421 412//412
f 395//395 412//412 421//421
f 488//488 395//395 421//421
f 422//422 424//424 414//414
f 397//397 422//422 414//414
f 332//332 422//422 397//397
f 414//414 424//424 415//415
f 419//419 423//423 418//418
f 399//399 418//418 423//423
f 487//487 399//399 423//423
f 422//422 332//332 424//424
f 402//402 404//404 403//403
f 351//351 219//219 389//389
f 334//334 442//442 426//426
f 427//427 519//519 389//389
f 404//404 442//442 334//334
f 465//465 335//335 333//333
f 466//466 371//371 428//428
f 535//535 569//569 195//195
f 430//430 429//429 410//410
f 430//430 410//410 409//409
f 429//429 449//449 410//410
f 449//449 431//431 411//411
f 413//413 411//411 431//431
f 413//413 431//431 432//432
f 434//434 433//433 416//416
f 434//434 416//416 415//415
f 433//433 456//456 416//416
f 456//456 435//435 417//417
f 419//419 417//417 435//435
f 419//419 435//435 436//436
f 409//409 425//425 430//430
f 432//432 437//437 413//413
f 413//413 437//437 421//421
f 488//488 421//421 437//437
f 415//415 424//424 434//434
f 436//436 438//438 419//419
f 419//419 438//438 423//423
f 487//487 423//423 438//438
f 381//381 425//425 420//420
f 489//489 309//309 488//488
f 308//308 388//388 425//425
f 368//368 426//426 332//332
f 217//217 464//464 388//388
f 369//369 556//556 402//402
f 557//557 426//426 442//442
f 351//351 389//389 516//516
f 352//352 440//440 464//464
f 490//490 465//465 333//333
f 315//315 520//520 390//390
f 390//390 428//428 371//371
f 571//571 535//535 391//391
f 430//430 446//446 429//429
f 429//429 446//446 447//447
f 448//448 429//429 447//447
f 449//449 429//429 448//448
f 450//450 452//452 451//451
f 431//431 450//450 451//451
f 449//449 450//450 431//431
f 451//451 432//432 431//431
f 434//434 453//453 433//433
f 433//433 453//453 454//454
f 455//455 433//433 454//454
f 456//456 433//433 455//455
f 457//457 459//459 458//458
f 435//435 457//457 458//458
f 456//456 457//457 435//435
f 458//458 436//436 435//435
f 425//425 460//460 430//430
f 460//460 446//446 430//430
f 446//446 460//460 447//447
f 452//452 461//461 451//451
f 461//461 488//488 437//437
f 451//451 461//461 437//437
f 432//432 451//451 437//437
f 424//424 462//462 434//434
f 462//462 453//453 434//434
f 453//453 462//462 454//454
f 459//459 463//463 458//458
f 463//463 487//487 438//438
f 458//458 463//463 438//438
f 436//436 458//458 438//438
f 352//352 491//491 440//440
f 443//443 491//491 352//352
f 465//465 520//520 315//315
f 372//372 405//405 406//406
f 569//569 444//444 445//445
f 466//466 534//534 407//407
f 447//447 467//467 448//448
f 448//448 467//467 468//468
f 469//469 448//448 468//468
f 449//449 448//448 469//469
f 469//469 470//470 449//449
f 471//471 472//472 449//449
f 472//472 474//474 473//473
f 450//450 472//472 473//473
f 449//449 472//472 450//450
f 473//473 452//452 450//450
f 454//454 475//475 455//455
f 455//455 475//475 476//476
f 477//477 455//455 476//476
f 456//456 455//455 477//477
f 477//477 478//478 456//456
f 479//479 480//480 456//456
f 480//480 482//482 481//481
f 457//457 480//480 481//481
f 456//456 480//480 457//457
f 481//481 459//459 457//457
f 460//460 425//425 447//447
f 425//425 483//483 447//447
f 483//483 467//467 447//447
f 467//467 483//483 468//468
f 474//474 484//484 473//473
f 484//484 488//488 461//461
f 473//473 484//484 461//461
f 452//452 473//473 461//461
f 462//462 424//424 454//454
f 424//424 485//485 454//454
f 485//485 475//475 454//454
f 475//475 485//485 476//476
f 482//482 486//486 481//481
f 486//486 487//487 463//463
f 481//481 486//486 463//463
f 459//459 481//481 463//463
f 554//554 489//489 488//488
f 333//333 487//487 529//529
f 426//426 518//518 537//537
f 515//515 490//490 333//333
f 518//518 426//426 557//557
f 351//351 516//516 519//519
f 517//517 464//464 440//440
f 491//491 517//517 440//440
f 532//532 520//520 465//465
f 405//405 372//372 563//563
f 468//468 492//492 469//469
f 493//493 470//470 469//469
f 493//493 469//469 492//492
f 470//470 493//493 494//494
f 495//495 470//470 494//494
f 449//449 470//470 495//495
f 495//495 496//496 449//449
f 496//496 497//497 449//449
f 497//497 499//499 498//498
f 471//471 497//497 498//498
f 449//449 497//497 471//471
f 500//500 472//472 471//471
f 500//500 471//471 498//498
f 500//500 474//474 472//472
f 476//476 501//501 477//477
f 502//502 478//478 477//477
f 502//502 477//477 501//501
f 478//478 502//502 503//503
f 504//504 478//478 503//503
f 456//456 478//478 504//504
f 504//504 505//505 456//456
f 505//505 506//506 456//456
f 506//506 508//508 507//507
f 479//479 506//506 507//507
f 456//456 506//506 479//479
f 509//509 480//480 479//479
f 509//509 479//479 507//507
f 509//509 482//482 480//480
f 483//483 425//425 468//468
f 425//425 510//510 468//468
f 510//510 492//492 468//468
f 492//492 510//510 493//493
f 493//493 510//510 511//511
f 493//493 511//511 494//494
f 499//499 536//536 498//498
f 498//498 536//536 500//500
f 500//500 536//536 484//484
f 474//474 500//500 484//484
f 536//536 488//488 484//484
f 485//485 424//424 476//476
f 424//424 512//512 476//476
f 512//512 501//501 476//476
f 501//501 512//512 502//502
f 502//502 512//512 513//513
f 502//502 513//513 503//503
f 508//508 514//514 507//507
f 507//507 514//514 509//509
f 509//509 514//514 486//486
f 482//482 509//509 486//486
f 514//514 487//487 486//486
f 332//332 537//537 424//424
f 554//554 488//488 536//536
f 426//426 537//537 332//332
f 515//515 333//333 529//529
f 531//531 441//441 489//489
f 562//562 556//556 369//369
f 561//561 427//427 441//441
f 519//519 516//516 389//389
f 532//532 490//490 518//518
f 532//532 465//465 490//490
f 405//405 563//563 443//443
f 390//390 520//520 428//428
f 591//591 444//444 569//569
f 354//354 570//570 571//571
f 494//494 521//521 495//495
f 522//522 496//496 495//495
f 522//522 495//495 521//521
f 523//523 497//497 496//496
f 523//523 496//496 522//522
f 523//523 499//499 497//497
f 503//503 524//524 504//504
f 525//525 505//505 504//504
f 525//525 504//504 524//524
f 526//526 506//506 505//505
f 526//526 505//505 525//525
f 526//526 508//508 506//506
f 527//527 511//511 510//510
f 527//527 510//510 425//425
f 521//521 494//494 511//511
f 527//527 521//521 511//511
f 521//521 527//527 522//522
f 522//522 527//527 523//523
f 528//528 536//536 499//499
f 523//523 528//528 499//499
f 527//527 528//528 523//523
f 529//529 513//513 512//512
f 529//529 512//512 424//424
f 524//524 503//503 513//513
f 529//529 524//524 513//513
f 524//524 529//529 525//525
f 525//525 529//529 526//526
f 530//530 514//514 508//508
f 526//526 530//530 508//508
f 529//529 530//530 526//526
f 527//527 536//536 528//528
f 529//529 514//514 530//530
f 487//487 514//514 529//529
f 517//517 388//388 464//464
f 555//555 531//531 489//489
f 388//388 517//517 531//531
f 388//388 531//531 555//555
f 518//518 490//490 515//515
f 531//531 561//561 441//441
f 557//557 532//532 518//518
f 517//517 491//491 531//531
f 372//372 533//533 563//563
f 520//520 568//568 428//428
f 444//444 591//591 564//564
f 466//466 428//428 534//534
f 407//407 534//534 570//570
f 527//527 554//554 536//536
f 537//537 529//529 424//424
f 527//527 425//425 538//538
f 529//529 537//537 539//539
f 542//542 538//538 541//541
f 538//538 540//540 541//541
f 538//538 425//425 540//540
f 544//544 543//543 542//542
f 543//543 538//538 542//542
f 543//543 527//527 538//538
f 527//527 543//543 554//554
f 547//547 539//539 546//546
f 539//539 545//545 546//546
f 539//539 537//537 545//545
f 549//549 548//548 547//547
f 548//548 539//539 547//547
f 548//548 529//529 539//539
f 425//425 555//555 540//540
f 541//541 540//540 550//550
f 540//540 551//551 550//550
f 540//540 555//555 551//551
f 550//550 551//551 544//544
f 551//551 543//543 544//544
f 551//551 554//554 543//543
f 537//537 518//518 545//545
f 546//546 545//545 552//552
f 545//545 553//553 552//552
f 545//545 518//518 553//553
f 552//552 553//553 549//549
f 553//553 548//548 549//549
f 553//553 529//529 548//548
f 551//551 555//555 554//554
f 553//553 518//518 529//529
f 425//425 388//388 555//555
f 555//555 489//489 554//554
f 529//529 518//518 515//515
f 369//369 439//439 562//562
f 519//519 572//572 351//351
f 568//568 534//534 428//428
f 570//570 534//534 577//577
f 541//541 558//558 542//542
f 558//558 544//544 542//542
f 546//546 559//559 547//547
f 559//559 549//549 547//547
f 550//550 558//558 541//541
f 558//558 550//550 544//544
f 552//552 559//559 546//546
f 559//559 552//552 549//549
f 556//556 562//562 402//402
f 404//404 560//560 442//442
f 427//427 561//561 519//519
f 563//563 531//531 491//491
f 563//563 491//491 443//443
f 583//583 535//535 571//571
f 402//402 595//595 404//404
f 442//442 560//560 557//557
f 585//585 520//520 532//532
f 595//595 567//567 404//404
f 404//404 567//567 560//560
f 560//560 532//532 557//557
f 563//563 561//561 531//531
f 561//561 563//563 566//566
f 533//533 566//566 563//563
f 533//533 574//574 566//566
f 575//575 583//583 571//571
f 562//562 595//595 402//402
f 519//519 561//561 566//566
f 586//586 534//534 568//568
f 583//583 569//569 535//535
f 565//565 439//439 572//572
f 560//560 573//573 532//532
f 573//573 585//585 532//532
f 520//520 579//579 568//568
f 372//372 444//444 533//533
f 586//586 598//598 534//534
f 576//576 593//593 572//572
f 572//572 519//519 576//576
f 566//566 581//581 519//519
f 567//567 573//573 560//560
f 533//533 444//444 564//564
f 533//533 564//564 591//591
f 583//583 591//591 569//569
f 562//562 439//439 565//565
f 576//576 519//519 581//581
f 574//574 609//609 566//566
f 585//585 579//579 520//520
f 568//568 579//579 586//586
f 575//575 571//571 570//570
f 595//595 562//562 565//565
f 578//578 566//566 609//609
f 584//584 585//585 573//573
f 582//582 573//573 567//567
f 566//566 578//578 581//581
f 591//591 590//590 533//533
f 598//598 587//587 534//534
f 577//577 534//534 580//580
f 577//577 575//575 570//570
f 598//598 586//586 600//600
f 583//583 575//575 589//589
f 595//595 582//582 567//567
f 578//578 597//597 581//581
f 584//584 579//579 585//585
f 600//600 586//586 588//588
f 603//603 589//589 575//575
f 604//604 595//595 565//565
f 576//576 581//581 593//593
f 573//573 579//579 584//584
f 533//533 590//590 599//599
f 599//599 590//590 591//591
f 583//583 589//589 591//591
f 534//534 587//587 580//580
f 575//575 577//577 603//603
f 596//596 602//602 581//581
f 597//597 596//596 581//581
f 609//609 597//597 578//578
f 533//533 610//610 574//574
f 599//599 591//591 617//617
f 608//608 603//603 577//577
f 592//592 594//594 565//565
f 607//607 573//573 582//582
f 573//573 615//615 579//579
f 586//586 579//579 588//588
f 598//598 600//600 587//587
f 601//601 617//617 591//591
f 589//589 601//601 591//591
f 572//572 592//592 565//565
f 605//605 572//572 593//593
f 593//593 581//581 602//602
f 604//604 611//611 595//595
f 599//599 610//610 533//533
f 594//594 623//623 565//565
f 605//605 592//592 572//572
f 623//623 604//604 565//565
f 573//573 607//607 622//622
f 579//579 600//600 588//588
f 607//607 582//582 595//595
f 606//606 615//615 573//573
f 638//638 610//610 599//599
f 589//589 617//617 601//601
f 609//609 596//596 597//597
f 608//608 577//577 636//636
f 605//605 593//593 602//602
f 644//644 600//600 579//579
f 613//613 589//589 603//603
f 607//607 595//595 611//611
f 602//602 596//596 619//619
f 580//580 587//587 612//612
f 618//618 617//617 589//589
f 632//632 618//618 589//589
f 594//594 592//592 623//623
f 622//622 607//607 611//611
f 620//620 600//600 616//616
f 600//600 620//620 587//587
f 612//612 587//587 620//620
f 589//589 613//613 632//632
f 614//614 603//603 608//608
f 625//625 622//622 611//611
f 623//623 621//621 604//604
f 602//602 627//627 605//605
f 604//604 621//621 611//611
f 573//573 622//622 637//637
f 616//616 600//600 644//644
f 580//580 612//612 620//620
f 614//614 608//608 636//636
f 619//619 643//643 602//602
f 633//633 602//602 643//643
f 606//606 573//573 637//637
f 606//606 579//579 615//615
f 617//617 618//618 632//632
f 636//636 577//577 580//580
f 611//611 621//621 625//625
f 609//609 619//619 596//596
f 605//605 623//623 592//592
f 610//610 629//629 574//574
f 616//616 649//649 620//620
f 641//641 580//580 620//620
f 580//580 630//630 636//636
f 632//632 626//626 617//617
f 580//580 641//641 630//630
f 662//662 603//603 614//614
f 644//644 579//579 606//606
f 640//640 625//625 621//621
f 627//627 602//602 633//633
f 616//616 644//644 664//664
f 599//599 617//617 626//626
f 605//605 646//646 623//623
f 603//603 642//642 613//613
f 662//662 614//614 636//636
f 627//627 646//646 605//605
f 646//646 621//621 623//623
f 662//662 636//636 651//651
f 610//610 628//628 629//629
f 638//638 628//628 610//610
f 645//645 599//599 626//626
f 613//613 642//642 632//632
f 599//599 645//645 638//638
f 620//620 649//649 641//641
f 634//634 646//646 627//627
f 646//646 640//640 621//621
f 574//574 629//629 609//609
f 632//632 645//645 626//626
f 642//642 603//603 662//662
f 625//625 631//631 622//622
f 637//637 622//622 631//631
f 619//619 609//609 635//635
f 634//634 627//627 624//624
f 640//640 656//656 625//625
f 619//619 658//658 643//643
f 645//645 632//632 642//642
f 629//629 657//657 609//609
f 616//616 654//654 649//649
f 630//630 641//641 639//639
f 630//630 639//639 636//636
f 643//643 658//658 633//633
f 637//637 682//682 606//606
f 609//609 657//657 635//635
f 671//671 628//628 638//638
f 624//624 646//646 634//634
f 631//631 682//682 637//637
f 657//657 619//619 635//635
f 647//647 606//606 682//682
f 636//636 639//639 665//665
f 660//660 651//651 636//636
f 646//646 656//656 640//640
f 656//656 631//631 625//625
f 654//654 616//616 664//664
f 665//665 639//639 641//641
f 650//650 673//673 642//642
f 647//647 644//644 606//606
f 673//673 645//645 642//642
f 685//685 650//650 642//642
f 627//627 633//633 674//674
f 629//629 648//648 657//657
f 628//628 648//648 629//629
f 638//638 645//645 671//671
f 673//673 652//652 645//645
f 660//660 636//636 665//665
f 674//674 624//624 627//627
f 624//624 655//655 646//646
f 655//655 666//666 646//646
f 666//666 656//656 646//646
f 676//676 644//644 647//647
f 683//683 664//664 644//644
f 641//641 649//649 665//665
f 658//658 674//674 633//633
f 674//674 679//679 624//624
f 683//683 644//644 676//676
f 660//660 680//680 651//651
f 673//673 650//650 661//661
f 685//685 642//642 662//662
f 653//653 674//674 658//658
f 624//624 666//666 655//655
f 657//657 686//686 619//619
f 628//628 659//659 648//648
f 699//699 692//692 628//628
f 645//645 684//684 671//671
f 652//652 684//684 645//645
f 661//661 650//650 685//685
f 653//653 658//658 669//669
f 656//656 666//666 667//667
f 648//648 659//659 657//657
f 628//628 692//692 659//659
f 687//687 680//680 660//660
f 651//651 685//685 662//662
f 682//682 631//631 656//656
f 677//677 652//652 673//673
f 712//712 661//661 685//685
f 624//624 690//690 666//666
f 651//651 680//680 678//678
f 678//678 685//685 651//651
f 663//663 647//647 682//682
f 668//668 665//665 649//649
f 673//673 672//672 677//677
f 690//690 624//624 679//679
f 705//705 667//667 666//666
f 686//686 658//658 619//619
f 670//670 663//663 682//682
f 680//680 685//685 678//678
f 658//658 686//686 675//675
f 663//663 676//676 647//647
f 654//654 664//664 683//683
f 661//661 689//689 673//673
f 674//674 693//693 679//679
f 669//669 658//658 694//694
f 658//658 675//675 694//694
f 695//695 686//686 657//657
f 649//649 654//654 700//700
f 652//652 677//677 684//684
f 689//689 661//661 712//712
f 693//693 674//674 701//701
f 666//666 690//690 705//705
f 702//702 657//657 659//659
f 668//668 660//660 665//665
f 677//677 672//672 688//688
f 674//674 653//653 669//669
f 681//681 686//686 695//695
f 695//695 657//657 702//702
f 726//726 676//676 663//663
f 700//700 714//714 649//649
f 649//649 714//714 668//668
f 660//660 668//668 687//687
f 673//673 688//688 672//672
f 667//667 705//705 698//698
f 706//706 656//656 667//667
f 670//670 682//682 656//656
f 654//654 683//683 727//727
f 697//697 677//677 688//688
f 704//704 673//673 689//689
f 708//708 685//685 680//680
f 675//675 686//686 681//681
f 698//698 706//706 667//667
f 726//726 663//663 670//670
f 654//654 727//727 700//700
f 673//673 704//704 715//715
f 716//716 712//712 685//685
f 693//693 691//691 679//679
f 690//690 679//679 691//691
f 709//709 669//669 694//694
f 692//692 702//702 659//659
f 696//696 711//711 684//684
f 696//696 677//677 697//697
f 703//703 687//687 668//668
f 715//715 688//688 673//673
f 680//680 687//687 718//718
f 694//694 675//675 709//709
f 706//706 670//670 656//656
f 628//628 671//671 699//699
f 677//677 696//696 684//684
f 680//680 718//718 713//713
f 669//669 701//701 674//674
f 690//690 691//691 705//705
f 699//699 702//702 692//692
f 706//706 726//726 670//670
f 727//727 676//676 726//726
f 696//696 697//697 688//688
f 668//668 714//714 707//707
f 703//703 668//668 707//707
f 713//713 708//708 680//680
f 708//708 713//713 685//685
f 729//729 693//693 669//669
f 675//675 681//681 710//710
f 705//705 706//706 698//698
f 671//671 711//711 699//699
f 687//687 703//703 707//707
f 707//707 718//718 687//687
f 669//669 693//693 701//701
f 717//717 726//726 706//706
f 728//728 726//726 717//717
f 683//683 676//676 727//727
f 771//771 715//715 704//704
f 771//771 704//704 689//689
f 713//713 716//716 685//685
f 709//709 675//675 710//710
f 710//710 681//681 695//695
f 702//702 757//757 695//695
f 714//714 700//700 727//727
f 671//671 684//684 711//711
f 735//735 711//711 696//696
f 688//688 715//715 696//696
f 771//771 689//689 712//712
f 669//669 763//763 729//729
f 709//709 763//763 669//669
f 706//706 705//705 765//765
f 702//702 699//699 725//725
f 721//721 725//725 699//699
f 719//719 691//691 693//693
f 699//699 711//711 721//721
f 715//715 740//740 696//696
f 729//729 723//723 693//693
f 709//709 710//710 695//695
f 711//711 735//735 768//768
f 741//741 740//740 715//715
f 718//718 707//707 722//722
f 713//713 718//718 722//722
f 713//713 722//722 733//733
f 734//734 771//771 712//712
f 743//743 712//712 716//716
f 723//723 719//719 693//693
f 719//719 705//705 691//691
f 765//765 728//728 706//706
f 757//757 702//702 749//749
f 728//728 717//717 706//706
f 725//725 749//749 702//702
f 721//721 731//731 725//725
f 731//731 721//721 711//711
f 714//714 727//727 732//732
f 707//707 714//714 732//732
f 742//742 741//741 715//715
f 722//722 707//707 733//733
f 742//742 715//715 771//771
f 743//743 734//734 712//712
f 719//719 724//724 705//705
f 724//724 765//765 705//705
f 753//753 731//731 711//711
f 732//732 727//727 767//767
f 753//753 711//711 806//806
f 768//768 806//806 711//711
f 696//696 740//740 768//768
f 707//707 761//761 748//748
f 707//707 748//748 733//733
f 709//709 737//737 763//763
f 709//709 695//695 757//757
f 728//728 738//738 726//726
f 738//738 730//730 726//726
f 730//730 831//831 726//726
f 731//731 739//739 725//725
f 831//831 727//727 726//726
f 911//911 771//771 734//734
f 709//709 829//829 737//737
f 720//720 749//749 725//725
f 725//725 739//739 720//720
f 752//752 767//767 727//727
f 696//696 768//768 735//735
f 707//707 732//732 761//761
f 733//733 748//748 736//736
f 733//733 716//716 713//713
f 733//733 743//743 716//716
f 907//907 765//765 724//724
f 749//749 872//872 757//757
f 750//750 738//738 728//728
f 720//720 745//745 749//749
f 739//739 745//745 720//720
f 752//752 727//727 831//831
f 802//802 744//744 763//763
f 744//744 729//729 763//763
f 757//757 829//829 709//709
f 872//872 749//749 758//758
f 750//750 728//728 765//765
f 732//732 767//767 746//746
f 740//740 754//754 768//768
f 740//740 741//741 754//754
f 755//755 733//733 736//736
f 745//745 764//764 749//749
f 738//738 750//750 759//759
f 739//739 751//751 745//745
f 731//731 760//760 739//739
f 746//746 747//747 732//732
f 761//761 732//732 747//747
f 755//755 770//770 733//733
f 744//744 802//802 729//729
f 729//729 802//802 723//723
f 745//745 751//751 764//764
f 760//760 751//751 739//739
f 767//767 752//752 831//831
f 767//767 747//747 746//746
f 761//761 736//736 748//748
f 769//769 754//754 741//741
f 742//742 769//769 741//741
f 972//972 762//762 733//733
f 733//733 770//770 972//972
f 743//743 733//733 762//762
f 734//734 743//743 762//762
f 763//763 737//737 829//829
f 907//907 873//873 765//765
f 749//749 764//764 969//969
f 766//766 804//804 751//751
f 751//751 760//760 766//766
f 832//832 767//767 831//831
f 947//947 747//747 767//767
f 909//909 747//747 947//947
f 754//754 807//807 768//768
f 736//736 761//761 755//755
f 771//771 769//769 742//742
f 773//773 772//772 801//801
f 808//808 801//801 772//772
f 775//775 774//774 808//808
f 777//777 776//776 826//826
f 811//811 826//826 776//776
f 779//779 778//778 811//811
f 782//782 781//781 780//780
f 780//780 781//781 773//773
f 801//801 780//780 773//773
f 801//801 808//808 774//774
f 774//774 775//775 783//783
f 784//784 774//774 783//783
f 801//801 774//774 784//784
f 785//785 784//784 783//783
f 788//788 787//787 786//786
f 786//786 787//787 777//777
f 826//826 786//786 777//777
f 826//826 811//811 778//778
f 778//778 779//779 789//789
f 790//790 778//778 789//789
f 826//826 778//778 790//790
f 791//791 790//790 789//789
f 800//800 793//793 792//792
f 792//792 793//793 782//782
f 780//780 792//792 782//782
f 801//801 792//792 780//780
f 784//784 785//785 794//794
f 801//801 784//784 794//794
f 795//795 801//801 794//794
f 827//827 797//797 796//796
f 796//796 797//797 788//788
f 786//786 796//796 788//788
f 826//826 796//796 786//786
f 790//790 791//791 798//798
f 826//826 790//790 798//798
f 799//799 826//826 798//798
f 800//800 792//792 801//801
f 827//827 796//796 826//826
f 804//804 946//946 801//801
f 826//826 828//828 871//871
f 869//869 826//826 871//871
f 802//802 719//719 723//723
f 1191//1191 907//907 719//719
f 719//719 907//907 724//724
f 751//751 804//804 764//764
f 738//738 871//871 730//730
f 765//765 873//873 750//750
f 750//750 873//873 759//759
f 805//805 730//730 871//871
f 805//805 830//830 730//730
f 970//970 730//730 830//830
f 970//970 831//831 730//730
f 947//947 767//767 832//832
f 807//807 948//948 768//768
f 874//874 1051//1051 771//771
f 874//874 771//771 911//911
f 734//734 1024//1024 911//911
f 972//972 734//734 762//762
f 810//810 859//859 809//809
f 810//810 809//809 808//808
f 813//813 862//862 812//812
f 813//813 812//812 811//811
f 814//814 818//818 808//808
f 773//773 814//814 772//772
f 814//814 808//808 772//772
f 808//808 809//809 775//775
f 809//809 815//815 775//775
f 809//809 859//859 815//815
f 816//816 821//821 811//811
f 777//777 816//816 776//776
f 816//816 811//811 776//776
f 811//811 812//812 779//779
f 812//812 817//817 779//779
f 812//812 862//862 817//817
f 782//782 819//819 781//781
f 819//819 814//814 781//781
f 819//819 818//818 814//814
f 781//781 814//814 773//773
f 815//815 783//783 775//775
f 783//783 815//815 785//785
f 815//815 820//820 785//785
f 815//815 859//859 820//820
f 820//820 859//859 867//867
f 788//788 822//822 787//787
f 822//822 816//816 787//787
f 822//822 821//821 816//816
f 787//787 816//816 777//777
f 817//817 789//789 779//779
f 789//789 817//817 791//791
f 817//817 823//823 791//791
f 817//817 862//862 823//823
f 823//823 862//862 828//828
f 818//818 824//824 800//800
f 800//800 824//824 793//793
f 824//824 819//819 793//793
f 824//824 818//818 819//819
f 793//793 819//819 782//782
f 820//820 794//794 785//785
f 794//794 820//820 795//795
f 820//820 867//867 795//795
f 821//821 825//825 827//827
f 827//827 825//825 797//797
f 825//825 822//822 797//797
f 825//825 821//821 822//822
f 797//797 822//822 788//788
f 823//823 798//798 791//791
f 798//798 823//823 799//799
f 823//823 828//828 799//799
f 867//867 801//801 795//795
f 828//828 826//826 799//799
f 801//801 867//867 868//868
f 946//946 800//800 801//801
f 868//868 804//804 801//801
f 869//869 827//827 826//826
f 802//802 756//756 719//719
f 870//870 829//829 757//757
f 719//719 756//756 1191//1191
f 757//757 872//872 870//870
f 759//759 869//869 871//871
f 738//738 759//759 871//871
f 766//766 946//946 804//804
f 806//806 731//731 753//753
f 768//768 948//948 806//806
f 761//761 747//747 909//909
f 972//972 973//973 734//734
f 835//835 834//834 833//833
f 837//837 836//836 833//833
f 837//837 833//833 834//834
f 839//839 838//838 836//836
f 839//839 836//836 837//837
f 841//841 840//840 838//838
f 841//841 838//838 839//839
f 843//843 842//842 840//840
f 843//843 840//840 841//841
f 844//844 842//842 843//843
f 847//847 846//846 845//845
f 849//849 848//848 845//845
f 849//849 845//845 846//846
f 851//851 850//850 848//848
f 851//851 848//848 849//849
f 853//853 852//852 850//850
f 853//853 850//850 851//851
f 855//855 854//854 852//852
f 855//855 852//852 853//853
f 856//856 854//854 855//855
f 858//858 857//857 863//863
f 857//857 858//858 835//835
f 857//857 835//835 833//833
f 808//808 857//857 833//833
f 808//808 833//833 836//836
f 808//808 836//836 838//838
f 808//808 838//838 840//840
f 808//808 840//840 810//810
f 810//810 840//840 842//842
f 844//844 859//859 810//810
f 842//842 844//844 810//810
f 861//861 860//860 864//864
f 860//860 861//861 847//847
f 860//860 847//847 845//845
f 811//811 860//860 845//845
f 811//811 845//845 848//848
f 811//811 848//848 850//850
f 811//811 850//850 852//852
f 811//811 852//852 813//813
f 813//813 852//852 854//854
f 856//856 862//862 813//813
f 854//854 856//856 813//813
f 863//863 857//857 818//818
f 818//818 857//857 808//808
f 864//864 860//860 821//821
f 821//821 860//860 811//811
f 818//818 800//800 863//863
f 904//904 867//867 859//859
f 859//859 865//865 904//904
f 862//862 866//866 828//828
f 869//869 945//945 827//827
f 764//764 804//804 868//868
f 759//759 873//873 869//869
f 803//803 872//872 758//758
f 871//871 830//830 805//805
f 749//749 803//803 758//758
f 832//832 831//831 970//970
f 948//948 731//731 806//806
f 761//761 909//909 910//910
f 761//761 910//910 755//755
f 771//771 1051//1051 769//769
f 973//973 1024//1024 734//734
f 877//877 876//876 875//875
f 834//834 835//835 875//875
f 876//876 834//834 875//875
f 1055//1055 834//834 876//876
f 834//834 1055//1055 837//837
f 837//837 1055//1055 839//839
f 839//839 1055//1055 841//841
f 841//841 1055//1055 843//843
f 879//879 878//878 844//844
f 843//843 879//879 844//844
f 1055//1055 879//879 843//843
f 880//880 878//878 879//879
f 883//883 882//882 881//881
f 846//846 847//847 881//881
f 882//882 846//846 881//881
f 1062//1062 846//846 882//882
f 846//846 1062//1062 849//849
f 849//849 1062//1062 851//851
f 851//851 1062//1062 853//853
f 853//853 1062//1062 855//855
f 885//885 884//884 856//856
f 855//855 885//885 856//856
f 1062//1062 885//885 855//855
f 886//886 884//884 885//885
f 875//875 858//858 877//877
f 858//858 863//863 877//877
f 858//858 875//875 835//835
f 878//878 859//859 844//844
f 880//880 887//887 878//878
f 887//887 859//859 878//878
f 881//881 861//861 883//883
f 861//861 864//864 883//883
f 861//861 881//881 847//847
f 884//884 862//862 856//856
f 886//886 888//888 884//884
f 888//888 862//862 884//884
f 892//892 889//889 863//863
f 893//893 859//859 890//890
f 894//894 891//891 864//864
f 942//942 897//897 896//896
f 897//897 892//892 896//896
f 892//892 800//800 896//896
f 892//892 863//863 800//800
f 904//904 865//865 898//898
f 865//865 893//893 898//898
f 865//865 859//859 893//893
f 899//899 904//904 898//898
f 993//993 901//901 900//900
f 901//901 894//894 900//900
f 894//894 821//821 900//900
f 894//894 864//864 821//821
f 905//905 866//866 902//902
f 866//866 895//895 902//902
f 866//866 862//862 895//895
f 903//903 905//905 902//902
f 800//800 942//942 896//896
f 993//993 900//900 827//827
f 821//821 827//827 900//900
f 905//905 828//828 866//866
f 1043//1043 867//867 904//904
f 946//946 942//942 800//800
f 905//905 994//994 828//828
f 1043//1043 868//868 867//867
f 945//945 1044//1044 827//827
f 994//994 871//871 828//828
f 829//829 1244//1244 763//763
f 829//829 870//870 1244//1244
f 802//802 944//944 756//756
f 945//945 869//869 873//873
f 766//766 908//908 946//946
f 766//766 760//760 908//908
f 1048//1048 832//832 970//970
f 760//760 731//731 1093//1093
f 807//807 1000//1000 948//948
f 754//754 1051//1051 807//807
f 769//769 1051//1051 754//754
f 914//914 913//913 912//912
f 876//876 877//877 912//912
f 913//913 876//876 912//912
f 1055//1055 876//876 913//913
f 916//916 915//915 880//880
f 879//879 916//916 880//880
f 1055//1055 916//916 879//879
f 917//917 915//915 916//916
f 920//920 919//919 918//918
f 882//882 883//883 918//918
f 919//919 882//882 918//918
f 1062//1062 882//882 919//919
f 922//922 921//921 886//886
f 885//885 922//922 886//886
f 1062//1062 922//922 885//885
f 923//923 921//921 922//922
f 924//924 982//982 914//914
f 924//924 914//914 912//912
f 863//863 924//924 912//912
f 863//863 912//912 877//877
f 915//915 887//887 880//880
f 890//890 859//859 887//887
f 917//917 890//890 887//887
f 915//915 917//917 887//887
f 925//925 984//984 920//920
f 925//925 920//920 918//918
f 864//864 925//925 918//918
f 864//864 918//918 883//883
f 921//921 888//888 886//886
f 923//923 862//862 888//888
f 921//921 923//923 888//888
f 982//982 924//924 889//889
f 926//926 982//982 889//889
f 889//889 924//924 863//863
f 984//984 925//925 891//891
f 928//928 984//984 891//891
f 891//891 925//925 864//864
f 932//932 931//931 930//930
f 931//931 926//926 930//930
f 926//926 892//892 930//930
f 926//926 889//889 892//892
f 934//934 893//893 933//933
f 893//893 927//927 933//933
f 893//893 890//890 927//927
f 935//935 934//934 933//933
f 938//938 937//937 936//936
f 937//937 928//928 936//936
f 928//928 894//894 936//936
f 928//928 891//891 894//894
f 940//940 895//895 939//939
f 895//895 929//929 939//939
f 895//895 862//862 929//929
f 941//941 940//940 939//939
f 932//932 930//930 897//897
f 942//942 932//932 897//897
f 897//897 930//930 892//892
f 934//934 898//898 893//893
f 899//899 898//898 934//934
f 935//935 899//899 934//934
f 1043//1043 899//899 935//935
f 938//938 936//936 901//901
f 993//993 938//938 901//901
f 901//901 936//936 894//894
f 940//940 902//902 895//895
f 903//903 902//902 940//940
f 941//941 903//903 940//940
f 1128//1128 903//903 941//941
f 1043//1043 904//904 899//899
f 1128//1128 905//905 903//903
f 827//827 1044//1044 993//993
f 1128//1128 994//994 905//905
f 763//763 906//906 802//802
f 868//868 969//969 764//764
f 946//946 908//908 998//998
f 994//994 830//830 871//871
f 731//731 971//971 1093//1093
f 948//948 999//999 731//731
f 1001//1001 1000//1000 807//807
f 1024//1024 874//874 911//911
f 951//951 950//950 913//913
f 951//951 913//913 914//914
f 950//950 1055//1055 913//913
f 1055//1055 952//952 916//916
f 917//917 916//916 952//952
f 917//917 952//952 953//953
f 955//955 954//954 919//919
f 955//955 919//919 920//920
f 954//954 1062//1062 919//919
f 1062//1062 956//956 922//922
f 923//923 922//922 956//956
f 923//923 956//956 957//957
f 914//914 982//982 951//951
f 953//953 890//890 917//917
f 920//920 984//984 955//955
f 957//957 862//862 923//923
f 961//961 985//985 960//960
f 985//985 958//958 960//960
f 958//958 926//926 960//960
f 958//958 982//982 926//926
f 963//963 927//927 962//962
f 927//927 983//983 962//962
f 927//927 890//890 983//983
f 1043//1043 963//963 962//962
f 965//965 1012//1012 964//964
f 1012//1012 959//959 964//964
f 959//959 928//928 964//964
f 959//959 984//984 928//928
f 967//967 929//929 966//966
f 929//929 1013//1013 966//966
f 929//929 862//862 1013//1013
f 1128//1128 967//967 966//966
f 961//961 960//960 931//931
f 932//932 961//961 931//931
f 942//942 961//961 932//932
f 931//931 960//960 926//926
f 963//963 933//933 927//927
f 935//935 933//933 963//963
f 1043//1043 935//935 963//963
f 965//965 964//964 937//937
f 938//938 965//965 937//937
f 987//987 965//965 938//938
f 937//937 964//964 928//928
f 967//967 939//939 929//929
f 941//941 939//939 967//967
f 1128//1128 941//941 967//967
f 993//993 987//987 938//938
f 942//942 1021//1021 968//968
f 763//763 1244//1244 906//906
f 1244//1244 802//802 906//906
f 943//943 944//944 802//802
f 969//969 803//803 749//749
f 907//907 1191//1191 873//873
f 997//997 830//830 994//994
f 1048//1048 970//970 830//830
f 999//999 971//971 731//731
f 949//949 1001//1001 807//807
f 770//770 755//755 972//972
f 1002//1002 1051//1051 874//874
f 1024//1024 1002//1002 874//874
f 975//975 974//974 950//950
f 975//975 950//950 951//951
f 974//974 1055//1055 950//950
f 1055//1055 976//976 952//952
f 953//953 952//952 976//976
f 953//953 976//976 977//977
f 979//979 978//978 954//954
f 979//979 954//954 955//955
f 978//978 1062//1062 954//954
f 1062//1062 980//980 956//956
f 957//957 956//956 980//980
f 957//957 980//980 981//981
f 985//985 982//982 958//958
f 951//951 982//982 975//975
f 977//977 890//890 953//953
f 1012//1012 984//984 959//959
f 955//955 984//984 979//979
f 981//981 862//862 957//957
f 1043//1043 962//962 983//983
f 1013//1013 1128//1128 966//966
f 942//942 985//985 961//961
f 942//942 1018//1018 985//985
f 987//987 1012//1012 965//965
f 942//942 986//986 1018//1018
f 990//990 989//989 988//988
f 989//989 986//986 988//988
f 986//986 968//968 988//988
f 986//986 942//942 968//968
f 991//991 990//990 988//988
f 988//988 968//968 991//991
f 968//968 992//992 991//991
f 968//968 1021//1021 992//992
f 946//946 1021//1021 942//942
f 946//946 998//998 1021//1021
f 803//803 995//995 872//872
f 969//969 996//996 803//803
f 1158//1158 760//760 1093//1093
f 1051//1051 949//949 807//807
f 1159//1159 1213//1213 1051//1051
f 1159//1159 1051//1051 1002//1002
f 1004//1004 1003//1003 974//974
f 1004//1004 974//974 975//975
f 1003//1003 1055//1055 974//974
f 1055//1055 1005//1005 976//976
f 977//977 976//976 1005//1005
f 977//977 1005//1005 1006//1006
f 1008//1008 1007//1007 978//978
f 1008//1008 978//978 979//979
f 1007//1007 1062//1062 978//978
f 1062//1062 1009//1009 980//980
f 981//981 980//980 1009//1009
f 981//981 1009//1009 1010//1010
f 1011//1011 982//982 985//985
f 975//975 982//982 1004//1004
f 1004//1004 982//982 1011//1011
f 1006//1006 983//983 977//977
f 977//977 983//983 890//890
f 979//979 984//984 1008//1008
f 1008//1008 984//984 1012//1012
f 1010//1010 1013//1013 981//981
f 981//981 1013//1013 862//862
f 1011//1011 985//985 1014//1014
f 987//987 1016//1016 1012//1012
f 1128//1128 1013//1013 1017//1017
f 1015//1015 1043//1043 983//983
f 990//990 1019//1019 989//989
f 1019//1019 1020//1020 989//989
f 1020//1020 986//986 989//989
f 1020//1020 1018//1018 986//986
f 991//991 1019//1019 990//990
f 991//991 992//992 1019//1019
f 992//992 1020//1020 1019//1019
f 992//992 1021//1021 1020//1020
f 802//802 1244//1244 943//943
f 1191//1191 756//756 1216//1216
f 873//873 1023//1023 945//945
f 996//996 868//868 1022//1022
f 969//969 868//868 996//996
f 997//997 1048//1048 830//830
f 760//760 1158//1158 908//908
f 1094//1094 947//947 832//832
f 948//948 1221//1221 999//999
f 1237//1237 909//909 947//947
f 1221//1221 948//948 1000//1000
f 910//910 1050//1050 755//755
f 972//972 1024//1024 973//973
f 1026//1026 1025//1025 1003//1003
f 1026//1026 1003//1003 1004//1004
f 1025//1025 1055//1055 1003//1003
f 1055//1055 1027//1027 1005//1005
f 1006//1006 1005//1005 1027//1027
f 1006//1006 1027//1027 1028//1028
f 1030//1030 1029//1029 1007//1007
f 1030//1030 1007//1007 1008//1008
f 1029//1029 1062//1062 1007//1007
f 1062//1062 1031//1031 1009//1009
f 1010//1010 1009//1009 1031//1031
f 1010//1010 1031//1031 1032//1032
f 1004//1004 1011//1011 1026//1026
f 1028//1028 1033//1033 1006//1006
f 1006//1006 1033//1033 983//983
f 1008//1008 1012//1012 1030//1030
f 1032//1032 1034//1034 1010//1010
f 1010//1010 1034//1034 1013//1013
f 1036//1036 1035//1035 1014//1014
f 1036//1036 1014//1014 985//985
f 1011//1011 1014//1014 1035//1035
f 1015//1015 983//983 1037//1037
f 1015//1015 1037//1037 1038//1038
f 1040//1040 1039//1039 1016//1016
f 1040//1040 1016//1016 987//987
f 1012//1012 1016//1016 1039//1039
f 1017//1017 1013//1013 1041//1041
f 1017//1017 1041//1041 1042//1042
f 1018//1018 1036//1036 985//985
f 1038//1038 1043//1043 1015//1015
f 1042//1042 1128//1128 1017//1017
f 1020//1020 1189//1189 1018//1018
f 1021//1021 1189//1189 1020//1020
f 1044//1044 987//987 993//993
f 1209//1209 1127//1127 1044//1044
f 1043//1043 1190//1190 868//868
f 1190//1190 1022//1022 868//868
f 1047//1047 1046//1046 1045//1045
f 1046//1046 945//945 1045//1045
f 1191//1191 1216//1216 1268//1268
f 1157//1157 1023//1023 873//873
f 1045//1045 1023//1023 1047//1047
f 1023//1023 1045//1045 945//945
f 1191//1191 1218//1218 873//873
f 1233//1233 997//997 994//994
f 1094//1094 832//832 1048//1048
f 1094//1094 1210//1210 947//947
f 947//947 1210//1210 1227//1227
f 1132//1132 1000//1000 1001//1001
f 1194//1194 755//755 1050//1050
f 1194//1194 972//972 755//755
f 1160//1160 1024//1024 972//972
f 1160//1160 972//972 1133//1133
f 1026//1026 1052//1052 1025//1025
f 1025//1025 1052//1052 1053//1053
f 1054//1054 1025//1025 1053//1053
f 1055//1055 1025//1025 1054//1054
f 1056//1056 1058//1058 1057//1057
f 1027//1027 1056//1056 1057//1057
f 1055//1055 1056//1056 1027//1027
f 1057//1057 1028//1028 1027//1027
f 1030//1030 1059//1059 1029//1029
f 1029//1029 1059//1059 1060//1060
f 1061//1061 1029//1029 1060//1060
f 1062//1062 1029//1029 1061//1061
f 1063//1063 1065//1065 1064//1064
f 1031//1031 1063//1063 1064//1064
f 1062//1062 1063//1063 1031//1031
f 1064//1064 1032//1032 1031//1031
f 1011//1011 1066//1066 1026//1026
f 1066//1066 1052//1052 1026//1026
f 1052//1052 1066//1066 1053//1053
f 1058//1058 1149//1149 1057//1057
f 1149//1149 1067//1067 1033//1033
f 1057//1057 1149//1149 1033//1033
f 1028//1028 1057//1057 1033//1033
f 1067//1067 983//983 1033//1033
f 1012//1012 1068//1068 1030//1030
f 1068//1068 1059//1059 1030//1030
f 1059//1059 1068//1068 1060//1060
f 1065//1065 1151//1151 1064//1064
f 1151//1151 1069//1069 1034//1034
f 1064//1064 1151//1151 1034//1034
f 1032//1032 1064//1064 1034//1034
f 1069//1069 1013//1013 1034//1034
f 1036//1036 1070//1070 1035//1035
f 1070//1070 1071//1071 1035//1035
f 1035//1035 1071//1071 1011//1011
f 1072//1072 1149//1149 1073//1073
f 1072//1072 1073//1073 1037//1037
f 1067//1067 1072//1072 1037//1037
f 983//983 1067//1067 1037//1037
f 1073//1073 1038//1038 1037//1037
f 1040//1040 1074//1074 1039//1039
f 1074//1074 1075//1075 1039//1039
f 1039//1039 1075//1075 1012//1012
f 1076//1076 1116//1116 1077//1077
f 1076//1076 1077//1077 1041//1041
f 1069//1069 1076//1076 1041//1041
f 1013//1013 1069//1069 1041//1041
f 1077//1077 1042//1042 1041//1041
f 1079//1079 1078//1078 1070//1070
f 1036//1036 1079//1079 1070//1070
f 1018//1018 1079//1079 1036//1036
f 1070//1070 1078//1078 1071//1071
f 1149//1149 1080//1080 1073//1073
f 1038//1038 1073//1073 1080//1080
f 1081//1081 1038//1038 1080//1080
f 1043//1043 1038//1038 1081//1081
f 1083//1083 1082//1082 1074//1074
f 1040//1040 1083//1083 1074//1074
f 987//987 1083//1083 1040//1040
f 1074//1074 1082//1082 1075//1075
f 1116//1116 1084//1084 1077//1077
f 1042//1042 1077//1077 1084//1084
f 1085//1085 1042//1042 1084//1084
f 1128//1128 1042//1042 1085//1085
f 1018//1018 1086//1086 1079//1079
f 987//987 1087//1087 1083//1083
f 1189//1189 1086//1086 1018//1018
f 987//987 1127//1127 1087//1087
f 944//944 943//943 1216//1216
f 1216//1216 756//756 944//944
f 1047//1047 1088//1088 1046//1046
f 1088//1088 1089//1089 1046//1046
f 1089//1089 945//945 1046//1046
f 1023//1023 1157//1157 1047//1047
f 1157//1157 1090//1090 1047//1047
f 1090//1090 1088//1088 1047//1047
f 1088//1088 1090//1090 1089//1089
f 1218//1218 1157//1157 873//873
f 1191//1191 1092//1092 1218//1218
f 908//908 1091//1091 998//998
f 1048//1048 1210//1210 1094//1094
f 1221//1221 1131//1131 999//999
f 910//910 909//909 1237//1237
f 1000//1000 1132//1132 1221//1221
f 1049//1049 1001//1001 949//949
f 972//972 1194//1194 1133//1133
f 1002//1002 1024//1024 1230//1230
f 1053//1053 1095//1095 1054//1054
f 1054//1054 1095//1095 1096//1096
f 1097//1097 1054//1054 1096//1096
f 1055//1055 1054//1054 1097//1097
f 1097//1097 1098//1098 1055//1055
f 1098//1098 1099//1099 1055//1055
f 1099//1099 1100//1100 1055//1055
f 1100//1100 1101//1101 1055//1055
f 1101//1101 1103//1103 1102//1102
f 1056//1056 1101//1101 1102//1102
f 1055//1055 1101//1101 1056//1056
f 1102//1102 1058//1058 1056//1056
f 1060//1060 1104//1104 1061//1061
f 1061//1061 1104//1104 1105//1105
f 1106//1106 1061//1061 1105//1105
f 1062//1062 1061//1061 1106//1106
f 1106//1106 1107//1107 1062//1062
f 1107//1107 1108//1108 1062//1062
f 1108//1108 1109//1109 1062//1062
f 1109//1109 1110//1110 1062//1062
f 1110//1110 1112//1112 1111//1111
f 1063//1063 1110//1110 1111//1111
f 1062//1062 1110//1110 1063//1063
f 1111//1111 1065//1065 1063//1063
f 1053//1053 1066//1066 1095//1095
f 1066//1066 1011//1011 1095//1095
f 1095//1095 1011//1011 1096//1096
f 1103//1103 1113//1113 1102//1102
f 1102//1102 1113//1113 1058//1058
f 1113//1113 1149//1149 1058//1058
f 1114//1114 1068//1068 1012//1012
f 1060//1060 1068//1068 1104//1104
f 1068//1068 1114//1114 1104//1104
f 1104//1104 1114//1114 1105//1105
f 1112//1112 1115//1115 1111//1111
f 1111//1111 1115//1115 1065//1065
f 1115//1115 1151//1151 1065//1065
f 1071//1071 1152//1152 1011//1011
f 1072//1072 1067//1067 1149//1149
f 1075//1075 1153//1153 1012//1012
f 1153//1153 1114//1114 1012//1012
f 1076//1076 1069//1069 1116//1116
f 1069//1069 1151//1151 1116//1116
f 1079//1079 1117//1117 1078//1078
f 1117//1117 1118//1118 1078//1078
f 1078//1078 1118//1118 1071//1071
f 1118//1118 1152//1152 1071//1071
f 1119//1119 1154//1154 1120//1120
f 1119//1119 1120//1120 1080//1080
f 1149//1149 1119//1119 1080//1080
f 1120//1120 1081//1081 1080//1080
f 1083//1083 1121//1121 1082//1082
f 1121//1121 1122//1122 1082//1082
f 1082//1082 1122//1122 1075//1075
f 1122//1122 1153//1153 1075//1075
f 1123//1123 1155//1155 1124//1124
f 1123//1123 1124//1124 1084//1084
f 1116//1116 1123//1123 1084//1084
f 1124//1124 1085//1085 1084//1084
f 1086//1086 1189//1189 1117//1117
f 1086//1086 1117//1117 1079//1079
f 1118//1118 1117//1117 1189//1189
f 1120//1120 1154//1154 1125//1125
f 1125//1125 1043//1043 1081//1081
f 1125//1125 1081//1081 1120//1120
f 1087//1087 1127//1127 1121//1121
f 1087//1087 1121//1121 1083//1083
f 1122//1122 1121//1121 1127//1127
f 1124//1124 1155//1155 1126//1126
f 1126//1126 1155//1155 1208//1208
f 1126//1126 1128//1128 1085//1085
f 1126//1126 1085//1085 1124//1124
f 1043//1043 1125//1125 1154//1154
f 1208//1208 1128//1128 1126//1126
f 1044//1044 1127//1127 987//987
f 1043//1043 1154//1154 1190//1190
f 1244//1244 870//870 1243//1243
f 1156//1156 1243//1243 870//870
f 1089//1089 1044//1044 945//945
f 1089//1089 1130//1130 1044//1044
f 1089//1089 1090//1090 1130//1130
f 1130//1130 1090//1090 1157//1157
f 1252//1252 997//997 1233//1233
f 1227//1227 1237//1237 947//947
f 1222//1222 910//910 1237//1237
f 1213//1213 949//949 1051//1051
f 1096//1096 1134//1134 1097//1097
f 1135//1135 1098//1098 1097//1097
f 1135//1135 1097//1097 1134//1134
f 1136//1136 1099//1099 1098//1098
f 1136//1136 1098//1098 1135//1135
f 1137//1137 1100//1100 1099//1099
f 1137//1137 1099//1099 1136//1136
f 1138//1138 1101//1101 1100//1100
f 1138//1138 1100//1100 1137//1137
f 1138//1138 1103//1103 1101//1101
f 1105//1105 1139//1139 1106//1106
f 1140//1140 1107//1107 1106//1106
f 1140//1140 1106//1106 1139//1139
f 1141//1141 1108//1108 1107//1107
f 1141//1141 1107//1107 1140//1140
f 1142//1142 1109//1109 1108//1108
f 1142//1142 1108//1108 1141//1141
f 1143//1143 1110//1110 1109//1109
f 1143//1143 1109//1109 1142//1142
f 1143//1143 1112//1112 1110//1110
f 1011//1011 1144//1144 1096//1096
f 1144//1144 1145//1145 1096//1096
f 1145//1145 1134//1134 1096//1096
f 1134//1134 1145//1145 1135//1135
f 1135//1135 1145//1145 1164//1164
f 1135//1135 1164//1164 1136//1136
f 1136//1136 1164//1164 1137//1137
f 1137//1137 1164//1164 1138//1138
f 1164//1164 1149//1149 1113//1113
f 1138//1138 1164//1164 1113//1113
f 1103//1103 1138//1138 1113//1113
f 1114//1114 1146//1146 1105//1105
f 1146//1146 1147//1147 1105//1105
f 1147//1147 1139//1139 1105//1105
f 1139//1139 1147//1147 1140//1140
f 1140//1140 1147//1147 1172//1172
f 1140//1140 1172//1172 1141//1141
f 1141//1141 1172//1172 1142//1142
f 1142//1142 1172//1172 1143//1143
f 1172//1172 1151//1151 1115//1115
f 1143//1143 1172//1172 1115//1115
f 1112//1112 1143//1143 1115//1115
f 1169//1169 1114//1114 1150//1150
f 1114//1114 1153//1153 1150//1150
f 1114//1114 1169//1169 1146//1146
f 1011//1011 1152//1152 1148//1148
f 1149//1149 1154//1154 1119//1119
f 1151//1151 1155//1155 1123//1123
f 1116//1116 1151//1151 1123//1123
f 1189//1189 1152//1152 1118//1118
f 1127//1127 1153//1153 1122//1122
f 994//994 1128//1128 1233//1233
f 872//872 995//995 870//870
f 870//870 995//995 1156//1156
f 1130//1130 1157//1157 1044//1044
f 1048//1048 997//997 1252//1252
f 971//971 999//999 1131//1131
f 1001//1001 1049//1049 1132//1132
f 1002//1002 1230//1230 1159//1159
f 1144//1144 1164//1164 1145//1145
f 1146//1146 1172//1172 1147//1147
f 1011//1011 1162//1162 1144//1144
f 1162//1162 1163//1163 1144//1144
f 1163//1163 1164//1164 1144//1144
f 1161//1161 1165//1165 1164//1164
f 1164//1164 1165//1165 1166//1166
f 1166//1166 1168//1168 1167//1167
f 1166//1166 1167//1167 1164//1164
f 1167//1167 1149//1149 1164//1164
f 1169//1169 1170//1170 1146//1146
f 1170//1170 1171//1171 1146//1146
f 1171//1171 1172//1172 1146//1146
f 1206//1206 1173//1173 1172//1172
f 1172//1172 1173//1173 1174//1174
f 1174//1174 1176//1176 1175//1175
f 1174//1174 1175//1175 1172//1172
f 1175//1175 1151//1151 1172//1172
f 1152//1152 1177//1177 1148//1148
f 1177//1177 1178//1178 1148//1148
f 1178//1178 1011//1011 1148//1148
f 1011//1011 1178//1178 1162//1162
f 1168//1168 1179//1179 1167//1167
f 1179//1179 1181//1181 1180//1180
f 1179//1179 1180//1180 1149//1149
f 1167//1167 1179//1179 1149//1149
f 1180//1180 1154//1154 1149//1149
f 1153//1153 1182//1182 1150//1150
f 1182//1182 1183//1183 1150//1150
f 1183//1183 1169//1169 1150//1150
f 1169//1169 1183//1183 1170//1170
f 1176//1176 1184//1184 1175//1175
f 1184//1184 1186//1186 1185//1185
f 1184//1184 1185//1185 1155//1155
f 1175//1175 1184//1184 1155//1155
f 1151//1151 1175//1175 1155//1155
f 1177//1177 1152//1152 1187//1187
f 1187//1187 1152//1152 1215//1215
f 1180//1180 1181//1181 1214//1214
f 1214//1214 1154//1154 1180//1180
f 1182//1182 1153//1153 1188//1188
f 1188//1188 1153//1153 1127//1127
f 1185//1185 1186//1186 1208//1208
f 1208//1208 1155//1155 1185//1185
f 1215//1215 1152//1152 1189//1189
f 1233//1233 1128//1128 1208//1208
f 998//998 1129//1129 1021//1021
f 1232//1232 943//943 1244//1244
f 1232//1232 1216//1216 943//943
f 996//996 1022//1022 1192//1192
f 908//908 1254//1254 1091//1091
f 971//971 1158//1158 1093//1093
f 1305//1305 1213//1213 1159//1159
f 1299//1299 1024//1024 1160//1160
f 1162//1162 1195//1195 1163//1163
f 1196//1196 1164//1164 1163//1163
f 1196//1196 1163//1163 1195//1195
f 1161//1161 1164//1164 1196//1196
f 1197//1197 1166//1166 1165//1165
f 1197//1197 1165//1165 1161//1161
f 1197//1197 1168//1168 1166//1166
f 1170//1170 1198//1198 1171//1171
f 1199//1199 1172//1172 1171//1171
f 1199//1199 1171//1171 1198//1198
f 1206//1206 1172//1172 1199//1199
f 1200//1200 1174//1174 1173//1173
f 1200//1200 1173//1173 1206//1206
f 1200//1200 1176//1176 1174//1174
f 1177//1177 1201//1201 1178//1178
f 1195//1195 1162//1162 1178//1178
f 1201//1201 1195//1195 1178//1178
f 1215//1215 1195//1195 1201//1201
f 1195//1195 1215//1215 1196//1196
f 1196//1196 1215//1215 1161//1161
f 1202//1202 1179//1179 1168//1168
f 1197//1197 1202//1202 1168//1168
f 1161//1161 1202//1202 1197//1197
f 1202//1202 1181//1181 1179//1179
f 1182//1182 1203//1203 1183//1183
f 1198//1198 1170//1170 1183//1183
f 1203//1203 1198//1198 1183//1183
f 1206//1206 1198//1198 1203//1203
f 1198//1198 1206//1206 1199//1199
f 1204//1204 1184//1184 1176//1176
f 1200//1200 1204//1204 1176//1176
f 1206//1206 1204//1204 1200//1200
f 1204//1204 1186//1186 1184//1184
f 1187//1187 1215//1215 1201//1201
f 1187//1187 1201//1201 1177//1177
f 1161//1161 1205//1205 1202//1202
f 1205//1205 1214//1214 1181//1181
f 1205//1205 1181//1181 1202//1202
f 1188//1188 1206//1206 1203//1203
f 1188//1188 1203//1203 1182//1182
f 1206//1206 1207//1207 1204//1204
f 1207//1207 1208//1208 1186//1186
f 1207//1207 1186//1186 1204//1204
f 1214//1214 1205//1205 1161//1161
f 1206//1206 1188//1188 1127//1127
f 1208//1208 1207//1207 1206//1206
f 1190//1190 1154//1154 1214//1214
f 1129//1129 1241//1241 1189//1189
f 1224//1224 1127//1127 1209//1209
f 1129//1129 1189//1189 1021//1021
f 1223//1223 1233//1233 1208//1208
f 1191//1191 1245//1245 1092//1092
f 1268//1268 1245//1245 1191//1191
f 998//998 1091//1091 1254//1254
f 1092//1092 1217//1217 1218//1218
f 1048//1048 1252//1252 1246//1246
f 1210//1210 1048//1048 1246//1246
f 971//971 1256//1256 1158//1158
f 1211//1211 1210//1210 1247//1247
f 1193//1193 971//971 1131//1131
f 1211//1211 1227//1227 1210//1210
f 1221//1221 1193//1193 1131//1131
f 1212//1212 1221//1221 1132//1132
f 910//910 1228//1228 1050//1050
f 1132//1132 1049//1049 1288//1288
f 1215//1215 1214//1214 1161//1161
f 1223//1223 1208//1208 1206//1206
f 1215//1215 1189//1189 1241//1241
f 1214//1214 1277//1277 1190//1190
f 1254//1254 908//908 1158//1158
f 996//996 1271//1271 803//803
f 1158//1158 1219//1219 1254//1254
f 1220//1220 996//996 1192//1192
f 1092//1092 1253//1253 1260//1260
f 1260//1260 1217//1217 1092//1092
f 1217//1217 1260//1260 1218//1218
f 1256//1256 1219//1219 1158//1158
f 971//971 1193//1193 1236//1236
f 1236//1236 1193//1193 1221//1221
f 1228//1228 910//910 1222//1222
f 1050//1050 1228//1228 1194//1194
f 1229//1229 949//949 1213//1213
f 1308//1308 1133//1133 1194//1194
f 1291//1291 1160//1160 1133//1133
f 1024//1024 1299//1299 1230//1230
f 1277//1277 1214//1214 1215//1215
f 1224//1224 1206//1206 1127//1127
f 1277//1277 1242//1242 1190//1190
f 1156//1156 995//995 1243//1243
f 1022//1022 1190//1190 1192//1192
f 1157//1157 1209//1209 1044//1044
f 998//998 1254//1254 1129//1129
f 1157//1157 1218//1218 1234//1234
f 1225//1225 1220//1220 1192//1192
f 1220//1220 1271//1271 996//996
f 1255//1255 1256//1256 971//971
f 1236//1236 1255//1255 971//971
f 1247//1247 1227//1227 1211//1211
f 1306//1306 1237//1237 1227//1227
f 1212//1212 1236//1236 1221//1221
f 1159//1159 1230//1230 1305//1305
f 1252//1252 1233//1233 1223//1223
f 1242//1242 1192//1192 1190//1190
f 1232//1232 1268//1268 1216//1216
f 1234//1234 1218//1218 1260//1260
f 1235//1235 1210//1210 1226//1226
f 1235//1235 1247//1247 1210//1210
f 1306//1306 1227//1227 1247//1247
f 1262//1262 1236//1236 1212//1212
f 1228//1228 1222//1222 1237//1237
f 1049//1049 949//949 1288//1288
f 1228//1228 1238//1238 1194//1194
f 1291//1291 1133//1133 1240//1240
f 1231//1231 1277//1277 1215//1215
f 1224//1224 1292//1292 1206//1206
f 1206//1206 1292//1292 1223//1223
f 1292//1292 1224//1224 1209//1209
f 1223//1223 1251//1251 1252//1252
f 1234//1234 1209//1209 1157//1157
f 1259//1259 1260//1260 1253//1253
f 1246//1246 1226//1226 1210//1210
f 1257//1257 1258//1258 1226//1226
f 1258//1258 1235//1235 1226//1226
f 1258//1258 1247//1247 1235//1235
f 1236//1236 1274//1274 1255//1255
f 1307//1307 1228//1228 1237//1237
f 1262//1262 1212//1212 1132//1132
f 949//949 1229//1229 1288//1288
f 1213//1213 1263//1263 1229//1229
f 1239//1239 1133//1133 1308//1308
f 1249//1249 1248//1248 1133//1133
f 1298//1298 1249//1249 1133//1133
f 1298//1298 1133//1133 1239//1239
f 1250//1250 1291//1291 1240//1240
f 1240//1240 1133//1133 1248//1248
f 1240//1240 1248//1248 1250//1250
f 1299//1299 1160//1160 1291//1291
f 1231//1231 1215//1215 1241//1241
f 1242//1242 1225//1225 1192//1192
f 995//995 803//803 1302//1302
f 1245//1245 1269//1269 1092//1092
f 1209//1209 1234//1234 1279//1279
f 1246//1246 1252//1252 1273//1273
f 1260//1260 1258//1258 1234//1234
f 1220//1220 1261//1261 1271//1271
f 1257//1257 1226//1226 1246//1246
f 1255//1255 1220//1220 1225//1225
f 1234//1234 1258//1258 1257//1257
f 1258//1258 1260//1260 1247//1247
f 1259//1259 1247//1247 1260//1260
f 1220//1220 1255//1255 1274//1274
f 1261//1261 1220//1220 1274//1274
f 1306//1306 1247//1247 1259//1259
f 1307//1307 1237//1237 1306//1306
f 1275//1275 1238//1238 1228//1228
f 1194//1194 1318//1318 1289//1289
f 1308//1308 1194//1194 1289//1289
f 1213//1213 1305//1305 1263//1263
f 1266//1266 1265//1265 1264//1264
f 1248//1248 1249//1249 1264//1264
f 1249//1249 1266//1266 1264//1264
f 1249//1249 1298//1298 1266//1266
f 1250//1250 1264//1264 1265//1265
f 1267//1267 1250//1250 1265//1265
f 1291//1291 1250//1250 1267//1267
f 1264//1264 1250//1250 1248//1248
f 1241//1241 1277//1277 1231//1231
f 1223//1223 1292//1292 1251//1251
f 1129//1129 1254//1254 1241//1241
f 1278//1278 1292//1292 1209//1209
f 1286//1286 1252//1252 1251//1251
f 1209//1209 1279//1279 1278//1278
f 1286//1286 1257//1257 1252//1252
f 1269//1269 1253//1253 1092//1092
f 1273//1273 1252//1252 1257//1257
f 1270//1270 1254//1254 1219//1219
f 1256//1256 1270//1270 1219//1219
f 1283//1283 1255//1255 1225//1225
f 1279//1279 1234//1234 1257//1257
f 1257//1257 1246//1246 1273//1273
f 1283//1283 1256//1256 1255//1255
f 1272//1272 1259//1259 1253//1253
f 1272//1272 1306//1306 1259//1259
f 1318//1318 1194//1194 1238//1238
f 1265//1265 1266//1266 1267//1267
f 1266//1266 1298//1298 1267//1267
f 1298//1298 1291//1291 1267//1267
f 1303//1303 1243//1243 995//995
f 1241//1241 1254//1254 1270//1270
f 1277//1277 1283//1283 1225//1225
f 1277//1277 1225//1225 1242//1242
f 1278//1278 1281//1281 1280//1280
f 1278//1278 1279//1279 1281//1281
f 1281//1281 1282//1282 1280//1280
f 1282//1282 1281//1281 1284//1284
f 1281//1281 1279//1279 1284//1284
f 1286//1286 1285//1285 1279//1279
f 1279//1279 1285//1285 1284//1284
f 1269//1269 1272//1272 1253//1253
f 1283//1283 1270//1270 1256//1256
f 1279//1279 1257//1257 1286//1286
f 1318//1318 1238//1238 1304//1304
f 1229//1229 1263//1263 1290//1290
f 1290//1290 1263//1263 1305//1305
f 1276//1276 1305//1305 1230//1230
f 1299//1299 1291//1291 1298//1298
f 1241//1241 1293//1293 1277//1277
f 1297//1297 1292//1292 1278//1278
f 1278//1278 1294//1294 1297//1297
f 1280//1280 1295//1295 1294//1294
f 1280//1280 1294//1294 1278//1278
f 1294//1294 1295//1295 1297//1297
f 1292//1292 1286//1286 1251//1251
f 1241//1241 1270//1270 1283//1283
f 1293//1293 1241//1241 1283//1283
f 1293//1293 1283//1283 1277//1277
f 1295//1295 1280//1280 1282//1282
f 1296//1296 1295//1295 1282//1282
f 1297//1297 1295//1295 1296//1296
f 1292//1292 1297//1297 1286//1286
f 1284//1284 1296//1296 1282//1282
f 1296//1296 1284//1284 1285//1285
f 1296//1296 1285//1285 1297//1297
f 1297//1297 1285//1285 1286//1286
f 1269//1269 1287//1287 1272//1272
f 1306//1306 1272//1272 1287//1287
f 1300//1300 1236//1236 1262//1262
f 1307//1307 1275//1275 1228//1228
f 1304//1304 1238//1238 1275//1275
f 1230//1230 1325//1325 1276//1276
f 1325//1325 1230//1230 1299//1299
f 1314//1314 1244//1244 1243//1243
f 1245//1245 1268//1268 1232//1232
f 1323//1323 1269//1269 1245//1245
f 803//803 1310//1310 1315//1315
f 1302//1302 803//803 1315//1315
f 1271//1271 1310//1310 803//803
f 1236//1236 1300//1300 1274//1274
f 1300//1300 1262//1262 1301//1301
f 1288//1288 1313//1313 1132//1132
f 1308//1308 1289//1289 1318//1318
f 1229//1229 1290//1290 1324//1324
f 1298//1298 1239//1239 1308//1308
f 1298//1298 1336//1336 1299//1299
f 1336//1336 1325//1325 1299//1299
f 1302//1302 1303//1303 995//995
f 1303//1303 1314//1314 1243//1243
f 1271//1271 1320//1320 1310//1310
f 1305//1305 1324//1324 1290//1290
f 1244//1244 1314//1314 1232//1232
f 1232//1232 1309//1309 1245//1245
f 1316//1316 1287//1287 1269//1269
f 1319//1319 1320//1320 1271//1271
f 1261//1261 1319//1319 1271//1271
f 1307//1307 1306//1306 1369//1369
f 1274//1274 1320//1320 1261//1261
f 1274//1274 1300//1300 1320//1320
f 1262//1262 1132//1132 1317//1317
f 1288//1288 1229//1229 1313//1313
f 1336//1336 1298//1298 1308//1308
f 1276//1276 1345//1345 1305//1305
f 1245//1245 1326//1326 1323//1323
f 1306//1306 1287//1287 1311//1311
f 1132//1132 1313//1313 1317//1317
f 1275//1275 1312//1312 1304//1304
f 1329//1329 1324//1324 1305//1305
f 1345//1345 1329//1329 1305//1305
f 1269//1269 1323//1323 1316//1316
f 1261//1261 1320//1320 1319//1319
f 1354//1354 1275//1275 1307//1307
f 1312//1312 1275//1275 1321//1321
f 1317//1317 1313//1313 1229//1229
f 1318//1318 1304//1304 1321//1321
f 1328//1328 1308//1308 1318//1318
f 1309//1309 1326//1326 1245//1245
f 1316//1316 1311//1311 1287//1287
f 1317//1317 1301//1301 1262//1262
f 1321//1321 1304//1304 1312//1312
f 1328//1328 1336//1336 1308//1308
f 1314//1314 1303//1303 1232//1232
f 1303//1303 1309//1309 1232//1232
f 1302//1302 1315//1315 1331//1331
f 1323//1323 1326//1326 1316//1316
f 1369//1369 1354//1354 1307//1307
f 1300//1300 1301//1301 1320//1320
f 1321//1321 1275//1275 1354//1354
f 1317//1317 1229//1229 1340//1340
f 1324//1324 1340//1340 1229//1229
f 1322//1322 1325//1325 1336//1336
f 1303//1303 1302//1302 1331//1331
f 1316//1316 1326//1326 1311//1311
f 1369//1369 1306//1306 1311//1311
f 1337//1337 1318//1318 1321//1321
f 1346//1346 1276//1276 1325//1325
f 1303//1303 1326//1326 1309//1309
f 1320//1320 1301//1301 1335//1335
f 1337//1337 1328//1328 1318//1318
f 1350//1350 1336//1336 1328//1328
f 1276//1276 1346//1346 1345//1345
f 1330//1330 1326//1326 1303//1303
f 1315//1315 1310//1310 1331//1331
f 1310//1310 1333//1333 1331//1331
f 1326//1326 1338//1338 1311//1311
f 1301//1301 1317//1317 1355//1355
f 1365//1365 1321//1321 1354//1354
f 1365//1365 1337//1337 1321//1321
f 1346//1346 1325//1325 1322//1322
f 1320//1320 1335//1335 1310//1310
f 1327//1327 1335//1335 1301//1301
f 1329//1329 1340//1340 1324//1324
f 1345//1345 1359//1359 1329//1329
f 1330//1330 1342//1342 1326//1326
f 1332//1332 1334//1334 1326//1326
f 1338//1338 1356//1356 1311//1311
f 1369//1369 1311//1311 1356//1356
f 1328//1328 1337//1337 1350//1350
f 1346//1346 1322//1322 1341//1341
f 1341//1341 1322//1322 1336//1336
f 1342//1342 1330//1330 1303//1303
f 1347//1347 1303//1303 1331//1331
f 1334//1334 1338//1338 1326//1326
f 1310//1310 1339//1339 1333//1333
f 1335//1335 1327//1327 1310//1310
f 1365//1365 1354//1354 1348//1348
f 1350//1350 1337//1337 1343//1343
f 1303//1303 1347//1347 1342//1342
f 1326//1326 1342//1342 1332//1332
f 1333//1333 1360//1360 1331//1331
f 1327//1327 1351//1351 1310//1310
f 1351//1351 1363//1363 1310//1310
f 1340//1340 1355//1355 1317//1317
f 1349//1349 1343//1343 1337//1337
f 1329//1329 1357//1357 1340//1340
f 1344//1344 1357//1357 1329//1329
f 1332//1332 1338//1338 1334//1334
f 1339//1339 1360//1360 1333//1333
f 1363//1363 1339//1339 1310//1310
f 1365//1365 1349//1349 1337//1337
f 1340//1340 1357//1357 1355//1355
f 1367//1367 1336//1336 1350//1350
f 1346//1346 1359//1359 1345//1345
f 1331//1331 1360//1360 1347//1347
f 1332//1332 1356//1356 1338//1338
f 1339//1339 1363//1363 1353//1353
f 1350//1350 1343//1343 1349//1349
f 1329//1329 1359//1359 1344//1344
f 1360//1360 1339//1339 1353//1353
f 1359//1359 1346//1346 1341//1341
f 1342//1342 1368//1368 1332//1332
f 1332//1332 1352//1352 1356//1356
f 1362//1362 1369//1369 1356//1356
f 1369//1369 1348//1348 1354//1354
f 1348//1348 1369//1369 1365//1365
f 1369//1369 1361//1361 1365//1365
f 1301//1301 1355//1355 1327//1327
f 1350//1350 1349//1349 1365//1365
f 1368//1368 1342//1342 1347//1347
f 1332//1332 1368//1368 1352//1352
f 1366//1366 1350//1350 1365//1365
f 1366//1366 1367//1367 1350//1350
f 1359//1359 1358//1358 1344//1344
f 1364//1364 1368//1368 1347//1347
f 1370//1370 1327//1327 1355//1355
f 1357//1357 1370//1370 1355//1355
f 1344//1344 1370//1370 1357//1357
f 1359//1359 1341//1341 1367//1367
f 1360//1360 1364//1364 1347//1347
f 1352//1352 1362//1362 1356//1356
f 1353//1353 1363//1363 1375//1375
f 1372//1372 1367//1367 1366//1366
f 1367//1367 1341//1341 1336//1336
f 1369//1369 1362//1362 1361//1361
f 1351//1351 1327//1327 1363//1363
f 1327//1327 1375//1375 1363//1363
f 1372//1372 1366//1366 1374//1374
f 1344//1344 1358//1358 1371//1371
f 1370//1370 1384//1384 1327//1327
f 1365//1365 1361//1361 1366//1366
f 1370//1370 1344//1344 1376//1376
f 1372//1372 1359//1359 1367//1367
f 1364//1364 1373//1373 1368//1368
f 1368//1368 1373//1373 1352//1352
f 1391//1391 1360//1360 1353//1353
f 1352//1352 1373//1373 1362//1362
f 1375//1375 1379//1379 1353//1353
f 1371//1371 1376//1376 1344//1344
f 1360//1360 1391//1391 1364//1364
f 1379//1379 1391//1391 1353//1353
f 1384//1384 1375//1375 1327//1327
f 1403//1403 1366//1366 1361//1361
f 1403//1403 1374//1374 1366//1366
f 1381//1381 1358//1358 1359//1359
f 1377//1377 1381//1381 1372//1372
f 1381//1381 1359//1359 1372//1372
f 1381//1381 1371//1371 1358//1358
f 1389//1389 1384//1384 1370//1370
f 1372//1372 1374//1374 1380//1380
f 1373//1373 1361//1361 1362//1362
f 1370//1370 1376//1376 1389//1389
f 1382//1382 1364//1364 1391//1391
f 1382//1382 1378//1378 1364//1364
f 1378//1378 1373//1373 1364//1364
f 1393//1393 1381//1381 1377//1377
f 1391//1391 1379//1379 1385//1385
f 1383//1383 1387//1387 1373//1373
f 1361//1361 1373//1373 1387//1387
f 1361//1361 1387//1387 1395//1395
f 1395//1395 1403//1403 1361//1361
f 1398//1398 1374//1374 1403//1403
f 1380//1380 1374//1374 1398//1398
f 1378//1378 1383//1383 1373//1373
f 1375//1375 1384//1384 1379//1379
f 1371//1371 1386//1386 1376//1376
f 1371//1371 1381//1381 1393//1393
f 1392//1392 1377//1377 1372//1372
f 1389//1389 1379//1379 1384//1384
f 1372//1372 1380//1380 1392//1392
f 1377//1377 1392//1392 1393//1393
f 1389//1389 1376//1376 1386//1386
f 1371//1371 1393//1393 1390//1390
f 1396//1396 1371//1371 1390//1390
f 1382//1382 1383//1383 1378//1378
f 1379//1379 1388//1388 1397//1397
f 1379//1379 1405//1405 1388//1388
f 1392//1392 1380//1380 1398//1398
f 1402//1402 1390//1390 1393//1393
f 1379//1379 1397//1397 1385//1385
f 1394//1394 1387//1387 1383//1383
f 1399//1399 1402//1402 1393//1393
f 1396//1396 1386//1386 1371//1371
f 1393//1393 1392//1392 1399//1399
f 1383//1383 1382//1382 1394//1394
f 1405//1405 1379//1379 1389//1389
f 1398//1398 1408//1408 1392//1392
f 1397//1397 1391//1391 1385//1385
f 1400//1400 1392//1392 1408//1408
f 1391//1391 1397//1397 1409//1409
f 1416//1416 1398//1398 1403//1403
f 1390//1390 1406//1406 1396//1396
f 1392//1392 1402//1402 1399//1399
f 1391//1391 1407//1407 1382//1382
f 1387//1387 1394//1394 1401//1401
f 1388//1388 1405//1405 1397//1397
f 1386//1386 1405//1405 1389//1389
f 1419//1419 1408//1408 1398//1398
f 1402//1402 1406//1406 1390//1390
f 1394//1394 1382//1382 1407//1407
f 1403//1403 1387//1387 1401//1401
f 1387//1387 1403//1403 1395//1395
f 1400//1400 1402//1402 1392//1392
f 1416//1416 1419//1419 1398//1398
f 1386//1386 1396//1396 1412//1412
f 1412//1412 1396//1396 1406//1406
f 1409//1409 1407//1407 1391//1391
f 1409//1409 1397//1397 1414//1414
f 1414//1414 1397//1397 1405//1405
f 1417//1417 1402//1402 1400//1400
f 1407//1407 1404//1404 1394//1394
f 1404//1404 1415//1415 1394//1394
f 1415//1415 1401//1401 1394//1394
f 1401//1401 1426//1426 1403//1403
f 1405//1405 1410//1410 1414//1414
f 1403//1403 1426//1426 1416//1416
f 1421//1421 1412//1412 1406//1406
f 1417//1417 1406//1406 1402//1402
f 1386//1386 1411//1411 1405//1405
f 1412//1412 1411//1411 1386//1386
f 1400//1400 1408//1408 1422//1422
f 1417//1417 1400//1400 1422//1422
f 1414//1414 1413//1413 1409//1409
f 1408//1408 1419//1419 1422//1422
f 1409//1409 1404//1404 1407//1407
f 1401//1401 1415//1415 1429//1429
f 1446//1446 1426//1426 1401//1401
f 1421//1421 1406//1406 1417//1417
f 1419//1419 1416//1416 1426//1426
f 1447//1447 1421//1421 1417//1417
f 1404//1404 1443//1443 1415//1415
f 1401//1401 1429//1429 1446//1446
f 1428//1428 1404//1404 1409//1409
f 1443//1443 1429//1429 1415//1415
f 1412//1412 1405//1405 1411//1411
f 1413//1413 1414//1414 1438//1438
f 1410//1410 1438//1438 1414//1414
f 1405//1405 1439//1439 1410//1410
f 1412//1412 1418//1418 1405//1405
f 1422//1422 1447//1447 1417//1417
f 1409//1409 1413//1413 1442//1442
f 1452//1452 1420//1420 1429//1429
f 1429//1429 1420//1420 1424//1424
f 1420//1420 1423//1423 1424//1424
f 1420//1420 1452//1452 1423//1423
f 1425//1425 1429//1429 1424//1424
f 1425//1425 1446//1446 1429//1429
f 1439//1439 1405//1405 1418//1418
f 1446//1446 1419//1419 1426//1426
f 1412//1412 1441//1441 1418//1418
f 1433//1433 1422//1422 1419//1419
f 1421//1421 1427//1427 1412//1412
f 1442//1442 1428//1428 1409//1409
f 1424//1424 1423//1423 1430//1430
f 1423//1423 1431//1431 1430//1430
f 1423//1423 1452//1452 1431//1431
f 1430//1430 1425//1425 1424//1424
f 1431//1431 1432//1432 1430//1430
f 1425//1425 1430//1430 1432//1432
f 1446//1446 1425//1425 1432//1432
f 1427//1427 1441//1441 1412//1412
f 1432//1432 1431//1431 1434//1434
f 1431//1431 1435//1435 1434//1434
f 1431//1431 1452//1452 1435//1435
f 1434//1434 1446//1446 1432//1432
f 1446//1446 1434//1434 1435//1435
f 1440//1440 1447//1447 1422//1422
f 1436//1436 1433//1433 1419//1419
f 1437//1437 1427//1427 1421//1421
f 1447//1447 1437//1437 1421//1421
f 1438//1438 1442//1442 1413//1413
f 1428//1428 1443//1443 1404//1404
f 1429//1429 1443//1443 1452//1452
f 1436//1436 1422//1422 1433//1433
f 1439//1439 1445//1445 1410//1410
f 1452//1452 1446//1446 1435//1435
f 1418//1418 1441//1441 1439//1439
f 1419//1419 1459//1459 1436//1436
f 1459//1459 1422//1422 1436//1436
f 1438//1438 1410//1410 1456//1456
f 1459//1459 1440//1440 1422//1422
f 1438//1438 1456//1456 1442//1442
f 1456//1456 1410//1410 1448//1448
f 1445//1445 1448//1448 1410//1410
f 1446//1446 1459//1459 1419//1419
f 1427//1427 1444//1444 1441//1441
f 1478//1478 1447//1447 1440//1440
f 1444//1444 1427//1427 1437//1437
f 1447//1447 1453//1453 1437//1437
f 1428//1428 1451//1451 1443//1443
f 1451//1451 1452//1452 1443//1443
f 1439//1439 1450//1450 1445//1445
f 1491//1491 1446//1446 1452//1452
f 1441//1441 1444//1444 1439//1439
f 1449//1449 1459//1459 1446//1446
f 1453//1453 1444//1444 1437//1437
f 1453//1453 1447//1447 1478//1478
f 1456//1456 1428//1428 1442//1442
f 1439//1439 1444//1444 1450//1450
f 1491//1491 1449//1449 1446//1446
f 1456//1456 1454//1454 1428//1428
f 1428//1428 1454//1454 1462//1462
f 1462//1462 1451//1451 1428//1428
f 1445//1445 1450//1450 1448//1448
f 1491//1491 1459//1459 1449//1449
f 1456//1456 1462//1462 1454//1454
f 1448//1448 1457//1457 1456//1456
f 1456//1456 1457//1457 1455//1455
f 1451//1451 1458//1458 1452//1452
f 1450//1450 1457//1457 1448//1448
f 1444//1444 1490//1490 1450//1450
f 1460//1460 1490//1490 1444//1444
f 1440//1440 1459//1459 1478//1478
f 1453//1453 1460//1460 1444//1444
f 1501//1501 1453//1453 1478//1478
f 1455//1455 1461//1461 1456//1456
f 1458//1458 1463//1463 1452//1452
f 1459//1459 1491//1491 1488//1488
f 1488//1488 1478//1478 1459//1459
f 1453//1453 1490//1490 1460//1460
f 1490//1490 1453//1453 1501//1501
f 1461//1461 1455//1455 1464//1464
f 1465//1465 1461//1461 1464//1464
f 1456//1456 1461//1461 1465//1465
f 1456//1456 1489//1489 1462//1462
f 1466//1466 1462//1462 1489//1489
f 1466//1466 1467//1467 1462//1462
f 1467//1467 1469//1469 1468//1468
f 1462//1462 1467//1467 1468//1468
f 1469//1469 1470//1470 1468//1468
f 1470//1470 1458//1458 1451//1451
f 1468//1468 1470//1470 1451//1451
f 1462//1462 1468//1468 1451//1451
f 1471//1471 1455//1455 1457//1457
f 1473//1473 1472//1472 1471//1471
f 1457//1457 1473//1473 1471//1471
f 1450//1450 1473//1473 1457//1457
f 1471//1471 1472//1472 1455//1455
f 1463//1463 1458//1458 1474//1474
f 1475//1475 1463//1463 1474//1474
f 1452//1452 1463//1463 1475//1475
f 1476//1476 1473//1473 1450//1450
f 1464//1464 1479//1479 1465//1465
f 1480//1480 1456//1456 1465//1465
f 1480//1480 1465//1465 1479//1479
f 1489//1489 1456//1456 1480//1480
f 1481//1481 1467//1467 1466//1466
f 1481//1481 1466//1466 1489//1489
f 1481//1481 1469//1469 1467//1467
f 1455//1455 1477//1477 1464//1464
f 1477//1477 1482//1482 1464//1464
f 1482//1482 1479//1479 1464//1464
f 1479//1479 1482//1482 1480//1480
f 1480//1480 1482//1482 1489//1489
f 1481//1481 1489//1489 1470//1470
f 1469//1469 1481//1481 1470//1470
f 1489//1489 1458//1458 1470//1470
f 1473//1473 1483//1483 1472//1472
f 1483//1483 1484//1484 1472//1472
f 1472//1472 1484//1484 1455//1455
f 1484//1484 1477//1477 1455//1455
f 1485//1485 1493//1493 1486//1486
f 1485//1485 1486//1486 1474//1474
f 1489//1489 1485//1485 1474//1474
f 1458//1458 1489//1489 1474//1474
f 1486//1486 1475//1475 1474//1474
f 1476//1476 1477//1477 1483//1483
f 1476//1476 1483//1483 1473//1473
f 1484//1484 1483//1483 1477//1477
f 1486//1486 1493//1493 1487//1487
f 1487//1487 1452//1452 1475//1475
f 1487//1487 1475//1475 1486//1486
f 1450//1450 1477//1477 1476//1476
f 1493//1493 1491//1491 1452//1452
f 1493//1493 1452//1452 1487//1487
f 1450//1450 1490//1490 1477//1477
f 1489//1489 1482//1482 1477//1477
f 1489//1489 1493//1493 1485//1485
f 1491//1491 1478//1478 1488//1488
f 1491//1491 1501//1501 1478//1478
f 1477//1477 1492//1492 1489//1489
f 1489//1489 1492//1492 1493//1493
f 1496//1496 1492//1492 1495//1495
f 1492//1492 1494//1494 1495//1495
f 1492//1492 1477//1477 1494//1494
f 1498//1498 1497//1497 1496//1496
f 1497//1497 1492//1492 1496//1496
f 1497//1497 1493//1493 1492//1492
f 1495//1495 1494//1494 1499//1499
f 1494//1494 1500//1500 1499//1499
f 1494//1494 1477//1477 1500//1500
f 1499//1499 1500//1500 1498//1498
f 1500//1500 1497//1497 1498//1498
f 1500//1500 1501//1501 1497//1497
f 1497//1497 1501//1501 1493//1493
f 1477//1477 1501//1501 1500//1500
f 1501//1501 1491//1491 1493//1493
f 1501//1501 1477//1477 1490//1490
f 1495//1495 1502//1502 1496//1496
f 1502//1502 1498//1498 1496//1496
f 1499//1499 1502//1502 1495//1495
f 1502//1502 1499//1499 1498//1498
