# sdf_rhino: docs/prototypes/mammoth.html の距離関数から焼いた網目
# 立ち姿・毛皮込み。前は+Z（Unity）、足の裏はy=0。単位はメートル相当
mtllib sdf_rhino.mtl
o sdf_rhino
v -0.0455 1.0056 -2.4689
v 0.0276 1.0150 -2.4616
v 0.0482 0.9577 -2.4565
v 0.0516 0.8913 -2.3780
v 0.0930 1.0174 -2.3805
v -0.0132 1.0638 -2.4225
v -0.0409 0.9214 -2.4319
v 0.0178 0.8708 -2.3783
v 0.0474 1.0492 -2.4214
v -0.0019 1.1641 -2.3822
v -0.0314 0.8943 -2.3562
v -0.0539 1.0256 -2.4009
v 0.0888 1.1622 -2.3582
v -0.0652 0.8934 -2.3129
v -0.0258 0.9544 -2.2980
v 0.0543 0.9796 -2.3284
v 0.1060 1.2553 -2.3137
v -0.1006 0.9153 -2.3242
v 0.0860 0.9952 -2.2838
v 0.1361 1.0273 -2.3004
v 0.1008 1.0734 -2.3199
v 0.2144 1.0892 -2.3046
v -0.0954 0.8639 -2.2705
v -0.0705 0.8822 -2.2491
v 0.0469 0.9486 -2.2992
v -0.0079 0.9469 -2.2759
v -0.0913 0.9791 -2.3505
v 0.2670 1.0335 -2.2827
v -0.2519 1.0710 -2.2840
v 0.2792 1.0672 -2.2685
v 0.1768 1.1318 -2.3068
v 0.2581 1.1039 -2.2966
v -0.1072 1.1262 -2.3351
v -0.1713 1.1942 -2.2922
v -0.0605 1.3162 -2.3170
v 0.1646 1.3343 -2.2873
v -0.0710 1.4176 -2.2822
v 0.0123 1.4065 -2.3001
v 0.0400 0.8494 -2.2511
v 0.2658 1.2201 -2.2747
v -0.1518 1.3925 -2.2707
v 0.0641 1.4366 -2.2780
v 0.1424 0.9168 -2.2425
v -0.2514 0.9482 -2.2506
v 0.2222 0.9924 -2.2553
v 0.2945 0.9983 -2.2420
v -0.2999 1.0819 -2.2600
v -0.2692 1.2582 -2.2676
v -0.3204 1.3178 -2.2296
v -0.2945 1.3889 -2.2177
v 0.1919 1.4116 -2.2559
v 0.1451 1.5117 -2.2163
v -0.1249 1.5332 -2.2105
v -0.0340 0.7789 -2.2131
v -0.1263 0.8474 -2.2531
v 0.0358 0.8102 -2.2130
v -0.0980 0.8120 -2.2159
v 0.0791 0.8371 -2.2048
v -0.1608 1.0028 -2.2737
v 0.2502 0.9748 -2.2331
v -0.2983 1.0098 -2.2381
v 0.3734 0.9965 -2.2188
v 0.3511 1.0892 -2.2483
v 0.3383 1.3192 -2.2079
v 0.2253 1.3891 -2.2485
v -0.0077 1.5565 -2.2127
v -0.1643 0.7980 -2.2047
v -0.2474 0.8810 -2.2295
v 0.2274 0.9028 -2.1816
v 0.3078 0.9422 -2.1850
v -0.3798 0.9923 -2.1993
v 0.3973 1.1513 -2.1971
v 0.0339 0.7378 -2.1506
v -0.1512 0.7862 -2.1876
v 0.1250 0.8303 -2.1640
v 0.2675 0.8473 -2.1791
v 0.3549 0.9133 -2.1915
v 0.4080 1.0448 -2.1612
v 0.4090 1.1134 -2.1816
v 0.4100 1.1334 -2.1816
v 0.4100 1.1534 -2.1819
v 0.4100 1.1345 -2.1816
v 0.4103 1.1534 -2.1816
v 0.4100 1.1678 -2.1816
v 0.3006 1.4272 -2.1986
v -0.2104 1.4991 -2.2070
v -0.1294 0.7265 -2.1573
v -0.0112 0.7542 -2.1720
v -0.0843 0.7575 -2.1772
v 0.1659 0.8958 -2.1926
v -0.3240 0.9075 -2.1803
v 0.1797 0.7496 -2.1425
v -0.3966 0.9733 -2.1459
v 0.4100 1.1334 -2.1816
v -0.3877 1.1791 -2.2113
v 0.4300 1.1534 -2.1659
v 0.4351 1.1502 -2.1620
v 0.4100 1.1734 -2.1815
v 0.4213 1.2640 -2.1634
v 0.3112 1.4501 -2.1797
v 0.2423 1.5180 -2.1802
v -0.2545 1.5716 -2.1267
v 0.1196 1.6240 -2.1390
v -0.2498 0.8070 -2.1733
v -0.2180 0.8286 -2.1608
v -0.4408 1.0344 -2.1330
v 0.4318 1.0437 -2.1531
v -0.4286 1.2254 -2.1591
v -0.4143 1.3128 -2.1419
v -0.1679 1.5672 -2.1721
v -0.0193 0.7053 -2.1250
v 0.0139 0.7115 -2.1058
v -0.3202 0.8187 -2.1381
v 0.3956 0.9591 -2.1469
v 0.4594 1.0802 -2.1125
v 0.3718 1.4989 -2.1023
v 0.2267 1.5640 -2.1458
v -0.0850 0.6883 -2.1170
v 0.1339 0.7025 -2.0933
v -0.1269 0.7293 -2.0996
v -0.2202 0.7712 -2.1171
v -0.1723 0.8122 -2.1460
v -0.3828 0.8070 -2.0906
v -0.4588 1.1435 -2.1215
v 0.4163 1.3966 -2.1115
v 0.4400 1.4571 -2.0518
v -0.3501 1.4436 -2.1512
v -0.1747 1.6675 -2.0765
v -0.0593 1.5994 -2.1699
v 0.0103 0.6477 -2.0716
v 0.1793 0.6774 -2.0765
v 0.0867 0.6919 -2.1052
v -0.0349 0.6886 -2.0753
v -0.2050 0.6963 -2.0782
v 0.2324 0.7506 -2.1185
v -0.3272 0.7182 -2.0653
v 0.3538 0.8181 -2.1239
v -0.4278 0.8747 -2.1103
v 0.3872 0.8263 -2.0724
v 0.4926 1.1698 -2.0729
v 0.5425 1.3209 -1.9891
v 0.3082 1.5809 -2.0824
v -0.2401 0.6885 -2.0589
v 0.2665 0.7339 -2.0971
v 0.2601 0.6958 -2.0351
v 0.2097 0.6731 -2.0226
v -0.3089 0.6676 -2.0416
v -0.4529 0.8643 -2.0730
v 0.4317 0.8876 -2.0615
v 0.5267 1.0327 -2.0606
v 0.5275 1.1536 -2.0542
v -0.4285 1.3718 -2.1127
v -0.3838 1.5109 -2.0745
v 0.3844 1.5374 -2.0468
v 0.1804 1.6495 -2.0841
v 0.0764 0.6617 -2.0550
v 0.0468 0.6711 -2.0270
v -0.0907 0.7021 -2.0736
v -0.3584 0.7462 -2.0544
v 0.3531 0.7875 -2.0524
v -0.4936 0.9058 -2.0470
v -0.5380 0.9633 -2.0350
v 0.5043 0.9729 -2.0463
v -0.5077 1.1254 -2.0843
v -0.3385 1.6199 -2.0283
v -0.3002 1.6082 -2.0592
v 0.3055 1.6353 -2.0395
v 0.0778 1.7207 -2.0412
v 0.0801 0.6491 -2.0128
v -0.3885 0.7303 -2.0402
v 0.3453 0.7396 -2.0134
v 0.4849 0.7840 -2.0282
v -0.4760 0.8732 -2.0347
v -0.5524 0.9060 -2.0240
v 0.3927 0.8681 -2.0228
v 0.5868 1.0703 -2.0193
v -0.5251 1.2404 -2.0336
v 0.5642 1.1915 -2.0223
v -0.5652 1.1759 -2.0022
v 0.3569 1.5850 -2.0259
v 0.2312 1.6966 -2.0140
v 0.0495 0.6150 -1.9864
v -0.0824 0.6258 -1.9824
v 0.0983 0.6583 -1.9831
v 0.3089 0.7395 -1.9829
v -0.5152 0.7558 -2.0228
v 0.4264 0.7509 -1.9777
v 0.4720 0.7936 -1.9918
v -0.4444 0.8033 -2.0216
v 0.4256 0.8386 -2.0228
v -0.5891 0.8914 -2.0215
v -0.5859 1.0431 -1.9978
v 0.5612 0.9520 -2.0167
v -0.4732 1.3268 -2.0840
v 0.4815 1.4835 -1.9850
v 0.1972 1.7295 -1.9848
v -0.0337 1.7018 -2.0649
v -0.1684 0.5946 -2.0030
v -0.2586 0.6219 -1.9974
v 0.1864 0.6185 -1.9854
v -0.0046 0.6384 -2.0115
v 0.1591 0.6560 -2.0181
v -0.3845 0.6527 -1.9847
v 0.2407 0.6380 -1.9578
v 0.3657 0.7342 -1.9890
v -0.5491 0.7623 -1.9802
v -0.5714 0.9424 -1.9988
v -0.6186 0.8868 -1.9979
v 0.5347 0.7986 -1.9895
v -0.5147 1.3886 -1.9854
v -0.1251 1.7729 -1.9245
v -0.3912 0.1590 -1.9828
v -0.4328 0.1766 -1.9779
v -0.3074 0.5736 -1.9825
v -0.2044 0.5743 -1.9461
v -0.3462 0.6904 -1.9741
v -0.4791 0.7303 -1.9963
v -0.4808 0.5621 -1.9409
v -0.4269 0.7585 -1.9815
v 0.3982 0.7264 -1.9407
v -0.5835 0.8083 -1.9709
v 0.5285 0.7671 -1.9785
v 0.5548 0.9342 -1.9409
v 0.6150 1.0227 -1.9474
v 0.5249 1.4861 -1.8917
v 0.4305 1.6042 -1.9178
v 0.2027 1.7590 -1.9221
v -0.3260 0.2211 -1.9528
v -0.4281 0.3733 -1.9396
v -0.2674 0.5659 -1.9394
v -0.3756 0.5269 -1.9389
v -0.3226 0.5475 -1.9430
v 0.1320 0.6257 -1.9461
v 0.4389 0.6887 -1.9444
v -0.5134 0.7094 -1.9691
v 0.5039 0.7538 -1.9461
v -0.5166 1.4669 -1.9387
v -0.4745 1.4821 -1.9821
v -0.4407 1.5500 -1.9733
v 0.3218 1.6757 -1.9620
v -0.1801 1.7339 -1.9918
v 0.0313 1.7738 -1.9472
v -0.3798 0.0235 -1.9014
v -0.4327 0.1035 -1.9591
v -0.3055 0.1060 -1.9274
v -0.5459 0.1559 -1.9113
v -0.3280 0.3979 -1.9319
v -0.4263 0.5113 -1.9228
v -0.4271 0.6053 -1.9374
v -0.1284 0.5719 -1.9408
v -0.1521 0.5871 -1.9471
v -0.1116 0.5959 -1.9014
v 0.0937 0.6489 -1.9085
v 0.3591 0.6759 -1.9263
v -0.6222 0.9610 -1.9345
v -0.6037 0.8759 -1.9293
v -0.6036 1.1777 -1.9808
v 0.6293 1.1662 -1.9359
v -0.5973 1.2239 -1.9577
v 0.3234 1.7036 -1.8969
v -0.2987 0.0512 -1.8683
v -0.5272 0.0775 -1.8784
v -0.2129 0.4797 -1.8805
v -0.1540 0.5555 -1.8951
v -0.5152 0.5524 -1.9273
v -0.5402 0.6486 -1.9061
v 0.4070 0.6538 -1.9100
v 0.3262 0.6799 -1.9014
v 0.2720 0.6547 -1.8906
v 0.5118 0.8104 -1.9146
v 0.6105 0.8941 -1.8999
v -0.5670 1.3505 -1.9362
v 0.5175 1.3856 -1.9953
v -0.4783 1.5445 -1.9223
v -0.4076 1.5988 -1.9766
v -0.2501 1.7316 -1.9236
v 0.1164 1.7844 -1.9134
v -0.2560 0.1687 -1.9027
v -0.2471 0.3656 -1.8807
v -0.5500 0.4326 -1.8857
v -0.1313 0.5532 -1.8540
v 0.1249 0.6193 -1.8849
v -0.0080 0.6075 -1.9373
v -0.0420 0.5988 -1.8422
v 0.4405 0.6758 -1.9092
v 0.4842 0.7842 -1.8986
v -0.5838 0.7741 -1.8954
v -0.6445 0.8475 -1.9024
v 0.6020 0.8784 -1.8728
v 0.6619 1.0376 -1.9001
v 0.6175 1.3301 -1.8464
v 0.4550 1.5832 -1.8964
v -0.3886 1.6669 -1.8851
v -0.2192 0.1453 -1.8417
v -0.5837 0.3414 -1.7982
v -0.2373 0.4306 -1.8906
v 0.0915 0.5738 -1.8441
v 0.0492 0.6242 -1.8889
v 0.4444 0.5801 -1.8611
v -0.6534 0.7787 -1.8661
v 0.6147 0.9217 -1.8595
v 0.6796 1.1657 -1.8380
v -0.6454 1.1756 -1.8968
v 0.6657 1.2015 -1.8357
v -0.3378 1.7187 -1.8200
v -0.5606 0.1488 -1.8742
v -0.2110 0.2844 -1.7696
v -0.2188 0.5032 -1.8055
v -0.1766 0.5571 -1.8272
v 0.4553 0.5416 -1.8365
v 0.1894 0.5878 -1.8508
v 0.2476 0.6029 -1.8409
v 0.5356 0.6110 -1.8268
v -0.6028 0.6573 -1.8642
v 0.5385 0.7452 -1.8689
v -0.6988 0.8774 -1.8558
v -0.6754 0.9274 -1.8969
v 0.6708 0.9640 -1.8451
v 0.3062 1.7396 -1.8512
v 0.1619 1.7988 -1.8360
v -0.4305 0.0029 -1.8325
v -0.5314 0.3354 -1.8995
v -0.5962 0.5478 -1.8737
v 0.3593 0.5191 -1.8364
v -0.1438 0.5018 -1.7899
v 0.1179 0.5546 -1.7911
v 0.3079 0.6335 -1.8585
v 0.0128 0.5737 -1.8124
v -0.6229 0.6349 -1.8361
v -0.6574 0.7528 -1.8286
v -0.6812 0.8306 -1.8177
v 0.6110 0.8128 -1.8022
v 0.6990 0.8511 -1.8235
v -0.6724 0.9720 -1.8884
v -0.7005 1.0617 -1.8107
v -0.5091 1.5351 -1.8660
v 0.5158 1.5505 -1.8272
v -0.4717 1.6016 -1.8256
v -0.2391 1.7809 -1.8199
v -0.4899 0.0424 -1.8711
v -0.2404 0.0836 -1.8074
v 0.4351 0.5514 -1.8177
v 0.4847 0.4651 -1.8105
v 0.3536 0.4573 -1.8098
v -0.0870 0.5333 -1.8402
v 0.5695 0.5402 -1.7798
v 0.1805 0.5269 -1.8097
v -0.6901 0.7416 -1.8021
v 0.6980 0.7930 -1.8035
v 0.7186 0.8896 -1.7910
v 0.7295 1.0755 -1.8120
v -0.6036 1.3662 -1.8420
v -0.4954 1.5891 -1.7767
v -0.2544 1.7852 -1.7794
v 0.1048 1.8225 -1.7941
v -0.5336 0.0608 -1.7534
v 0.3839 0.0823 -1.7648
v 0.3894 0.1524 -1.7898
v 0.2964 0.3663 -1.7675
v 0.4919 0.3865 -1.7801
v 0.2773 0.5154 -1.7875
v -0.1979 0.4456 -1.7727
v 0.3094 0.5832 -1.8124
v 0.1816 0.5055 -1.7813
v -0.6416 0.6981 -1.8016
v 0.6533 0.7636 -1.7759
v -0.6949 0.8349 -1.7822
v 0.6773 1.2285 -1.7894
v 0.4513 1.6474 -1.7872
v 0.3733 1.6988 -1.8284
v -0.0728 1.8292 -1.7823
v -0.0756 1.8133 -1.8293
v 0.4304 0.1252 -1.7850
v 0.4700 0.2734 -1.7767
v 0.3868 0.3875 -1.7998
v 0.5469 0.4385 -1.7347
v 0.1307 0.5228 -1.7701
v -0.1264 0.5197 -1.7700
v 0.0928 0.5635 -1.7530
v 0.0006 0.5803 -1.7664
v -0.0858 0.5130 -1.7327
v -0.6747 0.7014 -1.7770
v 0.6397 0.7525 -1.7497
v 0.6877 0.8241 -1.7649
v -0.6835 1.1908 -1.8009
v 0.6151 1.4176 -1.7281
v -0.4367 1.6800 -1.7125
v -0.0239 1.8419 -1.7253
v -0.3298 0.0081 -1.7831
v 0.5131 0.1069 -1.7386
v 0.3084 0.1405 -1.7690
v -0.2230 0.1284 -1.7617
v 0.5038 0.2768 -1.7612
v 0.2564 0.1431 -1.7231
v -0.1854 0.4280 -1.7268
v 0.2181 0.4597 -1.7300
v 0.5621 0.4652 -1.7225
v -0.6292 0.5533 -1.7698
v 0.6161 0.6711 -1.7620
v 0.6938 1.1553 -1.7616
v 0.5847 1.4825 -1.7147
v 0.2960 1.7673 -1.7600
v 0.1969 1.8171 -1.7384
v -0.4324 0.0034 -1.7627
v -0.3549 0.0336 -1.6958
v 0.4396 0.0107 -1.6855
v 0.3793 0.0013 -1.6614
v 0.3018 0.0614 -1.7145
v -0.2856 0.0744 -1.6858
v -0.0403 0.5252 -1.7241
v 0.0788 0.5409 -1.6863
v -0.6503 0.6910 -1.7210
v 0.5858 0.6570 -1.7667
v 0.5807 0.7091 -1.7178
v 0.7051 1.0647 -1.7333
v 0.6679 1.2516 -1.6809
v -0.4554 0.0226 -1.7158
v -0.5101 0.1466 -1.6416
v -0.5733 0.1383 -1.7368
v -0.2614 0.1450 -1.6719
v 0.2511 0.4555 -1.7427
v 0.6330 0.5728 -1.6610
v -0.6567 0.6320 -1.6708
v 0.6127 0.7153 -1.6900
v -0.7075 0.7893 -1.7208
v 0.6578 0.7858 -1.7072
v -0.6493 1.2860 -1.7825
v 0.5117 1.5761 -1.7037
v 0.4095 1.6969 -1.7088
v -0.3197 1.7651 -1.6542
v 0.5529 0.1304 -1.7089
v -0.5661 0.1678 -1.7121
v -0.5793 0.2871 -1.6933
v -0.1424 0.4637 -1.6578
v 0.1518 0.5403 -1.6801
v -0.6205 0.5096 -1.7265
v -0.7230 0.9116 -1.7427
v 0.6853 0.9588 -1.6959
v 0.7249 1.0595 -1.6817
v 0.0990 1.8597 -1.5806
v -0.0386 1.8512 -1.6161
v 0.5260 0.0473 -1.6686
v 0.2234 0.1571 -1.6376
v 0.2276 0.3486 -1.6885
v 0.2053 0.3926 -1.6254
v 0.6225 0.5341 -1.6639
v -0.0769 0.5342 -1.6799
v -0.0580 0.5231 -1.6629
v -0.6773 0.7291 -1.7367
v 0.6709 0.7066 -1.6678
v 0.6807 0.9131 -1.6759
v -0.7154 1.1152 -1.7134
v -0.6810 1.2334 -1.6990
v -0.6292 1.3976 -1.6750
v 0.5972 1.4618 -1.6114
v -0.6103 1.4460 -1.6286
v -0.5731 1.4716 -1.7845
v 0.5581 1.5430 -1.6358
v 0.3807 1.7259 -1.6645
v 0.2986 1.7837 -1.6885
v 0.2060 1.8261 -1.5976
v 0.0415 1.8502 -1.6513
v 0.2568 0.0750 -1.6534
v -0.3432 0.1136 -1.6312
v 0.5874 0.3320 -1.6347
v -0.2217 0.3438 -1.6454
v 0.5953 0.3826 -1.6400
v 0.1063 0.5252 -1.6602
v -0.7010 0.8291 -1.6436
v 0.7253 0.9698 -1.6576
v 0.7541 0.8800 -1.6378
v 0.6835 1.2456 -1.6318
v -0.5083 1.6187 -1.6164
v 0.4453 1.6820 -1.6238
v -0.2905 1.7882 -1.6220
v -0.1260 1.8410 -1.6470
v 0.3026 0.0338 -1.5841
v -0.4308 0.0565 -1.6601
v -0.4855 0.1138 -1.6389
v 0.5851 0.1516 -1.6218
v -0.1790 0.4387 -1.6119
v -0.5574 0.3572 -1.6400
v 0.1705 0.4822 -1.6278
v 0.1236 0.4841 -1.6279
v 0.0696 0.5314 -1.5914
v -0.6118 0.4681 -1.6595
v 0.0187 0.5315 -1.6702
v 0.6784 0.6430 -1.6126
v -0.7036 0.9917 -1.6130
v -0.4366 0.2713 -1.5739
v 0.5930 0.3749 -1.5800
v -0.0220 0.5470 -1.6272
v -0.6186 0.5651 -1.6137
v 0.6700 0.6434 -1.5842
v 0.7178 0.7710 -1.6075
v -0.6769 0.9348 -1.5950
v -0.7134 1.0853 -1.6313
v -0.7007 1.2041 -1.5818
v 0.3096 1.7853 -1.6300
v 0.2425 0.1076 -1.5418
v -0.3012 0.2835 -1.5979
v -0.4969 0.3762 -1.5679
v 0.2095 0.3380 -1.5692
v -0.1083 0.5007 -1.5837
v -0.0583 0.5223 -1.5967
v -0.6503 0.7409 -1.5968
v 0.7012 0.7335 -1.5661
v 0.7147 1.0073 -1.5972
v 0.7035 1.1693 -1.5592
v 0.6731 1.2358 -1.5580
v -0.6563 1.3429 -1.6154
v -0.4072 1.7157 -1.5912
v 0.3351 0.0312 -1.5194
v 0.5661 0.1183 -1.5728
v -0.3010 0.3405 -1.5737
v -0.1903 0.4671 -1.5262
v 0.6357 0.4948 -1.5652
v -0.5713 0.5249 -1.5910
v -0.6733 0.8210 -1.5514
v -0.7090 1.0005 -1.5602
v 0.7310 1.0501 -1.5467
v -0.6912 1.2002 -1.5437
v -0.5740 1.5215 -1.6048
v 0.4796 1.6506 -1.5893
v -0.4118 1.7205 -1.5065
v -0.0751 1.8562 -1.5845
v 0.5496 0.1434 -1.5089
v -0.3686 0.3468 -1.5474
v -0.4461 0.3957 -1.5196
v -0.2310 0.4226 -1.5737
v 0.1849 0.4555 -1.5494
v 0.1326 0.5019 -1.5566
v -0.5746 0.5489 -1.5378
v -0.0129 0.5676 -1.5489
v 0.6666 0.5472 -1.5445
v 0.6500 0.6409 -1.5194
v -0.6157 1.4087 -1.5231
v -0.5222 1.6052 -1.5395
v -0.4573 1.6790 -1.5191
v -0.2878 1.7965 -1.4891
v 0.1116 1.8545 -1.5446
v 0.4959 0.0260 -1.5646
v 0.3992 0.0048 -1.5397
v 0.2338 0.1812 -1.5253
v 0.5653 0.3231 -1.5063
v 0.1748 0.5078 -1.5029
v -0.5406 0.4620 -1.5533
v 0.6388 0.5449 -1.5176
v -0.6156 0.5771 -1.5466
v 0.6751 0.8091 -1.5142
v -0.6474 0.8696 -1.4965
v 0.7118 1.0906 -1.5013
v 0.5990 1.4388 -1.5515
v 0.6050 1.4237 -1.4678
v 0.5551 1.5333 -1.4211
v -0.5269 1.5959 -1.4608
v -0.1267 1.8483 -1.4907
v 0.4874 0.0792 -1.4917
v -0.3747 0.4467 -1.4778
v 0.0955 0.5534 -1.5379
v -0.0777 0.5131 -1.5156
v 0.6406 0.6622 -1.4934
v 0.6802 1.2139 -1.4847
v 0.2796 0.1273 -1.4797
v -0.5174 0.4594 -1.4960
v -0.2946 0.5045 -1.4968
v -0.1375 0.5336 -1.5135
v -0.6226 0.7139 -1.5028
v -0.6964 1.0549 -1.4946
v 0.6996 1.1074 -1.3910
v -0.6772 1.2516 -1.5028
v 0.6675 1.2627 -1.4290
v -0.3417 1.7668 -1.4671
v 0.4258 0.0548 -1.4729
v 0.2058 0.4575 -1.4701
v -0.4364 0.5051 -1.4605
v 0.1339 0.5173 -1.4502
v -0.1154 0.5382 -1.4528
v -0.2570 0.4995 -1.4641
v -0.0574 0.5703 -1.4633
v -0.6339 0.7368 -1.4618
v 0.6903 0.8962 -1.4617
v -0.6833 0.9505 -1.4881
v 0.7035 0.9883 -1.4601
v 0.4901 1.6204 -1.4894
v 0.2896 1.8040 -1.5261
v 0.1803 1.8344 -1.4916
v 0.3142 0.1233 -1.4540
v 0.4818 0.3984 -1.4284
v 0.4274 0.1294 -1.4286
v 0.2503 0.3141 -1.4715
v 0.5631 0.3439 -1.4989
v 0.5763 0.4774 -1.4467
v 0.0687 0.5340 -1.4440
v 0.0431 0.5658 -1.4562
v -0.2992 0.5419 -1.4379
v -0.5279 0.5335 -1.4533
v -0.0115 0.5681 -1.4752
v 0.5883 0.6266 -1.4140
v 0.6078 0.7142 -1.4651
v 0.6357 0.7917 -1.4214
v 0.6644 0.8478 -1.4605
v -0.6194 1.3321 -1.3878
v 0.4605 1.6554 -1.4985
v -0.4036 1.7145 -1.3711
v 0.3489 1.7591 -1.4493
v -0.0224 1.8597 -1.4282
v 0.4328 0.3107 -1.4172
v -0.2140 0.5385 -1.4038
v 0.0899 0.5570 -1.4010
v 0.0171 0.5798 -1.3971
v -0.1905 0.5350 -1.4552
v -0.3427 0.5379 -1.4318
v -0.4823 0.5481 -1.4249
v -0.5867 0.6814 -1.4540
v -0.6222 0.7886 -1.4260
v 0.6478 0.9457 -1.3843
v -0.6543 1.0145 -1.4172
v -0.6779 1.1680 -1.4564
v -0.5693 1.5113 -1.4063
v 0.4255 1.6999 -1.3701
v 0.3568 0.3150 -1.4094
v 0.1629 0.5171 -1.3819
v -0.3902 0.5405 -1.4205
v 0.5257 0.6031 -1.3936
v -0.5138 0.6869 -1.4163
v -0.5736 0.7494 -1.4156
v 0.6538 1.2367 -1.3695
v 0.4896 1.6134 -1.4016
v -0.5015 1.6214 -1.4087
v -0.2115 1.8241 -1.4670
v 0.1723 1.8398 -1.4121
v 0.3244 0.3415 -1.4085
v -0.0684 0.5394 -1.4201
v -0.1737 0.5841 -1.3764
v -0.0389 0.5867 -1.3718
v -0.4285 0.6178 -1.3802
v -0.4838 0.6083 -1.3810
v -0.5109 0.7451 -1.3697
v 0.5611 0.7473 -1.3815
v 0.6304 0.8340 -1.3911
v 0.6710 1.0186 -1.3615
v 0.5768 1.4684 -1.2832
v -0.5827 1.4597 -1.3464
v 0.4955 1.6079 -1.3771
v 0.4900 1.6134 -1.3822
v 0.4900 1.6134 -1.3816
v 0.4900 1.6134 -1.3816
v 0.4754 1.6334 -1.3816
v 0.3608 1.7462 -1.3455
v -0.2682 1.7990 -1.3685
v 0.3246 0.4310 -1.3739
v 0.2233 0.4938 -1.4005
v 0.6036 0.7910 -1.3482
v -0.6651 1.0619 -1.3750
v 0.5267 1.5540 -1.3127
v 0.4900 1.6102 -1.3616
v 0.4900 1.6134 -1.3815
v 0.4884 1.6077 -1.3428
v 0.2287 1.8212 -1.3392
v -0.1985 1.8272 -1.3081
v 0.0792 1.8529 -1.3656
v 0.4254 0.4642 -1.3791
v 0.2654 0.5204 -1.3528
v 0.4804 0.4921 -1.3841
v 0.2103 0.5460 -1.3261
v 0.1283 0.5809 -1.3401
v -0.0852 0.5509 -1.3371
v -0.1760 0.5664 -1.3283
v -0.2652 0.5561 -1.3743
v 0.0055 0.5664 -1.3379
v -0.1012 0.5639 -1.3745
v 0.5377 0.6554 -1.3427
v 0.5671 0.6726 -1.3283
v -0.6012 0.7344 -1.3805
v -0.5642 0.7820 -1.3638
v -0.6057 0.7651 -1.3171
v 0.6703 1.1220 -1.3470
v -0.5187 1.5956 -1.3880
v 0.3106 0.4875 -1.3368
v 0.4385 0.5641 -1.3091
v 0.3606 0.5600 -1.3356
v -0.2965 0.5754 -1.3399
v -0.4973 0.7197 -1.3469
v -0.5623 0.7547 -1.3353
v -0.6377 0.9628 -1.3355
v -0.5282 1.5593 -1.2759
v 0.2942 0.5410 -1.2962
v 0.2764 0.5348 -1.2821
v 0.2205 0.5619 -1.2726
v -0.1347 0.5843 -1.3424
v -0.3001 0.6441 -1.2924
v 0.4880 0.6031 -1.3234
v -0.3404 0.6169 -1.3286
v -0.4442 0.6374 -1.3447
v 0.4879 0.6767 -1.3228
v -0.4739 0.7453 -1.3339
v 0.5254 0.6964 -1.3192
v 0.4840 0.7335 -1.2852
v -0.5546 0.8484 -1.2459
v 0.6253 0.8393 -1.2868
v 0.6422 0.9797 -1.2873
v -0.6335 1.2309 -1.3337
v 0.1829 0.5895 -1.2914
v 0.3975 0.5765 -1.2915
v 0.3343 0.6023 -1.2690
v -0.2566 0.5900 -1.2871
v 0.0608 0.6085 -1.2891
v -0.3919 0.6251 -1.3114
v -0.4071 0.6466 -1.2643
v 0.4395 0.6535 -1.2767
v -0.4615 0.7856 -1.2486
v 0.5699 0.7232 -1.2836
v -0.5181 0.8315 -1.3151
v 0.6302 1.3169 -1.3192
v -0.5051 1.5915 -1.2511
v -0.4198 1.6939 -1.2780
v 0.4195 1.7024 -1.2889
v -0.0857 1.8521 -1.3092
v 0.1099 0.6081 -1.2303
v 0.3505 0.6572 -1.2077
v 0.4793 0.6762 -1.2467
v 0.5334 0.7745 -1.2552
v 0.5733 0.8381 -1.2401
v -0.6266 0.8359 -1.2870
v -0.6581 0.9099 -1.2912
v 0.6456 1.1328 -1.2665
v 0.5457 1.5116 -1.2078
v 0.3307 1.7626 -1.2581
v -0.1277 0.6023 -1.2481
v 0.0384 0.5849 -1.2484
v -0.0033 0.5981 -1.2568
v -0.2265 0.6171 -1.2521
v -0.2757 0.6210 -1.2631
v -0.3441 0.6492 -1.2481
v 0.4997 0.7345 -1.2290
v -0.6163 0.9368 -1.2541
v 0.6214 1.1356 -1.2435
v 0.6134 1.2615 -1.2085
v 0.5924 1.3842 -1.2139
v 0.4761 1.6323 -1.2691
v -0.3104 1.7738 -1.2491
v -0.0533 1.8574 -1.1619
v 0.2343 0.6157 -1.1930
v 0.1432 0.5912 -1.2646
v -0.0883 0.5696 -1.2732
v 0.0491 0.6212 -1.2010
v 0.3089 0.6532 -1.2391
v 0.4090 0.6883 -1.2178
v -0.4359 0.7248 -1.2420
v -0.4841 0.8336 -1.2489
v -0.6160 0.9600 -1.2177
v -0.5854 1.4457 -1.2376
v -0.4585 1.6538 -1.1661
v 0.0113 1.8545 -1.2816
v -0.2707 0.6117 -1.1854
v -0.3022 0.5964 -1.2457
v 0.1375 0.6243 -1.2020
v 0.3553 0.6557 -1.1866
v 0.4901 0.7678 -1.1843
v -0.5235 0.9115 -1.1941
v -0.5895 0.8748 -1.1961
v 0.5881 0.9394 -1.2170
v -0.6440 1.0540 -1.2198
v -0.6262 1.2773 -1.1997
v -0.6113 1.3541 -1.2962
v -0.3510 1.7517 -1.2168
v 0.2657 1.7968 -1.2062
v 0.1172 1.8422 -1.2976
v -0.1767 1.8346 -1.1925
v -0.0472 0.5801 -1.2010
v -0.1344 0.5825 -1.1989
v 0.2022 0.5960 -1.1966
v -0.1732 0.5926 -1.2153
v -0.2289 0.6199 -1.1730
v -0.3312 0.6536 -1.1710
v -0.4004 0.6874 -1.2027
v -0.4520 0.7362 -1.1861
v 0.5263 0.7424 -1.1860
v -0.6404 1.1291 -1.2206
v 0.6257 1.1206 -1.1717
v 0.1025 1.8536 -1.1607
v -0.1316 0.6049 -1.1418
v 0.0023 0.6105 -1.1888
v 0.2649 0.6267 -1.1566
v 0.3905 0.7130 -1.1598
v -0.4690 0.7262 -1.1567
v 0.5015 0.7697 -1.1316
v 0.5428 0.8173 -1.2012
v -0.4927 0.8866 -1.2001
v -0.5552 0.8769 -1.2093
v -0.6190 1.0138 -1.1581
v 0.6217 1.3197 -1.1172
v 0.1754 1.8334 -1.2272
v 0.0988 0.6168 -1.1590
v -0.3010 0.6554 -1.1370
v 0.3091 0.6956 -1.1347
v 0.3562 0.6352 -1.1326
v 0.4705 0.7234 -1.1169
v -0.5165 0.8567 -1.1482
v 0.5674 0.8519 -1.1267
v -0.6163 1.3011 -1.1497
v 0.5552 1.5205 -1.0940
v 0.3102 1.7718 -1.1381
v 0.1662 0.5928 -1.1616
v 0.0218 0.5983 -1.1435
v 0.2361 0.6295 -1.1289
v -0.4068 0.6727 -1.1454
v 0.6073 1.0176 -1.0866
v 0.6441 1.2184 -1.1142
v -0.5180 1.5593 -1.2034
v 0.5135 1.5766 -1.0877
v 0.4676 1.6337 -1.1992
v -0.3415 1.7588 -1.1443
v 0.3172 1.7649 -1.1838
v 0.1103 0.5939 -1.1277
v 0.0540 0.5917 -1.0950
v -0.2115 0.5977 -1.1127
v 0.3255 0.6525 -1.0762
v 0.2442 0.6299 -1.0811
v 0.4380 0.7199 -1.1215
v -0.4902 0.7623 -1.1277
v -0.5718 1.4698 -1.1434
v -0.2681 1.8000 -1.1164
v -0.0885 0.5979 -1.1121
v -0.2232 0.6117 -1.0661
v 0.3929 0.6573 -1.0741
v -0.2993 0.6956 -1.0732
v -0.3643 0.6760 -1.0789
v 0.4172 0.7454 -1.0278
v 0.4898 0.7202 -1.0177
v -0.5164 0.7509 -1.0838
v -0.5600 0.8460 -1.1200
v 0.5558 0.8500 -1.0845
v -0.5379 1.5530 -1.0931
v 0.0558 0.5818 -1.0673
v 0.1874 0.5944 -1.0558
v -0.4389 0.6846 -1.0931
v -0.5719 0.8242 -1.0738
v 0.6011 0.9862 -1.0988
v -0.6081 1.3559 -1.1080
v -0.4717 1.6467 -1.0632
v 0.1278 1.8553 -1.1104
v -0.0216 0.6084 -1.0799
v -0.1710 0.5957 -1.0253
v 0.3532 0.6633 -1.0306
v -0.4685 0.7479 -1.0433
v -0.5772 0.9211 -1.0376
v 0.5417 0.8028 -1.0163
v -0.6328 1.0125 -1.0779
v 0.6330 1.0257 -1.0278
v -0.6455 1.0871 -1.1182
v 0.5942 1.4485 -0.9918
v 0.3981 1.7242 -1.1019
v -0.1914 1.8352 -1.0880
v -0.0427 1.8731 -1.0144
v 0.1002 0.5556 -1.0244
v 0.0011 0.5468 -0.9839
v 0.2708 0.6191 -1.0204
v -0.2627 0.6198 -1.0378
v -0.3450 0.6851 -1.0320
v -0.3883 0.6726 -1.0346
v -0.5006 0.7742 -1.0505
v 0.6392 1.1868 -1.0326
v 0.2842 1.8040 -1.0272
v -0.0501 0.5649 -1.0286
v -0.4337 0.7642 -1.0125
v -0.5260 0.8860 -1.0240
v 0.6191 0.9898 -1.0059
v 0.6155 1.3336 -0.9831
v -0.5902 1.4400 -0.9773
v -0.3799 1.7371 -1.0062
v 0.1319 1.8557 -1.0448
v 0.1925 0.6114 -0.9881
v -0.3247 0.6327 -0.9983
v -0.3714 0.6463 -0.9838
v -0.4554 0.7745 -0.9488
v 0.6016 0.8830 -0.9839
v -0.5826 0.9477 -1.0153
v -0.6238 1.0324 -1.0217
v -0.6338 1.2912 -1.0220
v 0.4865 1.6397 -1.0039
v -0.1323 1.8529 -1.0373
v -0.1654 0.5777 -0.9425
v -0.3147 0.6340 -0.9339
v 0.4299 0.7572 -1.0166
v -0.4960 0.8289 -1.0036
v 0.5621 0.8504 -0.9319
v 0.6055 1.0133 -0.9520
v -0.6469 1.1938 -1.0190
v -0.6138 1.3620 -0.9506
v -0.5129 1.5902 -1.0175
v 0.4510 1.6754 -0.9645
v -0.3088 1.8034 -0.9093
v -0.2905 1.7958 -1.0249
v 0.2178 1.8442 -0.9151
v 0.0907 0.5727 -0.9512
v 0.0625 0.5737 -0.8886
v -0.0828 0.5940 -0.9574
v -0.2065 0.6205 -0.9794
v 0.3630 0.6720 -0.9465
v 0.5301 0.7490 -0.9716
v -0.6349 1.0608 -0.9399
v 0.6308 1.1075 -0.9853
v 0.6099 1.4296 -0.8949
v -0.4852 1.6588 -0.9030
v 0.1692 0.5802 -0.9194
v -0.1033 0.5742 -0.9159
v -0.2522 0.6116 -0.9650
v -0.3633 0.6638 -0.9008
v 0.4596 0.7234 -0.9553
v -0.6279 1.1635 -0.8991
v 0.6305 1.3280 -0.9320
v 0.1610 1.8600 -0.9700
v -0.0450 0.5767 -0.9003
v 0.3307 0.6228 -0.8989
v 0.2392 0.6132 -0.9458
v 0.3945 0.6384 -0.8972
v -0.4213 0.7500 -0.9434
v 0.5693 0.8622 -0.8871
v -0.5901 0.9490 -0.9133
v 0.6581 1.2204 -0.8969
v 0.5577 1.5396 -0.9263
v 0.4748 1.6661 -0.8675
v 0.3484 1.7709 -0.9539
v 0.2224 0.5806 -0.8991
v -0.1763 0.6010 -0.8515
v -0.2095 0.6158 -0.8932
v -0.2983 0.6346 -0.8689
v 0.4978 0.7735 -0.9022
v -0.5932 0.9213 -0.8817
v 0.6175 0.9782 -0.8673
v 0.6431 1.2429 -0.8097
v -0.5637 1.5094 -0.9846
v 0.2806 1.8089 -0.9064
v -0.2312 1.8370 -0.8497
v 0.2870 0.6300 -0.8517
v 0.4316 0.7087 -0.9304
v 0.4602 0.7318 -0.8699
v -0.4330 0.7339 -0.8547
v -0.5204 0.8087 -0.9132
v 0.5335 0.8409 -0.8603
v 0.5875 0.9253 -0.8435
v -0.6392 1.3131 -0.7849
v -0.6180 1.3373 -0.9252
v 0.5983 1.4626 -0.7936
v 0.4042 1.7283 -0.9028
v -0.3556 1.7770 -0.7981
v 0.2060 1.8562 -0.7947
v 0.1939 0.5975 -0.8374
v -0.0004 0.5966 -0.8087
v 0.4068 0.6648 -0.8535
v -0.3614 0.6938 -0.8623
v -0.4717 0.7118 -0.8993
v -0.6453 1.0420 -0.8554
v -0.6194 1.3971 -0.8286
v -0.1216 0.5770 -0.8633
v -0.3382 0.6766 -0.8115
v -0.4579 0.7119 -0.8257
v 0.4791 0.7157 -0.8097
v -0.5778 0.8529 -0.8453
v -0.5652 0.8589 -0.8091
v 0.6298 1.0657 -0.8060
v 0.4066 1.7494 -0.8073
v -0.4472 1.7042 -0.8065
v -0.1007 1.8765 -0.9022
v 0.0689 1.8741 -0.8694
v -0.0641 0.5730 -0.8147
v 0.0947 0.5672 -0.8070
v 0.1816 0.6093 -0.8113
v 0.3149 0.6186 -0.8121
v -0.2183 0.6350 -0.8210
v 0.4295 0.6846 -0.8204
v -0.5725 1.5269 -0.8375
v -0.2277 1.8460 -0.8029
v -0.3940 0.6699 -0.7877
v 0.5180 0.7698 -0.7534
v 0.5147 0.7762 -0.8189
v -0.5121 0.8013 -0.7924
v -0.6566 1.0651 -0.7711
v -0.5916 1.4892 -0.7027
v -0.5055 1.6342 -0.8999
v 0.3434 1.7921 -0.8001
v 0.3445 1.8010 -0.7110
v 0.2596 0.6058 -0.7462
v -0.2051 0.6408 -0.7683
v 0.3936 0.6333 -0.7698
v 0.3528 0.6463 -0.7878
v -0.6465 1.0052 -0.7718
v -0.1270 0.5645 -0.7733
v 0.1608 0.5944 -0.7558
v -0.0021 0.5927 -0.7607
v -0.2929 0.6303 -0.7860
v 0.2227 0.6319 -0.7215
v -0.3825 0.6543 -0.7580
v 0.4499 0.7180 -0.7280
v -0.4772 0.7957 -0.7550
v -0.5200 0.8685 -0.7229
v -0.6028 0.8475 -0.7674
v 0.6346 1.2316 -0.6945
v -0.6540 1.2053 -0.7474
v 0.5395 1.5916 -0.7378
v -0.5451 1.5749 -0.7344
v 0.4061 1.7492 -0.7739
v -0.3290 1.8090 -0.6846
v -0.0433 0.5633 -0.7243
v 0.1311 0.5649 -0.6826
v -0.5583 0.8536 -0.7199
v 0.4781 1.6751 -0.7655
v 0.1610 1.8702 -0.7468
v -0.0046 1.8897 -0.7904
v 0.0618 0.5709 -0.7312
v 0.2820 0.6072 -0.7264
v 0.2264 0.6042 -0.6781
v 0.3501 0.6806 -0.7213
v 0.4027 0.6772 -0.7062
v 0.4842 0.7747 -0.6861
v 0.5572 0.8437 -0.7247
v 0.6125 1.4010 -0.7286
v -0.5363 1.5932 -0.6825
v 0.2967 1.8320 -0.7039
v -0.1020 0.5678 -0.7252
v -0.1697 0.5690 -0.7207
v -0.0205 0.5862 -0.6915
v -0.2122 0.6049 -0.7229
v 0.3659 0.6653 -0.6698
v -0.4316 0.7294 -0.6678
v -0.4589 0.7534 -0.6936
v -0.5342 0.8448 -0.6199
v -0.5649 0.8436 -0.6479
v 0.5850 0.9194 -0.6964
v -0.6145 1.0364 -0.7180
v -0.5976 0.8909 -0.6476
v 0.4716 1.6906 -0.6771
v 0.4442 1.7170 -0.6858
v -0.4332 1.7240 -0.6847
v -0.0878 0.5398 -0.6510
v 0.0639 0.5566 -0.6550
v -0.2875 0.5932 -0.6766
v -0.3206 0.6098 -0.6834
v 0.4358 0.7421 -0.6802
v -0.4739 0.7956 -0.6379
v 0.5224 0.8298 -0.6796
v 0.6089 0.9190 -0.6785
v -0.6097 1.0501 -0.6932
v -0.6462 1.0656 -0.6909
v 0.6448 1.0765 -0.6752
v 0.3999 1.7604 -0.6759
v 0.1706 1.8803 -0.6834
v -0.1994 1.8817 -0.6818
v -0.0895 1.9007 -0.6903
v 0.0292 1.9138 -0.6559
v -0.1657 0.5709 -0.6425
v 0.1735 0.5870 -0.6364
v 0.4378 0.6910 -0.6393
v 0.6266 0.9908 -0.6774
v 0.5891 1.4881 -0.6944
v 0.5658 1.5823 -0.6027
v -0.4913 1.6869 -0.6307
v 0.5255 1.6470 -0.6331
v 0.4167 1.7715 -0.6049
v -0.0346 0.5398 -0.6331
v -0.2481 0.5861 -0.6218
v 0.3281 0.6560 -0.6415
v 0.3989 0.7107 -0.6350
v -0.4183 0.7063 -0.6382
v 0.5317 0.7601 -0.5900
v 0.5759 0.8323 -0.6328
v -0.6561 1.0145 -0.6390
v 0.6646 1.1200 -0.6006
v -0.6345 1.2884 -0.6658
v 0.6524 1.2827 -0.5933
v 0.6366 1.3481 -0.6013
v 0.1143 0.5640 -0.6109
v 0.0475 0.5426 -0.5735
v -0.0125 0.5654 -0.6599
v -0.2155 0.5868 -0.5984
v 0.1817 0.6066 -0.5914
v -0.3378 0.6177 -0.6375
v 0.2739 0.6062 -0.6211
v -0.3892 0.7157 -0.5990
v 0.4015 0.6828 -0.6000
v 0.4352 0.7362 -0.5921
v 0.4864 0.7522 -0.6212
v -0.6002 0.8773 -0.6066
v -0.6346 0.9685 -0.5821
v -0.6523 1.1691 -0.6128
v -0.5991 1.4603 -0.6689
v 0.5992 1.5020 -0.5800
v -0.5582 1.5929 -0.5986
v 0.3113 1.8388 -0.6393
v -0.2615 1.8666 -0.6255
v -0.0404 0.5545 -0.5924
v -0.1674 0.5860 -0.5948
v 0.3574 0.6469 -0.5792
v -0.3256 0.6402 -0.5839
v -0.4330 0.7137 -0.5979
v 0.4881 0.7589 -0.5570
v -0.5062 0.8255 -0.5972
v -0.6588 1.1268 -0.6274
v -0.6539 1.0597 -0.5523
v -0.6103 1.4782 -0.5517
v 0.5471 1.6305 -0.5143
v 0.4578 1.7512 -0.5381
v -0.3460 1.8164 -0.6073
v 0.0407 1.9290 -0.6056
v -0.1265 1.9077 -0.5939
v -0.0677 0.5337 -0.5474
v -0.1231 0.5522 -0.5806
v -0.2556 0.6006 -0.5846
v 0.2202 0.5926 -0.5615
v -0.3036 0.6320 -0.5644
v 0.4367 0.7275 -0.5428
v -0.4165 0.7088 -0.5601
v 0.4953 0.7529 -0.5093
v 0.5657 0.8280 -0.5907
v -0.5427 0.8775 -0.5736
v 0.5903 0.8761 -0.5596
v -0.5861 0.8950 -0.5767
v 0.6232 0.9877 -0.5530
v 0.5229 1.6654 -0.5715
v 0.3162 1.8442 -0.5851
v 0.0019 0.5608 -0.5723
v 0.1350 0.5656 -0.5390
v -0.2096 0.5981 -0.5537
v 0.3535 0.6606 -0.5302
v 0.6448 1.1084 -0.5206
v 0.6307 1.3808 -0.5596
v -0.5933 1.5247 -0.5426
v 0.5876 1.5452 -0.4959
v -0.5210 1.6865 -0.4991
v 0.3787 1.8194 -0.5168
v -0.3881 1.7954 -0.5682
v 0.2508 1.8858 -0.5399
v -0.1913 1.9046 -0.5914
v 0.1115 1.9226 -0.6043
v 0.0560 1.9411 -0.5178
v 0.0535 0.5577 -0.5183
v -0.1858 0.5788 -0.5461
v 0.1476 0.5690 -0.4903
v -0.3010 0.6379 -0.4982
v 0.2327 0.5965 -0.5445
v -0.3773 0.6432 -0.5097
v 0.5880 0.8342 -0.5048
v -0.4959 0.8703 -0.5472
v -0.5796 0.9459 -0.5332
v -0.6082 1.0209 -0.5455
v -0.6361 1.0531 -0.5282
v 0.6458 1.2280 -0.5512
v 0.6548 1.2298 -0.5038
v -0.6407 1.3366 -0.5926
v -0.4403 1.7406 -0.5794
v -0.4859 1.7064 -0.5746
v 0.1714 1.9112 -0.5524
v -0.0949 1.9262 -0.5496
v 0.3082 0.6719 -0.5137
v 0.3955 0.7500 -0.5044
v -0.6000 0.9517 -0.5049
v 0.1006 1.9395 -0.5064
v -0.0522 1.9383 -0.5274
v -0.0715 0.5499 -0.5049
v 0.1721 0.5828 -0.4409
v -0.0059 0.5790 -0.4406
v -0.1472 0.5802 -0.5040
v -0.2470 0.6026 -0.5137
v -0.2734 0.6065 -0.4641
v 0.3361 0.6785 -0.4846
v -0.4156 0.6725 -0.5094
v 0.3794 0.7023 -0.4689
v -0.4624 0.7769 -0.5595
v 0.4439 0.7393 -0.4707
v -0.4683 0.8220 -0.5079
v -0.5114 0.8450 -0.5119
v -0.5405 0.8915 -0.5330
v -0.5577 0.9559 -0.4947
v 0.6407 1.0861 -0.4684
v -0.6387 1.0790 -0.4880
v 0.5173 1.6880 -0.5307
v -0.4102 1.8018 -0.4806
v 0.2915 1.8755 -0.4992
v -0.3316 1.8520 -0.5119
v 0.2701 1.8946 -0.4659
v -0.2488 1.8947 -0.5014
v -0.1674 0.5685 -0.4653
v -0.0437 0.5936 -0.4635
v 0.2106 0.5847 -0.4932
v 0.3066 0.6260 -0.4606
v 0.2728 0.6514 -0.4867
v -0.4486 0.7610 -0.4611
v 0.5297 0.7747 -0.4724
v 0.6103 0.9149 -0.4256
v 0.6186 0.9341 -0.4646
v -0.6147 1.0609 -0.4677
v 0.6411 1.2954 -0.4610
v 0.6458 1.2953 -0.4978
v 0.6448 1.3758 -0.4008
v -0.5532 1.6221 -0.5121
v 0.5006 1.7274 -0.4628
v -0.4762 1.7511 -0.4546
v 0.3528 1.8452 -0.4932
v -0.1440 1.9340 -0.5065
v -0.2047 0.5913 -0.4449
v -0.1270 0.5932 -0.4487
v -0.3981 0.6658 -0.4468
v 0.3575 0.6906 -0.4543
v -0.5006 0.8456 -0.4865
v 0.5785 0.8341 -0.4595
v -0.6514 1.0735 -0.4617
v -0.6450 1.0690 -0.4130
v 0.6637 1.1390 -0.4053
v -0.6504 1.2061 -0.4750
v -0.6306 1.3729 -0.4648
v -0.4334 1.7949 -0.4502
v 0.3790 1.8395 -0.4382
v -0.3477 1.8540 -0.4695
v 0.1746 1.9429 -0.4357
v 0.0244 1.9614 -0.4472
v 0.0019 0.6022 -0.3889
v -0.0907 0.6021 -0.4420
v 0.2056 0.6056 -0.4028
v -0.2484 0.6012 -0.4308
v 0.3938 0.7059 -0.4221
v -0.4262 0.6875 -0.4205
v 0.4547 0.7800 -0.4081
v -0.5036 0.7981 -0.4193
v -0.5283 0.8597 -0.4151
v -0.6183 1.0175 -0.4241
v 0.6393 1.0091 -0.4317
v -0.6698 1.2153 -0.3978
v 0.5790 1.6092 -0.4103
v 0.5315 1.6873 -0.4503
v 0.4631 1.7677 -0.4586
v -0.4458 1.7961 -0.3841
v -0.3043 1.9064 -0.3951
v 0.0261 1.9792 -0.3701
v 0.1340 0.5919 -0.4165
v 0.0439 0.5743 -0.4614
v 0.3584 0.6385 -0.3786
v -0.3269 0.6409 -0.3978
v -0.4301 0.7164 -0.3731
v 0.5406 0.8613 -0.4217
v 0.4996 0.8072 -0.4387
v 0.5714 0.9077 -0.4196
v -0.5741 0.9777 -0.4548
v 0.6521 1.3227 -0.4144
v 0.6287 1.4836 -0.3644
v 0.6243 1.4561 -0.4401
v -0.5944 1.5290 -0.4859
v -0.5694 1.6092 -0.4477
v -0.2040 1.9370 -0.4142
v -0.1097 1.9575 -0.4285
v 0.1299 0.5769 -0.3777
v -0.1900 0.5691 -0.4120
v 0.3102 0.6019 -0.3807
v -0.1278 0.6082 -0.3464
v 0.4746 0.8169 -0.3835
v -0.5417 0.8472 -0.3615
v 0.5083 0.8904 -0.3803
v -0.5758 0.8905 -0.3754
v 0.5881 0.9221 -0.3733
v -0.6594 1.1761 -0.3880
v -0.6362 1.4308 -0.3847
v 0.5955 1.5626 -0.4253
v -0.6017 1.5679 -0.3756
v 0.2698 1.9329 -0.3364
v 0.1931 1.9547 -0.3833
v 0.1416 0.5921 -0.3302
v -0.0513 0.5876 -0.3822
v 0.3493 0.6392 -0.3454
v 0.2607 0.5967 -0.4229
v -0.2440 0.6214 -0.3543
v 0.4370 0.6999 -0.3633
v -0.4803 0.7828 -0.3622
v -0.6053 0.9995 -0.3884
v 0.6569 1.0621 -0.3774
v 0.6435 1.1764 -0.3534
v 0.6436 1.1620 -0.2925
v 0.5240 1.7159 -0.3798
v 0.5065 1.7396 -0.3809
v 0.3365 1.8804 -0.3899
v 0.0814 1.9889 -0.3255
v 0.1761 0.6109 -0.3747
v -0.2991 0.6074 -0.3516
v -0.3030 0.6037 -0.3217
v -0.2113 0.6161 -0.3482
v 0.4340 0.6901 -0.3804
v -0.3828 0.7170 -0.3700
v 0.4262 0.7237 -0.3326
v 0.4734 0.7532 -0.3393
v 0.4909 0.8040 -0.3534
v 0.5695 0.8356 -0.3441
v 0.6045 0.9262 -0.3504
v -0.5890 0.9352 -0.3473
v 0.6281 1.0882 -0.3341
v -0.6419 1.3006 -0.3027
v 0.6498 1.2871 -0.2898
v 0.5825 1.6347 -0.2872
v -0.5684 1.6460 -0.3720
v -0.4766 1.7684 -0.3830
v 0.4953 1.7685 -0.3034
v 0.0911 0.6055 -0.3320
v 0.0072 0.6158 -0.2880
v -0.1744 0.6136 -0.3253
v 0.3105 0.6456 -0.3314
v -0.4601 0.7662 -0.3111
v 0.5282 0.7653 -0.3075
v -0.5840 0.9297 -0.3210
v 0.6364 1.4386 -0.3195
v -0.6149 1.5264 -0.3630
v 0.3998 1.8584 -0.3176
v -0.4193 1.8490 -0.3278
v 0.1398 1.9896 -0.2635
v -0.0903 1.9744 -0.3388
v 0.0354 0.6029 -0.3265
v 0.2261 0.6120 -0.2839
v -0.0413 0.5854 -0.3325
v -0.2978 0.6360 -0.2858
v 0.3213 0.6411 -0.2956
v 0.3494 0.6684 -0.2890
v -0.3887 0.7419 -0.3237
v 0.4881 0.7092 -0.3016
v -0.4171 0.7763 -0.2935
v -0.5284 0.8023 -0.3283
v 0.6256 1.0318 -0.3116
v -0.5195 1.7539 -0.2826
v -0.4262 1.8581 -0.2528
v 0.0578 0.5937 -0.2807
v -0.0977 0.6080 -0.2950
v 0.3942 0.6599 -0.2914
v -0.4598 0.7633 -0.2695
v 0.5733 0.8240 -0.2893
v 0.6013 0.9534 -0.2816
v -0.6099 1.0223 -0.2638
v 0.6485 1.4340 -0.2007
v -0.5474 1.7083 -0.3025
v 0.2094 1.9646 -0.2878
v 0.1382 0.5834 -0.2943
v 0.2579 0.6098 -0.3170
v -0.2140 0.6508 -0.2991
v -0.3495 0.7004 -0.2867
v 0.4589 0.6967 -0.2803
v -0.4937 0.7784 -0.2788
v 0.5434 0.8692 -0.2497
v -0.5916 0.9824 -0.2880
v -0.6377 1.1838 -0.3160
v 0.5204 1.7492 -0.2447
v -0.4809 1.8022 -0.2506
v 0.2672 1.9480 -0.2604
v -0.3076 1.9165 -0.3298
v -0.2158 1.9587 -0.2799
v 0.1745 0.5910 -0.2436
v 0.0526 0.6109 -0.2456
v -0.1134 0.5900 -0.2486
v -0.1551 0.6101 -0.2570
v 0.2501 0.6320 -0.2183
v -0.1919 0.6478 -0.2438
v -0.4114 0.6953 -0.2392
v 0.4409 0.7302 -0.2382
v 0.3692 0.7081 -0.2392
v 0.5041 0.7386 -0.2780
v -0.5162 0.7872 -0.2447
v 0.5748 0.9785 -0.2338
v 0.6265 1.0308 -0.2586
v 0.6348 1.1063 -0.2350
v 0.6428 1.4864 -0.1983
v -0.6057 1.5992 -0.2515
v 0.5919 1.6670 -0.1975
v -0.5751 1.6598 -0.2835
v 0.4781 1.7987 -0.2719
v 0.4023 1.8753 -0.2262
v 0.1947 1.9743 -0.2402
v -0.0789 2.0068 -0.2091
v -0.1518 1.9722 -0.2906
v -0.0492 0.6014 -0.2491
v 0.3096 0.6168 -0.1953
v -0.2875 0.6339 -0.2587
v 0.3531 0.6922 -0.2154
v 0.4295 0.7334 -0.2216
v 0.4993 0.7774 -0.2297
v 0.5427 0.8211 -0.1602
v -0.5594 0.9401 -0.2097
v 0.6244 1.1295 -0.2011
v 0.6286 1.1249 -0.1572
v -0.6468 1.3115 -0.2410
v -0.6329 1.4466 -0.3056
v -0.6276 1.5145 -0.2695
v 0.4588 1.8332 -0.2073
v -0.3620 1.9098 -0.2197
v 0.3600 1.9001 -0.2382
v -0.1078 2.0083 -0.1765
v 0.0164 0.5949 -0.2059
v -0.0431 0.5880 -0.2019
v 0.1432 0.6009 -0.2405
v 0.3426 0.6634 -0.1827
v -0.2302 0.6500 -0.2127
v -0.3444 0.6699 -0.2241
v -0.3894 0.6649 -0.2082
v 0.4300 0.7332 -0.2017
v 0.4320 0.7334 -0.2016
v 0.4459 0.7405 -0.1832
v 0.3977 0.7784 -0.2010
v 0.5086 0.7842 -0.1970
v -0.5012 0.7906 -0.2182
v -0.6112 0.9993 -0.1861
v 0.5932 1.0516 -0.1955
v -0.6526 1.3068 -0.2037
v 0.6326 1.5388 -0.2027
v -0.5668 1.6888 -0.2054
v 0.3941 1.8936 -0.1793
v -0.2746 1.9522 -0.2210
v 0.2517 1.9582 -0.2062
v 0.0481 0.5981 -0.1681
v -0.1494 0.5997 -0.2114
v 0.1867 0.6533 -0.2031
v -0.2528 0.6767 -0.2009
v -0.3007 0.6587 -0.1899
v -0.4008 0.6792 -0.1748
v -0.4358 0.7165 -0.1904
v 0.4300 0.7437 -0.1816
v -0.4757 0.7343 -0.2040
v 0.5605 0.8524 -0.1702
v 0.5684 0.9428 -0.1929
v -0.6389 1.1529 -0.2006
v -0.4800 1.8301 -0.1110
v -0.4146 1.8768 -0.1961
v 0.1483 0.6016 -0.1370
v 0.1291 0.5919 -0.1984
v -0.2230 0.6556 -0.1653
v 0.2224 0.6814 -0.1638
v 0.4282 0.7616 -0.1600
v 0.4896 0.7186 -0.1384
v -0.5677 0.9304 -0.1621
v 0.6092 0.9113 -0.1563
v 0.6485 1.3860 -0.1907
v 0.6391 1.4871 -0.1339
v -0.6313 1.5226 -0.1875
v 0.6104 1.6162 -0.0709
v 0.3147 1.9535 -0.1076
v -0.3326 1.9336 -0.1164
v 0.1856 1.9905 -0.1119
v 0.0947 1.9937 -0.2365
v -0.0863 0.6100 -0.1578
v 0.0143 0.6126 -0.1243
v -0.0718 0.6215 -0.1692
v 0.2967 0.6580 -0.1596
v 0.2237 0.6578 -0.1305
v -0.3536 0.6701 -0.1430
v 0.3933 0.7463 -0.1545
v -0.5877 1.0007 -0.1214
v 0.6432 1.2365 -0.1121
v 0.6439 1.3186 -0.1281
v -0.6474 1.4438 -0.1567
v 0.5753 1.6935 -0.1254
v -0.5293 1.7524 -0.1687
v 0.2746 1.9538 -0.1748
v -0.0826 0.5837 -0.1190
v -0.1220 0.6237 -0.1430
v 0.3416 0.6627 -0.1217
v -0.4297 0.7002 -0.1610
v 0.3889 0.7576 -0.1038
v -0.4513 0.7280 -0.1433
v 0.5238 0.6936 -0.1089
v 0.5956 0.8274 -0.1272
v 0.6123 0.8922 -0.1185
v 0.6346 1.0207 -0.1255
v -0.6339 1.1785 -0.1402
v -0.6139 1.6042 -0.1279
v -0.4226 1.8708 -0.1303
v -0.2312 1.9752 -0.1847
v -0.0992 0.6094 -0.0830
v 0.0917 0.6123 -0.1132
v -0.0398 0.6107 -0.1120
v 0.2193 0.6468 -0.0835
v 0.1846 0.6075 -0.1158
v -0.1943 0.6499 -0.1152
v -0.3056 0.6365 -0.1082
v 0.4715 0.7193 -0.1389
v 0.3501 0.6245 -0.0758
v -0.3570 0.6871 -0.0899
v -0.3891 0.7176 -0.1152
v -0.4717 0.7235 -0.1164
v -0.5029 0.7550 -0.0671
v 0.5818 0.7637 -0.1027
v -0.5243 0.8342 -0.1594
v -0.5632 0.9387 -0.1129
v 0.6305 0.9850 -0.0900
v -0.6167 1.1207 -0.1174
v 0.5576 1.7202 -0.1045
v 0.5297 1.7633 -0.0879
v 0.4070 1.8966 -0.1191
v -0.2172 1.9771 -0.1510
v 0.0466 2.0092 -0.1478
v 0.3117 0.5771 -0.0858
v 0.2885 0.6048 -0.1141
v 0.1358 0.6060 -0.0674
v 0.0207 0.6222 -0.1059
v 0.0482 0.6124 -0.0768
v -0.0645 0.6252 -0.0562
v 0.1752 0.6312 -0.0549
v -0.1730 0.6202 -0.0633
v 0.4581 0.6815 -0.0932
v -0.4449 0.7104 -0.0757
v 0.4063 0.7610 -0.0972
v 0.5833 0.7795 -0.0877
v -0.5464 0.8484 -0.0823
v -0.6027 1.0052 -0.0911
v -0.4890 1.8204 -0.0823
v 0.4342 1.8728 -0.1109
v 0.1272 2.0030 -0.0877
v -0.1517 2.0033 -0.0884
v 0.0687 0.6274 -0.0420
v -0.2267 0.6499 -0.0728
v 0.0060 0.6609 -0.0572
v 0.6018 0.7766 -0.0342
v 0.6294 0.8836 -0.0666
v 0.6367 0.9676 -0.0431
v -0.5878 0.9354 -0.0518
v 0.6263 1.0390 -0.0685
v -0.6578 1.0646 -0.0867
v -0.5612 1.7229 -0.0962
v -0.4375 1.8641 -0.0640
v -0.1613 2.0078 -0.0051
v -0.0558 2.0127 -0.1207
v 0.3951 0.1692 -0.0566
v 0.3963 0.4649 -0.0529
v 0.4299 0.5761 -0.0424
v 0.3803 0.6246 -0.0672
v 0.2730 0.5840 -0.0605
v 0.2069 0.6236 -0.0610
v 0.4512 0.6243 -0.0526
v -0.2132 0.6875 -0.0170
v -0.2558 0.6558 0.0135
v -0.2839 0.6568 -0.0460
v 0.4949 0.6885 -0.0622
v -0.3894 0.6989 -0.0346
v 0.5391 0.7482 -0.0533
v 0.6418 1.1697 -0.0754
v 0.6417 1.5128 -0.0736
v -0.6299 1.5548 -0.0770
v -0.6113 1.6097 -0.0715
v 0.3955 1.8959 0.0165
v 0.2821 1.9704 -0.0690
v 0.4520 0.1653 -0.0470
v 0.3699 0.3557 -0.0343
v 0.2206 0.5242 -0.0153
v 0.3350 0.5511 -0.0394
v 0.4655 0.5421 -0.0227
v -0.3575 0.6615 -0.0530
v -0.3476 0.6142 -0.0030
v -0.3194 0.6621 -0.0520
v -0.5139 0.7118 -0.0263
v 0.6343 0.7553 0.0700
v -0.6398 0.9833 -0.0324
v 0.6609 1.0565 -0.0149
v 0.6543 1.3338 -0.0236
v -0.6435 1.4910 -0.0626
v -0.5521 1.7400 -0.0414
v 0.4391 1.8695 -0.0286
v -0.3322 1.9441 -0.0508
v -0.2551 1.9754 -0.0273
v -0.0452 2.0162 -0.0508
v 0.4203 0.0553 -0.0103
v 0.3888 0.0825 -0.0291
v 0.4733 0.1368 -0.0317
v 0.3072 0.0745 0.0077
v 0.3086 0.1661 -0.0328
v 0.5345 0.1677 0.0046
v 0.5088 0.2540 -0.0027
v 0.5465 0.3054 0.0367
v 0.3298 0.3174 -0.0195
v 0.4533 0.3405 -0.0306
v 0.3064 0.3784 0.0031
v 0.3044 0.4775 -0.0028
v 0.2957 0.5541 -0.0216
v 0.1453 0.6158 -0.0058
v 0.0551 0.6435 -0.0030
v -0.4235 0.6970 -0.0369
v -0.0664 0.6399 -0.0042
v 0.0006 0.6773 0.0008
v -0.4728 0.7404 -0.0181
v -0.5419 0.8162 -0.0246
v -0.6621 1.0980 0.0029
v -0.3507 1.9309 0.0180
v 0.3052 1.9541 -0.0224
v 0.0724 2.0170 -0.0277
v -0.0261 2.0164 -0.0305
v 0.3929 0.0284 0.0197
v 0.2586 0.1578 0.0065
v 0.4892 0.4475 -0.0059
v 0.5690 0.6425 0.0161
v 0.4947 0.6064 -0.0031
v 0.1841 0.5839 0.0244
v 0.0115 0.6695 0.0247
v 0.5168 0.6738 0.0223
v -0.1764 0.6741 0.0172
v -0.3085 0.6665 0.0109
v 0.5797 0.6804 0.0124
v 0.5151 0.7293 0.0034
v -0.5379 0.7571 -0.0008
v 0.5959 0.7471 -0.0148
v -0.5698 0.8926 -0.0036
v -0.6223 0.9747 0.0203
v -0.6612 1.1682 -0.0051
v 0.6704 1.1465 0.0164
v 0.6296 1.5754 0.0031
v 0.5671 1.7138 0.0890
v -0.5135 1.7987 0.0134
v -0.4262 1.8791 0.0583
v -0.2642 1.9634 0.0507
v 0.5712 0.2334 0.0616
v 0.5555 0.3323 0.0484
v 0.2126 0.4501 0.0459
v 0.2401 0.4604 0.0213
v 0.5283 0.4647 0.0263
v 0.6122 0.5474 0.0311
v -0.3523 0.5600 0.0421
v -0.3850 0.6283 0.0212
v -0.4378 0.6086 0.0386
v -0.1439 0.6494 0.0137
v -0.2126 0.6637 0.0342
v -0.5172 0.6286 0.0550
v 0.6161 0.7049 0.0486
v -0.4967 0.7271 0.0149
v -0.6364 0.9776 0.0278
v -0.6734 1.0760 0.0505
v -0.6449 1.2844 -0.0899
v 0.5620 1.7325 -0.0102
v -0.5775 1.6935 0.0328
v -0.5253 1.7683 0.0599
v 0.4786 1.8337 0.0051
v 0.2000 1.9941 0.0089
v -0.1797 2.0018 0.0156
v 0.0600 2.0165 0.0424
v 0.5340 0.1160 0.0222
v 0.5887 0.3315 0.1002
v 0.2431 0.3333 0.0431
v 0.5694 0.5155 0.0334
v -0.3925 0.5021 0.0570
v 0.6352 0.5569 0.0604
v 0.1135 0.6370 0.0445
v -0.3108 0.6084 0.0629
v -0.4711 0.6657 0.0453
v -0.0346 0.6677 0.0568
v -0.5710 0.7923 0.0410
v -0.6254 0.8348 0.0613
v 0.6880 1.1515 0.1562
v 0.6414 1.3787 0.1803
v -0.4681 1.8397 0.0652
v 0.3013 1.9565 0.0336
v 0.4700 0.0347 0.0485
v 0.4903 0.0382 0.0741
v 0.5779 0.1706 0.0728
v 0.5964 0.4385 0.0695
v 0.6139 0.4139 0.1124
v -0.3428 0.5028 0.0767
v -0.0818 0.6240 0.0464
v 0.0261 0.6359 0.0689
v -0.5455 0.7330 0.0345
v 0.6301 0.7090 0.0742
v 0.6497 0.9547 0.0744
v 0.6765 1.0618 0.1070
v -0.6724 1.1881 0.0526
v 0.6695 1.1711 0.0703
v -0.6525 1.3302 -0.0208
v -0.6269 1.5170 0.0910
v 0.6329 1.5134 0.0784
v 0.5288 1.7648 0.0621
v 0.1136 2.0111 0.0717
v 0.3273 0.0164 0.0902
v 0.5646 0.0991 0.0992
v 0.2269 0.1488 0.0681
v 0.2271 0.2307 0.0630
v 0.5889 0.3405 0.0984
v -0.3498 0.4230 0.1015
v -0.3805 0.4617 0.0840
v 0.2031 0.5330 0.1016
v -0.2911 0.5847 0.0799
v -0.2921 0.5014 0.1008
v 0.1460 0.5680 0.1010
v 0.0850 0.5973 0.0796
v 0.1563 0.6347 0.0646
v -0.4961 0.5933 0.0860
v 0.6460 0.6320 0.0921
v -0.5960 0.7202 0.0675
v -0.6260 0.7334 0.0900
v -0.6432 0.9192 0.1053
v 0.6690 0.8510 0.1097
v -0.6502 0.9653 0.0728
v 0.6631 0.9871 0.0823
v -0.7059 1.0943 0.1045
v -0.6315 1.4292 0.1413
v 0.6378 1.5017 0.0394
v 0.6300 1.5128 0.0984
v 0.6299 1.5135 0.0984
v 0.6273 1.5334 0.0984
v 0.5953 1.6746 0.0679
v -0.6067 1.6345 0.0512
v -0.5589 1.7240 0.1065
v -0.4440 1.8554 0.1339
v 0.3305 1.9326 0.1191
v -0.3443 1.9295 0.0884
v -0.2736 1.9584 0.1144
v -0.1428 1.9952 0.0830
v 0.1700 1.9941 0.0984
v -0.0923 2.0056 0.0603
v 0.2111 0.3912 0.0865
v 0.6030 0.3879 0.1046
v -0.2683 0.3842 0.1458
v -0.3835 0.3598 0.1128
v -0.4788 0.5245 0.0791
v -0.2491 0.5165 0.1236
v -0.2567 0.6004 0.0859
v 0.1806 0.6331 0.0993
v -0.1830 0.6170 0.0758
v 0.6445 0.6226 0.1270
v 0.0718 0.6271 0.1211
v -0.0224 0.6431 0.1030
v -0.5490 0.6759 0.0989
v 0.6416 0.7294 0.1411
v -0.6889 1.0199 0.0978
v -0.6950 1.2194 0.1008
v -0.6848 1.2420 0.0981
v -0.6500 1.2994 0.1774
v 0.6487 1.3682 0.1028
v 0.6300 1.4934 0.1180
v 0.6141 1.5381 0.1885
v 0.5726 1.6553 0.2036
v 0.3236 1.9415 0.1041
v 0.1907 1.9810 0.1399
v 0.2630 0.0612 0.0972
v 0.2372 0.0873 0.1212
v -0.3930 0.1497 0.1247
v 0.5875 0.2486 0.1885
v 0.2193 0.1543 0.1533
v -0.4355 0.3675 0.1198
v -0.3431 0.2987 0.1291
v -0.3500 0.3534 0.1200
v -0.2900 0.4334 0.1265
v -0.2482 0.4799 0.1325
v -0.2188 0.5153 0.1304
v 0.1604 0.5676 0.1331
v -0.5242 0.6053 0.1155
v -0.1403 0.6037 0.1588
v 0.1239 0.6189 0.1489
v -0.5763 0.6585 0.1304
v -0.6028 0.6810 0.1103
v -0.6279 0.7943 0.1624
v 0.6733 0.8332 0.1356
v -0.6388 0.7993 0.1295
v -0.6597 1.3001 0.1154
v 0.6531 1.3151 0.0829
v 0.6273 1.4807 0.1715
v 0.5245 1.7391 0.1948
v 0.4408 1.8580 0.1022
v 0.4408 1.8492 0.1402
v 0.0938 2.0063 0.1418
v 0.0688 2.0020 0.1624
v 0.0049 2.0163 0.0571
v 0.4127 0.0035 0.1573
v 0.4914 0.0221 0.1410
v -0.3000 0.1447 0.1565
v -0.2950 0.1877 0.1542
v -0.5111 0.3238 0.1589
v 0.2080 0.3368 0.1474
v 0.1977 0.3952 0.1533
v 0.6292 0.4607 0.2316
v -0.5001 0.4686 0.1277
v 0.1761 0.5225 0.1444
v -0.5260 0.4300 0.1540
v 0.1681 0.5233 0.1728
v -0.1776 0.5796 0.1522
v -0.1219 0.5949 0.0980
v -0.0581 0.6257 0.1269
v 0.0455 0.6375 0.1590
v -0.6622 0.9348 0.1546
v 0.6919 1.0053 0.1529
v -0.6717 1.0932 0.1921
v -0.6812 1.1811 0.1426
v 0.4946 1.8091 0.0975
v -0.4212 1.8670 0.1471
v 0.2657 1.9550 0.1442
v -0.3374 1.9222 0.1914
v -0.1961 1.9747 0.1382
v -0.4548 0.0824 0.1584
v 0.5650 0.0970 0.1696
v 0.2700 0.0468 0.1611
v 0.5815 0.1513 0.1970
v -0.2561 0.3292 0.1753
v 0.5885 0.3527 0.2245
v -0.5793 0.4898 0.1894
v -0.5982 0.6258 0.1731
v 0.1377 0.5531 0.1898
v -0.1734 0.5081 0.1767
v -0.0326 0.6628 0.1584
v 0.6565 0.5834 0.1804
v 0.7001 0.8249 0.1879
v -0.6397 0.9231 0.1898
v -0.6630 1.2068 0.1913
v -0.6401 1.3637 0.1537
v -0.5648 1.7028 0.1509
v 0.3310 1.9181 0.1732
v 0.1613 1.9744 0.1989
v -0.1236 1.9987 0.1851
v -0.3516 0.0680 0.1733
v -0.3135 0.0752 0.1843
v -0.4884 0.0515 0.2107
v 0.5917 0.3327 0.1958
v -0.1677 0.4925 0.1956
v 0.6607 0.6479 0.2330
v -0.0914 0.6167 0.1962
v 0.1038 0.6694 0.1878
v 0.0048 0.6817 0.1904
v -0.6302 0.8710 0.1950
v 0.6863 1.0130 0.1932
v 0.6943 1.0917 0.2773
v 0.6814 1.1895 0.1999
v -0.6197 1.5747 0.0969
v -0.5881 1.5661 0.2514
v -0.5898 1.6124 0.1950
v 0.3932 1.8741 0.1910
v 0.1118 1.9949 0.1643
v 0.0598 1.9859 0.2478
v -0.0691 2.0019 0.1923
v 0.3120 0.0296 0.2011
v 0.5495 0.0875 0.1969
v 0.2595 0.1196 0.2377
v -0.5039 0.1429 0.1540
v 0.5746 0.2334 0.2184
v -0.5086 0.3541 0.1525
v -0.2289 0.3430 0.2063
v -0.1691 0.5308 0.2381
v 0.1235 0.6101 0.2211
v -0.6181 0.7299 0.1636
v -0.0394 0.6920 0.2385
v 0.6881 0.7578 0.2037
v 0.6716 0.8827 0.2345
v 0.6019 1.4816 0.2736
v -0.6163 1.4266 0.2304
v -0.5735 1.6401 0.2291
v 0.4847 1.7844 0.2113
v 0.2575 1.9413 0.2044
v 0.4429 0.0379 0.2405
v -0.2836 0.0613 0.2249
v -0.5651 0.1263 0.2468
v 0.5376 0.2981 0.2792
v -0.2319 0.1462 0.2307
v -0.5688 0.1891 0.2427
v 0.2195 0.3824 0.2403
v -0.2132 0.3449 0.2382
v 0.1666 0.5515 0.2301
v 0.6384 0.5325 0.2539
v 0.0481 0.6965 0.2274
v -0.0069 0.6793 0.2359
v 0.6887 1.0199 0.2243
v 0.5696 1.5867 0.2900
v -0.5498 1.6820 0.2390
v -0.5301 1.7264 0.2304
v -0.4965 1.7767 0.2029
v -0.4852 1.7641 0.2654
v 0.4821 1.7781 0.2510
v -0.4387 1.8162 0.2677
v 0.2557 1.9268 0.2592
v 0.1314 1.9699 0.2784
v -0.2109 1.9743 0.1942
v -0.5173 0.0618 0.2250
v -0.5516 0.3220 0.2057
v 0.6544 0.5552 0.2799
v -0.6318 0.6348 0.2523
v -0.1119 0.6246 0.2450
v 0.0659 0.6669 0.2740
v -0.0617 0.6683 0.2469
v -0.6358 0.6698 0.2414
v -0.6781 0.8111 0.2749
v -0.6903 1.0260 0.2767
v -0.6796 1.1756 0.2575
v 0.6478 1.3018 0.2375
v 0.6273 1.3553 0.2750
v -0.6193 1.3497 0.2873
v 0.6078 1.4874 0.2392
v 0.4259 1.8091 0.3139
v 0.3867 1.8631 0.2559
v -0.2677 1.9475 0.2227
v -0.3819 0.0000 0.2862
v -0.4146 0.0058 0.2555
v 0.3661 0.0431 0.2443
v -0.2227 0.1317 0.3246
v 0.4876 0.0749 0.2522
v 0.5240 0.1482 0.2610
v -0.2310 0.1434 0.2478
v 0.2455 0.3260 0.2801
v -0.1954 0.4135 0.2810
v -0.1723 0.4721 0.2581
v 0.5994 0.5394 0.2802
v -0.6457 0.6442 0.2920
v -0.0442 0.6658 0.2783
v -0.0845 0.7023 0.2793
v 0.0192 0.7007 0.2535
v 0.0031 0.7302 0.2770
v -0.6629 0.6762 0.2784
v 0.6471 0.7732 0.2746
v 0.6685 0.9147 0.2885
v 0.6878 1.1466 0.2814
v 0.6733 1.1887 0.3136
v -0.6616 1.2354 0.2783
v -0.5164 1.7410 0.2389
v -0.4838 1.7167 0.3212
v 0.4091 1.8476 0.2501
v -0.1614 1.9564 0.2752
v -0.0507 1.9940 0.2257
v 0.3180 0.1167 0.2783
v 0.5150 0.2340 0.2838
v 0.2480 0.3085 0.2725
v -0.2143 0.1969 0.3246
v 0.5356 0.3755 0.3064
v 0.5705 0.5070 0.3159
v -0.1296 0.5378 0.2746
v 0.6433 0.6105 0.2969
v 0.1380 0.6178 0.2764
v -0.1249 0.5898 0.3217
v 0.0333 0.7009 0.3020
v -0.0253 0.7090 0.3006
v -0.6930 1.0227 0.2833
v -0.6885 1.1293 0.2763
v 0.5962 1.3867 0.3215
v -0.5993 1.4146 0.2811
v 0.5172 1.7223 0.2594
v 0.2941 1.8978 0.3111
v -0.4053 1.8286 0.3188
v -0.3861 0.0033 0.3592
v -0.3265 0.0228 0.3091
v -0.2554 0.0695 0.3289
v 0.4390 0.1068 0.2968
v -0.5852 0.2289 0.2837
v 0.3176 0.2386 0.3151
v 0.5233 0.3257 0.2987
v -0.5903 0.3413 0.2966
v 0.2335 0.4524 0.3304
v -0.6136 0.4444 0.2769
v -0.6170 0.6007 0.2176
v 0.1738 0.4968 0.2796
v 0.6373 0.6350 0.3229
v 0.6421 0.6620 0.2843
v 0.1240 0.6687 0.2992
v 0.1327 0.7045 0.3199
v -0.0397 0.7268 0.3198
v -0.6758 0.7464 0.3012
v 0.6498 0.8175 0.3212
v 0.6515 0.9491 0.3188
v -0.6660 1.1128 0.3134
v -0.5610 1.5755 0.3207
v 0.5594 1.6187 0.2837
v 0.5288 1.6366 0.3476
v 0.3060 1.8864 0.3275
v 0.2403 1.9174 0.3123
v -0.2705 1.9099 0.3294
v 0.0503 1.9644 0.3471
v -0.4699 0.0160 0.3617
v -0.2946 0.0372 0.3738
v -0.5812 0.1270 0.2919
v -0.2232 0.3014 0.3786
v 0.4059 0.3262 0.3517
v 0.3157 0.3127 0.3313
v 0.2570 0.4106 0.3340
v -0.2020 0.3628 0.3283
v -0.6104 0.4296 0.2921
v 0.5371 0.4646 0.3386
v 0.1797 0.5029 0.2997
v -0.1515 0.5249 0.3386
v -0.6316 0.6334 0.3593
v -0.0656 0.6851 0.2995
v 0.6626 0.7068 0.3204
v 0.0004 0.7018 0.3249
v 0.6366 0.9708 0.3827
v 0.6530 1.0561 0.3250
v -0.6290 1.1985 0.3573
v -0.5687 1.3483 0.4046
v -0.5780 1.4233 0.3375
v -0.4689 1.7723 0.2858
v 0.3986 1.8369 0.3142
v 0.1887 1.9169 0.3694
v -0.1316 1.9498 0.3160
v 0.3484 0.2765 0.3321
v 0.4459 0.2941 0.3346
v 0.3023 0.4169 0.3706
v 0.4418 0.3954 0.3659
v -0.6077 0.4872 0.3642
v 0.2225 0.5066 0.3621
v -0.0821 0.6091 0.3816
v -0.6352 0.5845 0.3266
v 0.1147 0.7108 0.3582
v -0.6255 0.7041 0.3150
v -0.0100 0.7011 0.3584
v 0.5864 0.6138 0.3609
v 0.6214 0.7854 0.3548
v -0.6431 1.1238 0.3588
v 0.6484 1.1838 0.3599
v 0.5772 1.3544 0.4051
v 0.4900 1.7193 0.3302
v -0.3280 1.8452 0.4055
v -0.2937 1.8955 0.3359
v -0.2401 0.1326 0.3989
v -0.2275 0.3440 0.4004
v -0.1829 0.5276 0.3781
v 0.5001 0.4535 0.3530
v -0.1296 0.5200 0.3651
v -0.1697 0.5616 0.3597
v 0.1556 0.6477 0.3640
v 0.6004 0.6841 0.3777
v -0.0100 0.6934 0.3783
v -0.0100 0.6934 0.3784
v -0.0098 0.6934 0.3784
v -0.0103 0.6934 0.3784
v -0.0496 0.6777 0.3730
v 0.0338 0.6984 0.3708
v 0.0100 0.6975 0.3784
v -0.0300 0.6959 0.3784
v -0.6382 0.9125 0.3178
v -0.5944 1.3175 0.3663
v -0.5463 1.4581 0.4031
v 0.5506 1.4578 0.4093
v -0.5364 1.6039 0.3484
v -0.5291 1.6192 0.3504
v 0.5145 1.6272 0.4050
v 0.4441 1.7184 0.4266
v 0.3223 1.8332 0.4113
v -0.3512 1.8309 0.3977
v 0.3090 1.8613 0.3766
v -0.2138 1.9146 0.3688
v -0.1529 1.9121 0.4213
v -0.0662 1.9581 0.3341
v -0.5102 0.0589 0.3973
v -0.5706 0.3261 0.3922
v -0.5547 0.2812 0.4147
v 0.3197 0.4396 0.3893
v 0.2443 0.5883 0.4007
v 0.5488 0.5497 0.3610
v -0.1818 0.5703 0.4001
v -0.1350 0.5886 0.4025
v -0.6367 0.5951 0.4021
v 0.6052 0.6605 0.3989
v -0.0100 0.6934 0.3786
v -0.0100 0.6975 0.3984
v 0.1079 0.7737 0.3960
v 0.0834 0.7155 0.3509
v 0.6151 0.8170 0.3823
v 0.0823 0.7847 0.4115
v 0.5886 0.8769 0.4208
v -0.6347 1.0100 0.4032
v 0.6463 1.1160 0.4133
v 0.6391 1.2017 0.4058
v 0.6052 1.2915 0.4116
v -0.5403 1.5098 0.3954
v -0.4892 1.6524 0.3905
v 0.4936 1.6650 0.4085
v 0.0603 1.9374 0.3910
v -0.3079 0.0495 0.4070
v -0.5539 0.0787 0.3413
v 0.4373 0.5239 0.4423
v 0.4158 0.4491 0.3939
v 0.3070 0.5388 0.4492
v 0.4626 0.5125 0.4221
v -0.2244 0.5766 0.4529
v 0.5295 0.6448 0.4181
v 0.2221 0.6479 0.4059
v 0.1804 0.6265 0.3793
v 0.0133 0.7183 0.4125
v 0.1331 0.7728 0.4076
v 0.6014 0.7556 0.4217
v -0.6395 0.7685 0.3967
v -0.6309 1.1466 0.3941
v 0.3846 1.7796 0.4366
v -0.4292 1.7592 0.3927
v 0.2166 1.8782 0.4241
v -0.2497 1.8808 0.4046
v 0.0540 1.9148 0.4505
v -0.5653 0.1420 0.3876
v -0.3158 0.1476 0.4727
v -0.2889 0.3109 0.4589
v -0.2667 0.3338 0.4397
v -0.5841 0.4284 0.4171
v -0.2240 0.4169 0.4162
v -0.5802 0.4926 0.4535
v 0.3810 0.5327 0.4289
v 0.3480 0.6069 0.4639
v -0.6084 0.5800 0.4597
v -0.1299 0.6184 0.4189
v 0.5416 0.6755 0.4298
v 0.2279 0.6727 0.4351
v 0.5808 0.6329 0.4110
v -0.0823 0.6366 0.4219
v -0.1657 0.6801 0.4378
v -0.6316 0.6694 0.4574
v 0.1617 0.7172 0.4300
v -0.0475 0.7092 0.4339
v 0.0946 0.7627 0.4470
v 0.5435 0.8107 0.4367
v 0.5603 0.9564 0.4687
v -0.5802 0.9364 0.4638
v -0.6127 1.0787 0.4181
v 0.6017 0.9709 0.4334
v -0.5911 1.2070 0.4220
v 0.5831 1.2520 0.4540
v 0.5345 1.3940 0.4609
v 0.5211 1.3683 0.4908
v 0.4910 1.5319 0.5157
v -0.5122 1.5637 0.4264
v 0.5144 1.5627 0.4478
v 0.3580 1.7927 0.4516
v -0.4075 0.0666 0.4526
v -0.2870 0.1037 0.4360
v -0.5094 0.1469 0.4599
v -0.2683 0.1646 0.4395
v -0.5086 0.3498 0.4621
v -0.5058 0.4076 0.4760
v 0.4910 0.5574 0.4716
v 0.5070 0.6349 0.4638
v 0.2712 0.6957 0.4654
v 0.5298 0.7081 0.4569
v -0.2017 0.6685 0.4644
v -0.0368 0.7308 0.4516
v 0.0511 0.7220 0.4489
v -0.1365 0.7420 0.4616
v 0.0046 0.7622 0.4556
v -0.6235 0.9112 0.4408
v 0.5653 0.9804 0.4654
v 0.5305 0.9644 0.4561
v 0.5648 1.1213 0.4822
v 0.5986 1.1868 0.4518
v -0.5522 1.2363 0.4548
v -0.4613 1.6674 0.4455
v -0.4826 1.6050 0.4722
v 0.4228 1.6947 0.4786
v 0.4057 1.7038 0.4928
v 0.3531 1.7989 0.4447
v 0.2618 1.8420 0.4578
v -0.3679 0.0645 0.4548
v -0.4862 0.0889 0.4510
v -0.3617 0.1329 0.4803
v -0.3071 0.2650 0.4707
v -0.3625 0.3500 0.4935
v -0.5052 0.3100 0.4617
v -0.4785 0.3481 0.4786
v -0.2926 0.3908 0.4706
v 0.4720 0.5573 0.4774
v 0.4034 0.5634 0.4614
v 0.2599 0.5917 0.4442
v 0.4580 0.6257 0.4774
v 0.4424 0.6978 0.4752
v -0.1769 0.6687 0.4775
v -0.6071 0.6740 0.4764
v 0.2677 0.7716 0.4953
v 0.1827 0.7525 0.4593
v 0.1309 0.7603 0.4833
v -0.0011 0.7429 0.4847
v -0.1058 0.7804 0.5020
v 0.0539 0.7785 0.4779
v -0.6305 0.7826 0.4545
v -0.5914 0.8535 0.4725
v 0.5054 0.8288 0.4623
v -0.5568 1.0106 0.4642
v -0.5587 1.1636 0.4553
v -0.5356 1.1066 0.5110
v -0.5297 1.4015 0.4542
v 0.4899 1.5702 0.4996
v -0.4212 1.7093 0.4677
v -0.3645 1.7657 0.4696
v 0.1793 1.8710 0.4735
v 0.0011 1.8634 0.5338
v -0.3874 0.1690 0.4896
v -0.4389 0.1525 0.4899
v -0.4700 0.2153 0.4801
v -0.3434 0.4047 0.5013
v -0.4617 0.4113 0.4966
v -0.2682 0.5702 0.4931
v -0.5927 0.5359 0.4916
v 0.4000 0.6314 0.5036
v 0.3295 0.6287 0.4794
v -0.2363 0.6322 0.4931
v -0.1741 0.6773 0.5047
v 0.3060 0.6830 0.4958
v -0.2165 0.7189 0.4976
v 0.4384 0.7721 0.4956
v 0.0413 0.7896 0.4979
v -0.4976 0.8846 0.5002
v 0.2128 0.8002 0.4974
v 0.5005 0.8174 0.4876
v -0.5364 0.9220 0.4853
v 0.5379 0.9521 0.4919
v 0.4979 1.3725 0.5504
v 0.2749 1.8116 0.5096
v 0.1849 1.8601 0.4932
v -0.2739 1.8461 0.4602
v -0.3003 0.4883 0.5096
v -0.2819 0.5674 0.5271
v -0.5375 0.4932 0.4890
v -0.5972 0.5889 0.5030
v -0.5136 0.6694 0.4983
v -0.5094 0.6438 0.5177
v 0.2301 0.7914 0.5321
v 0.4576 0.8059 0.5108
v -0.1253 0.7640 0.4972
v -0.4845 0.8439 0.5481
v -0.5303 1.0058 0.5092
v -0.5285 1.3730 0.4719
v -0.4869 1.4806 0.5470
v 0.4693 1.6235 0.4891
v -0.4528 1.6130 0.5162
v -0.3946 1.7065 0.5070
v -0.3415 1.7491 0.5323
v 0.1255 1.8631 0.5305
v -0.0433 1.9026 0.4689
v -0.1342 1.8823 0.4821
v -0.4814 0.5209 0.5392
v -0.4224 0.5237 0.5427
v -0.3679 0.5556 0.5321
v -0.2580 0.5915 0.5384
v -0.3096 0.5967 0.5436
v 0.3302 0.6835 0.5138
v 0.2738 0.7062 0.5399
v -0.1843 0.7140 0.5415
v 0.3193 0.6924 0.5328
v 0.0887 0.7643 0.5125
v 0.4221 0.7218 0.5212
v 0.4338 0.8135 0.5417
v 0.4715 0.8777 0.5207
v 0.4841 1.0717 0.5348
v -0.5044 1.0293 0.5327
v 0.5184 1.1419 0.5410
v 0.5426 1.2033 0.4972
v 0.3541 1.7190 0.5654
v 0.2938 1.7903 0.5357
v -0.3085 1.7705 0.5430
v -0.2267 1.8310 0.5280
v 0.1224 1.8386 0.5727
v -0.3489 0.6337 0.5409
v -0.2535 0.7201 0.5863
v -0.2289 0.6562 0.5405
v -0.4740 0.6719 0.5590
v 0.1638 0.7924 0.5257
v 0.0130 0.7491 0.5422
v 0.1846 0.8168 0.5694
v -0.1325 0.8003 0.5954
v -0.1262 0.8130 0.5375
v -0.4299 0.7434 0.5467
v 0.3977 0.8721 0.5389
v 0.4580 1.0508 0.5656
v 0.4980 1.1263 0.5804
v 0.5066 1.2134 0.5584
v -0.5199 1.1932 0.5411
v -0.2730 1.8117 0.5266
v -0.3365 0.6093 0.5794
v -0.4139 0.5948 0.5536
v -0.3903 0.6800 0.5884
v -0.3117 0.6389 0.5739
v -0.1978 0.7060 0.5789
v -0.1895 0.7134 0.5784
v -0.1700 0.7334 0.5784
v -0.1700 0.7334 0.5784
v -0.4760 0.7865 0.5567
v 0.3161 0.8054 0.6229
v 0.2795 0.7523 0.5844
v -0.4255 0.8114 0.5717
v 0.3547 0.9007 0.5762
v 0.3789 0.9485 0.6009
v 0.4187 0.9451 0.5699
v 0.4290 1.0451 0.5780
v 0.4805 1.0746 0.5799
v -0.4877 1.1897 0.5668
v -0.5166 1.2867 0.5381
v -0.4880 1.2927 0.5739
v 0.4974 1.2679 0.5759
v 0.4462 1.5315 0.5907
v -0.4086 1.6508 0.5640
v -0.3373 1.7135 0.5852
v 0.1788 1.8282 0.5431
v -0.1489 1.8253 0.5898
v -0.0920 1.8483 0.5670
v -0.3041 0.7262 0.6008
v -0.1900 0.7134 0.5787
v -0.2227 0.6863 0.5689
v -0.1700 0.7334 0.5784
v -0.1684 0.7534 0.5984
v 0.0488 0.7574 0.6176
v -0.4251 0.9201 0.5982
v 0.3538 0.8994 0.6084
v -0.4432 1.0796 0.5837
v 0.4131 1.0611 0.6099
v 0.4641 1.1041 0.6068
v 0.4699 1.2626 0.6168
v -0.4722 1.3294 0.5994
v 0.4522 1.4742 0.6146
v -0.4641 1.5344 0.5636
v 0.4110 1.5933 0.6035
v 0.1439 1.7695 0.6624
v 0.0790 0.7629 0.5829
v -0.0185 0.7838 0.5780
v -0.1763 0.7608 0.6071
v 0.1478 0.7817 0.6051
v 0.2512 0.8024 0.5887
v 0.2413 0.8170 0.6346
v 0.2648 0.8586 0.6465
v -0.4201 0.9466 0.6033
v 0.4303 1.0397 0.6204
v 0.4705 1.4050 0.6024
v 0.4122 1.5434 0.6405
v -0.3533 1.6671 0.6212
v 0.0011 1.7987 0.6522
v -0.0377 1.8342 0.6005
v -0.3427 0.7711 0.6064
v -0.0809 0.8175 0.5926
v -0.1100 0.8189 0.6569
v -0.3856 0.8341 0.6295
v -0.4373 0.9956 0.5797
v 0.3910 1.0245 0.6164
v -0.4513 1.1000 0.6168
v -0.4598 1.1749 0.6226
v -0.4707 1.3728 0.5977
v 0.3762 1.5528 0.6816
v 0.3700 1.6182 0.6384
v -0.3687 1.6468 0.6220
v 0.3617 1.6726 0.6031
v 0.2629 1.7361 0.6336
v -0.2408 1.7787 0.5887
v 0.2289 1.7904 0.5800
v 0.0683 1.8171 0.6073
v 0.0790 0.7751 0.6538
v -0.2149 0.7721 0.6455
v -0.1892 0.7796 0.6559
v -0.3285 0.9024 0.6615
v -0.4108 0.9754 0.6497
v 0.4062 1.0654 0.6686
v 0.4293 1.0576 0.6895
v -0.4199 1.5325 0.6490
v 0.2320 1.7296 0.6792
v -0.1933 1.7382 0.6851
v 0.0932 0.7760 0.6793
v -0.1842 0.7711 0.7087
v -0.0853 0.8110 0.6696
v -0.2500 0.8116 0.6496
v 0.3455 0.9149 0.6526
v 0.2773 0.9136 0.6766
v -0.3302 0.9388 0.6823
v -0.3991 1.0057 0.6823
v 0.3732 1.0022 0.7062
v 0.4504 1.2590 0.6812
v -0.4124 1.3766 0.7053
v -0.4350 1.4812 0.6448
v -0.3472 1.6354 0.6774
v -0.1121 1.8160 0.6193
v 0.0027 0.7621 0.6661
v 0.0033 0.7355 0.7125
v 0.1424 0.7714 0.6742
v -0.0865 0.7634 0.7112
v -0.2994 0.9403 0.7014
v 0.3453 0.9497 0.6939
v -0.3881 0.9332 0.7079
v -0.4607 1.2437 0.6308
v -0.3938 1.5281 0.6809
v 0.2956 1.6449 0.7120
v 0.1321 1.7596 0.6906
v -0.1658 1.7402 0.7019
v -0.0388 1.7967 0.6638
v -0.0487 0.7653 0.6855
v 0.2098 0.7868 0.6868
v -0.2544 0.8612 0.6930
v -0.2581 0.8796 0.7335
v -0.3003 0.9450 0.7188
v -0.4064 1.0772 0.7153
v -0.4202 1.0782 0.6860
v 0.4395 1.1219 0.7157
v -0.3252 1.5629 0.7573
v 0.3516 1.5430 0.7219
v -0.2557 1.6970 0.7503
v -0.1929 1.7058 0.7301
v -0.2639 1.7290 0.6496
v -0.0153 1.7488 0.7300
v 0.0902 0.7595 0.7283
v -0.2097 0.7485 0.7173
v 0.1931 0.7716 0.7791
v 0.1373 0.7906 0.7328
v -0.1162 0.7920 0.7069
v 0.2349 0.8048 0.7163
v 0.4056 1.0379 0.7253
v -0.4152 1.2622 0.6988
v 0.4224 1.1895 0.7363
v 0.4300 1.2534 0.7197
v 0.4104 1.3483 0.7350
v -0.3985 1.3518 0.7549
v -0.3792 1.4189 0.7549
v 0.3882 1.4575 0.7197
v 0.2447 1.7063 0.7109
v 0.1609 1.7097 0.7722
v -0.0706 1.7091 0.7586
v -0.0793 0.7536 0.7560
v -0.0193 0.7648 0.7409
v -0.1693 0.7377 0.7558
v -0.1445 0.7747 0.7823
v -0.1284 0.8008 0.7563
v -0.2928 0.8645 0.7579
v -0.3265 0.8908 0.7566
v -0.3476 0.9125 0.7298
v -0.3644 0.9731 0.7542
v -0.4153 1.1875 0.7573
v 0.3999 1.2131 0.7925
v -0.3356 1.5081 0.7726
v 0.3343 1.5221 0.7765
v -0.3027 1.6283 0.7416
v 0.0844 1.7485 0.7127
v 0.0509 1.7245 0.7406
v -0.1332 1.7274 0.7370
v -0.1978 0.7294 0.7578
v -0.2200 0.7738 0.7743
v 0.0439 0.7895 0.7475
v 0.2296 0.8482 0.7951
v -0.2640 0.8634 0.7797
v 0.2823 0.8804 0.7540
v 0.3335 0.9405 0.7558
v 0.4035 1.0513 0.7554
v -0.4033 1.1837 0.7958
v 0.3468 1.3069 0.8352
v 0.2828 1.6672 0.7626
v 0.0073 1.6849 0.7859
v 0.1689 0.7541 0.8109
v -0.1900 0.7626 0.8039
v -0.0844 0.7700 0.8488
v -0.0920 0.7805 0.8091
v -0.3461 0.9177 0.8010
v 0.3478 1.0263 0.8075
v 0.3091 0.9848 0.7984
v 0.3457 1.2693 0.8539
v 0.3848 1.3095 0.7876
v 0.3509 1.4357 0.7810
v 0.2885 1.5368 0.8403
v 0.2469 1.6989 0.7592
v 0.1187 1.6569 0.8075
v 0.0908 0.7448 0.7977
v -0.1230 0.7489 0.8381
v 0.1330 0.7915 0.8039
v 0.2706 1.6034 0.8486
v -0.2835 1.5806 0.8388
v 0.0518 1.6162 0.8327
v -0.1242 1.6748 0.8043
v -0.2546 1.6621 0.8016
v -0.2150 1.6443 0.8489
v 0.0614 0.7624 0.8178
v 0.0930 0.7599 0.8397
v 0.0060 0.7624 0.8362
v -0.1670 0.7674 0.8432
v -0.2874 0.8897 0.7995
v 0.3128 0.8864 0.8419
v 0.2744 0.9218 0.8098
v -0.3934 1.0016 0.8000
v -0.4053 1.0975 0.8445
v 0.3840 1.1378 0.8116
v 0.3343 1.3362 0.8412
v 0.2968 1.4303 0.8509
v -0.3697 1.3501 0.7977
v 0.2727 1.4367 0.8816
v 0.0500 0.7096 0.8512
v 0.2099 0.7528 0.8326
v -0.2568 0.8206 0.8460
v -0.2963 0.8243 0.8408
v -0.3388 0.8720 0.8471
v 0.2282 0.7850 0.8317
v 0.3557 1.1301 0.8557
v -0.3801 1.2733 0.8342
v 0.2634 1.3642 0.9278
v 0.1317 1.6461 0.8248
v 0.1707 1.6686 0.8271
v 0.0291 0.6214 0.8738
v 0.0928 0.6462 0.8779
v -0.0476 0.6226 0.8803
v 0.1500 0.7254 0.8702
v -0.0592 0.7337 0.8628
v 0.2305 0.7055 0.8929
v -0.2871 0.8263 0.8774
v 0.2697 0.8881 0.8382
v 0.3398 0.9397 0.8426
v -0.3515 1.0197 0.8609
v 0.3502 1.1070 0.8762
v -0.3785 1.2015 0.8722
v -0.3387 1.2626 0.8772
v -0.3039 1.3188 0.8896
v -0.2940 1.3573 0.8832
v -0.3242 1.3769 0.8464
v -0.2362 1.5744 0.8772
v 0.1069 1.5573 0.8767
v 0.0565 1.5586 0.8804
v -0.0432 1.5990 0.8508
v -0.1213 1.5694 0.8788
v -0.2849 1.6147 0.8192
v 0.2397 1.6138 0.8729
v 0.0584 0.5813 0.8945
v -0.0900 0.6320 0.9084
v 0.2111 0.6656 0.8979
v 0.1817 0.7261 0.8952
v -0.2116 0.8549 0.8858
v -0.2128 0.8539 0.9007
v 0.2695 0.8330 0.9265
v 0.3512 1.1037 0.8930
v -0.3527 1.1486 0.8872
v -0.2466 1.4290 0.9006
v 0.2006 1.4442 0.9397
v -0.1679 1.6421 0.8540
v -0.1865 1.5609 0.8897
v 0.2016 1.6061 0.8846
v 0.1865 0.6208 0.9188
v 0.1468 0.5803 0.9181
v 0.2176 0.6562 0.9319
v -0.1173 0.7432 0.8812
v 0.2485 0.8051 0.9401
v 0.3225 0.8655 0.9150
v -0.3331 0.9136 0.8809
v 0.3552 0.9065 0.9260
v -0.3412 0.8925 0.9251
v 0.3709 1.0181 0.9248
v -0.3393 1.0930 0.9384
v 0.2403 1.5372 0.8953
v -0.1595 1.4896 0.9183
v 0.1624 1.5244 0.9086
v -0.2169 1.5793 0.8832
v -0.0061 1.5572 0.8874
v -0.0351 0.5771 0.9337
v 0.1785 0.5790 0.9394
v -0.1338 0.6337 0.9187
v -0.3136 1.2592 0.9377
v 0.3031 1.2574 0.9270
v 0.2524 1.3175 0.9986
v 0.2123 1.3739 0.9822
v 0.0872 0.5379 0.9265
v 0.1045 0.5410 0.9447
v -0.0115 0.5622 0.9519
v 0.1911 0.6242 0.9797
v -0.1740 0.7296 0.9708
v -0.1741 0.7859 0.9320
v 0.2040 0.7599 0.9721
v -0.2973 0.7970 0.9185
v -0.3425 1.0004 0.9494
v 0.3564 1.1155 0.9168
v 0.3067 1.2558 0.9846
v -0.2068 1.4228 0.9339
v 0.1501 1.4958 0.9235
v -0.1197 1.4814 0.9407
v -0.0623 1.5115 0.9266
v -0.0853 0.5785 0.9776
v -0.1299 0.5594 0.9702
v 0.1649 0.5866 0.9695
v -0.1628 0.6138 0.9654
v -0.2346 0.7882 0.9986
v -0.2350 0.8247 0.9415
v 0.2966 0.9668 0.9706
v -0.3517 1.1046 0.9741
v -0.3143 1.1949 0.9741
v -0.2480 1.2987 1.0218
v -0.2129 1.3806 0.9811
v -0.1684 1.3869 1.0097
v 0.1707 1.3868 1.0075
v 0.0871 1.4737 0.9700
v 0.0229 1.4950 0.9485
v -0.0743 0.5313 1.0151
v 0.1346 0.5276 1.0129
v -0.1333 0.5850 1.0128
v -0.2186 0.6900 1.0048
v -0.2847 0.8970 0.9997
v -0.2628 0.8741 0.9746
v 0.2423 0.8613 0.9809
v -0.3157 0.9918 0.9966
v 0.3536 0.9972 0.9668
v -0.3143 1.0936 1.0074
v 0.3597 1.1290 0.9793
v -0.2688 1.2751 0.9961
v 0.2451 1.2726 1.0414
v 0.1961 1.3565 1.0215
v -0.0961 0.5552 0.9993
v -0.2185 0.6578 1.0328
v 0.2464 0.7971 1.0254
v 0.3209 0.9794 1.0028
v 0.0741 1.4172 1.0246
v -0.0887 1.4079 1.0323
v -0.0634 1.4438 1.0009
v -0.0250 0.5352 1.0092
v 0.1740 0.5494 1.0489
v 0.2258 0.6456 1.0124
v 0.3316 1.0268 1.0452
v 0.3129 1.1960 1.0269
v -0.2571 1.2473 1.0951
v 0.0267 1.4081 1.0433
v 0.0886 0.5177 1.0358
v 0.0099 0.5179 1.0476
v 0.1361 0.5429 1.0572
v 0.2387 0.6584 1.0495
v 0.2821 0.6512 1.0719
v 0.3057 0.8118 1.0631
v 0.3289 0.9084 1.0586
v -0.2967 0.9677 1.0558
v -0.3055 1.0915 1.0533
v 0.3133 1.0191 1.1064
v 0.2720 1.2304 1.0562
v 0.2294 1.2532 1.0669
v -0.1959 1.3390 1.0403
v -0.1563 1.3590 1.0595
v 0.2217 0.6073 1.0845
v 0.2712 0.6071 1.0977
v -0.2692 0.8884 1.0574
v 0.2877 1.1176 1.1010
v -0.2875 1.2012 1.0896
v 0.0810 1.3690 1.0857
v -0.0652 0.5402 1.1014
v -0.0855 0.5224 1.0651
v -0.1345 0.5216 1.1052
v -0.1805 0.5534 1.0943
v -0.1649 0.5782 1.0452
v -0.2323 0.6543 1.1097
v -0.3180 0.9765 1.1281
v 0.2469 1.2003 1.1407
v 0.1416 1.3674 1.0563
v 0.1121 0.5130 1.1099
v 0.0287 0.5214 1.0796
v 0.1740 0.5429 1.1366
v 0.2916 0.6609 1.1291
v 0.3183 0.9033 1.1052
v -0.3163 1.1273 1.0988
v 0.1665 1.2711 1.1405
v -0.1791 1.3092 1.1022
v -0.0913 1.3352 1.1176
v -0.0590 1.3903 1.0592
v 0.2184 0.5730 1.1319
v 0.2654 0.5963 1.1392
v -0.2349 0.7598 1.1050
v -0.2770 0.8028 1.1251
v 0.3128 0.6831 1.1386
v -0.2896 0.9199 1.1126
v 0.3419 0.9055 1.1421
v 0.2875 1.1208 1.1285
v 0.1154 1.2713 1.1928
v 0.0580 1.3582 1.1015
v 0.0513 1.3107 1.1680
v -0.0158 1.3310 1.1457
v -0.0187 0.5106 1.1873
v 0.0008 0.5131 1.1537
v -0.2198 0.6013 1.1167
v -0.2599 0.5972 1.1438
v 0.2695 0.7065 1.1381
v 0.3112 0.6928 1.1970
v -0.3080 0.8641 1.1390
v -0.1840 1.2789 1.1584
v 0.0124 1.3373 1.1529
v 0.0547 0.4964 1.1329
v 0.1801 0.5041 1.1896
v 0.2298 0.5492 1.1850
v -0.2615 0.6430 1.1886
v 0.2917 0.6781 1.1614
v 0.2683 0.6609 1.1927
v 0.3131 0.9796 1.1829
v -0.3097 1.0959 1.1627
v 0.2841 1.1194 1.1906
v 0.2068 1.2144 1.1723
v -0.0777 1.2684 1.2248
v 0.1398 0.5014 1.2182
v 0.0604 0.4855 1.1989
v -0.1078 0.5253 1.1386
v -0.2143 0.5988 1.1862
v -0.3179 0.7802 1.1814
v 0.3085 0.8287 1.2105
v -0.3336 0.8901 1.1965
v -0.2831 1.1544 1.1455
v -0.1238 1.2639 1.1951
v -0.0303 1.3124 1.1874
v -0.1705 0.5416 1.1918
v 0.2545 0.5895 1.2286
v -0.2868 0.6665 1.1888
v -0.3311 0.7426 1.2548
v 0.2802 0.6949 1.2192
v 0.2368 1.1556 1.2219
v 0.0330 1.2998 1.2088
v 0.1033 0.4814 1.2285
v -0.0034 0.4717 1.2658
v 0.1822 0.5352 1.2398
v 0.2692 0.6166 1.2416
v 0.3132 0.7898 1.2275
v -0.3266 0.7943 1.2116
v 0.3431 0.9133 1.2373
v 0.3056 0.9866 1.2250
v -0.2693 1.1113 1.2570
v 0.1931 1.1717 1.3013
v -0.2159 1.2018 1.2066
v -0.1682 1.2348 1.2356
v 0.1778 1.2155 1.2216
v 0.1247 1.2434 1.2270
v 0.0310 1.2847 1.2281
v -0.0305 1.2881 1.2262
v -0.0781 0.5165 1.2164
v 0.2163 0.5490 1.2874
v -0.2918 0.6077 1.2309
v 0.3255 0.6947 1.2615
v -0.3152 0.9280 1.2806
v -0.3132 1.0315 1.2311
v 0.0112 1.2730 1.2601
v -0.0113 1.2712 1.2609
v 0.0101 1.4657 1.2774
v -0.2086 0.5307 1.2438
v -0.2648 0.5745 1.2778
v 0.2493 1.1172 1.2472
v -0.2125 1.1482 1.3047
v 0.1784 1.2036 1.2782
v -0.1296 1.1893 1.2952
v 0.1029 1.2430 1.2865
v 0.0467 1.2597 1.2740
v -0.0070 0.4669 1.2823
v 0.1201 0.4914 1.3315
v 0.0384 0.4692 1.3197
v -0.0818 0.4861 1.3230
v -0.2080 0.4956 1.2906
v -0.3135 0.5929 1.3134
v 0.3068 0.6267 1.2801
v 0.2849 0.5877 1.3149
v 0.3272 0.6891 1.3059
v -0.3046 0.9892 1.3227
v -0.3015 1.0765 1.2788
v 0.2708 1.0816 1.2996
v -0.0300 1.2473 1.2808
v -0.0107 1.4647 1.2747
v 0.1487 0.5073 1.3296
v -0.1264 0.5110 1.3250
v 0.2221 0.5400 1.3185
v 0.1833 0.5426 1.3173
v 0.3525 0.8604 1.3164
v 0.3169 0.9896 1.2806
v -0.3497 0.9228 1.3216
v -0.2586 1.0724 1.3147
v 0.0533 1.2118 1.3223
v -0.0325 0.4823 1.3170
v -0.2091 0.5040 1.3314
v 0.2485 0.5861 1.3644
v -0.3503 0.7713 1.3211
v 0.3339 0.7229 1.3657
v 0.2758 1.0558 1.3777
v -0.1825 1.1606 1.3231
v -0.0287 1.2167 1.3228
v -0.0899 0.5041 1.3618
v 0.1870 0.5244 1.3551
v -0.2660 0.5742 1.3261
v -0.2760 0.6056 1.3515
v -0.3310 0.7033 1.3438
v 0.3196 0.9335 1.3652
v -0.3072 0.9116 1.3559
v 0.2287 1.1070 1.3385
v 0.1782 1.1563 1.3545
v -0.0887 1.1997 1.3118
v -0.0198 0.4656 1.3715
v -0.3198 0.7779 1.3689
v 0.3259 0.8418 1.3894
v -0.2417 1.0880 1.3629
v 0.2363 1.0748 1.4150
v 0.0901 1.1362 1.4121
v 0.0535 1.1625 1.3843
v -0.1512 1.1712 1.3638
v 0.0197 0.4776 1.4208
v -0.1432 0.4951 1.3894
v 0.1939 0.5284 1.3904
v -0.2404 0.5377 1.3680
v -0.2942 0.6924 1.3704
v 0.2890 0.7227 1.3983
v 0.3177 0.8245 1.4344
v -0.2122 1.0606 1.4043
v -0.2616 1.0215 1.3892
v -0.1741 1.1420 1.3840
v 0.1289 1.1241 1.3970
v -0.0771 1.1782 1.3863
v -0.1725 0.5199 1.4095
v 0.2762 0.6282 1.3712
v -0.2948 0.9354 1.4122
v 0.2797 1.0190 1.4231
v 0.1889 1.1055 1.4292
v -0.0115 1.1427 1.4082
v -0.0821 1.1519 1.4426
v -0.1075 0.4914 1.4389
v 0.1339 0.5048 1.4486
v 0.0991 0.5047 1.4287
v -0.2209 0.5279 1.4158
v 0.2239 0.5515 1.4459
v -0.2287 0.5907 1.4480
v 0.3243 0.7363 1.4506
v -0.3304 0.8358 1.4326
v -0.3084 0.7876 1.4390
v 0.2961 0.9523 1.4574
v -0.2759 0.6468 1.4548
v -0.3519 0.7494 1.4540
v -0.3486 0.8623 1.4576
v -0.3135 0.8074 1.4697
v 0.2270 1.0427 1.4496
v -0.2049 1.0637 1.4858
v 0.0337 1.1326 1.4507
v 0.0654 0.5018 1.4802
v -0.0354 0.5062 1.4511
v -0.0841 0.4886 1.4865
v -0.1569 0.5065 1.4482
v 0.1091 0.5195 1.4916
v 0.2207 0.6052 1.4920
v 0.3170 0.6836 1.4776
v -0.3144 0.7212 1.4613
v -0.2763 0.9363 1.4432
v 0.1088 1.0960 1.5178
v 0.0333 1.1293 1.4900
v -0.0467 1.1302 1.4747
v 0.0121 0.5084 1.4774
v -0.0762 0.4934 1.5097
v -0.2688 0.5935 1.4905
v 0.2795 0.6200 1.4881
v -0.3371 0.7301 1.4842
v -0.3046 0.8279 1.4992
v 0.3341 0.8935 1.4900
v 0.2196 1.0657 1.4963
v -0.1521 0.5392 1.4933
v 0.1454 0.5260 1.5401
v -0.2097 0.5854 1.4956
v 0.2502 0.6016 1.4882
v -0.2662 0.6347 1.5318
v -0.3045 0.6528 1.4990
v -0.3090 0.7933 1.5262
v 0.3255 0.8299 1.5660
v -0.2978 0.9278 1.5379
v 0.2760 1.0190 1.4644
v 0.2519 1.0372 1.4834
v 0.0736 0.5253 1.5324
v 0.3033 0.6736 1.5747
v 0.3134 0.7400 1.5987
v 0.3190 0.8829 1.5830
v -0.2672 0.9820 1.4875
v 0.2989 0.9514 1.5300
v 0.2040 1.0266 1.5445
v 0.0230 1.1014 1.5326
v -0.0874 1.0830 1.5130
v -0.0972 0.5051 1.5412
v 0.0009 0.5371 1.5447
v -0.0387 0.5272 1.5940
v 0.2274 0.6299 1.5384
v -0.3175 0.8664 1.5386
v -0.2593 0.9404 1.5530
v 0.1420 1.0467 1.5695
v -0.1668 1.0456 1.5340
v 0.0917 1.0453 1.5695
v -0.1401 1.0874 1.4907
v -0.0360 1.0873 1.5851
v 0.2107 0.6122 1.5756
v -0.2323 0.6119 1.5824
v 0.2716 0.6719 1.5457
v -0.2653 0.8719 1.5844
v -0.2133 1.0299 1.5449
v -0.1196 1.0648 1.5742
v -0.0902 0.5307 1.5933
v 0.0884 0.5470 1.6088
v -0.1293 0.5566 1.5810
v -0.1821 0.5670 1.5719
v 0.2309 0.6610 1.5997
v 0.2763 0.6894 1.6016
v -0.2954 0.8094 1.5843
v 0.2898 0.9294 1.5838
v 0.2548 0.9580 1.5874
v -0.2082 0.9696 1.6143
v 0.2227 0.9467 1.6240
v -0.1941 1.0281 1.5785
v -0.0039 1.1090 1.5819
v 0.0150 0.5660 1.6013
v 0.1719 0.6103 1.6270
v 0.2612 0.6679 1.6257
v -0.2610 0.7201 1.5847
v 0.2703 0.8199 1.6146
v 0.1800 0.9350 1.6271
v -0.1694 0.9668 1.6271
v 0.1785 1.0401 1.5825
v -0.0546 1.0548 1.6251
v 0.1077 0.5363 1.5863
v -0.0817 0.5746 1.6285
v -0.1289 0.5512 1.6273
v 0.0779 0.5713 1.6431
v 0.2312 0.7803 1.6416
v 0.2667 0.7631 1.6376
v 0.2232 0.9097 1.6385
v -0.1288 1.0267 1.6187
v 0.1346 0.9900 1.6240
v 0.0604 1.0315 1.6256
v -0.0304 0.5551 1.6525
v 0.1937 0.6729 1.6656
v 0.2151 0.7459 1.6404
v -0.2211 0.8013 1.6559
v -0.2201 0.7394 1.6557
v -0.1795 0.9025 1.6676
v 0.1790 0.8380 1.6500
v 0.1525 0.9058 1.6825
v 0.1393 0.9145 1.7163
v -0.1265 1.0067 1.6768
v 0.0324 1.0928 1.5919
v 0.1339 0.6487 1.7004
v 0.0589 0.5603 1.6658
v 0.1780 0.7387 1.6952
v -0.0673 1.0165 1.6716
v -0.0185 0.5626 1.6992
v -0.0703 0.5774 1.6725
v -0.1103 0.6190 1.6757
v 0.0884 0.6824 1.7186
v -0.1787 0.7971 1.6770
v 0.0991 1.0038 1.6908
v 0.0598 0.9879 1.7190
v -0.0869 1.0115 1.7126
v 0.0403 1.1423 1.7929
v 0.0419 0.6267 1.7122
v -0.1398 0.6296 1.6581
v -0.0876 0.6819 1.7145
v -0.1239 0.6663 1.7215
v -0.1725 0.8748 1.7189
v -0.0383 0.6288 1.7308
v -0.0519 0.6753 1.7326
v 0.1414 0.7921 1.7331
v -0.1383 0.7254 1.7293
v -0.1310 0.8969 1.7189
v 0.0507 0.9468 1.7361
v -0.0468 0.9354 1.7407
v -0.0555 0.9823 1.7396
v 0.0000 1.1798 1.7902
v 0.0057 0.6739 1.7738
v 0.1257 0.7075 1.7413
v 0.0739 0.6922 1.7438
v 0.0506 0.7666 1.7669
v -0.0327 0.8204 1.7586
v -0.0755 0.7682 1.7568
v -0.1445 0.8517 1.7418
v -0.1122 0.8551 1.7498
v 0.0314 0.9137 1.7580
v -0.0607 1.0226 1.6998
v -0.0415 1.1299 1.7568
v -0.0190 0.8981 1.7572
v 0.0009 0.9026 1.7830
v -0.0114 0.7574 1.7936
v 0.0099 0.7712 1.8045
v 0.0585 1.0371 1.6688
v -0.0171 0.8532 1.8000
v 0.0097 0.8651 1.8004
v 0.0378 0.9942 1.8905
v -0.0218 1.1751 1.8004
v 0.0545 1.1402 1.9091
v 0.0543 1.0679 1.9306
v -0.0517 1.1165 1.8461
v -0.0332 0.9864 1.8852
v -0.0003 1.2522 1.9468
v -0.0061 0.9794 1.9434
v 0.0396 1.0466 1.9892
v -0.0553 1.0701 1.9235
v 0.0468 1.1284 2.0032
v 0.0471 1.1468 2.0113
v 0.0362 1.2256 1.9705
v -0.0323 1.2423 1.9867
v 0.0017 0.9956 1.9829
v 0.0100 1.0136 1.9984
v 0.0100 1.0334 2.0184
v 0.0100 1.0334 2.0184
v -0.0100 1.0334 2.0184
v 0.0251 1.0534 2.0184
v -0.0415 1.0597 2.0002
v 0.0125 1.3966 2.1946
v 0.0100 1.0334 2.0184
v -0.0100 1.0334 2.0184
v -0.0100 1.0534 2.0353
v 0.0437 1.2139 2.0984
v 0.0325 1.2998 2.0898
v -0.0358 1.1344 2.0655
v -0.0458 1.1957 2.0073
v 0.0225 1.1223 2.0879
v 0.0400 1.3246 2.2004
v -0.0384 1.3126 2.1572
v 0.0096 1.2822 2.2837
v -0.0106 1.1005 2.0766
v -0.0132 1.3942 2.1926
v 0.0352 1.3159 2.2573
v -0.0313 1.3421 2.3030
v 0.0218 1.3391 2.3548
v -0.0357 1.3560 2.2470
v 0.0336 1.4262 2.3101
v -0.0363 1.4124 2.3017
v -0.0139 1.5011 2.3139
v 0.0131 1.4854 2.4081
v 0.0122 1.4851 2.2975
v -0.0112 1.3368 2.3664
v -0.0149 1.4236 2.3832
v 0.0106 1.4216 2.3853
v 0.0139 1.6085 2.4014
v -0.0215 1.5292 2.3858
v -0.0110 1.6418 2.4270
v -0.0102 1.6534 2.4384
v 0.0001 1.6542 2.4365
v -0.0100 1.6541 2.4384
v 0.0116 1.6460 2.4676
v -0.0099 1.6245 2.4637
v -0.0105 1.6731 2.4589
v 0.0100 1.6735 2.4584
v -0.0100 1.6734 2.4583
v -0.0100 1.6734 2.4584
v 0.0100 1.6735 2.4584
v -0.0100 1.6735 2.4584
v 0.0100 1.6534 2.4689
v 0.0100 1.6734 2.4587
vn -0.481 0.073 -0.874
vn 0.248 0.423 -0.872
vn 0.502 -0.351 -0.790
vn 0.889 -0.456 0.035
vn 0.964 -0.115 -0.238
vn -0.246 0.566 -0.787
vn -0.619 -0.510 -0.597
vn 0.232 -0.960 0.159
vn 0.470 0.341 -0.814
vn -0.151 0.318 -0.936
vn -0.496 -0.861 -0.110
vn -0.762 0.184 -0.621
vn 0.534 0.263 -0.804
vn 0.539 -0.840 -0.062
vn 0.512 -0.782 0.356
vn 0.757 -0.554 0.347
vn 0.354 0.153 -0.922
vn -0.697 -0.406 -0.591
vn 0.360 -0.458 -0.813
vn 0.240 -0.335 -0.911
vn 0.711 -0.164 -0.684
vn 0.041 -0.097 -0.994
vn -0.517 -0.593 -0.617
vn 0.297 -0.584 -0.756
vn 0.380 -0.522 -0.764
vn -0.118 -0.428 -0.896
vn -0.789 -0.138 -0.598
vn 0.330 -0.420 -0.846
vn -0.188 -0.077 -0.979
vn 0.458 -0.184 -0.870
vn 0.212 -0.048 -0.976
vn 0.358 0.088 -0.930
vn -0.575 0.106 -0.811
vn -0.286 0.062 -0.956
vn -0.328 0.226 -0.917
vn 0.246 0.222 -0.944
vn -0.167 0.421 -0.891
vn 0.095 0.342 -0.935
vn 0.086 -0.463 -0.882
vn 0.439 0.165 -0.883
vn -0.279 0.281 -0.918
vn 0.197 0.446 -0.873
vn 0.254 -0.545 -0.799
vn -0.284 -0.272 -0.919
vn 0.245 -0.422 -0.873
vn 0.303 -0.399 -0.865
vn -0.503 -0.070 -0.862
vn -0.337 0.130 -0.933
vn -0.595 0.241 -0.767
vn -0.397 0.337 -0.853
vn 0.288 0.402 -0.869
vn 0.205 0.506 -0.838
vn -0.205 0.503 -0.839
vn -0.032 -0.515 -0.857
vn -0.304 -0.436 -0.847
vn 0.375 -0.632 -0.679
vn -0.025 -0.559 -0.829
vn 0.472 -0.522 -0.711
vn -0.413 -0.214 -0.885
vn 0.136 -0.541 -0.830
vn -0.502 -0.231 -0.833
vn 0.635 -0.262 -0.727
vn 0.505 0.037 -0.862
vn 0.528 0.200 -0.825
vn 0.423 0.242 -0.873
vn 0.019 0.597 -0.802
vn -0.243 -0.520 -0.819
vn -0.325 -0.384 -0.864
vn -0.095 -0.447 -0.890
vn 0.244 -0.447 -0.861
vn -0.642 -0.197 -0.741
vn 0.688 0.067 -0.723
vn 0.293 -0.636 -0.714
vn -0.700 -0.677 -0.227
vn 0.189 -0.499 -0.846
vn 0.192 -0.454 -0.870
vn 0.427 -0.461 -0.778
vn 0.773 -0.145 -0.618
vn 0.643 -0.186 -0.743
vn 0.759 -0.024 -0.651
vn 0.765 -0.000 -0.644
vn 0.627 -0.011 -0.779
vn 0.627 0.002 -0.779
vn 0.764 0.014 -0.645
vn 0.541 0.322 -0.777
vn -0.372 0.462 -0.805
vn -0.484 -0.703 -0.521
vn 0.017 -0.766 -0.642
vn -0.024 -0.664 -0.747
vn 0.308 -0.507 -0.805
vn -0.552 -0.385 -0.740
vn 0.033 -0.470 -0.882
vn -0.556 -0.354 -0.752
vn 0.727 -0.157 -0.668
vn -0.610 0.030 -0.792
vn 0.622 0.002 -0.783
vn 0.788 -0.015 -0.616
vn 0.677 0.054 -0.734
vn 0.724 0.186 -0.664
vn 0.505 0.471 -0.724
vn 0.377 0.526 -0.762
vn -0.447 0.571 -0.688
vn 0.182 0.659 -0.730
vn -0.365 -0.664 -0.652
vn 0.027 -0.983 -0.181
vn -0.768 -0.159 -0.620
vn 0.744 -0.204 -0.637
vn -0.803 0.141 -0.579
vn -0.680 0.200 -0.706
vn -0.248 0.593 -0.766
vn 0.115 -0.750 -0.651
vn -0.029 -0.763 -0.646
vn -0.315 -0.556 -0.769
vn 0.835 -0.308 -0.456
vn 0.848 -0.179 -0.499
vn 0.591 0.462 -0.662
vn 0.350 0.654 -0.670
vn -0.106 -0.917 -0.384
vn -0.002 -0.682 -0.731
vn -0.295 -0.666 -0.685
vn -0.080 -0.601 -0.795
vn -0.412 -0.721 -0.557
vn -0.458 -0.407 -0.790
vn -0.747 -0.049 -0.663
vn 0.655 0.317 -0.686
vn 0.717 0.349 -0.603
vn -0.568 0.406 -0.716
vn -0.230 0.734 -0.639
vn -0.081 0.696 -0.713
vn -0.063 -0.837 -0.543
vn 0.235 -0.791 -0.565
vn 0.197 -0.604 -0.773
vn -0.260 -0.780 -0.568
vn -0.094 -0.560 -0.823
vn 0.216 -0.551 -0.806
vn -0.434 -0.567 -0.700
vn 0.536 -0.516 -0.668
vn -0.567 -0.352 -0.744
vn 0.782 -0.370 -0.502
vn 0.602 -0.139 -0.787
vn 0.801 0.260 -0.539
vn 0.463 0.598 -0.654
vn -0.149 -0.586 -0.797
vn 0.426 -0.686 -0.589
vn 0.489 -0.775 -0.400
vn 0.368 -0.759 -0.538
vn -0.428 -0.541 -0.724
vn -0.680 -0.202 -0.704
vn 0.553 -0.310 -0.773
vn 0.419 -0.098 -0.903
vn 0.667 0.110 -0.737
vn -0.693 0.351 -0.630
vn -0.623 0.464 -0.630
vn 0.637 0.547 -0.543
vn 0.302 0.681 -0.667
vn 0.155 -0.920 -0.361
vn 0.153 -0.915 -0.373
vn 0.068 -0.801 -0.594
vn -0.100 -0.715 -0.692
vn 0.706 -0.663 -0.250
vn -0.531 -0.368 -0.763
vn -0.650 -0.059 -0.758
vn 0.360 -0.161 -0.919
vn -0.690 -0.001 -0.724
vn -0.473 0.694 -0.542
vn -0.448 0.589 -0.672
vn 0.459 0.644 -0.612
vn 0.098 0.784 -0.613
vn 0.086 -0.955 -0.282
vn -0.653 -0.492 -0.577
vn 0.395 -0.671 -0.627
vn 0.274 -0.366 -0.889
vn -0.180 -0.268 -0.946
vn -0.567 -0.143 -0.811
vn 0.534 -0.493 -0.687
vn 0.788 0.042 -0.614
vn -0.807 0.189 -0.560
vn 0.694 0.206 -0.690
vn -0.729 0.129 -0.672
vn 0.631 0.574 -0.521
vn 0.318 0.740 -0.593
vn 0.286 -0.916 -0.280
vn 0.094 -0.865 -0.493
vn 0.219 -0.970 -0.106
vn 0.533 -0.791 -0.302
vn -0.286 -0.265 -0.921
vn 0.220 -0.475 -0.852
vn -0.116 -0.787 -0.606
vn -0.573 -0.509 -0.642
vn -0.373 -0.562 -0.738
vn 0.112 -0.112 -0.987
vn -0.447 0.052 -0.893
vn 0.801 -0.292 -0.523
vn -0.763 0.228 -0.605
vn 0.719 0.491 -0.492
vn 0.341 0.829 -0.443
vn -0.085 0.811 -0.579
vn 0.057 -0.734 -0.677
vn -0.002 -0.700 -0.714
vn 0.018 -0.925 -0.379
vn 0.090 -0.925 -0.370
vn -0.036 -0.894 -0.446
vn -0.289 -0.436 -0.852
vn 0.592 -0.743 -0.311
vn 0.285 -0.885 -0.368
vn -0.703 -0.314 -0.638
vn -0.351 -0.135 -0.927
vn -0.927 -0.064 -0.370
vn 0.798 -0.210 -0.564
vn -0.768 0.271 -0.580
vn -0.145 0.891 -0.429
vn 0.222 -0.114 -0.968
vn -0.411 0.078 -0.908
vn -0.409 -0.571 -0.711
vn 0.112 -0.747 -0.655
vn -0.399 -0.469 -0.788
vn 0.105 -0.370 -0.923
vn -0.266 -0.276 -0.924
vn -0.375 -0.422 -0.826
vn 0.118 -0.645 -0.755
vn -0.750 -0.483 -0.452
vn 0.748 -0.655 0.112
vn 0.870 -0.384 -0.309
vn 0.856 -0.243 -0.456
vn 0.821 0.414 -0.393
vn 0.672 0.618 -0.407
vn 0.313 0.878 -0.362
vn 0.358 0.089 -0.929
vn -0.170 0.103 -0.980
vn 0.255 -0.514 -0.819
vn -0.108 -0.206 -0.973
vn 0.084 -0.230 -0.970
vn -0.442 -0.845 -0.301
vn 0.158 -0.598 -0.786
vn -0.733 -0.364 -0.575
vn 0.823 -0.568 -0.012
vn -0.804 0.392 -0.448
vn -0.728 0.393 -0.562
vn -0.735 0.446 -0.511
vn 0.555 0.714 -0.427
vn -0.331 0.801 -0.499
vn -0.018 0.918 -0.396
vn 0.129 -0.769 -0.626
vn -0.332 -0.490 -0.806
vn 0.528 -0.371 -0.764
vn -0.711 -0.046 -0.701
vn 0.261 -0.006 -0.965
vn 0.000 0.020 -1.000
vn -0.068 -0.272 -0.960
vn 0.487 -0.831 -0.271
vn 0.165 -0.887 -0.431
vn 0.344 -0.877 -0.336
vn -0.200 -0.928 -0.314
vn 0.107 -0.733 -0.672
vn -0.892 -0.002 -0.451
vn -0.849 -0.284 -0.446
vn -0.820 0.073 -0.567
vn 0.839 0.190 -0.510
vn -0.799 0.288 -0.528
vn 0.470 0.790 -0.393
vn 0.609 -0.676 -0.415
vn -0.770 -0.521 -0.369
vn 0.700 -0.593 -0.398
vn 0.542 -0.792 -0.281
vn -0.364 -0.067 -0.929
vn -0.631 -0.111 -0.768
vn -0.043 -0.498 -0.866
vn -0.253 -0.631 -0.733
vn 0.556 -0.702 -0.446
vn 0.720 -0.410 -0.560
vn 0.610 -0.351 -0.710
vn -0.839 0.362 -0.407
vn 0.778 0.298 -0.554
vn -0.751 0.493 -0.439
vn -0.630 0.630 -0.454
vn -0.442 0.812 -0.381
vn 0.134 0.911 -0.389
vn 0.709 -0.033 -0.704
vn 0.840 0.021 -0.542
vn -0.616 -0.114 -0.779
vn -0.075 -0.830 -0.553
vn -0.148 -0.875 -0.461
vn 0.056 -0.971 -0.232
vn 0.337 -0.889 -0.311
vn 0.809 -0.500 -0.311
vn 0.696 -0.406 -0.592
vn -0.679 -0.313 -0.664
vn -0.533 -0.283 -0.797
vn 0.739 -0.429 -0.520
vn 0.837 -0.161 -0.523
vn 0.855 0.367 -0.366
vn 0.756 0.514 -0.406
vn -0.612 0.724 -0.318
vn 0.930 -0.146 -0.337
vn -0.972 -0.112 -0.208
vn 0.599 -0.219 -0.771
vn -0.030 -0.824 -0.565
vn 0.278 -0.897 -0.343
vn 0.378 -0.352 -0.856
vn -0.698 -0.282 -0.658
vn 0.752 -0.401 -0.523
vn 0.846 0.118 -0.519
vn -0.874 0.176 -0.453
vn 0.860 0.303 -0.411
vn -0.570 0.788 -0.232
vn -0.973 -0.157 -0.169
vn 0.990 -0.056 -0.130
vn 0.893 -0.238 -0.381
vn 0.516 -0.833 -0.201
vn 0.211 -0.480 -0.851
vn 0.016 -0.886 -0.463
vn 0.290 -0.680 -0.674
vn 0.576 -0.232 -0.784
vn -0.570 -0.112 -0.814
vn 0.643 -0.291 -0.709
vn -0.932 -0.153 -0.329
vn -0.634 -0.089 -0.768
vn 0.460 -0.218 -0.860
vn 0.459 0.837 -0.298
vn 0.298 0.914 -0.277
vn -0.270 -0.956 -0.113
vn -0.633 0.094 -0.768
vn -0.814 -0.141 -0.563
vn -0.223 -0.505 -0.834
vn 0.131 -0.716 -0.686
vn -0.211 -0.879 -0.427
vn -0.316 -0.621 -0.717
vn -0.095 -0.958 -0.272
vn -0.915 -0.189 -0.357
vn -0.837 -0.412 -0.362
vn -0.961 -0.086 -0.265
vn 0.590 -0.321 -0.741
vn 0.676 -0.097 -0.731
vn -0.901 0.036 -0.431
vn -0.940 0.084 -0.330
vn -0.801 0.516 -0.304
vn 0.799 0.530 -0.286
vn -0.695 0.695 -0.185
vn -0.325 0.892 -0.313
vn -0.448 -0.787 -0.425
vn 0.754 -0.657 -0.002
vn 0.029 -0.276 -0.961
vn 0.253 -0.254 -0.933
vn -0.205 -0.246 -0.947
vn 0.463 -0.778 -0.425
vn 0.859 -0.227 -0.460
vn -0.055 -0.641 -0.765
vn -0.867 -0.245 -0.435
vn 0.331 -0.567 -0.754
vn 0.970 -0.104 0.222
vn 0.938 0.082 -0.338
vn -0.885 0.341 -0.316
vn -0.771 0.603 -0.205
vn -0.349 0.922 -0.167
vn 0.062 0.965 -0.253
vn -0.688 -0.699 0.196
vn -0.126 -0.629 -0.767
vn -0.143 -0.111 -0.983
vn -0.494 -0.074 -0.866
vn 0.604 -0.222 -0.766
vn -0.252 -0.344 -0.905
vn 0.770 -0.334 -0.543
vn -0.340 -0.407 -0.848
vn -0.088 -0.671 -0.736
vn -0.818 -0.295 -0.494
vn 0.357 -0.471 -0.807
vn -0.966 -0.171 -0.195
vn 0.935 0.327 -0.139
vn 0.719 0.676 -0.159
vn 0.628 0.721 -0.294
vn -0.094 0.965 -0.245
vn -0.143 0.941 -0.306
vn 0.294 -0.235 -0.926
vn 0.312 -0.002 -0.950
vn -0.061 -0.095 -0.994
vn 0.795 -0.295 -0.529
vn -0.531 -0.846 -0.043
vn 0.506 -0.788 -0.352
vn -0.396 -0.880 -0.263
vn 0.116 -0.936 -0.333
vn 0.569 -0.788 -0.235
vn -0.955 -0.296 -0.032
vn 0.674 -0.529 0.516
vn 0.904 -0.264 0.337
vn -0.948 0.210 -0.237
vn 0.926 0.360 -0.108
vn -0.637 0.749 -0.183
vn 0.019 0.989 -0.144
vn 0.368 -0.928 0.067
vn 0.484 -0.372 -0.792
vn -0.405 -0.136 -0.904
vn 0.948 -0.221 0.229
vn 0.659 -0.037 -0.751
vn -0.804 -0.136 -0.579
vn 0.862 -0.482 -0.156
vn -0.784 -0.548 -0.290
vn 0.880 -0.089 -0.466
vn -0.964 -0.193 -0.182
vn 0.833 -0.509 0.218
vn 0.971 0.231 0.060
vn 0.845 0.505 -0.175
vn 0.490 0.847 -0.206
vn 0.226 0.960 -0.168
vn -0.028 -0.987 0.161
vn 0.176 -0.858 0.482
vn 0.260 -0.873 -0.412
vn -0.292 -0.929 -0.226
vn -0.476 -0.666 -0.574
vn 0.574 -0.649 0.500
vn 0.274 -0.925 -0.265
vn -0.135 -0.963 -0.233
vn -0.965 -0.261 -0.023
vn 0.824 -0.272 -0.496
vn 0.927 -0.213 -0.310
vn 0.998 0.041 0.044
vn 0.953 0.295 -0.069
vn -0.306 -0.873 0.380
vn -0.677 -0.263 0.687
vn -0.964 -0.259 0.056
vn 0.706 -0.275 0.653
vn -0.737 -0.183 -0.651
vn 0.697 -0.160 -0.699
vn -0.956 -0.265 0.127
vn 0.360 -0.237 -0.902
vn -0.968 -0.244 -0.053
vn 0.844 -0.393 -0.365
vn -0.915 0.334 -0.224
vn 0.783 0.608 -0.133
vn 0.588 0.795 -0.147
vn -0.540 0.830 -0.138
vn 0.856 -0.085 -0.510
vn -0.948 -0.123 0.292
vn -0.938 -0.183 0.296
vn 0.699 -0.715 0.005
vn -0.631 -0.748 -0.207
vn -0.978 -0.210 -0.001
vn -0.994 -0.026 -0.106
vn 0.975 -0.184 0.123
vn 0.992 0.127 -0.016
vn 0.138 0.986 -0.094
vn -0.035 0.998 -0.047
vn 0.715 -0.665 -0.213
vn -0.977 -0.123 -0.176
vn -0.892 -0.146 -0.427
vn -0.972 -0.201 -0.119
vn 0.809 -0.220 -0.545
vn 0.484 -0.873 -0.066
vn 0.345 -0.937 -0.043
vn -0.946 -0.319 -0.051
vn 0.843 -0.156 -0.515
vn 0.845 -0.176 -0.504
vn -0.986 0.140 -0.086
vn -0.958 0.275 -0.086
vn -0.911 0.376 -0.168
vn 0.919 0.392 0.033
vn -0.898 0.439 -0.027
vn -0.853 0.468 -0.230
vn 0.846 0.532 -0.038
vn 0.602 0.780 -0.171
vn 0.377 0.918 -0.123
vn 0.314 0.947 -0.068
vn 0.055 0.984 -0.168
vn -0.758 -0.633 -0.159
vn 0.222 -0.376 0.900
vn 0.915 -0.014 -0.404
vn 0.863 -0.312 0.398
vn 0.900 -0.217 -0.379
vn -0.408 -0.791 -0.456
vn -0.938 -0.172 0.302
vn 0.904 0.015 -0.427
vn 0.953 -0.107 -0.283
vn 0.962 0.273 -0.000
vn -0.767 0.634 -0.103
vn 0.687 0.720 -0.097
vn -0.405 0.911 -0.074
vn -0.255 0.962 -0.097
vn -0.574 -0.816 0.068
vn -0.017 -0.535 0.844
vn -0.409 -0.508 0.758
vn 0.977 -0.203 0.059
vn 0.635 -0.679 0.368
vn -0.762 -0.232 0.604
vn -0.724 -0.679 -0.121
vn -0.460 -0.883 -0.098
vn -0.230 -0.964 0.133
vn -0.939 -0.225 0.261
vn 0.128 -0.981 -0.143
vn 0.934 -0.286 -0.213
vn -0.973 -0.104 0.208
vn -0.159 -0.347 0.924
vn 0.970 -0.195 0.145
vn 0.069 -0.971 0.227
vn -0.915 -0.313 0.256
vn 0.960 -0.232 0.160
vn 0.970 -0.179 -0.166
vn -0.966 -0.190 0.174
vn -0.996 0.065 0.065
vn -0.985 0.164 0.056
vn 0.525 0.846 -0.095
vn -0.813 -0.501 0.296
vn 0.518 -0.274 0.810
vn -0.601 -0.343 0.722
vn -0.959 -0.186 0.215
vn 0.459 -0.839 0.292
vn 0.557 -0.827 0.069
vn -0.951 -0.199 0.235
vn 0.940 -0.148 0.306
vn 0.995 0.066 0.073
vn 0.973 0.229 -0.036
vn 0.929 0.357 0.098
vn -0.942 0.337 0.004
vn -0.640 0.765 -0.075
vn -0.415 -0.780 0.469
vn 0.840 -0.493 0.228
vn 0.461 -0.413 0.785
vn 0.460 -0.723 0.516
vn 0.945 -0.323 -0.056
vn -0.809 -0.323 0.492
vn -0.961 -0.214 0.173
vn -0.989 -0.138 0.050
vn 0.978 -0.044 0.206
vn -0.943 0.303 0.137
vn -0.872 0.486 -0.053
vn 0.726 0.687 0.032
vn -0.599 0.801 0.011
vn -0.100 0.994 -0.047
vn 0.723 -0.188 0.665
vn 0.221 -0.401 0.889
vn -0.197 -0.493 0.848
vn 0.379 -0.635 0.673
vn -0.910 -0.396 0.125
vn -0.591 -0.754 0.288
vn -0.720 -0.541 0.434
vn 0.231 -0.966 0.116
vn 0.964 -0.161 0.213
vn 0.919 -0.083 0.387
vn -0.932 0.336 0.135
vn -0.772 0.635 -0.032
vn -0.719 0.695 -0.022
vn -0.418 0.908 -0.009
vn 0.126 0.992 0.027
vn 0.585 -0.778 0.228
vn 0.070 -0.973 0.219
vn -0.938 -0.116 0.325
vn 0.894 -0.139 0.427
vn -0.684 -0.717 0.133
vn -0.836 -0.359 0.415
vn 0.865 -0.256 0.431
vn -0.904 -0.295 0.310
vn 0.913 -0.169 0.370
vn -0.903 -0.216 0.371
vn 0.986 0.042 0.159
vn 0.930 0.364 0.044
vn 0.929 0.359 0.093
vn 0.880 0.471 0.057
vn -0.817 0.574 0.059
vn -0.181 0.983 -0.005
vn 0.554 -0.505 0.662
vn 0.160 -0.559 0.814
vn -0.431 -0.897 0.101
vn 0.337 -0.904 0.262
vn 0.820 -0.131 0.557
vn 0.955 0.289 0.064
vn -0.733 -0.230 0.640
vn -0.563 -0.519 0.643
vn 0.314 -0.567 0.762
vn 0.247 -0.874 0.419
vn -0.908 -0.191 0.373
vn -0.965 0.018 0.260
vn 0.965 0.110 0.239
vn -0.917 0.307 0.254
vn 0.940 0.330 0.084
vn -0.616 0.785 0.072
vn 0.061 -0.677 0.733
vn -0.804 -0.408 0.432
vn -0.153 -0.517 0.842
vn -0.440 -0.895 0.076
vn 0.001 -0.952 0.306
vn -0.038 -0.819 0.572
vn 0.314 -0.923 0.224
vn -0.848 -0.378 0.373
vn 0.898 -0.251 0.361
vn -0.885 -0.213 0.414
vn 0.953 -0.179 0.243
vn 0.781 0.622 0.065
vn 0.480 0.877 0.011
vn 0.183 0.983 0.025
vn -0.446 -0.309 0.840
vn 0.524 -0.180 0.832
vn 0.267 -0.202 0.942
vn -0.769 -0.170 0.616
vn 0.671 -0.308 0.674
vn 0.649 -0.246 0.720
vn -0.431 -0.902 0.026
vn -0.232 -0.968 0.100
vn 0.059 -0.824 0.564
vn -0.450 -0.443 0.775
vn 0.090 -0.990 0.109
vn 0.710 -0.162 0.685
vn 0.875 -0.209 0.436
vn 0.833 -0.279 0.477
vn 0.833 -0.241 0.498
vn -0.958 0.261 0.118
vn 0.703 0.711 0.014
vn -0.654 0.753 0.069
vn 0.562 0.827 0.023
vn 0.017 1.000 -0.002
vn 0.196 -0.143 0.970
vn 0.171 -0.914 0.368
vn -0.357 -0.806 0.472
vn -0.000 -0.970 0.242
vn 0.330 -0.821 0.466
vn -0.001 -0.742 0.671
vn -0.413 -0.360 0.836
vn -0.689 -0.335 0.643
vn -0.972 -0.191 0.140
vn 0.937 -0.243 0.250
vn -0.956 -0.156 0.247
vn -0.956 0.160 0.245
vn -0.919 0.388 0.071
vn 0.720 0.694 -0.003
vn -0.090 -0.137 0.986
vn -0.393 -0.799 0.455
vn -0.134 -0.648 0.750
vn 0.624 -0.284 0.728
vn -0.697 -0.287 0.657
vn -0.407 -0.645 0.646
vn 0.942 0.270 0.200
vn 0.796 0.604 0.038
vn -0.714 0.695 0.080
vn -0.319 0.947 -0.018
vn 0.274 0.962 0.012
vn -0.408 -0.305 0.860
vn 0.222 -0.962 0.159
vn 0.153 -0.942 0.297
vn 0.166 -0.985 0.039
vn -0.274 -0.667 0.693
vn -0.631 -0.392 0.670
vn -0.679 -0.674 0.292
vn 0.782 -0.335 0.526
vn 0.872 -0.301 0.386
vn 0.908 -0.208 0.364
vn 0.919 0.385 0.088
vn -0.964 0.265 0.011
vn 0.818 0.574 0.046
vn 0.718 0.696 -0.015
vn 0.657 0.744 0.118
vn 0.807 0.591 -0.016
vn 0.804 0.590 0.074
vn 0.528 0.848 0.035
vn -0.487 0.872 0.038
vn 0.262 -0.344 0.902
vn -0.524 -0.625 0.579
vn 0.920 -0.355 -0.164
vn -0.958 -0.019 0.287
vn 0.828 0.558 0.050
vn 0.748 0.645 0.158
vn 0.790 0.601 0.121
vn 0.806 0.587 0.078
vn 0.372 0.928 0.029
vn -0.311 0.950 0.016
vn 0.130 0.991 0.033
vn 0.153 -0.360 0.920
vn -0.364 -0.730 0.578
vn 0.613 -0.402 0.680
vn -0.297 -0.820 0.490
vn -0.281 -0.866 0.413
vn 0.070 -0.988 -0.136
vn 0.069 -0.961 0.267
vn -0.169 -0.905 0.391
vn 0.237 -0.970 0.063
vn -0.266 -0.930 0.253
vn 0.877 -0.457 0.150
vn 0.846 -0.515 0.138
vn -0.678 -0.735 0.013
vn 0.112 -0.992 0.050
vn -0.021 -0.708 0.706
vn 0.948 0.085 0.305
vn -0.779 0.613 0.130
vn -0.118 -0.529 0.840
vn 0.226 -0.528 0.819
vn 0.131 -0.578 0.805
vn -0.442 -0.820 0.363
vn -0.565 -0.377 0.734
vn 0.059 -0.792 0.608
vn -0.995 -0.102 0.022
vn -0.825 0.556 0.100
vn 0.025 -0.738 0.675
vn 0.290 -0.719 0.632
vn -0.277 -0.890 0.363
vn 0.044 -0.991 0.125
vn -0.444 -0.880 0.171
vn 0.671 -0.305 0.675
vn -0.152 -0.802 0.578
vn -0.642 -0.524 0.560
vn 0.533 -0.234 0.813
vn -0.773 -0.370 0.516
vn -0.040 -0.593 0.805
vn 0.700 -0.666 0.258
vn -0.295 -0.734 0.611
vn 0.917 -0.247 0.313
vn 0.909 -0.107 0.402
vn -0.989 0.113 0.095
vn -0.370 -0.894 0.253
vn 0.192 -0.634 0.749
vn 0.289 -0.597 0.748
vn -0.260 -0.797 0.546
vn 0.157 -0.983 0.100
vn -0.272 -0.844 0.463
vn -0.702 -0.576 0.420
vn 0.577 -0.466 0.671
vn -0.897 -0.442 -0.002
vn 0.429 -0.468 0.773
vn -0.048 -0.669 0.742
vn 0.955 0.268 0.124
vn -0.777 0.627 0.050
vn -0.672 0.740 0.009
vn 0.665 0.738 0.113
vn -0.138 0.990 0.006
vn 0.010 -0.992 0.129
vn 0.116 -0.768 0.629
vn 0.692 -0.696 0.193
vn 0.635 -0.650 0.418
vn 0.649 -0.328 0.687
vn -0.917 -0.273 0.289
vn -0.999 -0.033 0.034
vn 0.902 -0.028 0.430
vn 0.921 0.388 -0.046
vn 0.499 0.866 0.041
vn -0.138 -0.988 0.064
vn 0.171 -0.961 0.219
vn 0.143 -0.966 0.215
vn -0.257 -0.948 0.186
vn -0.003 -1.000 -0.026
vn -0.334 -0.911 0.241
vn 0.446 -0.680 0.582
vn -0.631 -0.324 0.705
vn 0.944 -0.088 0.318
vn 0.986 0.119 0.116
vn 0.962 0.264 0.069
vn 0.827 0.562 -0.000
vn -0.472 0.881 -0.022
vn -0.060 0.997 -0.050
vn 0.387 -0.792 0.473
vn -0.254 -0.937 0.240
vn -0.070 -0.984 0.164
vn 0.029 -0.991 0.131
vn 0.457 -0.690 0.561
vn 0.435 -0.687 0.582
vn -0.876 -0.444 0.190
vn -0.811 -0.543 0.219
vn -0.935 -0.343 0.090
vn -0.925 0.378 0.048
vn -0.739 0.672 -0.047
vn 0.036 0.999 -0.002
vn -0.159 -0.963 0.218
vn -0.467 -0.884 -0.041
vn -0.216 -0.975 0.054
vn 0.285 -0.958 0.014
vn 0.385 -0.903 0.193
vn 0.198 -0.886 -0.419
vn -0.890 -0.449 0.082
vn 0.956 -0.203 0.212
vn -0.898 -0.184 0.400
vn -0.989 0.141 0.039
vn -0.974 0.227 0.019
vn -0.632 0.775 -0.007
vn 0.422 0.905 0.049
vn 0.161 0.987 -0.014
vn -0.296 0.955 -0.021
vn 0.207 -0.964 0.166
vn -0.201 -0.973 0.110
vn -0.165 -0.943 0.290
vn -0.195 -0.968 0.159
vn -0.220 -0.968 0.121
vn -0.485 -0.855 0.181
vn -0.571 -0.815 0.100
vn -0.689 -0.676 -0.261
vn 0.763 -0.626 0.161
vn -0.990 0.060 0.124
vn 0.991 -0.080 -0.105
vn 0.091 0.995 -0.050
vn -0.145 -0.984 0.104
vn 0.169 -0.976 0.136
vn 0.613 -0.752 0.243
vn 0.629 -0.773 -0.083
vn -0.901 -0.377 -0.214
vn 0.788 -0.615 0.014
vn 0.943 -0.331 0.041
vn -0.871 -0.491 0.002
vn 0.211 -0.977 0.024
vn -0.986 -0.165 0.037
vn 0.970 0.224 -0.090
vn 0.342 0.940 0.013
vn 0.032 -0.980 -0.198
vn -0.369 -0.885 0.282
vn 0.148 -0.989 -0.015
vn 0.259 -0.913 -0.314
vn 0.173 -0.977 -0.122
vn -0.339 -0.598 -0.727
vn 0.928 -0.366 0.069
vn -0.996 0.085 0.008
vn 0.851 0.525 -0.026
vn 0.436 0.891 -0.130
vn 0.132 -0.985 -0.111
vn -0.044 -0.990 -0.137
vn 0.478 -0.876 -0.064
vn -0.392 -0.918 -0.051
vn 0.980 -0.178 -0.093
vn 0.996 -0.055 -0.071
vn -0.846 0.533 -0.020
vn 0.827 0.556 -0.084
vn 0.727 0.686 0.006
vn -0.590 0.807 -0.026
vn 0.550 0.835 0.008
vn -0.043 -0.982 -0.184
vn -0.113 -0.962 -0.247
vn -0.286 -0.956 -0.058
vn 0.189 -0.963 -0.192
vn 0.278 -0.957 -0.088
vn 0.726 -0.684 -0.065
vn -0.778 -0.507 -0.372
vn -0.914 0.405 0.000
vn -0.452 0.891 -0.046
vn -0.006 -0.999 -0.049
vn -0.369 -0.929 0.043
vn 0.646 -0.712 0.274
vn -0.455 -0.890 -0.029
vn 0.013 -0.985 0.173
vn 0.722 -0.640 0.262
vn 0.687 -0.716 -0.126
vn -0.663 -0.737 -0.134
vn -0.832 -0.480 -0.277
vn 0.907 -0.421 0.024
vn -0.886 0.460 -0.057
vn -0.015 -0.906 -0.422
vn 0.312 -0.946 -0.087
vn -0.634 -0.756 0.163
vn -0.866 -0.413 0.282
vn 0.954 -0.296 -0.048
vn -0.967 0.249 -0.050
vn -0.742 0.670 0.015
vn 0.301 0.951 -0.065
vn -0.016 -0.960 -0.279
vn -0.251 -0.968 0.029
vn 0.590 -0.795 0.141
vn -0.560 -0.690 0.458
vn -0.655 -0.339 0.675
vn 0.877 -0.419 -0.236
vn -0.960 -0.275 0.055
vn 0.992 -0.126 -0.033
vn -0.983 0.040 -0.179
vn 0.947 0.313 -0.073
vn 0.676 0.733 -0.078
vn -0.311 0.948 -0.068
vn 0.001 0.997 -0.075
vn 0.248 -0.963 -0.105
vn -0.099 -0.993 0.070
vn 0.363 -0.932 -0.029
vn -0.358 -0.872 -0.333
vn -0.209 -0.790 -0.576
vn -0.685 -0.727 0.043
vn -0.578 -0.387 0.718
vn 0.998 0.055 0.022
vn 0.493 0.866 -0.079
vn -0.152 -0.964 -0.219
vn -0.714 -0.619 0.327
vn -0.852 -0.523 0.023
vn 0.937 -0.302 -0.174
vn 0.981 0.105 -0.166
vn -0.949 0.312 -0.046
vn -0.651 0.755 -0.081
vn 0.146 0.985 -0.091
vn 0.431 -0.901 -0.054
vn -0.284 -0.883 -0.373
vn -0.690 -0.682 0.243
vn -0.625 -0.752 -0.210
vn 0.947 -0.312 0.078
vn -0.846 -0.524 0.097
vn -0.957 -0.287 0.038
vn -0.976 0.217 -0.031
vn 0.736 0.676 -0.039
vn -0.244 0.966 -0.088
vn -0.303 -0.936 -0.179
vn -0.489 -0.865 0.113
vn 0.063 -0.965 -0.255
vn -0.757 -0.648 0.081
vn 0.858 -0.394 0.330
vn 0.967 -0.242 0.085
vn -0.999 0.030 0.025
vn -0.963 0.267 0.014
vn -0.810 0.580 -0.084
vn 0.713 0.692 -0.112
vn -0.534 0.842 -0.078
vn -0.496 0.861 -0.112
vn 0.285 0.957 -0.053
vn 0.130 -0.977 0.167
vn -0.020 -0.993 0.113
vn -0.205 -0.977 0.051
vn -0.212 -0.975 -0.062
vn 0.529 -0.810 -0.253
vn 0.767 -0.612 0.193
vn -0.976 -0.165 0.144
vn 0.994 -0.079 -0.074
vn 0.961 0.276 0.002
vn -0.652 0.752 -0.095
vn 0.205 -0.979 -0.010
vn -0.072 -0.996 -0.059
vn -0.137 -0.990 0.027
vn -0.531 -0.836 -0.139
vn 0.122 -0.989 0.087
vn -0.998 -0.005 -0.064
vn 0.966 0.204 -0.160
vn 0.180 0.982 -0.062
vn 0.025 -0.999 0.039
vn 0.354 -0.928 -0.114
vn 0.289 -0.923 -0.253
vn 0.496 -0.861 -0.112
vn -0.738 -0.631 -0.239
vn 0.913 -0.408 -0.024
vn -0.906 -0.411 -0.104
vn 0.998 -0.001 -0.059
vn 0.863 0.501 -0.069
vn 0.764 0.636 -0.113
vn 0.595 0.798 -0.089
vn 0.259 -0.965 -0.032
vn -0.452 -0.890 0.057
vn -0.314 -0.942 0.114
vn -0.349 -0.927 0.138
vn 0.769 -0.607 0.200
vn -0.857 -0.219 -0.466
vn 0.968 -0.247 -0.052
vn 0.997 0.075 0.037
vn -0.928 0.362 -0.087
vn 0.474 0.877 -0.077
vn -0.346 0.936 -0.066
vn 0.290 -0.955 0.058
vn 0.608 -0.726 -0.322
vn 0.722 -0.686 -0.086
vn -0.172 -0.984 0.034
vn -0.789 -0.542 -0.289
vn 0.839 -0.543 0.034
vn 0.922 -0.386 0.023
vn -0.989 0.125 -0.077
vn -0.987 0.159 -0.033
vn 0.958 0.287 0.002
vn 0.611 0.781 -0.127
vn -0.550 0.832 -0.071
vn 0.338 0.936 -0.096
vn 0.229 -0.969 0.092
vn -0.072 -0.997 0.034
vn 0.566 -0.821 0.068
vn -0.442 -0.893 0.080
vn -0.676 -0.723 -0.142
vn -0.962 -0.098 -0.256
vn -0.957 0.277 -0.081
vn -0.047 -0.997 -0.061
vn -0.506 -0.829 -0.236
vn -0.578 -0.815 -0.047
vn 0.685 -0.728 0.021
vn -0.861 -0.492 -0.127
vn -0.811 -0.505 -0.296
vn 0.978 -0.207 0.024
vn 0.670 0.739 -0.074
vn -0.717 0.695 -0.043
vn -0.116 0.989 -0.094
vn 0.120 0.989 -0.084
vn 0.219 -0.971 -0.091
vn 0.050 -0.999 -0.002
vn -0.000 0.000 0.000
vn 0.349 -0.929 -0.122
vn -0.322 -0.939 0.120
vn 0.652 -0.744 -0.146
vn -0.899 0.433 -0.067
vn -0.369 0.919 -0.141
vn -0.645 -0.762 -0.046
vn 0.769 -0.601 0.219
vn 0.844 -0.507 -0.173
vn -0.688 -0.683 0.245
vn -0.998 -0.049 -0.028
vn -0.947 0.319 -0.044
vn -0.805 0.587 -0.089
vn 0.502 0.856 -0.121
vn 0.578 0.806 -0.127
vn 0.145 -0.989 0.003
vn -0.340 -0.905 -0.257
vn 0.561 -0.824 0.078
vn 0.330 -0.940 0.091
vn -0.934 -0.310 0.175
vn -0.413 -0.903 -0.122
vn 0.286 -0.958 -0.008
vn 0.112 -0.988 -0.108
vn -0.191 -0.939 -0.285
vn 0.113 -0.993 0.031
vn -0.624 -0.782 -0.010
vn 0.679 -0.681 0.275
vn -0.823 -0.559 0.101
vn -0.551 -0.827 0.114
vn -0.833 -0.553 0.032
vn 0.991 0.089 -0.095
vn -0.998 0.058 -0.013
vn 0.871 0.484 -0.086
vn -0.835 0.551 -0.003
vn 0.666 0.742 -0.082
vn -0.556 0.815 -0.165
vn 0.232 -0.972 -0.029
vn 0.252 -0.959 -0.133
vn -0.711 -0.564 0.421
vn 0.772 0.630 -0.082
vn 0.199 0.970 -0.141
vn 0.063 0.987 -0.146
vn -0.077 -0.990 -0.122
vn 0.500 -0.866 -0.003
vn 0.162 -0.972 -0.169
vn 0.489 -0.868 0.086
vn 0.338 -0.831 0.442
vn 0.721 -0.689 -0.076
vn 0.895 -0.442 0.054
vn 0.982 0.183 -0.051
vn -0.814 0.564 -0.140
vn 0.355 0.922 -0.156
vn 0.053 -0.993 -0.109
vn -0.320 -0.946 -0.048
vn 0.063 -0.964 -0.259
vn -0.244 -0.917 -0.314
vn 0.626 -0.774 0.095
vn -0.747 -0.662 0.060
vn -0.833 -0.553 0.018
vn -0.194 -0.975 0.107
vn -0.815 -0.529 -0.236
vn 0.903 -0.403 -0.151
vn -0.926 -0.348 0.150
vn -0.821 -0.330 -0.466
vn 0.683 0.725 -0.091
vn 0.673 0.730 -0.120
vn -0.683 0.720 -0.121
vn -0.051 -0.983 -0.177
vn -0.063 -0.986 -0.156
vn -0.223 -0.973 -0.068
vn -0.559 -0.829 -0.026
vn 0.616 -0.782 0.092
vn -0.828 -0.558 -0.053
vn 0.772 -0.614 -0.166
vn 0.834 -0.380 -0.401
vn -0.787 -0.346 -0.511
vn -0.943 -0.325 -0.072
vn 0.991 -0.042 -0.126
vn 0.686 0.690 -0.231
vn 0.295 0.927 -0.230
vn -0.356 0.918 -0.174
vn -0.160 0.974 -0.161
vn 0.055 0.975 -0.217
vn -0.375 -0.926 -0.035
vn 0.328 -0.944 0.042
vn 0.535 -0.824 -0.187
vn 0.967 -0.243 -0.080
vn 0.937 0.342 -0.072
vn 0.893 0.434 -0.119
vn -0.777 0.580 -0.246
vn 0.772 0.613 -0.169
vn 0.650 0.731 -0.208
vn 0.287 -0.927 -0.240
vn -0.269 -0.948 0.169
vn 0.627 -0.707 0.327
vn 0.450 -0.838 -0.310
vn -0.734 -0.668 0.121
vn 0.664 -0.726 -0.178
vn 0.883 -0.444 -0.154
vn -0.945 -0.234 -0.227
vn 0.997 -0.075 0.015
vn -0.985 0.171 -0.010
vn 0.990 0.109 -0.088
vn 0.963 0.261 -0.073
vn 0.320 -0.947 0.027
vn 0.032 -0.999 0.010
vn 0.099 -0.983 -0.156
vn -0.120 -0.993 -0.010
vn 0.265 -0.962 -0.066
vn -0.697 -0.689 0.197
vn 0.381 -0.923 -0.059
vn -0.627 -0.754 0.196
vn 0.612 -0.767 -0.193
vn 0.624 -0.749 0.225
vn 0.534 -0.845 0.040
vn -0.762 -0.561 0.324
vn -0.896 -0.296 0.330
vn -0.996 0.086 0.002
vn -0.966 0.237 -0.102
vn 0.951 0.294 -0.093
vn -0.875 0.462 -0.142
vn 0.518 0.838 -0.171
vn -0.435 0.875 -0.211
vn 0.150 -0.989 -0.016
vn -0.358 -0.928 0.100
vn 0.462 -0.848 0.258
vn -0.570 -0.820 -0.047
vn -0.730 -0.682 -0.044
vn 0.295 -0.954 -0.048
vn -0.793 -0.600 0.105
vn -0.999 0.027 0.046
vn -0.990 -0.016 0.141
vn -0.961 0.272 -0.052
vn 0.895 0.428 -0.127
vn 0.686 0.703 -0.190
vn -0.543 0.821 -0.179
vn 0.045 0.967 -0.251
vn -0.139 0.973 -0.182
vn -0.088 -0.994 0.064
vn -0.342 -0.938 0.055
vn -0.398 -0.898 0.188
vn 0.289 -0.939 0.185
vn -0.361 -0.930 0.068
vn 0.569 -0.769 0.291
vn -0.717 -0.661 -0.221
vn 0.259 -0.939 0.228
vn 0.880 -0.474 -0.014
vn -0.422 -0.768 0.482
vn 0.933 -0.283 -0.222
vn -0.711 -0.458 0.534
vn 0.971 -0.239 0.026
vn 0.777 0.604 -0.179
vn 0.456 0.872 -0.177
vn 0.002 -0.999 -0.032
vn 0.330 -0.943 -0.052
vn -0.250 -0.968 0.006
vn 0.503 -0.698 0.510
vn 0.989 -0.118 -0.092
vn 0.974 0.216 -0.064
vn -0.919 0.386 -0.077
vn 0.926 0.364 -0.097
vn -0.825 0.550 -0.128
vn 0.566 0.801 -0.193
vn -0.613 0.763 -0.203
vn 0.370 0.899 -0.233
vn -0.297 0.931 -0.212
vn 0.205 0.954 -0.220
vn 0.036 0.991 -0.127
vn 0.079 -0.985 0.156
vn -0.245 -0.969 -0.042
vn 0.184 -0.981 0.060
vn -0.365 -0.930 0.035
vn 0.674 -0.731 0.101
vn -0.302 -0.953 0.031
vn 0.905 -0.420 -0.063
vn -0.737 -0.644 0.206
vn -0.782 -0.509 0.360
vn -0.788 -0.446 0.424
vn -0.843 -0.474 0.256
vn 0.992 -0.038 0.121
vn 0.999 -0.011 0.043
vn -0.993 0.118 -0.025
vn -0.634 0.742 -0.217
vn -0.725 0.661 -0.191
vn 0.328 0.927 -0.181
vn -0.157 0.956 -0.247
vn 0.403 -0.888 0.224
vn 0.495 -0.845 0.204
vn -0.837 -0.499 0.226
vn 0.178 0.958 -0.223
vn -0.059 0.973 -0.222
vn -0.040 -0.926 0.375
vn 0.126 -0.950 0.287
vn -0.024 -0.936 0.350
vn -0.253 -0.953 0.168
vn -0.361 -0.932 -0.019
vn -0.552 -0.834 -0.023
vn 0.677 -0.734 -0.058
vn -0.813 -0.570 -0.118
vn 0.482 -0.788 -0.384
vn -0.910 -0.397 0.118
vn 0.555 -0.828 0.083
vn -0.859 -0.482 -0.170
vn -0.491 -0.793 -0.361
vn -0.799 -0.584 0.146
vn -0.855 -0.505 0.115
vn 0.993 -0.045 -0.112
vn -0.994 -0.090 0.055
vn 0.807 0.560 -0.187
vn -0.595 0.752 -0.284
vn 0.446 0.868 -0.219
vn -0.516 0.827 -0.225
vn 0.431 0.869 -0.241
vn -0.384 0.894 -0.230
vn -0.096 -0.993 -0.071
vn -0.253 -0.912 0.322
vn 0.354 -0.933 -0.058
vn 0.507 -0.752 -0.422
vn 0.559 -0.794 -0.240
vn -0.883 -0.449 -0.133
vn 0.668 -0.715 0.207
vn 0.862 -0.445 0.243
vn 0.977 -0.207 -0.058
vn -0.846 -0.521 0.109
vn 0.997 -0.034 -0.064
vn 0.994 0.108 0.014
vn 0.987 0.154 -0.039
vn -0.904 0.412 -0.112
vn 0.758 0.626 -0.180
vn -0.762 0.619 -0.189
vn 0.489 0.844 -0.223
vn -0.254 0.939 -0.231
vn -0.401 -0.913 -0.076
vn 0.383 -0.921 0.067
vn -0.544 -0.836 0.071
vn 0.692 -0.637 -0.341
vn -0.748 -0.618 -0.242
vn 0.588 -0.546 0.596
vn -0.966 -0.199 -0.164
vn -0.914 -0.299 0.273
vn 1.000 -0.009 0.011
vn -0.992 0.025 -0.127
vn -0.980 0.179 -0.090
vn -0.631 0.745 -0.217
vn 0.609 0.768 -0.199
vn -0.595 0.781 -0.189
vn 0.221 0.942 -0.254
vn 0.015 0.975 -0.224
vn 0.069 -0.988 0.137
vn 0.013 -0.973 0.230
vn 0.101 -0.965 0.243
vn -0.370 -0.928 0.037
vn 0.639 -0.690 -0.341
vn -0.684 -0.711 0.164
vn 0.798 -0.601 -0.034
vn -0.828 -0.540 -0.150
vn -0.866 -0.452 -0.216
vn -0.771 -0.579 -0.265
vn 0.970 -0.194 -0.148
vn -0.997 0.077 0.007
vn 0.917 0.376 -0.135
vn 0.831 0.539 -0.138
vn 0.671 0.725 -0.158
vn -0.618 0.749 -0.239
vn -0.476 0.844 -0.247
vn 0.012 0.971 -0.239
vn 0.029 -0.985 0.171
vn 0.008 -0.967 0.254
vn 0.629 -0.754 -0.187
vn -0.518 -0.850 0.091
vn -0.573 -0.697 0.431
vn 0.427 -0.576 0.697
vn 0.517 -0.614 0.597
vn 0.583 -0.734 0.349
vn -0.859 -0.508 -0.064
vn 0.998 0.015 -0.059
vn 0.973 0.210 -0.090
vn 0.966 0.238 -0.101
vn -0.950 0.296 -0.102
vn -0.873 0.462 -0.155
vn -0.268 0.947 -0.178
vn -0.124 0.973 -0.193
vn 0.062 -0.998 -0.002
vn -0.015 -0.971 0.239
vn 0.365 -0.901 0.232
vn -0.022 -0.992 0.126
vn 0.901 -0.410 -0.143
vn -0.653 -0.631 -0.419
vn 0.645 -0.702 -0.301
vn -0.861 -0.417 -0.293
vn 0.514 -0.811 -0.281
vn -0.966 -0.187 0.176
vn -0.989 0.145 -0.032
vn 0.926 0.341 -0.162
vn -0.923 0.353 -0.151
vn 0.406 0.892 -0.201
vn 0.260 0.935 -0.239
vn 0.004 -0.998 -0.070
vn -0.136 -0.991 -0.004
vn 0.508 -0.848 0.149
vn 0.211 -0.970 -0.125
vn 0.096 -0.993 0.070
vn 0.497 -0.670 0.551
vn -0.697 -0.716 0.032
vn -0.942 -0.335 0.023
vn 0.949 -0.215 0.233
vn 0.982 -0.038 0.183
vn 0.995 -0.094 0.029
vn 0.816 0.563 -0.131
vn 0.746 0.650 -0.149
vn 0.501 0.839 -0.212
vn 0.075 0.983 -0.167
vn 0.147 -0.989 0.010
vn -0.484 -0.873 -0.059
vn -0.628 -0.735 0.257
vn -0.138 -0.877 0.461
vn 0.764 -0.556 -0.328
vn -0.649 -0.693 0.314
vn 0.593 -0.786 -0.173
vn 0.698 -0.500 -0.512
vn 0.443 -0.430 -0.787
vn 0.546 -0.469 -0.694
vn 0.948 -0.296 0.116
vn -0.963 -0.252 0.099
vn 0.970 -0.116 0.212
vn -0.997 0.013 0.082
vn 1.000 -0.002 0.023
vn 0.877 0.456 -0.148
vn -0.865 0.466 -0.185
vn -0.725 0.653 -0.216
vn 0.786 0.606 -0.123
vn -0.064 -0.994 0.085
vn 0.021 -0.997 -0.070
vn -0.273 -0.907 0.321
vn 0.383 -0.857 0.345
vn -0.174 -0.971 -0.165
vn 0.645 -0.584 -0.493
vn -0.925 -0.340 0.168
vn 0.993 0.069 -0.099
vn -0.957 0.263 -0.126
vn 0.573 0.796 -0.195
vn -0.625 0.747 -0.227
vn 0.238 0.966 -0.101
vn -0.149 0.969 -0.197
vn 0.049 -0.990 0.134
vn 0.206 -0.900 0.385
vn -0.015 -0.997 0.075
vn -0.079 -0.850 0.521
vn 0.514 -0.853 -0.084
vn 0.579 -0.775 0.252
vn -0.691 -0.654 0.308
vn 0.477 -0.696 -0.536
vn -0.521 -0.840 -0.154
vn -0.785 -0.617 -0.058
vn 0.990 -0.121 -0.071
vn -0.779 0.612 -0.135
vn -0.645 0.752 -0.136
vn -0.183 -0.981 0.070
vn -0.159 -0.987 -0.034
vn 0.367 -0.915 0.169
vn -0.393 -0.808 -0.438
vn 0.841 -0.365 0.400
vn 0.964 -0.257 0.062
vn -0.971 -0.215 -0.107
vn 0.995 0.069 -0.070
vn -0.808 0.557 -0.191
vn 0.312 0.939 -0.145
vn 0.107 -0.994 -0.018
vn 0.156 -0.986 0.062
vn -0.125 -0.965 0.230
vn -0.693 -0.707 -0.139
vn 0.436 -0.705 0.559
vn -0.570 -0.808 -0.151
vn 0.887 -0.386 0.252
vn -0.942 -0.334 0.017
vn -0.980 -0.177 0.092
vn 0.804 0.580 -0.128
vn -0.755 0.651 -0.082
vn 0.467 0.871 -0.152
vn -0.358 0.917 -0.176
vn -0.267 0.946 -0.184
vn 0.345 -0.825 0.448
vn -0.096 -0.995 -0.036
vn 0.014 -0.999 0.044
vn -0.422 -0.907 -0.012
vn -0.312 -0.886 0.342
vn -0.517 -0.848 -0.113
vn -0.499 -0.718 -0.486
vn 0.416 -0.758 0.502
vn 0.499 -0.681 0.535
vn 0.675 -0.509 0.534
vn -0.886 -0.419 0.199
vn 0.871 -0.306 0.384
vn 0.889 -0.270 0.369
vn 0.953 -0.202 0.224
vn 0.991 0.133 -0.024
vn -0.941 0.329 -0.081
vn 0.905 0.416 -0.088
vn -0.909 0.409 -0.080
vn 0.691 0.696 -0.195
vn 0.589 0.789 -0.176
vn 0.310 0.947 -0.087
vn -0.034 0.987 -0.154
vn -0.237 0.947 -0.215
vn 0.029 -0.993 0.112
vn 0.379 -0.896 0.230
vn -0.198 -0.970 0.141
vn 0.878 -0.477 0.035
vn -0.155 -0.687 0.710
vn 0.785 -0.557 0.271
vn 0.835 -0.405 -0.373
vn -0.909 -0.407 0.088
vn 0.942 -0.301 0.146
vn 0.992 -0.103 -0.067
vn -0.999 0.012 -0.052
vn -0.990 0.127 -0.060
vn -0.983 0.158 -0.089
vn 0.731 0.673 -0.110
vn -0.507 0.855 -0.113
vn 0.481 0.863 -0.153
vn -0.210 0.971 -0.114
vn 0.061 -0.981 -0.185
vn -0.120 -0.991 0.062
vn 0.148 -0.984 0.099
vn 0.795 -0.607 -0.006
vn -0.331 -0.937 0.107
vn -0.343 -0.923 -0.177
vn -0.313 -0.932 -0.182
vn -0.720 -0.646 0.254
vn 0.258 -0.954 0.155
vn 0.258 -0.940 -0.224
vn 0.576 -0.799 0.174
vn 0.727 -0.636 -0.260
vn -0.902 -0.428 0.064
vn -0.940 -0.328 0.090
vn 0.923 -0.218 -0.317
vn -0.997 -0.047 0.066
vn 0.951 0.294 -0.097
vn -0.884 0.461 -0.075
vn 0.514 0.837 -0.185
vn -0.351 0.920 -0.177
vn 0.320 0.942 -0.105
vn -0.066 -0.975 0.212
vn -0.311 -0.937 0.160
vn 0.608 -0.776 0.169
vn -0.039 -0.967 0.251
vn -0.111 -0.990 -0.085
vn -0.414 -0.895 0.165
vn -0.570 -0.817 -0.082
vn -0.255 -0.804 0.538
vn -0.745 -0.665 -0.047
vn 0.502 -0.335 -0.797
vn 0.777 -0.236 -0.583
vn -0.992 -0.122 0.017
vn -0.740 0.662 -0.121
vn -0.690 0.717 -0.098
vn 0.273 -0.962 0.023
vn 0.033 -0.999 0.005
vn 0.007 -0.987 -0.158
vn 0.020 -0.970 0.244
vn -0.420 -0.907 -0.036
vn 0.465 -0.560 -0.685
vn -0.908 -0.408 -0.097
vn 0.842 -0.171 -0.512
vn 0.998 0.011 0.066
vn 0.999 0.049 -0.023
vn -0.963 0.261 -0.069
vn 0.927 0.374 -0.029
vn 0.386 0.909 -0.155
vn -0.513 0.856 -0.064
vn 0.239 0.963 -0.126
vn 0.136 0.987 -0.091
vn -0.349 -0.711 -0.610
vn -0.070 -0.991 0.113
vn -0.021 -0.985 0.174
vn 0.030 -0.976 -0.216
vn -0.071 -0.833 -0.548
vn -0.512 -0.852 0.108
vn 0.813 -0.567 -0.132
vn -0.949 -0.307 -0.077
vn 0.989 -0.026 -0.149
vn 0.999 -0.032 -0.006
vn -1.000 0.027 -0.011
vn 0.882 0.467 0.058
vn -0.808 0.577 -0.119
vn 0.439 0.866 -0.239
vn 0.007 -1.000 0.014
vn -0.306 -0.946 0.110
vn 0.633 -0.675 -0.379
vn -0.665 -0.691 0.282
vn 0.913 -0.393 -0.106
vn -0.610 -0.773 -0.172
vn 0.621 -0.716 -0.318
vn 0.741 -0.370 -0.560
vn 0.925 -0.249 -0.285
vn 0.950 -0.078 -0.301
vn -0.994 -0.088 0.070
vn -0.916 0.389 -0.096
vn -0.582 0.813 -0.012
vn -0.329 0.937 -0.117
vn -0.324 -0.945 0.039
vn -0.108 -0.980 0.169
vn 0.310 -0.920 0.239
vn -0.185 -0.916 -0.355
vn 0.584 -0.807 -0.085
vn -0.358 -0.933 0.029
vn -0.178 -0.984 0.003
vn -0.609 -0.690 -0.391
vn 0.667 -0.442 -0.600
vn -0.519 -0.832 -0.197
vn -0.392 -0.914 0.106
vn -0.613 -0.742 -0.271
vn -0.774 -0.603 -0.193
vn 0.812 -0.481 -0.331
vn -0.877 -0.463 -0.127
vn -0.938 -0.329 0.107
vn 0.997 -0.065 -0.049
vn -0.964 -0.186 -0.190
vn 0.809 0.583 -0.078
vn 0.770 0.631 -0.099
vn 0.550 0.835 -0.004
vn -0.327 0.943 -0.069
vn 0.059 0.994 -0.089
vn 0.242 -0.710 -0.661
vn -0.063 -0.748 -0.661
vn 0.007 -0.988 0.152
vn -0.124 -0.920 0.372
vn -0.310 -0.900 0.307
vn 0.214 -0.905 0.368
vn 0.354 -0.930 0.098
vn -0.311 -0.912 0.267
vn -0.233 -0.712 -0.662
vn -0.403 -0.883 -0.239
vn -0.142 -0.544 -0.827
vn 0.757 -0.646 0.094
vn -0.916 -0.351 -0.193
vn -0.657 -0.390 -0.645
vn -0.735 0.677 -0.038
vn 0.738 0.669 -0.088
vn 0.180 0.981 -0.065
vn -0.203 0.978 -0.056
vn -0.277 -0.925 0.260
vn 0.020 -0.991 0.129
vn -0.119 -0.910 0.398
vn 0.839 -0.431 -0.332
vn 0.957 -0.182 -0.225
vn 0.985 -0.087 -0.150
vn -0.863 -0.422 -0.276
vn 0.947 -0.074 -0.314
vn -0.917 -0.101 -0.386
vn -0.876 0.477 -0.071
vn -0.611 0.791 -0.032
vn -0.137 0.990 0.020
vn -0.028 0.999 -0.042
vn -0.055 0.006 -0.998
vn -0.051 -0.098 -0.994
vn 0.364 -0.124 -0.923
vn 0.122 -0.203 -0.972
vn -0.449 -0.764 -0.463
vn -0.410 -0.609 -0.679
vn 0.126 -0.348 -0.929
vn -0.075 -0.959 0.272
vn 0.190 -0.952 -0.238
vn -0.111 -0.979 0.173
vn 0.822 -0.485 -0.300
vn -0.501 -0.706 -0.501
vn 0.629 -0.777 0.026
vn 0.966 -0.089 -0.242
vn 0.983 0.182 -0.012
vn -0.967 0.254 -0.005
vn -0.940 0.340 -0.011
vn 0.577 0.816 0.041
vn 0.407 0.913 0.008
vn 0.365 -0.051 -0.929
vn -0.255 0.032 -0.967
vn -0.472 -0.435 -0.767
vn -0.169 -0.433 -0.885
vn 0.528 -0.081 -0.846
vn -0.446 -0.789 -0.422
vn 0.206 -0.763 -0.613
vn 0.013 -0.993 -0.120
vn -0.610 -0.686 -0.396
vn 0.936 -0.140 -0.322
vn -0.885 -0.446 -0.137
vn 0.969 -0.093 -0.229
vn 0.997 0.062 -0.044
vn -0.995 0.104 0.008
vn -0.830 0.557 -0.024
vn 0.568 0.822 0.047
vn -0.453 0.890 -0.050
vn -0.347 0.938 -0.011
vn -0.100 0.995 -0.008
vn 0.352 -0.560 -0.750
vn -0.213 -0.417 -0.884
vn 0.463 -0.364 -0.808
vn -0.514 -0.604 -0.608
vn -0.410 -0.042 -0.911
vn 0.697 -0.004 -0.717
vn 0.570 0.102 -0.815
vn 0.716 0.102 -0.690
vn -0.558 0.128 -0.820
vn 0.402 0.037 -0.915
vn -0.469 -0.040 -0.882
vn -0.442 -0.123 -0.889
vn -0.223 -0.429 -0.875
vn -0.263 -0.965 -0.002
vn -0.338 -0.939 0.062
vn -0.459 -0.782 -0.423
vn 0.292 -0.953 0.076
vn 0.339 -0.921 0.191
vn -0.533 -0.681 -0.502
vn -0.903 -0.336 -0.269
vn -0.984 -0.146 -0.101
vn -0.535 0.844 0.041
vn 0.447 0.894 0.037
vn 0.073 0.997 -0.037
vn -0.029 0.999 -0.026
vn -0.065 -0.913 -0.404
vn -0.692 -0.130 -0.710
vn 0.611 -0.006 -0.792
vn 0.018 -0.083 -0.996
vn 0.832 -0.105 -0.544
vn -0.913 -0.400 -0.084
vn -0.460 -0.859 -0.223
vn 0.253 -0.074 -0.965
vn -0.528 -0.835 0.157
vn 0.408 -0.797 -0.445
vn 0.598 -0.114 -0.793
vn 0.629 -0.537 -0.562
vn -0.831 -0.442 -0.338
vn 0.517 -0.596 -0.615
vn -0.860 -0.408 -0.305
vn -0.805 -0.359 -0.473
vn -0.991 0.027 -0.128
vn 0.986 0.003 -0.164
vn 0.959 0.281 0.029
vn 0.799 0.582 0.148
vn -0.763 0.645 0.028
vn -0.601 0.799 -0.002
vn -0.331 0.937 0.108
vn 0.833 0.046 -0.552
vn 0.665 -0.047 -0.746
vn -0.814 -0.268 -0.516
vn -0.337 -0.249 -0.908
vn 0.493 -0.040 -0.869
vn 0.541 -0.206 -0.815
vn 0.319 -0.388 -0.865
vn -0.343 -0.569 -0.747
vn -0.374 -0.397 -0.839
vn -0.174 -0.971 -0.162
vn 0.050 -0.762 -0.645
vn -0.547 -0.461 -0.698
vn 0.796 -0.125 -0.592
vn -0.296 -0.636 -0.713
vn -0.896 -0.228 -0.380
vn -0.894 -0.147 -0.422
vn -0.991 0.023 -0.135
vn 0.859 0.510 -0.037
vn -0.865 0.501 0.024
vn -0.806 0.586 0.078
vn 0.735 0.678 0.015
vn 0.271 0.962 0.029
vn -0.319 0.935 0.156
vn 0.031 0.995 0.097
vn 0.648 -0.483 -0.589
vn 0.985 -0.074 -0.154
vn -0.676 -0.006 -0.737
vn 0.262 -0.211 -0.942
vn -0.161 -0.348 -0.924
vn 0.935 -0.094 -0.342
vn -0.196 -0.932 -0.306
vn 0.525 -0.481 -0.702
vn -0.459 -0.374 -0.806
vn 0.419 -0.889 -0.187
vn -0.640 -0.297 -0.709
vn -0.818 -0.161 -0.552
vn 0.994 0.048 -0.096
vn 0.978 0.175 0.118
vn -0.733 0.675 0.080
vn 0.390 0.918 0.066
vn 0.396 -0.836 -0.380
vn 0.632 -0.735 -0.246
vn 0.967 -0.119 -0.223
vn 0.613 -0.208 -0.762
vn 0.959 -0.257 -0.119
vn 0.357 -0.452 -0.817
vn 0.303 -0.890 -0.341
vn -0.333 -0.908 -0.256
vn -0.709 -0.396 -0.584
vn 0.766 -0.067 -0.639
vn 0.958 -0.127 -0.257
vn 0.969 -0.053 -0.243
vn -0.958 0.103 -0.266
vn 0.993 0.101 -0.066
vn -0.995 0.098 0.032
vn -0.992 0.092 0.086
vn 0.983 0.157 0.100
vn 0.797 0.604 0.023
vn 0.168 0.985 0.042
vn -0.328 -0.928 -0.177
vn 0.818 -0.544 -0.190
vn -0.957 -0.168 -0.238
vn -0.932 -0.020 -0.363
vn 0.829 -0.168 -0.534
vn 0.326 -0.271 -0.906
vn -0.016 -0.356 -0.934
vn -0.974 -0.137 -0.182
vn 0.481 -0.216 -0.850
vn 0.433 -0.292 -0.853
vn 0.353 -0.670 -0.653
vn -0.448 -0.869 -0.210
vn 0.078 -0.983 -0.166
vn -0.553 -0.377 -0.743
vn 0.949 -0.008 -0.315
vn -0.258 -0.409 -0.875
vn -0.914 -0.239 -0.327
vn -0.958 -0.145 -0.249
vn 0.947 -0.061 -0.316
vn -0.858 -0.345 -0.380
vn 0.943 -0.144 -0.299
vn -0.998 -0.023 -0.063
vn -0.987 0.121 0.103
vn 0.993 0.108 0.054
vn 0.990 0.084 0.115
vn 0.980 0.162 0.115
vn 0.975 0.188 0.119
vn 0.932 0.346 0.107
vn -0.930 0.365 0.050
vn -0.810 0.580 0.092
vn -0.670 0.720 0.177
vn 0.564 0.798 0.211
vn -0.499 0.859 0.115
vn -0.329 0.942 0.071
vn -0.218 0.972 0.089
vn 0.272 0.955 0.115
vn -0.111 0.980 0.164
vn -0.967 -0.108 -0.231
vn 0.839 -0.210 -0.503
vn 0.510 -0.205 -0.835
vn 0.014 -0.275 -0.961
vn -0.428 -0.278 -0.860
vn 0.406 -0.305 -0.862
vn 0.173 -0.563 -0.808
vn -0.722 -0.592 -0.359
vn 0.129 -0.779 -0.613
vn 0.994 0.082 -0.073
vn -0.336 -0.859 0.385
vn 0.086 -0.992 -0.093
vn -0.756 -0.423 -0.499
vn 0.947 -0.127 -0.296
vn -0.967 -0.251 -0.031
vn -0.978 0.150 0.142
vn -0.694 0.410 -0.592
vn -0.973 0.225 0.046
vn 0.994 0.095 0.058
vn 0.984 0.148 0.102
vn 0.948 0.251 0.196
vn 0.873 0.426 0.238
vn 0.513 0.852 0.106
vn 0.295 0.943 0.155
vn -0.714 -0.600 -0.361
vn -0.908 -0.410 0.083
vn 0.036 -0.166 -0.985
vn 0.996 -0.055 0.074
vn -0.967 -0.139 0.212
vn -0.286 -0.119 -0.951
vn 0.215 -0.078 -0.974
vn 0.287 -0.064 -0.956
vn 0.410 -0.253 -0.876
vn 0.493 -0.275 -0.825
vn 0.480 -0.450 -0.753
vn -0.653 -0.745 -0.139
vn -0.703 -0.249 -0.666
vn 0.584 -0.767 -0.265
vn -0.834 -0.548 0.062
vn -0.650 -0.506 -0.567
vn -0.868 -0.478 0.136
vn -0.928 -0.253 0.274
vn 0.846 -0.304 -0.438
vn -0.984 -0.164 -0.062
vn -0.980 0.196 0.015
vn 0.992 0.126 -0.012
vn 0.973 0.160 0.166
vn 0.792 0.581 0.184
vn 0.612 0.787 0.073
vn 0.650 0.736 0.191
vn 0.198 0.965 0.173
vn 0.039 0.987 0.154
vn -0.068 0.997 0.047
vn 0.033 -0.998 0.057
vn 0.513 -0.851 0.115
vn 0.520 -0.299 -0.800
vn 0.571 -0.099 -0.815
vn -0.590 -0.019 -0.807
vn -0.997 -0.076 -0.021
vn -0.978 -0.206 0.006
vn 0.933 -0.289 0.215
vn -0.643 -0.253 -0.723
vn -0.913 -0.198 -0.358
vn -0.588 -0.163 -0.792
vn -0.939 -0.341 0.034
vn 0.704 -0.448 -0.551
vn 0.135 -0.975 -0.174
vn 0.582 -0.791 0.190
vn -0.118 -0.866 0.486
vn -0.966 -0.214 0.143
vn 0.990 -0.041 -0.137
vn -0.984 -0.061 0.170
vn -0.918 0.183 0.351
vn 0.748 0.649 0.141
vn -0.496 0.828 0.262
vn 0.330 0.923 0.198
vn -0.534 0.820 0.207
vn -0.267 0.964 0.018
vn -0.143 -0.621 -0.771
vn 0.891 -0.447 0.084
vn -0.693 -0.700 0.170
vn 0.962 -0.153 0.228
vn 0.787 -0.133 -0.603
vn 0.852 -0.292 0.435
vn -0.832 -0.198 -0.518
vn -0.753 -0.208 -0.624
vn -0.895 -0.446 0.032
vn 0.667 -0.325 -0.670
vn 0.264 -0.873 0.411
vn 0.978 -0.155 -0.138
vn 0.970 -0.061 -0.237
vn -0.970 -0.116 -0.215
vn -0.990 0.131 0.052
vn -0.984 0.162 0.080
vn -0.878 0.446 0.174
vn 0.465 0.856 0.224
vn 0.276 0.937 0.213
vn -0.183 0.972 0.146
vn 0.131 -0.719 -0.682
vn 0.505 -0.422 -0.753
vn -0.401 -0.699 -0.592
vn 0.948 -0.151 0.279
vn 0.941 -0.333 -0.067
vn 0.964 -0.094 0.251
vn 0.442 -0.871 0.213
vn -0.620 -0.754 0.215
vn -0.089 -0.897 0.434
vn -0.917 -0.102 -0.385
vn 1.000 -0.006 -0.008
vn 0.968 -0.044 0.248
vn 0.978 0.207 0.004
vn -0.972 0.199 0.122
vn -0.930 0.219 0.296
vn -0.936 0.304 0.178
vn 0.560 0.810 0.173
vn 0.209 0.948 0.239
vn 0.103 0.975 0.199
vn 0.004 0.992 0.128
vn -0.387 -0.830 0.402
vn 0.689 -0.621 0.374
vn -0.771 -0.305 0.559
vn -0.567 -0.137 -0.812
vn 0.864 -0.045 0.501
vn -0.608 -0.142 -0.781
vn 0.772 -0.191 -0.606
vn 0.900 -0.376 -0.219
vn -0.793 -0.608 0.036
vn -0.930 -0.133 -0.343
vn 0.260 -0.964 0.048
vn 0.919 -0.093 0.384
vn 0.952 -0.068 0.299
vn 0.933 0.193 0.304
vn -0.961 0.195 0.196
vn -0.899 0.349 0.266
vn 0.758 0.639 0.128
vn 0.339 0.906 0.252
vn 0.213 -0.828 0.519
vn 0.593 -0.740 -0.316
vn -0.845 -0.163 -0.509
vn 0.738 -0.133 0.661
vn 0.899 -0.150 -0.410
vn -0.906 -0.026 -0.422
vn -0.962 -0.213 0.170
vn 0.963 -0.193 -0.187
vn -0.920 -0.386 0.063
vn 0.890 -0.304 0.339
vn -0.390 -0.913 0.120
vn 0.280 -0.925 0.255
vn 0.991 -0.120 0.062
vn 0.908 0.234 0.348
vn -0.818 0.403 0.410
vn -0.841 0.476 0.256
vn -0.753 0.636 0.168
vn -0.726 0.625 0.287
vn 0.725 0.640 0.255
vn -0.663 0.701 0.261
vn 0.349 0.908 0.231
vn 0.269 0.928 0.257
vn -0.270 0.947 0.173
vn -0.637 -0.727 -0.255
vn -0.849 -0.084 -0.522
vn 0.972 -0.157 0.173
vn -0.918 -0.229 -0.325
vn 0.878 -0.477 0.043
vn -0.518 -0.791 0.325
vn 0.593 -0.718 0.363
vn -0.884 -0.096 -0.457
vn -0.880 -0.090 -0.466
vn -0.881 -0.027 -0.473
vn -0.982 0.152 -0.112
vn 0.959 0.253 0.131
vn 0.924 0.270 0.270
vn -0.876 0.253 0.410
vn 0.960 0.149 0.237
vn 0.703 0.623 0.343
vn 0.493 0.835 0.243
vn -0.321 0.913 0.251
vn 0.153 -0.981 -0.121
vn -0.101 -0.914 -0.393
vn -0.147 -0.734 0.663
vn 0.928 -0.370 -0.039
vn 0.530 -0.616 0.583
vn 0.631 -0.251 0.734
vn 0.920 -0.363 -0.146
vn -0.738 -0.370 0.565
vn 0.953 -0.299 -0.046
vn 0.932 -0.350 -0.099
vn 0.726 -0.311 0.613
vn -0.874 -0.219 0.434
vn 0.319 -0.888 0.330
vn 0.715 -0.698 0.042
vn -0.441 -0.864 0.244
vn 0.282 -0.916 0.284
vn -0.919 -0.211 -0.333
vn 0.968 -0.049 0.244
vn 0.961 -0.108 0.253
vn 0.984 0.171 0.051
vn 0.935 0.189 0.300
vn -0.930 0.255 0.263
vn -0.814 0.462 0.353
vn -0.796 0.454 0.401
vn 0.636 0.742 0.211
vn -0.227 0.921 0.317
vn -0.056 0.963 0.263
vn -0.334 -0.418 0.845
vn 0.487 -0.172 0.857
vn -0.814 -0.169 0.555
vn 0.992 -0.086 0.089
vn 0.684 -0.255 0.683
vn 0.778 -0.339 0.530
vn 0.914 -0.378 -0.145
vn 0.776 -0.201 0.598
vn -0.864 -0.411 0.290
vn 0.870 -0.439 -0.227
vn -0.404 -0.886 0.228
vn 0.363 -0.810 0.461
vn -0.760 -0.014 0.650
vn -0.997 -0.007 -0.075
vn 0.900 0.241 0.365
vn -0.916 0.194 0.352
vn 0.826 0.481 0.294
vn 0.419 0.873 0.250
vn -0.631 0.710 0.312
vn 0.112 -0.939 0.325
vn 0.467 -0.882 -0.062
vn 0.762 -0.647 0.013
vn 0.107 -0.329 0.938
vn -0.991 -0.030 -0.130
vn -0.365 -0.247 0.898
vn 0.506 -0.274 0.818
vn -0.988 -0.115 -0.100
vn -0.668 -0.377 0.641
vn -0.970 -0.170 -0.173
vn -0.938 -0.141 -0.317
vn -0.944 -0.319 0.083
vn 0.722 -0.290 0.629
vn 0.997 -0.058 0.056
vn -0.147 -0.650 0.745
vn -0.763 -0.550 0.341
vn 0.404 -0.902 -0.151
vn -0.659 -0.061 0.749
vn 0.948 -0.065 0.312
vn 0.933 -0.051 0.356
vn -0.834 0.086 0.545
vn -0.904 0.239 0.354
vn 0.880 0.356 0.314
vn 0.884 0.334 0.328
vn 0.413 0.834 0.366
vn 0.340 0.893 0.294
vn -0.390 0.867 0.309
vn 0.062 0.938 0.341
vn -0.359 -0.911 0.205
vn 0.606 -0.750 0.266
vn -0.953 -0.300 -0.036
vn 0.905 -0.063 0.420
vn -0.043 -0.302 0.952
vn -0.418 -0.303 0.857
vn -0.600 -0.344 0.722
vn 0.982 -0.166 0.092
vn -0.974 -0.225 -0.011
vn 0.450 -0.298 0.842
vn -0.754 -0.361 0.549
vn 0.897 -0.339 0.285
vn -0.994 0.017 -0.106
vn 0.756 -0.599 -0.263
vn 0.961 -0.057 0.270
vn -0.066 -0.986 -0.151
vn 0.879 -0.118 0.462
vn 0.932 -0.039 0.359
vn -0.894 0.228 0.386
vn -0.889 0.169 0.426
vn -0.925 0.159 0.345
vn -0.741 0.546 0.391
vn 0.532 0.766 0.362
vn 0.278 0.881 0.384
vn -0.185 0.931 0.314
vn -0.185 -0.214 0.959
vn 0.428 -0.215 0.878
vn -0.498 -0.384 0.778
vn 0.410 -0.271 0.871
vn -0.950 -0.230 0.210
vn -0.599 -0.362 0.714
vn 0.841 -0.540 0.037
vn -0.992 -0.124 -0.018
vn -0.671 -0.644 0.367
vn -0.952 -0.037 0.302
vn -0.199 -0.952 -0.234
vn 0.819 -0.277 0.502
vn 0.747 -0.106 0.656
vn -0.961 -0.008 0.275
vn 0.956 0.126 0.265
vn 0.880 0.294 0.374
vn 0.770 0.540 0.339
vn -0.494 0.763 0.418
vn -0.476 0.812 0.339
vn 0.853 -0.188 0.487
vn 0.859 -0.169 0.484
vn 0.889 -0.180 0.420
vn 0.517 -0.368 0.773
vn 0.468 -0.883 0.046
vn 0.579 -0.537 0.613
vn -0.844 -0.341 0.414
vn 0.990 -0.137 -0.026
vn -0.112 -0.927 -0.359
vn -0.000 -1.000 0.000
vn 0.189 -0.918 -0.350
vn -0.120 -0.973 0.198
vn 0.867 -0.491 -0.089
vn 0.241 -0.963 0.117
vn 0.237 -0.944 0.230
vn 0.257 -0.961 -0.106
vn -0.913 -0.030 0.407
vn -0.859 0.235 0.455
vn -0.895 0.169 0.412
vn 0.910 0.180 0.373
vn -0.852 0.371 0.370
vn -0.759 0.464 0.456
vn 0.878 0.317 0.360
vn 0.730 0.538 0.422
vn 0.464 0.789 0.403
vn -0.617 0.663 0.423
vn 0.413 0.803 0.429
vn -0.255 0.910 0.326
vn -0.227 0.887 0.402
vn -0.116 0.928 0.354
vn -0.604 -0.668 0.435
vn -0.933 -0.134 0.333
vn -0.758 -0.020 0.652
vn -0.059 -0.439 0.896
vn -0.612 -0.349 0.710
vn 0.588 -0.382 0.713
vn 0.578 -0.413 0.703
vn 0.113 -0.509 0.853
vn -0.981 -0.149 0.120
vn 0.963 -0.169 0.211
vn 0.193 -0.961 0.199
vn 0.174 -0.901 0.398
vn -0.380 -0.527 0.760
vn 0.146 -0.813 0.564
vn 0.899 -0.083 0.431
vn 0.521 -0.840 0.148
vn 0.683 -0.103 0.723
vn -0.928 0.022 0.371
vn 0.880 -0.045 0.474
vn 0.903 0.228 0.364
vn 0.813 0.296 0.501
vn -0.883 0.191 0.429
vn -0.876 0.373 0.307
vn 0.774 0.467 0.428
vn 0.236 0.879 0.414
vn 0.335 -0.758 0.559
vn -0.759 -0.634 0.150
vn -0.001 -0.526 0.850
vn 0.131 -0.422 0.897
vn -0.243 -0.436 0.867
vn 0.725 -0.493 0.481
vn 0.735 -0.212 0.644
vn 0.688 -0.397 0.607
vn -0.679 -0.387 0.624
vn -0.634 -0.387 0.670
vn 0.307 -0.769 0.561
vn -0.760 -0.591 0.268
vn 0.575 -0.033 0.817
vn -1.000 0.007 0.011
vn -0.843 0.145 0.518
vn 0.619 0.663 0.422
vn -0.682 0.602 0.415
vn 0.357 0.845 0.398
vn -0.361 0.825 0.434
vn 0.074 0.896 0.438
vn -0.927 -0.144 0.346
vn 0.378 -0.148 0.914
vn 0.716 -0.026 0.698
vn 0.755 -0.055 0.653
vn -0.788 -0.231 0.571
vn 0.740 -0.168 0.651
vn -0.809 -0.341 0.479
vn -0.030 -0.429 0.903
vn 0.006 -0.463 0.886
vn -0.906 -0.253 0.340
vn 0.144 -0.504 0.851
vn 0.543 -0.138 0.828
vn -0.486 -0.346 0.802
vn 0.371 -0.301 0.878
vn 0.266 -0.387 0.883
vn 0.359 -0.340 0.869
vn -0.938 -0.059 0.343
vn -0.523 -0.623 0.582
vn 0.378 -0.542 0.751
vn -0.178 -0.982 -0.067
vn 0.442 -0.063 0.895
vn 0.333 -0.289 0.897
vn -0.436 0.093 0.895
vn -0.632 0.081 0.771
vn 0.705 -0.134 0.696
vn -0.757 0.191 0.626
vn 0.653 0.236 0.720
vn 0.824 0.180 0.537
vn 0.914 0.091 0.395
vn 0.871 0.205 0.446
vn -0.863 0.294 0.412
vn 0.879 0.285 0.381
vn 0.482 0.763 0.432
vn -0.159 -0.657 0.737
vn 0.578 -0.455 0.677
vn -0.639 -0.098 0.763
vn 0.682 -0.051 0.729
vn -0.661 -0.142 0.737
vn -0.572 -0.236 0.786
vn 0.822 -0.336 0.460
vn 0.516 -0.040 0.856
vn -0.395 -0.383 0.835
vn 0.548 -0.111 0.829
vn 0.509 -0.627 0.590
vn 0.025 -0.805 0.592
vn 0.404 -0.889 0.218
vn 0.427 -0.678 0.598
vn 0.398 -0.813 0.425
vn -0.935 0.075 0.346
vn 0.683 -0.108 0.722
vn 0.563 -0.281 0.777
vn 0.697 -0.045 0.716
vn 0.688 0.109 0.717
vn -0.883 0.105 0.457
vn -0.804 0.484 0.347
vn -0.886 0.283 0.367
vn 0.684 0.519 0.512
vn 0.713 0.542 0.445
vn 0.552 0.780 0.296
vn 0.366 0.825 0.430
vn 0.125 -0.661 0.740
vn -0.483 -0.547 0.684
vn 0.122 -0.281 0.952
vn 0.463 -0.057 0.884
vn 0.033 -0.054 0.998
vn -0.561 -0.009 0.828
vn -0.239 -0.054 0.970
vn 0.608 -0.166 0.777
vn -0.206 -0.436 0.876
vn -0.008 -0.434 0.901
vn -0.610 -0.273 0.744
vn -0.038 -0.079 0.996
vn 0.402 -0.157 0.902
vn 0.697 -0.632 -0.341
vn -0.417 0.074 0.906
vn -0.801 -0.575 0.164
vn -0.077 -0.633 0.770
vn -0.006 -0.888 0.460
vn -0.014 -0.965 0.261
vn -0.057 -0.777 0.626
vn 0.070 -0.849 0.523
vn -0.833 0.065 0.549
vn -0.322 0.082 0.943
vn 0.922 -0.109 0.371
vn -0.731 0.037 0.682
vn -0.759 0.051 0.649
vn -0.868 -0.005 0.496
vn -0.910 0.184 0.373
vn 0.839 0.326 0.436
vn -0.709 0.531 0.465
vn -0.604 0.652 0.459
vn 0.263 0.881 0.393
vn 0.049 0.862 0.505
vn 0.135 -0.070 0.988
vn -0.153 -0.124 0.980
vn -0.391 0.000 0.920
vn 0.173 -0.216 0.961
vn -0.129 -0.301 0.945
vn 0.776 -0.280 0.565
vn -0.729 -0.410 0.549
vn 0.233 -0.408 0.883
vn -0.352 -0.368 0.861
vn 0.843 -0.344 0.414
vn 0.453 -0.736 0.503
vn -0.729 -0.465 0.502
vn 0.617 -0.731 0.293
vn 0.672 -0.315 0.670
vn 0.073 -0.986 0.151
vn -0.723 -0.027 0.690
vn -0.136 -0.731 0.668
vn 0.550 -0.177 0.816
vn -0.601 -0.105 0.792
vn 0.684 -0.170 0.709
vn 0.908 0.113 0.404
vn 0.367 0.818 0.443
vn 0.383 0.809 0.446
vn -0.429 0.796 0.428
vn 0.521 -0.224 0.824
vn 0.486 -0.458 0.744
vn -0.240 -0.196 0.951
vn -0.255 0.012 0.967
vn -0.401 0.065 0.914
vn -0.747 -0.052 0.663
vn -0.712 -0.688 0.138
vn 0.721 -0.321 0.614
vn 0.761 -0.470 0.447
vn -0.685 -0.094 0.722
vn -0.781 -0.083 0.620
vn -0.919 0.126 0.373
vn -0.902 0.175 0.394
vn 0.766 0.455 0.454
vn -0.803 0.418 0.425
vn -0.709 0.565 0.421
vn -0.632 0.653 0.418
vn 0.230 0.878 0.420
vn -0.068 0.898 0.435
vn -0.228 0.866 0.445
vn -0.499 -0.204 0.843
vn 0.034 -0.246 0.969
vn 0.129 -0.275 0.953
vn 0.661 -0.481 0.576
vn -0.001 -0.383 0.924
vn -0.122 -0.515 0.848
vn -0.772 -0.631 0.077
vn 0.767 -0.600 0.228
vn 0.484 -0.336 0.808
vn 0.063 -0.997 -0.033
vn 0.330 -0.231 0.915
vn 0.392 -0.197 0.898
vn 0.612 -0.139 0.779
vn 0.598 -0.201 0.776
vn -0.679 -0.073 0.731
vn 0.733 -0.143 0.665
vn 0.798 0.116 0.592
vn 0.614 0.620 0.489
vn 0.498 0.718 0.486
vn -0.565 0.663 0.491
vn -0.317 0.829 0.461
vn 0.175 0.830 0.529
vn 0.402 -0.726 0.559
vn 0.197 -0.460 0.866
vn 0.845 -0.487 0.221
vn -0.238 -0.044 0.970
vn 0.365 -0.901 0.235
vn -0.146 -0.976 0.159
vn 0.219 -0.975 -0.040
vn 0.674 -0.737 0.057
vn 0.078 -0.922 0.378
vn -0.317 -0.051 0.947
vn 0.204 -0.247 0.947
vn 0.613 -0.241 0.752
vn 0.816 -0.044 0.576
vn 0.874 0.019 0.486
vn -0.826 -0.010 0.563
vn -0.482 0.716 0.505
vn 0.029 -0.394 0.919
vn -0.126 -0.128 0.984
vn -0.444 -0.239 0.864
vn 0.350 -0.383 0.855
vn 0.472 -0.745 0.471
vn 0.700 -0.708 0.098
vn 0.903 -0.407 -0.135
vn 0.495 -0.483 0.722
vn -0.731 0.057 0.680
vn 0.636 -0.423 0.645
vn -0.421 -0.561 0.712
vn -0.696 -0.178 0.696
vn 0.788 -0.317 0.528
vn 0.581 -0.421 0.696
vn 0.427 -0.229 0.875
vn 0.643 -0.222 0.733
vn 0.796 -0.474 0.377
vn -0.777 -0.092 0.622
vn -0.887 0.084 0.454
vn -0.790 -0.055 0.610
vn 0.884 0.081 0.460
vn 0.812 0.326 0.484
vn -0.750 0.488 0.447
vn -0.573 0.657 0.490
vn 0.356 0.815 0.457
vn -0.249 0.835 0.490
vn -0.115 0.880 0.462
vn 0.053 -0.354 0.934
vn 0.546 -0.540 0.641
vn 0.215 -0.622 0.753
vn 0.478 -0.581 0.659
vn 0.807 -0.522 0.275
vn -0.048 -0.997 -0.053
vn -0.632 -0.052 0.773
vn 0.912 -0.323 0.252
vn -0.934 -0.224 0.279
vn 0.421 -0.856 0.299
vn 0.917 -0.192 0.351
vn 0.881 -0.008 0.472
vn -0.870 0.049 0.491
vn 0.841 0.223 0.494
vn -0.852 0.263 0.453
vn 0.763 0.402 0.506
vn 0.244 0.824 0.512
vn 0.162 -0.983 0.082
vn -0.342 -0.938 0.059
vn 0.217 -0.752 0.622
vn 0.341 -0.940 -0.013
vn -0.405 -0.798 0.447
vn 0.660 -0.751 0.031
vn 0.056 -0.488 0.871
vn -0.895 -0.158 0.418
vn 0.630 -0.759 -0.161
vn 0.896 0.103 0.433
vn 0.785 0.321 0.529
vn -0.687 0.572 0.449
vn 0.101 0.850 0.517
vn -0.017 0.871 0.491
vn -0.090 -0.289 0.953
vn -0.332 -0.942 -0.043
vn 0.363 -0.931 -0.044
vn -0.468 -0.257 0.846
vn -0.808 -0.125 0.576
vn 0.869 -0.342 0.358
vn -0.945 -0.206 0.253
vn -0.880 -0.057 0.471
vn -0.879 0.101 0.466
vn 0.761 0.316 0.567
vn 0.711 0.445 0.545
vn -0.749 0.468 0.469
vn 0.680 0.523 0.514
vn 0.482 0.753 0.447
vn -0.415 0.744 0.523
vn 0.384 0.776 0.501
vn 0.087 0.844 0.530
vn 0.175 -0.983 0.048
vn -0.739 -0.674 -0.001
vn 0.394 -0.911 0.122
vn -0.349 -0.352 0.869
vn -0.751 -0.264 0.605
vn 0.747 -0.659 -0.094
vn 0.791 -0.595 0.140
vn -0.822 0.319 0.472
vn 0.419 0.778 0.468
vn -0.366 0.771 0.521
vn 0.238 -0.971 0.015
vn 0.357 -0.841 -0.406
vn -0.520 -0.760 -0.390
vn -0.253 -0.491 0.834
vn 0.436 -0.474 0.765
vn 0.773 -0.627 0.095
vn -0.390 -0.864 -0.319
vn -0.810 -0.559 0.177
vn 0.834 -0.551 -0.046
vn 0.937 0.034 0.348
vn -0.889 0.102 0.447
vn -0.857 0.154 0.493
vn -0.717 0.516 0.468
vn -0.172 0.787 0.593
vn -0.095 -0.970 -0.223
vn 0.196 -0.969 0.151
vn 0.198 -0.979 -0.038
vn -0.536 -0.767 -0.353
vn -0.572 -0.646 0.505
vn 0.812 -0.571 0.120
vn -0.904 -0.416 0.098
vn -0.888 0.005 0.460
vn -0.769 0.296 0.566
vn 0.757 0.522 0.392
vn 0.212 0.872 0.442
vn -0.261 0.788 0.558
vn -0.003 0.852 0.524
vn -0.382 -0.894 -0.233
vn 0.267 -0.953 -0.144
vn -0.792 -0.510 0.336
vn -0.862 -0.471 -0.191
vn -0.218 -0.671 -0.709
vn -0.921 -0.088 0.380
vn -0.925 -0.191 0.329
vn 0.911 -0.073 0.407
vn -0.805 0.326 0.496
vn 0.795 0.378 0.475
vn -0.505 0.762 0.406
vn -0.197 0.876 0.441
vn -0.486 0.768 0.417
vn -0.033 0.746 0.665
vn 0.163 -0.976 -0.146
vn -0.849 -0.519 -0.099
vn 0.534 -0.833 -0.145
vn 0.033 -0.999 -0.040
vn 0.181 -0.905 -0.384
vn 0.840 -0.538 0.069
vn 0.861 -0.399 0.314
vn -0.936 -0.028 0.350
vn 0.902 -0.024 0.430
vn 0.850 0.065 0.523
vn 0.847 0.167 0.505
vn -0.914 0.103 0.393
vn -0.809 0.239 0.537
vn 0.791 0.276 0.545
vn 0.566 0.752 0.337
vn 0.083 0.847 0.525
vn 0.013 0.671 0.741
vn -0.228 -0.967 0.114
vn 0.119 -0.896 0.428
vn 0.576 -0.817 -0.024
vn 0.417 -0.874 -0.251
vn -0.040 -0.999 0.025
vn -0.391 -0.920 -0.032
vn -0.460 -0.792 -0.402
vn -0.512 -0.853 -0.101
vn -0.953 -0.279 0.118
vn -0.997 -0.068 0.042
vn 0.869 0.050 0.492
vn -0.853 0.258 0.454
vn 0.828 0.237 0.509
vn -0.799 0.435 0.415
vn 0.047 0.802 0.595
vn 0.118 0.735 0.668
vn -0.125 0.819 0.560
vn -0.325 -0.945 0.038
vn -0.872 -0.489 -0.016
vn -0.045 -0.999 0.022
vn 0.852 -0.518 0.081
vn -0.809 -0.559 -0.184
vn 0.773 -0.610 0.174
vn 0.737 -0.553 0.387
vn 0.856 -0.243 0.456
vn -0.933 0.158 0.325
vn 0.782 0.219 0.583
vn 0.816 0.462 0.349
vn 0.010 0.630 0.777
vn -0.066 -0.884 -0.463
vn -0.275 -0.914 0.298
vn -0.098 -0.723 -0.684
vn 0.119 -0.993 0.020
vn -0.872 -0.481 0.093
vn 0.900 -0.357 0.251
vn 0.664 -0.501 0.555
vn 0.877 0.148 0.457
vn 0.794 0.185 0.580
vn 0.789 0.231 0.569
vn 0.791 0.186 0.583
vn 0.315 0.814 0.488
vn -0.095 0.680 0.727
vn 0.053 -0.996 -0.067
vn 0.120 -0.958 -0.261
vn 0.279 -0.938 -0.207
vn 0.799 0.281 0.532
vn -0.739 0.183 0.648
vn -0.030 0.632 0.775
vn 0.170 0.657 0.734
vn -0.514 0.650 0.560
vn -0.239 0.761 0.603
vn -0.176 -0.887 -0.427
vn 0.087 -0.763 -0.641
vn -0.206 -0.492 -0.846
vn -0.477 -0.709 0.519
vn -0.535 -0.757 -0.375
vn 0.464 -0.695 -0.548
vn 0.783 -0.484 -0.390
vn -0.952 -0.299 0.070
vn -0.898 -0.065 0.435
vn 0.814 -0.109 0.571
vn 0.786 0.256 0.562
vn 0.777 0.222 0.589
vn -0.797 0.214 0.565
vn 0.715 0.258 0.650
vn 0.045 -0.325 -0.945
vn 0.134 -0.687 -0.714
vn -0.551 -0.813 0.190
vn -0.443 -0.696 -0.565
vn -0.916 -0.400 -0.041
vn 0.861 -0.354 -0.366
vn 0.923 -0.065 0.379
vn -0.868 0.246 0.432
vn 0.798 0.366 0.479
vn -0.156 0.592 0.790
vn -0.076 0.712 0.698
vn -0.088 -0.417 -0.905
vn 0.234 -0.303 -0.924
vn -0.286 -0.431 -0.856
vn 0.271 -0.452 -0.850
vn -0.344 -0.282 -0.895
vn 0.934 -0.300 -0.194
vn -0.205 -0.977 -0.061
vn 0.724 -0.564 -0.398
vn 0.909 -0.197 -0.367
vn -0.906 -0.202 0.371
vn 0.996 -0.085 0.038
vn -0.700 0.143 0.700
vn -0.726 0.266 0.634
vn -0.779 0.371 0.505
vn -0.775 0.351 0.525
vn -0.702 0.331 0.631
vn -0.439 0.213 0.873
vn -0.200 0.521 0.830
vn 0.053 0.660 0.749
vn 0.039 0.630 0.775
vn 0.079 0.550 0.832
vn -0.750 0.439 0.494
vn 0.381 0.640 0.667
vn -0.026 -0.538 -0.843
vn -0.315 -0.506 -0.803
vn -0.006 -0.569 -0.822
vn 0.056 -0.546 -0.836
vn -0.539 -0.765 0.353
vn -0.069 -0.865 -0.498
vn 0.831 -0.523 0.191
vn 0.978 0.039 -0.205
vn -0.896 0.014 0.445
vn -0.641 0.286 0.712
vn 0.509 0.370 0.777
vn 0.119 0.579 0.807
vn 0.048 0.390 0.919
vn -0.119 0.450 0.885
vn 0.295 -0.365 -0.883
vn 0.353 -0.386 -0.853
vn 0.922 -0.265 0.282
vn -0.690 -0.485 -0.537
vn 0.833 -0.268 0.484
vn 0.730 -0.649 -0.213
vn -0.942 -0.328 -0.067
vn 0.797 -0.394 0.458
vn -0.950 -0.191 0.249
vn 0.999 -0.029 -0.017
vn -0.991 0.114 0.069
vn 0.443 0.217 0.870
vn -0.203 0.389 0.899
vn -0.020 0.373 0.928
vn -0.246 0.415 0.876
vn 0.010 0.687 0.726
vn -0.279 -0.782 -0.557
vn 0.728 -0.680 -0.090
vn -0.709 -0.182 -0.681
vn -0.904 0.269 0.333
vn 0.884 0.310 0.350
vn 0.629 0.539 0.560
vn 0.611 0.507 0.608
vn -0.078 -0.904 -0.420
vn 0.567 -0.775 -0.278
vn -0.264 -0.810 -0.523
vn 0.921 -0.280 -0.272
vn -0.745 -0.183 -0.642
vn -0.680 -0.546 -0.490
vn 0.971 -0.213 0.107
vn -0.620 -0.721 0.310
vn -0.971 -0.063 0.231
vn 0.961 0.267 0.073
vn 0.869 0.440 0.227
vn -0.460 0.620 0.635
vn 0.233 0.642 0.730
vn -0.347 0.661 0.666
vn -0.053 0.688 0.723
vn -0.160 -0.770 -0.618
vn -0.313 -0.793 -0.523
vn 0.718 -0.667 -0.200
vn -0.759 -0.538 -0.366
vn -0.911 -0.330 -0.247
vn -0.283 -0.916 -0.284
vn 0.586 -0.481 0.652
vn -0.933 0.078 0.350
vn -0.810 0.271 0.520
vn -0.688 0.599 0.410
vn -0.627 0.565 0.537
vn -0.394 0.700 0.596
vn 0.380 0.632 0.675
vn 0.197 0.685 0.702
vn -0.013 0.701 0.713
vn -0.283 -0.862 -0.420
vn 0.479 -0.852 -0.210
vn -0.607 -0.774 -0.181
vn -0.606 -0.271 -0.748
vn -0.830 -0.391 0.398
vn -0.588 -0.712 0.383
vn 0.886 -0.412 -0.213
vn -0.887 -0.151 0.437
vn 0.737 -0.414 0.534
vn -0.857 0.063 0.511
vn 0.950 0.169 0.264
vn -0.849 0.380 0.368
vn 0.554 0.489 0.674
vn 0.597 0.516 0.615
vn -0.290 -0.931 -0.223
vn -0.909 -0.249 -0.336
vn 0.709 -0.180 -0.682
vn 0.847 -0.413 -0.335
vn 0.147 0.737 0.659
vn -0.288 0.740 0.608
vn -0.152 0.726 0.670
vn -0.088 -0.980 -0.176
vn 0.691 -0.688 -0.223
vn 0.849 -0.327 -0.416
vn 0.948 0.005 0.318
vn 0.840 0.246 0.484
vn -0.706 0.580 0.406
vn 0.037 0.764 0.644
vn 0.096 -0.985 -0.143
vn -0.189 -0.964 -0.188
vn 0.355 -0.933 -0.058
vn 0.652 -0.333 -0.681
vn 0.854 -0.192 -0.483
vn 0.838 -0.179 -0.515
vn 0.871 -0.256 -0.420
vn -0.980 -0.199 0.005
vn -0.994 0.099 0.043
vn 0.965 0.182 0.190
vn 0.636 0.444 0.631
vn 0.687 0.547 0.478
vn -0.608 0.598 0.522
vn -0.431 0.705 0.562
vn 0.670 -0.658 -0.344
vn 0.576 -0.666 -0.473
vn -0.935 -0.327 -0.139
vn 0.818 0.378 0.433
vn -0.941 0.332 0.072
vn 0.242 0.762 0.601
vn -0.060 -0.995 -0.079
vn 0.263 -0.962 0.072
vn -0.419 -0.895 -0.151
vn -0.673 -0.677 -0.298
vn -0.631 -0.649 -0.426
vn -0.908 -0.116 -0.403
vn -0.977 -0.048 -0.206
vn 0.772 0.579 0.262
vn 0.498 0.661 0.562
vn 0.344 -0.921 -0.181
vn -0.163 -0.974 -0.160
vn 0.503 -0.810 -0.302
vn 0.958 -0.247 -0.146
vn 0.979 -0.093 -0.183
vn -0.985 0.171 0.016
vn 0.601 0.661 0.450
vn -0.472 0.730 0.494
vn -0.250 0.781 0.572
vn -0.054 0.783 0.620
vn 0.359 -0.817 -0.451
vn 0.897 -0.442 0.017
vn -0.915 -0.192 -0.355
vn -0.777 -0.192 -0.600
vn 0.928 -0.198 -0.316
vn -0.907 -0.207 -0.367
vn 0.998 0.001 0.064
vn 0.957 0.283 0.060
vn 0.358 0.746 0.561
vn 0.051 0.776 0.628
vn 0.187 0.833 0.521
vn -0.395 0.893 0.218
vn -0.242 -0.937 -0.253
vn -0.199 -0.966 -0.163
vn -0.742 -0.632 -0.226
vn -0.800 -0.329 -0.503
vn 0.873 -0.368 0.319
vn 0.917 -0.194 0.349
vn -0.764 -0.169 -0.623
vn -0.534 0.684 0.498
vn 0.693 0.548 -0.468
vn -0.099 -0.974 -0.203
vn 0.499 -0.866 0.033
vn 0.658 -0.723 -0.210
vn -0.593 -0.689 -0.416
vn 0.064 -0.998 -0.014
vn 0.946 -0.323 0.016
vn 0.966 0.165 0.201
vn -0.916 0.334 0.222
vn 0.896 0.348 0.275
vn 0.624 0.667 0.408
vn -0.293 0.802 0.520
vn 0.349 -0.921 -0.173
vn -0.048 -0.962 -0.268
vn -0.099 -0.991 -0.094
vn -0.634 -0.749 -0.194
vn -0.887 -0.187 -0.422
vn 0.988 -0.011 0.156
vn -0.999 0.027 -0.043
vn -0.753 0.486 0.443
vn -0.250 0.812 0.528
vn -0.946 0.323 -0.001
vn -0.457 -0.857 -0.238
vn 0.839 -0.538 0.078
vn -0.851 -0.252 -0.461
vn -0.968 -0.093 -0.233
vn 0.954 -0.295 0.057
vn 0.698 0.615 0.367
vn 0.972 0.198 0.127
vn 0.308 -0.951 -0.022
vn -0.080 -0.976 -0.204
vn 0.594 -0.791 0.143
vn 0.731 -0.411 -0.545
vn 0.719 -0.187 -0.669
vn -0.997 0.029 0.076
vn 0.932 0.048 -0.360
vn 0.954 0.297 -0.047
vn -0.771 0.564 0.297
vn 0.691 0.633 0.350
vn -0.717 0.589 0.372
vn -0.374 0.751 0.543
vn 0.600 0.742 0.297
vn 0.406 0.839 0.363
vn 0.355 0.820 0.449
vn -0.908 0.219 0.357
vn -0.180 -0.956 -0.231
vn 0.576 -0.808 -0.125
vn -0.803 -0.435 -0.409
vn 0.917 -0.192 -0.349
vn -0.978 0.107 -0.181
vn -0.984 0.143 0.103
vn 0.741 0.092 0.665
vn -0.443 0.370 0.817
vn 0.933 0.182 0.311
vn -0.520 -0.598 -0.610
vn -0.722 -0.690 -0.056
vn 0.823 0.493 0.281
vn -0.692 0.628 0.356
vn 0.556 0.769 0.315
vn -0.244 0.759 0.604
vn 0.295 0.795 0.530
vn 0.144 0.836 0.530
vn -0.135 -0.983 0.127
vn 0.317 -0.946 0.070
vn 0.130 -0.991 0.002
vn -0.380 -0.918 -0.116
vn -0.352 -0.915 -0.196
vn -0.923 -0.384 -0.011
vn 0.704 -0.596 -0.386
vn 0.824 -0.547 0.148
vn 0.971 -0.240 -0.013
vn -0.895 0.315 0.315
vn -0.839 0.425 0.340
vn 0.846 0.533 0.021
vn -0.089 0.749 0.656
vn -0.938 0.346 -0.002
vn 0.568 -0.823 -0.001
vn -0.033 -0.998 -0.061
vn 0.509 -0.857 0.081
vn 0.381 -0.910 -0.166
vn 0.997 0.034 0.068
vn 0.930 0.362 0.063
vn -0.946 0.183 0.268
vn -0.734 0.531 0.423
vn 0.013 0.760 0.650
vn -0.141 -0.989 -0.035
vn -0.237 -0.968 0.082
vn 0.718 -0.677 0.164
vn -0.995 -0.043 -0.086
vn 0.892 -0.229 0.389
vn 0.856 0.478 0.196
vn -0.473 0.790 0.389
vn -0.016 0.814 0.581
vn -0.322 -0.931 -0.172
vn 0.574 -0.818 -0.038
vn -0.680 -0.707 0.195
vn -0.772 -0.354 0.529
vn -0.759 -0.221 0.612
vn 0.932 0.262 0.249
vn -0.726 0.197 0.660
vn 0.674 0.704 0.226
vn 0.504 0.734 0.456
vn -0.302 0.835 0.459
vn -0.156 -0.988 -0.010
vn -0.920 0.052 0.388
vn 0.922 0.041 0.386
vn -0.754 0.521 0.400
vn 0.622 0.706 0.340
vn 0.253 0.876 0.410
vn 0.019 0.822 0.569
vn -0.356 0.835 0.421
vn 0.124 -0.953 0.276
vn -0.210 -0.977 -0.041
vn 0.463 -0.882 0.093
vn -0.810 -0.580 0.086
vn -0.918 -0.306 0.252
vn 0.961 -0.274 0.034
vn 0.980 0.076 -0.184
vn -0.765 0.576 0.289
vn -0.888 0.359 0.288
vn -0.718 0.602 0.349
vn 0.220 0.765 0.605
vn -0.026 0.898 0.440
vn -0.359 -0.928 0.096
vn 0.879 -0.430 0.203
vn -0.970 0.217 0.105
vn 0.935 0.289 0.204
vn 0.364 0.845 0.392
vn 0.103 0.854 0.509
vn -0.136 0.844 0.518
vn -0.160 -0.949 0.271
vn 0.326 -0.931 0.167
vn 0.297 -0.945 0.138
vn -0.748 -0.587 0.310
vn 0.604 -0.761 0.237
vn -0.646 -0.694 0.318
vn 0.952 -0.094 -0.292
vn 0.312 0.051 -0.949
vn -0.998 -0.043 0.042
vn 0.924 0.243 -0.294
vn -0.909 -0.388 -0.152
vn -0.815 -0.212 -0.539
vn -0.741 0.332 0.584
vn -0.880 0.451 0.148
vn 0.628 0.748 0.213
vn -0.686 0.659 0.308
vn 0.025 0.965 0.262
vn 0.081 -0.941 0.329
vn 0.082 -0.969 0.233
vn -0.226 -0.966 0.128
vn -0.520 -0.759 0.393
vn 0.478 -0.828 0.294
vn 0.421 -0.700 0.577
vn 0.975 -0.220 -0.023
vn -0.301 -0.292 -0.908
vn -0.964 0.247 0.100
vn 0.253 0.845 0.471
vn 0.115 0.929 0.353
vn -0.140 0.900 0.412
vn 0.036 -0.942 0.334
vn 0.116 -0.971 0.210
vn -0.699 -0.707 -0.103
vn 0.829 -0.556 0.067
vn -0.907 -0.173 0.384
vn -0.962 0.213 -0.174
vn 0.991 0.125 -0.042
vn 0.535 0.726 0.431
vn -0.539 -0.813 0.219
vn 0.561 -0.822 0.099
vn -0.564 -0.792 0.233
vn 0.229 -0.747 0.624
vn -0.779 -0.406 0.478
vn -0.813 -0.387 0.436
vn -0.924 -0.101 0.370
vn 0.993 -0.063 0.100
vn -0.868 0.398 0.297
vn 0.862 0.498 0.093
vn 0.599 0.740 0.306
vn -0.013 -0.959 0.284
vn 0.750 -0.572 0.332
vn 0.876 -0.092 0.473
vn 0.800 0.223 0.557
vn -0.875 0.475 0.095
vn 0.742 0.563 0.364
vn 0.572 0.657 0.492
vn 0.274 0.874 0.401
vn -0.315 0.882 0.349
vn -0.391 -0.868 0.305
vn 0.094 -0.929 0.358
vn 0.138 -0.913 0.385
vn 0.660 -0.737 0.143
vn -0.990 0.072 0.123
vn -0.744 0.485 0.460
vn 0.226 0.806 0.547
vn -0.417 0.851 0.319
vn 0.350 0.758 0.550
vn -0.312 0.789 0.528
vn -0.584 0.800 0.142
vn 0.662 -0.648 0.376
vn -0.697 -0.414 0.585
vn 0.401 -0.797 0.452
vn -0.720 0.151 0.677
vn -0.659 0.636 0.401
vn -0.335 0.867 0.369
vn -0.197 -0.820 0.538
vn -0.203 -0.865 0.459
vn -0.410 -0.858 0.309
vn -0.564 -0.811 0.156
vn 0.487 -0.533 0.692
vn 0.508 -0.809 0.296
vn -0.788 -0.085 0.609
vn 0.504 0.387 0.772
vn 0.621 0.447 0.644
vn -0.697 0.339 0.631
vn 0.430 0.545 0.719
vn -0.449 0.696 0.561
vn -0.293 0.916 -0.275
vn 0.141 -0.943 0.302
vn 0.602 -0.597 0.530
vn 0.218 -0.364 0.906
vn -0.777 -0.156 0.610
vn 0.479 0.173 0.860
vn 0.463 0.378 0.802
vn -0.401 0.499 0.768
vn 0.346 0.595 0.726
vn -0.308 0.776 0.550
vn 0.305 -0.828 0.470
vn -0.038 -0.857 0.514
vn -0.444 -0.512 0.736
vn 0.210 -0.942 0.262
vn 0.032 -0.098 0.995
vn 0.565 0.088 0.820
vn 0.371 0.174 0.912
vn -0.513 0.675 0.530
vn 0.515 0.679 0.523
vn 0.814 0.573 0.093
vn 0.081 -0.990 0.119
vn 0.769 -0.322 0.552
vn 0.756 -0.111 0.645
vn -0.691 0.146 0.708
vn -0.629 -0.217 0.746
vn -0.786 0.317 0.531
vn 0.602 0.155 0.783
vn 0.909 0.128 0.396
vn 0.637 0.305 0.708
vn -0.658 0.559 0.504
vn 0.740 0.666 -0.097
vn 0.384 -0.555 0.738
vn 0.342 -0.740 0.579
vn 0.825 0.076 0.559
vn -0.803 0.587 0.109
vn 0.015 -0.676 0.737
vn -0.454 -0.614 0.645
vn -0.334 -0.508 0.794
vn 0.229 -0.511 0.829
vn -0.717 -0.172 0.675
vn 0.617 0.668 0.416
vn 0.832 0.234 0.503
vn -0.446 0.409 0.796
vn 0.879 0.449 -0.158
vn 0.285 -0.516 0.808
vn -0.849 -0.315 0.424
vn -0.198 -0.457 0.867
vn -0.360 -0.494 0.792
vn -0.777 0.226 0.587
vn -0.239 -0.497 0.834
vn -0.409 -0.254 0.877
vn 0.451 0.083 0.888
vn -0.627 -0.224 0.746
vn -0.547 0.377 0.748
vn 0.852 -0.053 0.521
vn -0.228 0.153 0.962
vn -0.989 -0.090 0.113
vn 0.307 0.888 -0.341
vn -0.191 -0.404 0.895
vn 0.476 -0.205 0.855
vn 0.400 -0.404 0.823
vn 0.428 0.041 0.903
vn -0.476 -0.020 0.879
vn -0.144 -0.142 0.979
vn -0.649 0.041 0.759
vn -0.190 0.104 0.976
vn 0.618 -0.111 0.778
vn -0.925 0.249 0.286
vn -0.911 0.398 -0.105
vn -0.880 -0.268 0.391
vn -0.299 -0.703 0.646
vn -0.811 -0.184 0.556
vn 0.498 -0.065 0.865
vn 0.996 0.079 0.040
vn -0.723 0.107 0.683
vn 0.514 0.172 0.841
vn 0.927 -0.332 0.175
vn -0.800 0.551 -0.239
vn 0.990 0.141 -0.019
vn 0.991 -0.118 0.063
vn -0.981 0.178 -0.074
vn -0.868 -0.448 0.213
vn 0.035 0.875 -0.482
vn -0.060 -0.893 0.447
vn 0.915 -0.304 0.265
vn -0.994 -0.085 0.075
vn 0.990 -0.045 0.132
vn 0.997 0.060 0.042
vn 0.889 0.415 -0.193
vn -0.882 0.420 -0.215
vn 0.255 -0.853 0.455
vn 0.507 -0.646 0.570
vn 0.000 -0.710 0.704
vn 0.708 -0.513 0.486
vn -0.544 -0.627 0.557
vn 0.712 -0.492 0.500
vn -0.915 -0.298 0.273
vn 0.745 0.560 -0.363
vn 0.310 -0.616 0.724
vn -0.000 -0.647 0.763
vn -0.270 -0.622 0.735
vn 0.995 -0.046 0.084
vn 0.968 0.225 -0.113
vn -0.970 -0.158 0.183
vn -0.998 0.055 0.038
vn 0.778 -0.445 0.443
vn 0.983 0.166 -0.083
vn -0.996 0.093 -0.017
vn 0.609 -0.614 0.501
vn -0.549 -0.622 0.558
vn -0.742 0.556 -0.375
vn 0.956 -0.208 0.205
vn -0.957 -0.198 0.211
vn 0.906 -0.226 0.358
vn -0.984 0.151 -0.090
vn 0.995 0.103 0.001
vn -0.993 0.112 -0.024
vn -0.740 0.471 -0.480
vn 0.883 -0.123 0.453
vn 0.624 0.553 -0.552
vn -0.567 -0.549 0.615
vn -0.851 -0.158 0.501
vn 0.090 -0.282 0.955
vn 0.928 0.285 -0.241
vn -0.997 0.057 0.059
vn -0.863 0.349 -0.367
vn -0.995 0.076 -0.064
vn 0.635 0.540 -0.553
vn -0.184 0.695 -0.695
vn 0.961 -0.046 0.273
vn -0.748 -0.186 0.637
vn -0.727 0.149 0.671
vn 0.758 0.339 -0.557
vn -0.046 0.740 -0.672
vn -0.854 0.371 -0.365
vn 0.000 1.000 -0.010
vn -0.007 0.929 0.369
vn -0.168 0.170 0.971
vn 0.013 0.477 0.879
usemtl creature
f 2//2 3//3 1//1
f 1//1 3//3 7//7
f 2//2 9//9 3//3
f 2//2 1//1 6//6
f 3//3 4//4 8//8
f 3//3 8//8 7//7
f 12//12 1//1 7//7
f 9//9 5//5 3//3
f 2//2 6//6 9//9
f 1//1 12//12 6//6
f 27//27 12//12 7//7
f 7//7 8//8 11//11
f 5//5 4//4 3//3
f 27//27 7//7 11//11
f 5//5 9//9 13//13
f 10//10 13//13 9//9
f 10//10 9//9 6//6
f 6//6 12//12 10//10
f 12//12 33//33 10//10
f 4//4 16//16 8//8
f 18//18 27//27 11//11
f 5//5 16//16 4//4
f 21//21 16//16 5//5
f 13//13 21//21 5//5
f 38//38 10//10 35//35
f 18//18 11//11 14//14
f 8//8 15//15 11//11
f 14//14 11//11 15//15
f 16//16 15//15 8//8
f 27//27 33//33 12//12
f 13//13 17//17 21//21
f 35//35 10//10 33//33
f 38//38 13//13 10//10
f 18//18 14//14 23//23
f 25//25 15//15 16//16
f 19//19 16//16 21//21
f 20//20 19//19 21//21
f 59//59 33//33 27//27
f 31//31 20//20 21//21
f 33//33 59//59 34//34
f 17//17 31//31 21//21
f 38//38 17//17 13//13
f 38//38 35//35 37//37
f 24//24 23//23 14//14
f 24//24 14//14 15//15
f 59//59 18//18 23//23
f 19//19 25//25 16//16
f 25//25 26//26 15//15
f 27//27 18//18 59//59
f 32//32 28//28 22//22
f 30//30 28//28 32//32
f 48//48 34//34 29//29
f 36//36 32//32 22//22
f 31//31 36//36 22//22
f 31//31 17//17 36//36
f 35//35 33//33 34//34
f 36//36 17//17 38//38
f 35//35 41//41 37//37
f 42//42 36//36 38//38
f 15//15 26//26 24//24
f 55//55 59//59 23//23
f 25//25 39//39 26//26
f 45//45 22//22 28//28
f 30//30 45//45 28//28
f 22//22 45//45 31//31
f 34//34 59//59 29//29
f 32//32 40//40 30//30
f 48//48 29//29 47//47
f 36//36 40//40 32//32
f 48//48 41//41 34//34
f 34//34 41//41 35//35
f 40//40 36//36 65//65
f 51//51 65//65 36//36
f 23//23 24//24 55//55
f 25//25 19//19 58//58
f 25//25 58//58 39//39
f 20//20 43//43 19//19
f 45//45 43//43 20//20
f 29//29 59//59 44//44
f 31//31 45//45 20//20
f 29//29 44//44 47//47
f 47//47 44//44 61//61
f 63//63 46//46 30//30
f 30//30 46//46 60//60
f 60//60 45//45 30//30
f 40//40 63//63 30//30
f 49//49 50//50 48//48
f 48//48 50//50 41//41
f 86//86 41//41 50//50
f 36//36 52//52 51//51
f 42//42 52//52 36//36
f 66//66 42//42 38//38
f 38//38 37//37 66//66
f 53//53 37//37 41//41
f 56//56 39//39 58//58
f 54//54 26//26 39//39
f 26//26 54//54 24//24
f 54//54 57//57 24//24
f 24//24 57//57 55//55
f 58//58 19//19 43//43
f 67//67 59//59 55//55
f 59//59 67//67 68//68
f 44//44 59//59 68//68
f 44//44 68//68 61//61
f 45//45 60//60 43//43
f 63//63 62//62 46//46
f 95//95 47//47 61//61
f 48//48 47//47 95//95
f 51//51 52//52 101//101
f 66//66 52//52 42//42
f 37//37 53//53 66//66
f 56//56 54//54 39//39
f 55//55 57//57 67//67
f 43//43 90//90 58//58
f 60//60 76//76 69//69
f 43//43 60//60 90//90
f 46//46 70//70 76//76
f 46//46 76//76 60//60
f 70//70 62//62 77//77
f 70//70 46//46 62//62
f 71//71 95//95 61//61
f 63//63 72//72 62//62
f 40//40 64//64 63//63
f 49//49 48//48 95//95
f 65//65 64//64 40//40
f 64//64 65//65 85//85
f 85//85 65//65 51//51
f 101//101 85//85 51//51
f 41//41 110//110 53//53
f 110//110 41//41 86//86
f 54//54 89//89 57//57
f 88//88 89//89 54//54
f 56//56 73//73 54//54
f 89//89 74//74 67//67
f 57//57 89//89 67//67
f 67//67 104//104 68//68
f 75//75 58//58 90//90
f 104//104 91//91 68//68
f 69//69 90//90 60//60
f 68//68 91//91 61//61
f 61//61 91//91 71//71
f 77//77 62//62 114//114
f 72//72 78//78 62//62
f 72//72 79//79 78//78
f 72//72 80//80 79//79
f 83//83 82//82 81//81
f 82//82 80//80 81//81
f 80//80 72//72 81//81
f 84//84 83//83 81//81
f 84//84 81//81 72//72
f 64//64 72//72 63//63
f 64//64 99//99 72//72
f 109//109 49//49 95//95
f 64//64 85//85 99//99
f 127//127 50//50 49//49
f 50//50 127//127 86//86
f 101//101 52//52 103//103
f 66//66 53//53 129//129
f 54//54 73//73 88//88
f 89//89 118//118 87//87
f 89//89 87//87 74//74
f 56//56 58//58 73//73
f 75//75 73//73 58//58
f 122//122 105//105 74//74
f 105//105 67//67 74//74
f 104//104 67//67 105//105
f 135//135 69//69 76//76
f 78//78 114//114 62//62
f 71//71 93//93 106//106
f 71//71 91//91 93//93
f 124//124 95//95 71//71
f 97//97 107//107 78//78
f 94//94 97//97 78//78
f 80//80 94//94 79//79
f 79//79 94//94 78//78
f 83//83 96//96 82//82
f 96//96 94//94 82//82
f 96//96 97//97 94//94
f 82//82 94//94 80//80
f 84//84 98//98 83//83
f 98//98 96//96 83//83
f 98//98 97//97 96//96
f 72//72 98//98 84//84
f 99//99 97//97 98//98
f 72//72 99//99 98//98
f 108//108 109//109 95//95
f 99//99 85//85 125//125
f 109//109 127//127 49//49
f 100//100 116//116 85//85
f 101//101 100//100 85//85
f 127//127 102//102 86//86
f 102//102 110//110 86//86
f 66//66 103//103 52//52
f 110//110 129//129 53//53
f 128//128 110//110 102//102
f 88//88 73//73 111//111
f 88//88 111//111 89//89
f 92//92 75//75 90//90
f 105//105 121//121 104//104
f 113//113 91//91 104//104
f 69//69 135//135 90//90
f 90//90 135//135 92//92
f 70//70 137//137 76//76
f 77//77 137//137 70//70
f 114//114 137//137 77//77
f 124//124 71//71 106//106
f 78//78 107//107 114//114
f 97//97 115//115 107//107
f 124//124 108//108 95//95
f 85//85 116//116 125//125
f 103//103 117//117 101//101
f 129//129 168//168 66//66
f 73//73 112//112 111//111
f 89//89 111//111 118//118
f 120//120 87//87 118//118
f 75//75 132//132 73//73
f 73//73 132//132 112//112
f 119//119 75//75 92//92
f 87//87 120//120 74//74
f 76//76 144//144 135//135
f 122//122 74//74 120//120
f 121//121 113//113 104//104
f 76//76 137//137 144//144
f 105//105 122//122 121//121
f 91//91 113//113 123//123
f 93//93 91//91 123//123
f 115//115 114//114 107//107
f 93//93 138//138 106//106
f 109//109 108//108 124//124
f 194//194 152//152 109//109
f 127//127 109//109 152//152
f 101//101 116//116 100//100
f 142//142 116//116 101//101
f 117//117 142//142 101//101
f 155//155 117//117 103//103
f 128//128 129//129 110//110
f 103//103 66//66 168//168
f 168//168 129//129 197//197
f 112//112 118//118 111//111
f 135//135 131//131 92//92
f 75//75 119//119 132//132
f 137//137 114//114 139//139
f 93//93 123//123 138//138
f 148//148 106//106 138//138
f 97//97 99//99 115//115
f 124//124 164//164 109//109
f 99//99 273//273 141//141
f 126//126 273//273 99//99
f 99//99 125//125 126//126
f 126//126 125//125 116//116
f 127//127 152//152 153//153
f 153//153 102//102 127//127
f 155//155 142//142 117//117
f 132//132 130//130 112//112
f 130//130 133//133 112//112
f 112//112 133//133 118//118
f 92//92 131//131 119//119
f 133//133 158//158 118//118
f 158//158 120//120 118//118
f 135//135 146//146 131//131
f 121//121 120//120 134//134
f 134//134 143//143 121//121
f 122//122 120//120 121//121
f 121//121 143//143 113//113
f 113//113 143//143 136//136
f 113//113 136//136 123//123
f 115//115 139//139 114//114
f 124//124 106//106 148//148
f 99//99 140//140 115//115
f 194//194 109//109 164//164
f 102//102 153//153 166//166
f 102//102 166//166 128//128
f 128//128 197//197 129//129
f 168//168 155//155 103//103
f 130//130 132//132 156//156
f 202//202 119//119 131//131
f 156//156 132//132 119//119
f 146//146 135//135 145//145
f 144//144 145//145 135//135
f 145//145 144//144 160//160
f 159//159 123//123 136//136
f 137//137 160//160 144//144
f 170//170 138//138 123//123
f 137//137 139//139 160//160
f 138//138 170//170 189//189
f 189//189 148//148 138//138
f 149//149 139//139 115//115
f 140//140 149//149 115//115
f 148//148 162//162 164//164
f 148//148 164//164 124//124
f 150//150 140//140 151//151
f 177//177 194//194 164//164
f 154//154 116//116 142//142
f 155//155 167//167 142//142
f 166//166 165//165 128//128
f 181//181 155//155 168//168
f 183//183 133//133 130//130
f 156//156 157//157 130//130
f 130//130 157//157 201//201
f 158//158 133//133 183//183
f 198//198 134//134 120//120
f 131//131 146//146 202//202
f 119//119 202//202 156//156
f 158//158 198//198 120//120
f 143//143 147//147 136//136
f 160//160 171//171 145//145
f 170//170 123//123 159//159
f 189//189 173//173 148//148
f 139//139 149//149 160//160
f 149//149 175//175 160//160
f 173//173 161//161 148//148
f 161//161 162//162 148//148
f 149//149 163//163 172//172
f 163//163 140//140 150//150
f 140//140 163//163 149//149
f 179//179 177//177 164//164
f 141//141 151//151 99//99
f 99//99 151//151 140//140
f 177//177 210//210 194//194
f 238//238 152//152 194//194
f 238//238 153//153 152//152
f 165//165 166//166 153//153
f 167//167 180//180 142//142
f 181//181 167//167 155//155
f 128//128 211//211 197//197
f 201//201 183//183 130//130
f 134//134 198//198 143//143
f 143//143 198//198 199//199
f 156//156 202//202 169//169
f 169//169 157//157 156//156
f 143//143 199//199 147//147
f 147//147 216//216 136//136
f 160//160 175//175 171//171
f 172//172 190//190 149//149
f 173//173 186//186 174//174
f 190//190 175//175 149//149
f 161//161 173//173 174//174
f 163//163 209//209 172//172
f 174//174 162//162 161//161
f 150//150 193//193 163//163
f 176//176 193//193 150//150
f 151//151 176//176 150//150
f 162//162 179//179 164//164
f 151//151 178//178 176//176
f 153//153 238//238 275//275
f 126//126 116//116 154//154
f 275//275 165//165 153//153
f 154//154 142//142 180//180
f 241//241 128//128 165//165
f 241//241 211//211 128//128
f 169//169 202//202 184//184
f 182//182 201//201 157//157
f 147//147 199//199 214//214
f 146//146 200//200 202//202
f 157//157 169//169 182//182
f 158//158 183//183 198//198
f 170//170 203//203 219//219
f 159//159 136//136 216//216
f 159//159 203//203 170//170
f 145//145 171//171 185//185
f 204//204 145//145 185//185
f 216//216 203//203 159//159
f 187//187 205//205 171//171
f 170//170 219//219 189//189
f 190//190 172//172 188//188
f 175//175 187//187 171//171
f 175//175 190//190 187//187
f 173//173 189//189 217//217
f 173//173 217//217 186//186
f 174//174 186//186 206//206
f 163//163 193//193 209//209
f 192//192 207//207 191//191
f 191//191 208//208 192//192
f 207//207 162//162 174//174
f 176//176 224//224 193//193
f 207//207 192//192 162//162
f 179//179 210//210 177//177
f 151//151 141//141 178//178
f 194//194 210//210 238//238
f 154//154 195//195 126//126
f 180//180 167//167 240//240
f 181//181 240//240 167//167
f 196//196 181//181 168//168
f 183//183 251//251 198//198
f 184//184 182//182 169//169
f 216//216 147//147 214//214
f 204//204 200//200 146//146
f 146//146 145//145 204//204
f 217//217 206//206 186//186
f 189//189 219//219 217//217
f 172//172 209//209 222//222
f 188//188 172//172 222//222
f 188//188 187//187 190//190
f 221//221 208//208 191//191
f 207//207 174//174 206//206
f 191//191 207//207 221//221
f 192//192 257//257 162//162
f 179//179 162//162 257//257
f 176//176 178//178 141//141
f 126//126 195//195 273//273
f 239//239 275//275 238//238
f 180//180 195//195 154//154
f 227//227 196//196 168//168
f 242//242 277//277 168//168
f 197//197 242//242 168//168
f 229//229 212//212 213//213
f 230//230 214//214 199//199
f 215//215 198//198 251//251
f 198//198 215//215 199//199
f 184//184 298//298 182//182
f 182//182 283//283 201//201
f 183//183 201//201 283//283
f 216//216 214//214 232//232
f 233//233 202//202 200//200
f 233//233 184//184 202//202
f 217//217 218//218 235//235
f 187//187 220//220 205//205
f 171//171 205//205 220//220
f 206//206 217//217 235//235
f 236//236 188//188 222//222
f 188//188 236//236 187//187
f 221//221 256//256 208//208
f 221//221 207//207 206//206
f 209//209 223//223 222//222
f 193//193 223//223 209//209
f 193//193 224//224 223//223
f 208//208 257//257 192//192
f 208//208 255//255 257//257
f 258//258 176//176 141//141
f 257//257 259//259 179//179
f 259//259 210//210 179//179
f 272//272 210//210 259//259
f 273//273 195//195 225//225
f 237//237 238//238 210//210
f 180//180 226//226 195//195
f 226//226 180//180 240//240
f 196//196 240//240 181//181
f 165//165 276//276 241//241
f 276//276 165//165 275//275
f 277//277 227//227 168//168
f 242//242 197//197 211//211
f 212//212 244//244 213//213
f 228//228 245//245 212//212
f 246//246 213//213 244//244
f 322//322 213//213 246//246
f 229//229 228//228 212//212
f 214//214 230//230 232//232
f 183//183 250//250 251//251
f 230//230 199//199 215//215
f 232//232 231//231 216//216
f 231//231 249//249 203//203
f 249//249 218//218 217//217
f 298//298 283//283 182//182
f 203//203 216//216 231//231
f 233//233 253//253 184//184
f 249//249 219//219 203//203
f 219//219 249//249 217//217
f 266//266 235//235 218//218
f 220//220 254//254 171//171
f 187//187 236//236 234//234
f 220//220 187//187 234//234
f 221//221 206//206 235//235
f 223//223 236//236 222//222
f 208//208 256//256 255//255
f 176//176 258//258 224//224
f 352//352 272//272 259//259
f 237//237 274//274 238//238
f 196//196 260//260 240//240
f 212//212 245//245 243//243
f 212//212 243//243 244//244
f 244//244 262//262 246//246
f 245//245 228//228 278//278
f 228//228 247//247 279//279
f 229//229 248//248 228//228
f 229//229 213//213 322//322
f 247//247 228//228 248//248
f 248//248 229//229 265//265
f 231//231 232//232 247//247
f 231//231 247//247 248//248
f 231//231 248//248 249//249
f 218//218 248//248 265//265
f 249//249 248//248 218//218
f 311//311 200//200 204//204
f 283//283 252//252 183//183
f 250//250 183//183 252//252
f 311//311 282//282 200//200
f 282//282 233//233 200//200
f 253//253 298//298 184//184
f 204//204 185//185 269//269
f 267//267 220//220 234//234
f 171//171 268//268 185//185
f 254//254 268//268 171//171
f 285//285 234//234 236//236
f 220//220 267//267 254//254
f 286//286 285//285 236//236
f 185//185 268//268 269//269
f 235//235 287//287 221//221
f 270//270 286//286 236//236
f 223//223 270//270 236//236
f 256//256 221//221 287//287
f 303//303 259//259 257//257
f 258//258 141//141 291//291
f 272//272 237//237 210//210
f 238//238 274//274 239//239
f 274//274 275//275 239//239
f 227//227 260//260 196//196
f 211//211 241//241 276//276
f 340//340 244//244 243//243
f 245//245 261//261 243//243
f 340//340 262//262 244//244
f 262//262 306//306 246//246
f 278//278 294//294 245//245
f 279//279 278//278 228//228
f 247//247 296//296 279//279
f 229//229 322//322 280//280
f 265//265 229//229 280//280
f 232//232 296//296 247//247
f 230//230 296//296 232//232
f 230//230 263//263 296//296
f 264//264 263//263 215//215
f 215//215 263//263 230//230
f 251//251 264//264 215//215
f 250//250 252//252 264//264
f 251//251 250//250 264//264
f 312//312 311//311 204//204
f 266//266 218//218 265//265
f 253//253 233//233 282//282
f 269//269 312//312 204//204
f 267//267 234//234 285//285
f 267//267 268//268 254//254
f 287//287 235//235 266//266
f 317//317 256//256 288//288
f 255//255 256//256 317//317
f 290//290 271//271 223//223
f 224//224 290//290 223//223
f 255//255 317//317 334//334
f 303//303 255//255 334//334
f 303//303 257//257 255//255
f 258//258 290//290 224//224
f 303//303 352//352 259//259
f 225//225 141//141 273//273
f 291//291 141//141 225//225
f 240//240 370//370 226//226
f 260//260 370//370 240//240
f 280//280 266//266 265//265
f 266//266 280//280 323//323
f 281//281 264//264 252//252
f 345//345 252//252 284//284
f 252//252 283//283 284//284
f 253//253 282//282 298//298
f 269//269 268//268 327//327
f 266//266 314//314 287//287
f 287//287 288//288 256//256
f 223//223 289//289 270//270
f 223//223 271//271 289//289
f 316//316 317//317 288//288
f 290//290 289//289 271//271
f 225//225 195//195 226//226
f 292//292 225//225 226//226
f 336//336 275//275 274//274
f 336//336 293//293 275//275
f 227//227 319//319 260//260
f 276//276 275//275 293//293
f 305//305 276//276 293//293
f 339//339 276//276 305//305
f 211//211 276//276 339//339
f 320//320 227//227 277//277
f 340//340 243//243 321//321
f 280//280 295//295 323//323
f 267//267 299//299 324//324
f 267//267 324//324 268//268
f 324//324 327//327 268//268
f 285//285 299//299 267//267
f 327//327 312//312 269//269
f 282//282 297//297 298//298
f 314//314 266//266 323//323
f 286//286 315//315 299//299
f 286//286 299//299 285//285
f 287//287 314//314 300//300
f 270//270 315//315 286//286
f 289//289 315//315 270//270
f 287//287 300//300 288//288
f 300//300 316//316 288//288
f 301//301 289//289 290//290
f 258//258 302//302 290//290
f 258//258 304//304 302//302
f 258//258 291//291 304//304
f 457//457 336//336 272//272
f 272//272 336//336 237//237
f 336//336 274//274 237//237
f 337//337 225//225 292//292
f 292//292 226//226 337//337
f 370//370 337//337 226//226
f 211//211 372//372 242//242
f 243//243 261//261 389//389
f 294//294 261//261 245//245
f 279//279 294//294 278//278
f 295//295 322//322 246//246
f 295//295 280//280 322//322
f 263//263 308//308 296//296
f 263//263 309//309 308//308
f 263//263 264//264 309//309
f 252//252 345//345 281//281
f 324//324 299//299 310//310
f 327//327 324//324 363//363
f 299//299 313//313 310//310
f 298//298 328//328 283//283
f 284//284 283//283 328//328
f 323//323 329//329 314//314
f 315//315 313//313 299//299
f 329//329 300//300 314//314
f 330//330 300//300 329//329
f 331//331 316//316 300//300
f 301//301 315//315 289//289
f 316//316 334//334 317//317
f 290//290 318//318 301//301
f 335//335 303//303 334//334
f 302//302 318//318 290//290
f 457//457 272//272 352//352
f 293//293 336//336 338//338
f 260//260 319//319 370//370
f 402//402 319//319 227//227
f 227//227 320//320 402//402
f 355//355 320//320 277//277
f 242//242 355//355 277//277
f 371//371 242//242 372//372
f 355//355 242//242 371//371
f 321//321 243//243 389//389
f 341//341 261//261 294//294
f 295//295 306//306 419//419
f 295//295 246//246 306//306
f 307//307 294//294 279//279
f 296//296 308//308 279//279
f 324//324 344//344 363//363
f 281//281 345//345 325//325
f 310//310 342//342 324//324
f 325//325 309//309 281//281
f 281//281 309//309 264//264
f 311//311 347//347 326//326
f 313//313 343//343 310//310
f 326//326 282//282 311//311
f 297//297 282//282 326//326
f 327//327 363//363 312//312
f 298//298 297//297 328//328
f 315//315 413//413 313//313
f 348//348 300//300 330//330
f 331//331 300//300 348//348
f 332//332 315//315 301//301
f 318//318 332//332 301//301
f 318//318 351//351 333//333
f 331//331 334//334 316//316
f 302//302 351//351 318//318
f 335//335 385//385 303//303
f 427//427 303//303 385//385
f 427//427 352//352 303//303
f 225//225 337//337 291//291
f 370//370 369//369 337//337
f 305//305 293//293 338//338
f 372//372 211//211 339//339
f 321//321 356//356 340//340
f 389//389 261//261 341//341
f 340//340 356//356 262//262
f 419//419 306//306 262//262
f 308//308 307//307 279//279
f 308//308 362//362 307//307
f 343//343 375//375 342//342
f 342//342 375//375 344//344
f 343//343 342//342 310//310
f 324//324 342//342 344//344
f 313//313 346//346 343//343
f 308//308 309//309 325//325
f 363//363 361//361 312//312
f 347//347 364//364 326//326
f 328//328 297//297 326//326
f 284//284 381//381 345//345
f 398//398 329//329 323//323
f 311//311 312//312 347//347
f 365//365 329//329 398//398
f 413//413 346//346 313//313
f 365//365 330//330 329//329
f 348//348 330//330 365//365
f 332//332 413//413 315//315
f 349//349 318//318 333//333
f 318//318 349//349 366//366
f 318//318 366//366 332//332
f 350//350 349//349 333//333
f 351//351 350//350 333//333
f 437//437 334//334 331//331
f 335//335 334//334 437//437
f 351//351 302//302 368//368
f 368//368 302//302 304//304
f 457//457 353//353 336//336
f 353//353 338//338 336//336
f 402//402 370//370 319//319
f 339//339 305//305 354//354
f 389//389 404//404 321//321
f 356//356 419//419 262//262
f 375//375 373//373 358//358
f 375//375 358//358 391//391
f 343//343 360//360 375//375
f 398//398 323//323 295//295
f 344//344 375//375 361//361
f 363//363 344//344 361//361
f 345//345 378//378 325//325
f 325//325 362//362 308//308
f 364//364 312//312 361//361
f 312//312 364//364 347//347
f 326//326 364//364 377//377
f 326//326 380//380 328//328
f 380//380 284//284 328//328
f 382//382 365//365 398//398
f 348//348 365//365 382//382
f 332//332 366//366 413//413
f 349//349 384//384 366//366
f 367//367 348//348 382//382
f 348//348 367//367 331//331
f 349//349 350//350 384//384
f 437//437 331//331 367//367
f 351//351 415//415 350//350
f 351//351 368//368 400//400
f 453//453 427//427 385//385
f 368//368 304//304 291//291
f 352//352 454//454 457//457
f 353//353 305//305 338//338
f 320//320 355//355 403//403
f 354//354 372//372 339//339
f 388//388 355//355 371//371
f 404//404 417//417 321//321
f 321//321 417//417 356//356
f 358//358 373//373 357//357
f 294//294 392//392 341//341
f 358//358 357//357 391//391
f 294//294 307//307 392//392
f 375//375 374//374 373//373
f 373//373 374//374 393//393
f 375//375 393//393 374//374
f 375//375 360//360 393//393
f 391//391 359//359 375//375
f 362//362 395//395 307//307
f 343//343 346//346 360//360
f 359//359 361//361 375//375
f 361//361 359//359 421//421
f 325//325 378//378 362//362
f 397//397 376//376 346//346
f 361//361 421//421 364//364
f 381//381 378//378 345//345
f 377//377 379//379 326//326
f 379//379 380//380 326//326
f 380//380 381//381 284//284
f 366//366 399//399 413//413
f 383//383 399//399 366//366
f 449//449 367//367 382//382
f 400//400 415//415 351//351
f 437//437 385//385 335//335
f 368//368 291//291 386//386
f 454//454 352//352 427//427
f 386//386 291//291 401//401
f 291//291 337//337 401//401
f 402//402 369//369 370//370
f 320//320 403//403 402//402
f 371//371 372//372 354//354
f 389//389 417//417 404//404
f 389//389 341//341 409//409
f 391//391 357//357 408//408
f 409//409 341//341 392//392
f 393//393 390//390 373//373
f 432//432 295//295 419//419
f 433//433 295//295 432//432
f 391//391 394//394 359//359
f 346//346 376//376 360//360
f 364//364 421//421 396//396
f 396//396 377//377 364//364
f 411//411 380//380 379//379
f 381//381 380//380 410//410
f 398//398 436//436 412//412
f 412//412 382//382 398//398
f 449//449 382//382 412//412
f 413//413 399//399 383//383
f 426//426 383//383 366//366
f 425//425 367//367 449//449
f 384//384 426//426 366//366
f 425//425 437//437 367//367
f 350//350 438//438 384//384
f 415//415 438//438 350//350
f 452//452 385//385 437//437
f 369//369 401//401 337//337
f 387//387 305//305 353//353
f 354//354 305//305 430//430
f 389//389 405//405 417//417
f 407//407 408//408 357//357
f 390//390 406//406 373//373
f 373//373 406//406 357//357
f 408//408 394//394 391//391
f 393//393 431//431 390//390
f 307//307 466//466 392//392
f 421//421 359//359 394//394
f 360//360 467//467 393//393
f 376//376 467//467 360//360
f 436//436 398//398 295//295
f 381//381 395//395 378//378
f 362//362 378//378 395//395
f 435//435 377//377 396//396
f 377//377 411//411 379//379
f 346//346 414//414 397//397
f 380//380 411//411 487//487
f 413//413 414//414 346//346
f 414//414 413//413 383//383
f 414//414 383//383 426//426
f 400//400 472//472 415//415
f 368//368 416//416 400//400
f 386//386 416//416 368//368
f 454//454 456//456 457//457
f 428//428 401//401 369//369
f 402//402 429//429 369//369
f 305//305 387//387 430//430
f 476//476 371//371 354//354
f 388//388 403//403 355//355
f 406//406 407//407 357//357
f 389//389 409//409 405//405
f 419//419 356//356 418//418
f 392//392 466//466 420//420
f 307//307 395//395 466//466
f 486//486 295//295 433//433
f 444//444 396//396 421//421
f 436//436 295//295 486//486
f 448//448 447//447 410//410
f 410//410 447//447 381//381
f 377//377 435//435 411//411
f 414//414 422//422 397//397
f 449//449 412//412 423//423
f 426//426 424//424 414//414
f 472//472 439//439 415//415
f 452//452 453//453 385//385
f 473//473 353//353 523//523
f 428//428 369//369 474//474
f 429//429 474//474 369//369
f 462//462 440//440 403//403
f 462//462 403//403 388//388
f 476//476 388//388 371//371
f 478//478 417//417 405//405
f 442//442 406//406 390//390
f 478//478 479//479 417//417
f 390//390 431//431 442//442
f 417//417 479//479 356//356
f 420//420 409//409 392//392
f 421//421 394//394 443//443
f 393//393 465//465 431//431
f 467//467 465//465 393//393
f 395//395 434//434 466//466
f 445//445 435//435 396//396
f 395//395 381//381 434//434
f 446//446 376//376 397//397
f 448//448 410//410 487//487
f 434//434 381//381 447//447
f 411//411 435//435 468//468
f 380//380 487//487 410//410
f 423//423 412//412 436//436
f 426//426 451//451 450//450
f 384//384 451//451 426//426
f 438//438 451//451 384//384
f 497//497 452//452 437//437
f 416//416 472//472 400//400
f 511//511 427//427 453//453
f 511//511 454//454 427//427
f 457//457 523//523 353//353
f 473//473 387//387 353//353
f 402//402 474//474 429//429
f 387//387 512//512 430//430
f 402//402 459//459 474//474
f 403//403 460//460 402//402
f 403//403 461//461 460//460
f 463//463 394//394 408//408
f 418//418 356//356 479//479
f 443//443 394//394 463//463
f 418//418 432//432 419//419
f 433//433 432//432 418//418
f 431//431 465//465 480//480
f 443//443 444//444 421//421
f 486//486 433//433 482//482
f 445//445 396//396 444//444
f 376//376 446//446 467//467
f 435//435 445//445 483//483
f 397//397 422//422 446//446
f 424//424 422//422 414//414
f 426//426 422//422 424//424
f 449//449 469//469 425//425
f 425//425 469//469 437//437
f 438//438 470//470 451//451
f 470//470 438//438 415//415
f 508//508 470//470 415//415
f 439//439 508//508 415//415
f 498//498 453//453 497//497
f 416//416 386//386 472//472
f 401//401 455//455 386//386
f 401//401 458//458 455//455
f 474//474 458//458 428//428
f 430//430 475//475 354//354
f 461//461 403//403 440//440
f 441//441 462//462 388//388
f 476//476 441//441 388//388
f 477//477 463//463 407//407
f 407//407 463//463 408//408
f 478//478 405//405 409//409
f 478//478 409//409 464//464
f 431//431 480//480 442//442
f 420//420 464//464 409//409
f 445//445 444//444 443//443
f 418//418 482//482 433//433
f 434//434 481//481 466//466
f 435//435 483//483 484//484
f 484//484 468//468 435//435
f 447//447 448//448 434//434
f 487//487 492//492 448//448
f 486//486 493//493 436//436
f 493//493 423//423 436//436
f 450//450 488//488 422//422
f 450//450 422//422 426//426
f 423//423 469//469 449//449
f 495//495 451//451 471//471
f 450//450 451//451 495//495
f 470//470 471//471 451//451
f 489//489 437//437 469//469
f 489//489 497//497 437//437
f 472//472 508//508 439//439
f 497//497 453//453 452//452
f 511//511 453//453 498//498
f 428//428 458//458 401//401
f 456//456 523//523 457//457
f 512//512 387//387 473//473
f 499//499 474//474 459//459
f 499//499 459//459 402//402
f 499//499 402//402 460//460
f 476//476 354//354 475//475
f 464//464 490//490 478//478
f 478//478 490//490 479//479
f 464//464 420//420 501//501
f 501//501 420//420 466//466
f 482//482 418//418 502//502
f 481//481 530//530 466//466
f 486//486 482//482 518//518
f 422//422 467//467 446//446
f 484//484 485//485 468//468
f 505//505 434//434 448//448
f 422//422 488//488 467//467
f 468//468 485//485 411//411
f 485//485 487//487 411//411
f 505//505 448//448 492//492
f 506//506 469//469 423//423
f 495//495 488//488 450//450
f 469//469 506//506 496//496
f 469//469 496//496 489//489
f 470//470 508//508 471//471
f 455//455 472//472 386//386
f 499//499 586//586 474//474
f 461//461 499//499 460//460
f 442//442 542//542 406//406
f 543//543 407//407 406//406
f 480//480 542//542 442//442
f 463//463 500//500 443//443
f 501//501 528//528 464//464
f 490//490 418//418 479//479
f 465//465 491//491 480//480
f 515//515 501//501 466//466
f 467//467 491//491 465//465
f 530//530 515//515 466//466
f 481//481 434//434 504//504
f 504//504 434//434 505//505
f 486//486 518//518 493//493
f 488//488 494//494 467//467
f 492//492 487//487 485//485
f 506//506 423//423 493//493
f 471//471 508//508 495//495
f 472//472 509//509 508//508
f 524//524 458//458 474//474
f 586//586 524//524 474//474
f 540//540 476//476 475//475
f 526//526 441//441 476//476
f 542//542 543//543 406//406
f 513//513 477//477 407//407
f 477//477 500//500 463//463
f 480//480 514//514 542//542
f 544//544 443//443 500//500
f 544//544 445//445 443//443
f 464//464 528//528 490//490
f 490//490 502//502 418//418
f 517//517 491//491 467//467
f 531//531 445//445 503//503
f 531//531 483//483 445//445
f 518//518 482//482 547//547
f 532//532 484//484 483//483
f 494//494 517//517 467//467
f 504//504 505//505 561//561
f 485//485 534//534 492//492
f 494//494 488//488 507//507
f 495//495 507//507 488//488
f 508//508 507//507 495//495
f 489//489 496//496 520//520
f 497//497 489//489 520//520
f 569//569 497//497 520//520
f 472//472 510//510 509//509
f 456//456 454//454 511//511
f 553//553 455//455 458//458
f 473//473 523//523 538//538
f 473//473 538//538 512//512
f 541//541 461//461 440//440
f 543//543 513//513 407//407
f 515//515 528//528 501//501
f 529//529 502//502 490//490
f 502//502 547//547 482//482
f 491//491 517//517 548//548
f 504//504 516//516 481//481
f 530//530 481//481 516//516
f 531//531 532//532 483//483
f 516//516 504//504 567//567
f 532//532 560//560 484//484
f 560//560 485//485 484//484
f 492//492 534//534 505//505
f 518//518 533//533 493//493
f 535//535 517//517 494//494
f 533//533 549//549 493//493
f 549//549 506//506 493//493
f 496//496 506//506 519//519
f 508//508 521//521 507//507
f 520//520 496//496 519//519
f 509//509 521//521 508//508
f 498//498 497//497 569//569
f 522//522 511//511 498//498
f 472//472 553//553 510//510
f 537//537 456//456 511//511
f 472//472 455//455 553//553
f 523//523 456//456 537//537
f 525//525 430//430 512//512
f 475//475 430//430 525//525
f 586//586 499//499 461//461
f 541//541 586//586 461//461
f 441//441 541//541 440//440
f 440//440 462//462 441//441
f 526//526 476//476 557//557
f 527//527 542//542 514//514
f 480//480 527//527 514//514
f 503//503 445//445 544//544
f 491//491 545//545 480//480
f 491//491 548//548 545//545
f 566//566 515//515 530//530
f 534//534 561//561 505//505
f 536//536 535//535 494//494
f 550//550 536//536 494//494
f 549//549 519//519 506//506
f 507//507 550//550 494//494
f 511//511 522//522 537//537
f 539//539 525//525 512//512
f 524//524 586//586 606//606
f 540//540 475//475 525//525
f 542//542 558//558 574//574
f 513//513 500//500 477//477
f 527//527 558//558 542//542
f 564//564 544//544 500//500
f 480//480 545//545 527//527
f 528//528 529//529 490//490
f 566//566 528//528 515//515
f 529//529 565//565 502//502
f 547//547 502//502 565//565
f 535//535 548//548 517//517
f 531//531 546//546 532//532
f 533//533 518//518 547//547
f 548//548 535//535 536//536
f 485//485 598//598 534//534
f 534//534 598//598 561//561
f 549//549 568//568 519//519
f 521//521 550//550 507//507
f 509//509 510//510 563//563
f 553//553 554//554 572//572
f 555//555 553//553 458//458
f 524//524 555//555 458//458
f 585//585 524//524 604//604
f 512//512 538//538 539//539
f 631//631 557//557 476//476
f 631//631 476//476 540//540
f 543//543 542//542 574//574
f 591//591 503//503 544//544
f 592//592 545//545 548//548
f 503//503 591//591 575//575
f 529//529 528//528 559//559
f 531//531 503//503 575//575
f 559//559 528//528 566//566
f 546//546 531//531 575//575
f 530//530 516//516 579//579
f 530//530 579//579 566//566
f 560//560 532//532 546//546
f 561//561 567//567 504//504
f 615//615 547//547 565//565
f 615//615 533//533 547//547
f 560//560 595//595 485//485
f 595//595 598//598 485//485
f 549//549 533//533 615//615
f 615//615 568//568 549//549
f 550//550 562//562 536//536
f 568//568 551//551 519//519
f 551//551 583//583 519//519
f 583//583 520//520 519//519
f 521//521 552//552 550//550
f 509//509 552//552 521//521
f 619//619 498//498 569//569
f 619//619 522//522 498//498
f 619//619 571//571 522//522
f 510//510 553//553 563//563
f 571//571 537//537 522//522
f 556//556 523//523 620//620
f 604//604 524//524 606//606
f 541//541 607//607 587//587
f 607//607 541//541 441//441
f 557//557 607//607 441//441
f 441//441 526//526 557//557
f 543//543 574//574 513//513
f 513//513 588//588 500//500
f 588//588 564//564 500//500
f 558//558 527//527 590//590
f 591//591 544//544 588//588
f 589//589 527//527 545//545
f 559//559 576//576 529//529
f 593//593 592//592 548//548
f 567//567 612//612 516//516
f 546//546 577//577 560//560
f 578//578 567//567 561//561
f 577//577 594//594 560//560
f 594//594 595//595 560//560
f 602//602 562//562 550//550
f 616//616 551//551 568//568
f 552//552 584//584 550//550
f 583//583 569//569 520//520
f 563//563 553//553 572//572
f 620//620 523//523 537//537
f 524//524 585//585 555//555
f 556//556 538//538 523//523
f 539//539 538//538 556//556
f 540//540 525//525 573//573
f 587//587 586//586 541//541
f 574//574 588//588 513//513
f 527//527 589//589 590//590
f 588//588 544//544 564//564
f 576//576 565//565 529//529
f 575//575 577//577 546//546
f 579//579 516//516 612//612
f 567//567 578//578 612//612
f 559//559 566//566 596//596
f 615//615 565//565 597//597
f 580//580 578//578 561//561
f 536//536 562//562 548//548
f 598//598 580//580 561//561
f 568//568 615//615 581//581
f 602//602 600//600 562//562
f 616//616 568//568 581//581
f 550//550 582//582 602//602
f 550//550 584//584 582//582
f 509//509 563//563 552//552
f 619//619 537//537 571//571
f 525//525 539//539 556//556
f 587//587 607//607 632//632
f 558//558 590//590 574//574
f 590//590 589//589 608//608
f 624//624 559//559 613//613
f 576//576 559//559 624//624
f 579//579 596//596 566//566
f 596//596 613//613 559//559
f 576//576 624//624 565//565
f 597//597 565//565 624//624
f 548//548 562//562 593//593
f 580//580 634//634 578//578
f 600//600 599//599 562//562
f 601//601 600//600 602//602
f 581//581 615//615 616//616
f 602//602 641//641 601//601
f 602//602 582//582 584//584
f 583//583 551//551 618//618
f 583//583 618//618 569//569
f 552//552 570//570 584//584
f 603//603 537//537 619//619
f 553//553 555//555 554//554
f 621//621 585//585 604//604
f 525//525 556//556 630//630
f 606//606 621//621 604//604
f 630//630 573//573 525//525
f 632//632 586//586 587//587
f 590//590 588//588 574//574
f 633//633 591//591 588//588
f 592//592 589//589 545//545
f 633//633 575//575 591//591
f 653//653 575//575 633//633
f 593//593 589//589 592//592
f 653//653 577//577 575//575
f 653//653 623//623 577//577
f 612//612 609//609 579//579
f 596//596 579//579 609//609
f 614//614 597//597 624//624
f 577//577 610//610 594//594
f 599//599 593//593 562//562
f 611//611 595//595 594//594
f 580//580 598//598 634//634
f 612//612 635//635 609//609
f 611//611 598//598 595//595
f 614//614 615//615 597//597
f 614//614 626//626 615//615
f 601//601 599//599 600//600
f 627//627 615//615 626//626
f 627//627 616//616 615//615
f 616//616 618//618 551//551
f 617//617 641//641 602//602
f 618//618 619//619 569//569
f 552//552 563//563 570//570
f 572//572 628//628 563//563
f 620//620 537//537 603//603
f 554//554 715//715 628//628
f 620//620 630//630 556//556
f 573//573 630//630 605//605
f 573//573 605//605 540//540
f 586//586 632//632 606//606
f 631//631 540//540 651//651
f 590//590 622//622 588//588
f 622//622 633//633 588//588
f 608//608 622//622 590//590
f 608//608 633//633 622//622
f 663//663 608//608 589//589
f 663//663 589//589 665//665
f 623//623 610//610 577//577
f 625//625 589//589 593//593
f 634//634 672//672 578//578
f 609//609 670//670 596//596
f 613//613 596//596 670//670
f 599//599 625//625 593//593
f 672//672 635//635 578//578
f 578//578 635//635 612//612
f 614//614 624//624 637//637
f 614//614 637//637 638//638
f 634//634 598//598 611//611
f 614//614 638//638 626//626
f 601//601 640//640 599//599
f 639//639 627//627 626//626
f 601//601 641//641 640//640
f 675//675 616//616 627//627
f 584//584 617//617 602//602
f 618//618 686//686 655//655
f 655//655 619//619 618//618
f 655//655 703//703 619//619
f 603//603 619//619 703//703
f 554//554 628//628 572//572
f 554//554 555//555 715//715
f 585//585 656//656 555//555
f 645//645 656//656 585//585
f 645//645 585//585 629//629
f 621//621 629//629 585//585
f 651//651 540//540 605//605
f 662//662 632//632 607//607
f 633//633 608//608 663//663
f 663//663 652//652 633//633
f 680//680 653//653 633//633
f 625//625 665//665 589//589
f 623//623 667//667 610//610
f 594//594 610//610 611//611
f 634//634 611//611 636//636
f 611//611 671//671 636//636
f 634//634 636//636 672//672
f 670//670 694//694 613//613
f 613//613 694//694 624//624
f 599//599 640//640 625//625
f 684//684 626//626 638//638
f 626//626 684//684 639//639
f 639//639 676//676 627//627
f 675//675 627//627 676//676
f 616//616 686//686 618//618
f 642//642 617//617 584//584
f 570//570 642//642 584//584
f 570//570 563//563 628//628
f 766//766 620//620 603//603
f 647//647 645//645 646//646
f 629//629 646//646 645//645
f 648//648 647//647 646//646
f 646//646 629//629 648//648
f 629//629 649//649 648//648
f 629//629 621//621 649//649
f 719//719 607//607 557//557
f 652//652 680//680 633//633
f 663//663 682//682 652//652
f 664//664 653//653 680//680
f 664//664 666//666 653//653
f 610//610 667//667 611//611
f 637//637 624//624 709//709
f 695//695 638//638 637//637
f 640//640 673//673 625//625
f 640//640 654//654 673//673
f 640//640 641//641 654//654
f 725//725 675//675 677//677
f 725//725 616//616 675//675
f 616//616 725//725 686//686
f 678//678 642//642 570//570
f 628//628 678//678 570//570
f 644//644 620//620 766//766
f 643//643 715//715 555//555
f 620//620 679//679 630//630
f 658//658 657//657 647//647
f 647//647 657//657 645//645
f 657//657 656//656 645//645
f 658//658 659//659 657//657
f 648//648 658//658 647//647
f 648//648 649//649 658//658
f 649//649 659//659 658//658
f 621//621 659//659 649//649
f 606//606 650//650 621//621
f 660//660 606//606 632//632
f 661//661 631//631 651//651
f 632//632 662//662 660//660
f 661//661 719//719 557//557
f 557//557 631//631 661//661
f 680//680 652//652 682//682
f 681//681 663//663 665//665
f 623//623 653//653 666//666
f 623//623 666//666 667//667
f 691//691 635//635 672//672
f 669//669 609//609 635//635
f 625//625 693//693 665//665
f 636//636 671//671 668//668
f 636//636 668//668 672//672
f 669//669 635//635 691//691
f 683//683 694//694 670//670
f 625//625 673//673 693//693
f 624//624 694//694 709//709
f 709//709 695//695 637//637
f 697//697 638//638 695//695
f 697//697 684//684 638//638
f 674//674 673//673 654//654
f 684//684 685//685 639//639
f 675//675 676//676 685//685
f 685//685 676//676 639//639
f 617//617 654//654 641//641
f 655//655 686//686 703//703
f 766//766 603//603 703//703
f 678//678 628//628 715//715
f 656//656 643//643 555//555
f 659//659 656//656 657//657
f 630//630 679//679 605//605
f 621//621 650//650 729//729
f 651//651 605//605 717//717
f 660//660 650//650 606//606
f 769//769 660//660 662//662
f 664//664 680//680 688//688
f 688//688 666//666 664//664
f 693//693 681//681 665//665
f 663//663 681//681 682//682
f 670//670 669//669 707//707
f 609//609 669//669 670//670
f 683//683 670//670 707//707
f 667//667 708//708 611//611
f 708//708 671//671 611//611
f 673//673 696//696 693//693
f 673//673 698//698 696//696
f 673//673 674//674 698//698
f 701//701 674//674 654//654
f 677//677 675//675 685//685
f 684//684 714//714 685//685
f 684//684 697//697 714//714
f 617//617 701//701 654//654
f 617//617 642//642 702//702
f 620//620 687//687 679//679
f 679//679 687//687 605//605
f 621//621 656//656 659//659
f 621//621 729//729 718//718
f 755//755 662//662 607//607
f 607//607 719//719 755//755
f 688//688 689//689 666//666
f 689//689 690//690 666//666
f 681//681 705//705 682//682
f 706//706 680//680 682//682
f 690//690 704//704 666//666
f 704//704 667//667 666//666
f 668//668 671//671 746//746
f 672//672 668//668 746//746
f 669//669 733//733 707//707
f 683//683 707//707 694//694
f 694//694 707//707 692//692
f 709//709 710//710 695//695
f 698//698 699//699 696//696
f 701//701 713//713 674//674
f 714//714 677//677 685//685
f 714//714 700//700 677//677
f 726//726 686//686 725//725
f 617//617 702//702 701//701
f 703//703 686//686 726//726
f 656//656 621//621 741//741
f 621//621 718//718 741//741
f 660//660 729//729 650//650
f 662//662 755//755 769//769
f 688//688 680//680 706//706
f 731//731 732//732 671//671
f 704//704 745//745 667//667
f 667//667 745//745 720//720
f 671//671 708//708 731//731
f 746//746 671//671 732//732
f 672//672 730//730 691//691
f 746//746 730//730 672//672
f 730//730 669//669 691//691
f 774//774 733//733 669//669
f 705//705 721//721 682//682
f 720//720 708//708 667//667
f 693//693 711//711 681//681
f 681//681 711//711 705//705
f 707//707 734//734 692//692
f 692//692 735//735 694//694
f 696//696 711//711 693//693
f 710//710 697//697 695//695
f 750//750 697//697 710//710
f 699//699 711//711 696//696
f 713//713 698//698 674//674
f 723//723 699//699 698//698
f 750//750 712//712 697//697
f 723//723 698//698 713//713
f 751//751 697//697 712//712
f 714//714 697//697 751//751
f 678//678 702//702 642//642
f 678//678 727//727 702//702
f 678//678 739//739 727//727
f 678//678 715//715 739//739
f 766//766 753//753 644//644
f 753//753 620//620 644//644
f 687//687 716//716 605//605
f 716//716 717//717 605//605
f 651//651 742//742 661//661
f 660//660 794//794 729//729
f 660//660 769//769 794//794
f 690//690 745//745 704//704
f 669//669 730//730 774//774
f 682//682 721//721 706//706
f 748//748 688//688 706//706
f 721//721 705//705 711//711
f 707//707 733//733 734//734
f 757//757 692//692 734//734
f 735//735 692//692 757//757
f 735//735 709//709 694//694
f 722//722 711//711 699//699
f 724//724 723//723 713//713
f 699//699 723//723 722//722
f 700//700 725//725 677//677
f 751//751 700//700 714//714
f 725//725 737//737 726//726
f 738//738 702//702 727//727
f 703//703 726//726 780//780
f 765//765 766//766 703//703
f 715//715 643//643 740//740
f 643//643 656//656 728//728
f 718//718 813//813 741//741
f 651//651 717//717 742//742
f 719//719 661//661 770//770
f 744//744 690//690 689//689
f 732//732 771//771 746//746
f 689//689 688//688 748//748
f 708//708 720//720 731//731
f 749//749 721//721 711//711
f 735//735 710//710 709//709
f 711//711 722//722 749//749
f 710//710 777//777 750//750
f 722//722 723//723 736//736
f 701//701 724//724 713//713
f 725//725 700//700 737//737
f 763//763 701//701 702//702
f 726//726 737//737 764//764
f 738//738 763//763 702//702
f 780//780 726//726 764//764
f 728//728 740//740 643//643
f 741//741 728//728 656//656
f 687//687 620//620 753//753
f 813//813 718//718 815//815
f 742//742 717//717 767//767
f 729//729 815//815 718//718
f 742//742 770//770 661//661
f 743//743 755//755 719//719
f 690//690 773//773 745//745
f 746//746 772//772 730//730
f 720//720 747//747 731//731
f 784//784 732//732 731//731
f 747//747 784//784 731//731
f 771//771 732//732 784//784
f 730//730 772//772 774//774
f 735//735 757//757 776//776
f 689//689 748//748 744//744
f 773//773 758//758 745//745
f 720//720 745//745 758//758
f 733//733 756//756 734//734
f 721//721 748//748 706//706
f 749//749 722//722 736//736
f 778//778 712//712 750//750
f 700//700 751//751 790//790
f 791//791 700//700 790//790
f 791//791 762//762 700//700
f 701//701 763//763 724//724
f 752//752 700//700 762//762
f 700//700 752//752 737//737
f 752//752 764//764 737//737
f 739//739 738//738 727//727
f 780//780 765//765 703//703
f 740//740 739//739 715//715
f 802//802 766//766 765//765
f 753//753 811//811 687//687
f 716//716 687//687 811//811
f 717//717 716//716 811//811
f 815//815 729//729 768//768
f 768//768 729//729 794//794
f 719//719 770//770 743//743
f 744//744 773//773 690//690
f 771//771 772//772 746//746
f 774//774 756//756 733//733
f 757//757 734//734 756//756
f 749//749 759//759 721//721
f 776//776 777//777 735//735
f 777//777 710//710 735//735
f 736//736 779//779 760//760
f 736//736 760//760 749//749
f 723//723 779//779 736//736
f 712//712 778//778 787//787
f 724//724 789//789 723//723
f 787//787 751//751 712//712
f 790//790 751//751 787//787
f 763//763 789//789 724//724
f 761//761 791//791 790//790
f 738//738 781//781 763//763
f 742//742 824//824 770//770
f 782//782 794//794 769//769
f 782//782 769//769 755//755
f 756//756 774//774 775//775
f 748//748 785//785 744//744
f 758//758 795//795 720//720
f 756//756 776//776 757//757
f 797//797 748//748 721//721
f 785//785 748//748 797//797
f 759//759 797//797 721//721
f 786//786 759//759 749//749
f 777//777 778//778 750//750
f 760//760 786//786 749//749
f 789//789 779//779 723//723
f 762//762 792//792 752//752
f 739//739 781//781 738//738
f 802//802 765//765 780//780
f 740//740 793//793 739//739
f 811//811 753//753 823//823
f 754//754 717//717 811//811
f 767//767 717//717 754//754
f 767//767 814//814 742//742
f 824//824 742//742 814//814
f 743//743 782//782 755//755
f 758//758 773//773 805//805
f 720//720 806//806 747//747
f 806//806 784//784 747//747
f 783//783 774//774 772//772
f 783//783 775//775 774//774
f 744//744 805//805 773//773
f 795//795 758//758 805//805
f 795//795 806//806 720//720
f 756//756 796//796 776//776
f 776//776 808//808 777//777
f 778//778 777//777 808//808
f 788//788 760//760 779//779
f 761//761 790//790 800//800
f 833//833 792//792 762//762
f 752//752 792//792 764//764
f 792//792 780//780 764//764
f 802//802 780//780 792//792
f 739//739 793//793 781//781
f 766//766 802//802 841//841
f 841//841 753//753 766//766
f 841//841 823//823 753//753
f 741//741 803//803 728//728
f 813//813 803//803 741//741
f 843//843 815//815 794//794
f 815//815 768//768 794//794
f 772//772 771//771 825//825
f 805//805 816//816 795//795
f 771//771 784//784 825//825
f 772//772 825//825 783//783
f 807//807 744//744 785//785
f 744//744 807//807 805//805
f 775//775 796//796 756//756
f 798//798 797//797 759//759
f 798//798 759//759 786//786
f 778//778 808//808 838//838
f 838//838 787//787 778//778
f 821//821 786//786 799//799
f 786//786 760//760 799//799
f 760//760 788//788 799//799
f 790//790 787//787 822//822
f 822//822 800//800 790//790
f 779//779 789//789 801//801
f 763//763 801//801 789//789
f 833//833 791//791 800//800
f 833//833 762//762 791//791
f 761//761 800//800 791//791
f 763//763 840//840 801//801
f 781//781 793//793 810//810
f 823//823 835//835 811//811
f 854//854 813//813 815//815
f 767//767 754//754 814//814
f 843//843 794//794 782//782
f 795//795 816//816 817//817
f 817//817 806//806 795//795
f 806//806 844//844 784//784
f 844//844 825//825 784//784
f 783//783 818//818 775//775
f 775//775 818//818 796//796
f 797//797 807//807 785//785
f 776//776 796//796 808//808
f 786//786 821//821 798//798
f 822//822 787//787 838//838
f 801//801 788//788 779//779
f 800//800 822//822 833//833
f 763//763 809//809 840//840
f 781//781 809//809 763//763
f 792//792 852//852 802//802
f 740//740 728//728 793//793
f 812//812 803//803 813//813
f 804//804 854//854 815//815
f 743//743 770//770 855//855
f 807//807 837//837 805//805
f 837//837 816//816 805//805
f 827//827 819//819 798//798
f 821//821 827//827 798//798
f 819//819 797//797 798//798
f 819//819 807//807 797//797
f 820//820 807//807 819//819
f 832//832 833//833 822//822
f 792//792 833//833 850//850
f 850//850 852//852 792//792
f 781//781 810//810 809//809
f 811//811 835//835 754//754
f 815//815 843//843 804//804
f 824//824 855//855 770//770
f 817//817 816//816 836//836
f 820//820 837//837 807//807
f 837//837 836//836 816//816
f 817//817 844//844 806//806
f 783//783 826//826 818//818
f 796//796 818//818 826//826
f 796//796 826//826 828//828
f 829//829 808//808 796//796
f 828//828 829//829 796//796
f 829//829 838//838 808//808
f 821//821 799//799 830//830
f 831//831 799//799 788//788
f 834//834 788//788 801//801
f 834//834 849//849 788//788
f 833//833 832//832 839//839
f 850//850 833//833 839//839
f 840//840 834//834 801//801
f 809//809 810//810 864//864
f 841//841 802//802 852//852
f 890//890 841//841 852//852
f 793//793 728//728 853//853
f 835//835 823//823 841//841
f 728//728 803//803 853//853
f 754//754 835//835 892//892
f 754//754 892//892 842//842
f 854//854 812//812 813//813
f 804//804 865//865 854//854
f 843//843 865//865 804//804
f 824//824 895//895 855//855
f 743//743 843//843 782//782
f 855//855 883//883 743//743
f 825//825 826//826 783//783
f 846//846 819//819 827//827
f 859//859 820//820 819//819
f 821//821 830//830 827//827
f 838//838 847//847 822//822
f 822//822 847//847 832//832
f 831//831 788//788 849//849
f 847//847 863//863 832//832
f 863//863 839//839 832//832
f 850//850 839//839 848//848
f 810//810 793//793 864//864
f 881//881 841//841 890//890
f 803//803 812//812 853//853
f 814//814 754//754 872//872
f 872//872 824//824 814//814
f 865//865 843//843 873//873
f 836//836 844//844 817//817
f 866//866 844//844 836//836
f 844//844 866//866 825//825
f 837//837 857//857 836//836
f 845//845 826//826 825//825
f 846//846 859//859 819//819
f 860//860 828//828 826//826
f 861//861 828//828 860//860
f 846//846 827//827 830//830
f 861//861 829//829 828//828
f 829//829 862//862 838//838
f 838//838 862//862 867//867
f 799//799 886//886 830//830
f 838//838 867//867 847//847
f 848//848 839//839 863//863
f 849//849 834//834 840//840
f 869//869 840//840 809//809
f 864//864 851//851 809//809
f 793//793 853//853 864//864
f 872//872 895//895 824//824
f 873//873 843//843 743//743
f 856//856 873//873 743//743
f 883//883 856//856 743//743
f 836//836 858//858 866//866
f 866//866 845//845 825//825
f 874//874 837//837 820//820
f 875//875 861//861 860//860
f 829//829 861//861 862//862
f 799//799 831//831 911//911
f 911//911 886//886 799//799
f 849//849 902//902 831//831
f 887//887 863//863 847//847
f 868//868 848//848 863//863
f 869//869 849//849 840//840
f 879//879 850//850 848//848
f 809//809 851//851 869//869
f 879//879 880//880 850//850
f 890//890 852//852 850//850
f 934//934 835//835 841//841
f 934//934 892//892 835//835
f 812//812 854//854 882//882
f 882//882 854//854 865//865
f 754//754 842//842 872//872
f 857//857 858//858 836//836
f 874//874 857//857 837//837
f 858//858 899//899 866//866
f 866//866 899//899 845//845
f 845//845 899//899 900//900
f 859//859 917//917 820//820
f 845//845 900//900 826//826
f 900//900 860//860 826//826
f 875//875 876//876 862//862
f 861//861 875//875 862//862
f 862//862 919//919 867//867
f 887//887 847//847 867//867
f 878//878 902//902 849//849
f 868//868 863//863 887//887
f 878//878 849//849 869//869
f 868//868 879//879 848//848
f 880//880 890//890 850//850
f 864//864 904//904 851//851
f 904//904 864//864 870//870
f 864//864 853//853 870//870
f 841//841 881//881 945//945
f 891//891 841//841 945//945
f 871//871 841//841 891//891
f 934//934 841//841 871//871
f 923//923 853//853 812//812
f 882//882 923//923 812//812
f 872//872 842//842 892//892
f 893//893 882//882 865//865
f 914//914 865//865 873//873
f 897//897 858//858 857//857
f 820//820 917//917 874//874
f 900//900 909//909 860//860
f 885//885 860//860 909//909
f 885//885 875//875 860//860
f 859//859 846//846 901//901
f 919//919 862//862 876//876
f 886//886 901//901 830//830
f 846//846 830//830 901//901
f 877//877 887//887 867//867
f 868//868 887//887 941//941
f 892//892 982//982 872//872
f 865//865 925//925 893//893
f 895//895 872//872 894//894
f 856//856 914//914 873//873
f 856//856 883//883 966//966
f 898//898 858//858 897//897
f 899//899 884//884 900//900
f 859//859 901//901 917//917
f 911//911 938//938 886//886
f 886//886 938//938 901//901
f 831//831 902//902 911//911
f 902//902 878//878 888//888
f 889//889 888//888 878//878
f 921//921 879//879 868//868
f 921//921 880//880 879//879
f 869//869 889//889 878//878
f 851//851 889//889 869//869
f 904//904 889//889 851//851
f 903//903 890//890 880//880
f 881//881 890//890 945//945
f 935//935 925//925 865//865
f 914//914 935//935 865//865
f 895//895 894//894 855//855
f 897//897 857//857 907//907
f 898//898 899//899 858//858
f 857//857 874//874 907//907
f 908//908 884//884 899//899
f 875//875 885//885 876//876
f 885//885 919//919 876//876
f 930//930 911//911 902//902
f 919//919 877//877 867//867
f 877//877 941//941 887//887
f 903//903 880//880 921//921
f 904//904 932//932 889//889
f 912//912 890//890 903//903
f 870//870 922//922 904//904
f 912//912 945//945 890//890
f 853//853 913//913 870//870
f 853//853 923//923 905//905
f 893//893 923//923 882//882
f 925//925 947//947 893//893
f 914//914 896//896 935//935
f 966//966 883//883 936//936
f 936//936 883//883 855//855
f 907//907 874//874 917//917
f 915//915 908//908 899//899
f 916//916 917//917 901//901
f 884//884 928//928 900//900
f 928//928 909//909 900//900
f 916//916 901//901 918//918
f 938//938 918//918 901//901
f 910//910 919//919 885//885
f 919//919 941//941 877//877
f 888//888 930//930 902//902
f 921//921 868//868 941//941
f 903//903 921//921 912//912
f 904//904 922//922 932//932
f 853//853 905//905 913//913
f 934//934 871//871 891//891
f 893//893 947//947 924//924
f 872//872 982//982 906//906
f 872//872 906//906 894//894
f 966//966 914//914 856//856
f 966//966 967//967 914//914
f 926//926 907//907 917//917
f 907//907 898//898 897//897
f 898//898 915//915 899//899
f 908//908 927//927 884//884
f 928//928 884//884 927//927
f 926//926 917//917 916//916
f 909//909 929//929 885//885
f 910//910 954//954 919//919
f 919//919 954//954 941//941
f 920//920 888//888 889//889
f 932//932 920//920 889//889
f 913//913 922//922 870//870
f 945//945 934//934 891//891
f 974//974 934//934 956//956
f 974//974 982//982 892//892
f 923//923 893//893 924//924
f 936//936 855//855 894//894
f 967//967 896//896 914//914
f 915//915 957//957 908//908
f 951//951 915//915 898//898
f 957//957 927//927 908//908
f 928//928 929//929 909//909
f 910//910 885//885 929//929
f 918//918 938//938 952//952
f 910//910 953//953 954//954
f 939//939 938//938 911//911
f 930//930 939//939 911//911
f 920//920 942//942 888//888
f 930//930 888//888 942//942
f 943//943 920//920 932//932
f 912//912 921//921 931//931
f 944//944 945//945 912//912
f 913//913 905//905 922//922
f 956//956 934//934 945//945
f 974//974 892//892 934//934
f 894//894 906//906 965//965
f 925//925 935//935 947//947
f 926//926 950//950 907//907
f 916//916 937//937 950//950
f 916//916 950//950 926//926
f 918//918 937//937 916//916
f 952//952 937//937 918//918
f 929//929 953//953 910//910
f 939//939 952//952 938//938
f 953//953 940//940 954//954
f 921//921 941//941 961//961
f 931//931 921//921 961//961
f 920//920 943//943 942//942
f 955//955 912//912 931//931
f 922//922 963//963 932//932
f 923//923 946//946 905//905
f 1009//1009 924//924 964//964
f 948//948 936//936 894//894
f 949//949 935//935 896//896
f 975//975 966//966 936//936
f 967//967 949//949 896//896
f 966//966 1011//1011 967//967
f 907//907 950//950 898//898
f 969//969 951//951 898//898
f 915//915 951//951 957//957
f 951//951 968//968 957//957
f 927//927 972//972 928//928
f 972//972 929//929 928//928
f 952//952 939//939 973//973
f 940//940 959//959 954//954
f 973//973 939//939 978//978
f 939//939 930//930 978//978
f 941//941 954//954 979//979
f 942//942 978//978 930//930
f 979//979 961//961 941//941
f 961//961 955//955 931//931
f 955//955 944//944 912//912
f 905//905 933//933 922//922
f 905//905 946//946 933//933
f 924//924 1009//1009 923//923
f 924//924 947//947 964//964
f 894//894 965//965 948//948
f 983//983 947//947 935//935
f 937//937 988//988 971//971
f 937//937 952//952 988//988
f 929//929 958//958 953//953
f 940//940 953//953 959//959
f 978//978 960//960 973//973
f 959//959 979//979 954//954
f 943//943 978//978 942//942
f 943//943 932//932 963//963
f 955//955 961//961 989//989
f 922//922 933//933 963//963
f 944//944 956//956 945//945
f 1009//1009 1002//1002 923//923
f 983//983 964//964 947//947
f 949//949 983//983 935//935
f 969//969 898//898 950//950
f 968//968 990//990 957//957
f 969//969 950//950 991//991
f 957//957 990//990 927//927
f 950//950 970//970 991//991
f 927//927 990//990 972//972
f 973//973 988//988 952//952
f 972//972 993//993 929//929
f 929//929 993//993 958//958
f 953//953 958//958 976//976
f 953//953 976//976 959//959
f 959//959 976//976 979//979
f 979//979 962//962 961//961
f 978//978 943//943 1018//1018
f 989//989 961//961 962//962
f 980//980 955//955 989//989
f 980//980 944//944 955//955
f 1002//1002 1057//1057 923//923
f 1003//1003 982//982 974//974
f 965//965 906//906 982//982
f 949//949 967//967 1010//1010
f 975//975 1051//1051 966//966
f 1051//1051 1011//1011 966//966
f 991//991 1012//1012 969//969
f 969//969 1012//1012 951//951
f 992//992 968//968 951//951
f 950//950 991//991 970//970
f 937//937 971//971 985//985
f 937//937 985//985 950//950
f 990//990 986//986 972//972
f 988//988 973//973 987//987
f 986//986 993//993 972//972
f 993//993 976//976 958//958
f 973//973 960//960 996//996
f 997//997 979//979 976//976
f 960//960 978//978 977//977
f 979//979 999//999 962//962
f 943//943 1031//1031 1018//1018
f 989//989 962//962 999//999
f 963//963 1031//1031 943//943
f 981//981 974//974 956//956
f 946//946 923//923 1057//1057
f 981//981 1003//1003 974//974
f 983//983 1009//1009 964//964
f 949//949 984//984 983//983
f 975//975 936//936 948//948
f 1012//1012 992//992 951//951
f 992//992 1022//1022 968//968
f 968//968 1022//1022 990//990
f 985//985 991//991 950//950
f 1040//1040 995//995 993//993
f 971//971 988//988 985//985
f 985//985 988//988 1013//1013
f 976//976 993//993 995//995
f 996//996 987//987 973//973
f 960//960 977//977 996//996
f 1018//1018 977//977 978//978
f 980//980 1001//1001 944//944
f 946//946 1019//1019 933//933
f 944//944 981//981 956//956
f 965//965 982//982 1003//1003
f 1004//1004 1009//1009 983//983
f 975//975 948//948 1005//1005
f 1011//1011 1010//1010 967//967
f 991//991 1007//1007 1012//1012
f 992//992 1006//1006 1022//1022
f 990//990 1025//1025 986//986
f 985//985 994//994 991//991
f 986//986 1025//1025 993//993
f 988//988 987//987 1016//1016
f 1016//1016 1015//1015 988//988
f 1013//1013 988//988 1015//1015
f 997//997 976//976 1028//1028
f 979//979 997//997 998//998
f 1008//1008 999//999 979//979
f 979//979 998//998 1008//1008
f 1008//1008 989//989 999//999
f 989//989 1008//1008 1032//1032
f 963//963 1056//1056 1031//1031
f 1071//1071 944//944 1001//1001
f 1021//1021 984//984 949//949
f 1050//1050 1051//1051 975//975
f 1022//1022 1023//1023 990//990
f 1012//1012 1024//1024 992//992
f 1006//1006 992//992 1024//1024
f 1025//1025 990//990 1023//1023
f 1025//1025 1039//1039 993//993
f 987//987 996//996 1016//1016
f 995//995 1028//1028 976//976
f 989//989 1032//1032 980//980
f 933//933 1056//1056 963//963
f 1046//1046 1001//1001 980//980
f 1019//1019 946//946 1057//1057
f 984//984 1009//1009 1004//1004
f 948//948 965//965 1036//1036
f 984//984 1004//1004 983//983
f 1021//1021 949//949 1010//1010
f 1005//1005 1050//1050 975//975
f 1013//1013 1014//1014 985//985
f 1054//1054 991//991 1014//1014
f 985//985 1014//1014 994//994
f 1014//1014 991//991 994//994
f 1039//1039 1040//1040 993//993
f 1015//1015 1026//1026 1013//1013
f 1041//1041 1016//1016 996//996
f 977//977 1017//1017 996//996
f 1018//1018 1043//1043 977//977
f 1043//1043 1017//1017 977//977
f 998//998 997//997 1099//1099
f 1099//1099 1029//1029 998//998
f 1008//1008 998//998 1029//1029
f 1045//1045 1032//1032 1033//1033
f 980//980 1032//1032 1046//1046
f 933//933 1047//1047 1056//1056
f 1000//1000 1047//1047 933//933
f 1019//1019 1000//1000 933//933
f 1071//1071 981//981 944//944
f 1020//1020 1003//1003 981//981
f 965//965 1003//1003 1020//1020
f 1002//1002 1009//1009 1058//1058
f 965//965 1020//1020 1036//1036
f 1035//1035 1009//1009 984//984
f 1005//1005 948//948 1036//1036
f 1049//1049 1021//1021 1010//1010
f 1051//1051 1052//1052 1011//1011
f 1038//1038 1024//1024 1012//1012
f 1076//1076 1024//1024 1038//1038
f 1037//1037 1022//1022 1024//1024
f 1022//1022 1006//1006 1024//1024
f 1054//1054 1007//1007 991//991
f 1023//1023 1053//1053 1025//1025
f 1040//1040 1027//1027 995//995
f 1026//1026 1015//1015 1016//1016
f 1028//1028 995//995 1027//1027
f 996//996 1017//1017 1041//1041
f 1018//1018 1031//1031 1043//1043
f 1030//1030 1032//1032 1008//1008
f 1044//1044 1031//1031 1056//1056
f 1046//1046 1032//1032 1045//1045
f 1069//1069 1001//1001 1046//1046
f 1100//1100 1071//1071 1001//1001
f 1000//1000 1019//1019 1072//1072
f 1058//1058 1057//1057 1002//1002
f 1009//1009 1060//1060 1058//1058
f 1034//1034 1060//1060 1009//1009
f 1034//1034 1009//1009 1035//1035
f 1048//1048 1035//1035 984//984
f 1092//1092 1050//1050 1005//1005
f 1052//1052 1049//1049 1010//1010
f 1052//1052 1010//1010 1011//1011
f 1007//1007 1038//1038 1012//1012
f 1037//1037 1053//1053 1022//1022
f 1022//1022 1053//1053 1023//1023
f 1025//1025 1077//1077 1039//1039
f 1039//1039 1077//1077 1063//1063
f 1014//1014 1013//1013 1080//1080
f 1016//1016 1041//1041 1026//1026
f 1027//1027 1042//1042 1028//1028
f 1042//1042 997//997 1028//1028
f 1042//1042 1099//1099 997//997
f 1030//1030 1008//1008 1029//1029
f 1032//1032 1030//1030 1033//1033
f 1045//1045 1033//1033 1069//1069
f 1045//1045 1069//1069 1046//1046
f 1100//1100 1001//1001 1069//1069
f 981//981 1090//1090 1020//1020
f 1020//1020 1059//1059 1036//1036
f 1036//1036 1152//1152 1005//1005
f 984//984 1061//1061 1048//1048
f 1091//1091 984//984 1021//1021
f 1038//1038 1007//1007 1074//1074
f 1076//1076 1062//1062 1024//1024
f 1024//1024 1062//1062 1037//1037
f 1007//1007 1054//1054 1074//1074
f 1080//1080 1054//1054 1014//1014
f 1053//1053 1077//1077 1025//1025
f 1013//1013 1026//1026 1080//1080
f 1026//1026 1064//1064 1080//1080
f 1027//1027 1040//1040 1079//1079
f 1066//1066 1027//1027 1079//1079
f 1065//1065 1026//1026 1041//1041
f 1055//1055 1065//1065 1041//1041
f 1026//1026 1065//1065 1064//1064
f 1027//1027 1066//1066 1042//1042
f 1041//1041 1017//1017 1055//1055
f 1031//1031 1068//1068 1043//1043
f 1044//1044 1068//1068 1031//1031
f 1000//1000 1070//1070 1047//1047
f 981//981 1151//1151 1088//1088
f 1088//1088 1102//1102 981//981
f 1090//1090 981//981 1102//1102
f 1090//1090 1059//1059 1020//1020
f 1060//1060 1034//1034 1035//1035
f 1060//1060 1035//1035 1048//1048
f 1060//1060 1048//1048 1061//1061
f 1160//1160 1052//1052 1051//1051
f 1038//1038 1123//1123 1076//1076
f 1094//1094 1077//1077 1053//1053
f 1066//1066 1079//1079 1081//1081
f 1080//1080 1064//1064 1065//1065
f 1055//1055 1017//1017 1084//1084
f 1084//1084 1017//1017 1067//1067
f 1067//1067 1043//1043 1068//1068
f 1017//1017 1043//1043 1067//1067
f 1029//1029 1085//1085 1030//1030
f 1030//1030 1085//1085 1033//1033
f 1056//1056 1068//1068 1044//1044
f 1056//1056 1070//1070 1120//1120
f 1047//1047 1070//1070 1056//1056
f 1087//1087 1071//1071 1100//1100
f 1000//1000 1072//1072 1070//1070
f 1072//1072 1019//1019 1073//1073
f 1151//1151 981//981 1071//1071
f 1057//1057 1073//1073 1019//1019
f 1088//1088 1151//1151 1102//1102
f 1089//1089 1057//1057 1058//1058
f 1122//1122 1091//1091 1021//1021
f 1122//1122 1021//1021 1049//1049
f 1154//1154 1049//1049 1136//1136
f 1092//1092 1051//1051 1050//1050
f 1052//1052 1106//1106 1049//1049
f 1160//1160 1106//1106 1052//1052
f 1075//1075 1123//1123 1038//1038
f 1037//1037 1093//1093 1109//1109
f 1062//1062 1093//1093 1037//1037
f 1053//1053 1037//1037 1109//1109
f 1074//1074 1075//1075 1038//1038
f 1062//1062 1076//1076 1093//1093
f 1109//1109 1094//1094 1053//1053
f 1074//1074 1054//1054 1078//1078
f 1111//1111 1078//1078 1080//1080
f 1080//1080 1078//1078 1054//1054
f 1039//1039 1063//1063 1110//1110
f 1039//1039 1096//1096 1040//1040
f 1110//1110 1096//1096 1039//1039
f 1040//1040 1096//1096 1079//1079
f 1096//1096 1081//1081 1079//1079
f 1065//1065 1082//1082 1080//1080
f 1065//1065 1055//1055 1082//1082
f 1097//1097 1066//1066 1081//1081
f 1055//1055 1084//1084 1083//1083
f 1055//1055 1083//1083 1082//1082
f 1042//1042 1066//1066 1097//1097
f 1099//1099 1042//1042 1097//1097
f 1069//1069 1033//1033 1085//1085
f 1069//1069 1085//1085 1086//1086
f 1056//1056 1120//1120 1068//1068
f 1151//1151 1071//1071 1087//1087
f 1061//1061 1121//1121 1060//1060
f 1059//1059 1153//1153 1036//1036
f 1122//1122 1061//1061 984//984
f 1091//1091 1122//1122 984//984
f 1005//1005 1105//1105 1092//1092
f 1134//1134 1122//1122 1049//1049
f 1049//1049 1154//1154 1134//1134
f 1106//1106 1136//1136 1049//1049
f 1135//1135 1107//1107 1051//1051
f 1135//1135 1051//1051 1092//1092
f 1123//1123 1093//1093 1076//1076
f 1077//1077 1110//1110 1063//1063
f 1111//1111 1080//1080 1095//1095
f 1112//1112 1096//1096 1110//1110
f 1082//1082 1095//1095 1080//1080
f 1113//1113 1095//1095 1082//1082
f 1082//1082 1083//1083 1113//1113
f 1081//1081 1114//1114 1097//1097
f 1098//1098 1067//1067 1115//1115
f 1098//1098 1084//1084 1067//1067
f 1083//1083 1084//1084 1098//1098
f 1067//1067 1068//1068 1116//1116
f 1099//1099 1117//1117 1029//1029
f 1029//1029 1117//1117 1085//1085
f 1117//1117 1119//1119 1085//1085
f 1116//1116 1068//1068 1120//1120
f 1086//1086 1100//1100 1069//1069
f 1101//1101 1087//1087 1100//1100
f 1073//1073 1057//1057 1128//1128
f 1089//1089 1128//1128 1057//1057
f 1060//1060 1103//1103 1058//1058
f 1059//1059 1090//1090 1153//1153
f 1153//1153 1152//1152 1036//1036
f 1178//1178 1061//1061 1104//1104
f 1005//1005 1152//1152 1133//1133
f 1005//1005 1133//1133 1105//1105
f 1092//1092 1181//1181 1135//1135
f 1155//1155 1160//1160 1051//1051
f 1155//1155 1051//1051 1107//1107
f 1108//1108 1109//1109 1093//1093
f 1075//1075 1074//1074 1138//1138
f 1108//1108 1093//1093 1123//1123
f 1074//1074 1078//1078 1124//1124
f 1125//1125 1094//1094 1139//1139
f 1094//1094 1125//1125 1077//1077
f 1077//1077 1125//1125 1110//1110
f 1095//1095 1156//1156 1111//1111
f 1114//1114 1081//1081 1096//1096
f 1113//1113 1083//1083 1098//1098
f 1099//1099 1097//1097 1114//1114
f 1115//1115 1067//1067 1190//1190
f 1170//1170 1099//1099 1114//1114
f 1145//1145 1099//1099 1170//1170
f 1145//1145 1117//1117 1099//1099
f 1174//1174 1119//1119 1117//1117
f 1120//1120 1118//1118 1116//1116
f 1119//1119 1147//1147 1085//1085
f 1147//1147 1086//1086 1085//1085
f 1101//1101 1086//1086 1148//1148
f 1101//1101 1100//1100 1086//1086
f 1120//1120 1070//1070 1149//1149
f 1101//1101 1151//1151 1087//1087
f 1072//1072 1149//1149 1070//1070
f 1073//1073 1128//1128 1072//1072
f 1058//1058 1130//1130 1089//1089
f 1129//1129 1090//1090 1102//1102
f 1197//1197 1090//1090 1248//1248
f 1103//1103 1060//1060 1121//1121
f 1178//1178 1121//1121 1061//1061
f 1105//1105 1133//1133 1092//1092
f 1106//1106 1137//1137 1136//1136
f 1124//1124 1138//1138 1074//1074
f 1108//1108 1164//1164 1109//1109
f 1109//1109 1164//1164 1094//1094
f 1164//1164 1139//1139 1094//1094
f 1125//1125 1165//1165 1110//1110
f 1186//1186 1078//1078 1111//1111
f 1112//1112 1110//1110 1165//1165
f 1112//1112 1165//1165 1141//1141
f 1126//1126 1156//1156 1095//1095
f 1126//1126 1095//1095 1113//1113
f 1168//1168 1114//1114 1096//1096
f 1116//1116 1190//1190 1067//1067
f 1172//1172 1145//1145 1170//1170
f 1145//1145 1174//1174 1117//1117
f 1174//1174 1146//1146 1119//1119
f 1146//1146 1147//1147 1119//1119
f 1147//1147 1148//1148 1086//1086
f 1149//1149 1127//1127 1120//1120
f 1177//1177 1151//1151 1101//1101
f 1072//1072 1195//1195 1149//1149
f 1072//1072 1128//1128 1195//1195
f 1248//1248 1090//1090 1129//1129
f 1130//1130 1058//1058 1103//1103
f 1090//1090 1197//1197 1131//1131
f 1090//1090 1131//1131 1153//1153
f 1132//1132 1104//1104 1061//1061
f 1061//1061 1122//1122 1132//1132
f 1134//1134 1132//1132 1122//1122
f 1181//1181 1092//1092 1133//1133
f 1137//1137 1159//1159 1136//1136
f 1155//1155 1107//1107 1135//1135
f 1106//1106 1160//1160 1137//1137
f 1075//1075 1138//1138 1123//1123
f 1123//1123 1161//1161 1108//1108
f 1111//1111 1142//1142 1186//1186
f 1078//1078 1140//1140 1124//1124
f 1139//1139 1165//1165 1125//1125
f 1078//1078 1186//1186 1140//1140
f 1156//1156 1142//1142 1111//1111
f 1156//1156 1188//1188 1142//1142
f 1143//1143 1096//1096 1112//1112
f 1143//1143 1168//1168 1096//1096
f 1113//1113 1157//1157 1126//1126
f 1098//1098 1115//1115 1113//1113
f 1114//1114 1168//1168 1170//1170
f 1144//1144 1190//1190 1116//1116
f 1144//1144 1116//1116 1118//1118
f 1118//1118 1120//1120 1144//1144
f 1173//1173 1174//1174 1145//1145
f 1175//1175 1146//1146 1174//1174
f 1120//1120 1192//1192 1144//1144
f 1127//1127 1192//1192 1120//1120
f 1158//1158 1147//1147 1146//1146
f 1158//1158 1148//1148 1147//1147
f 1148//1148 1177//1177 1101//1101
f 1149//1149 1150//1150 1127//1127
f 1149//1149 1195//1195 1150//1150
f 1211//1211 1151//1151 1177//1177
f 1121//1121 1178//1178 1103//1103
f 1178//1178 1104//1104 1231//1231
f 1181//1181 1133//1133 1152//1152
f 1134//1134 1200//1200 1132//1132
f 1135//1135 1181//1181 1183//1183
f 1201//1201 1135//1135 1183//1183
f 1154//1154 1136//1136 1159//1159
f 1201//1201 1155//1155 1135//1135
f 1124//1124 1140//1140 1138//1138
f 1138//1138 1161//1161 1123//1123
f 1161//1161 1164//1164 1108//1108
f 1164//1164 1165//1165 1139//1139
f 1186//1186 1142//1142 1188//1188
f 1141//1141 1143//1143 1112//1112
f 1157//1157 1167//1167 1126//1126
f 1126//1126 1167//1167 1156//1156
f 1113//1113 1115//1115 1157//1157
f 1145//1145 1172//1172 1206//1206
f 1145//1145 1206//1206 1173//1173
f 1174//1174 1226//1226 1175//1175
f 1177//1177 1148//1148 1158//1158
f 1212//1212 1151//1151 1211//1211
f 1102//1102 1151//1151 1212//1212
f 1089//1089 1247//1247 1128//1128
f 1248//1248 1102//1102 1212//1212
f 1248//1248 1129//1129 1102//1102
f 1131//1131 1197//1197 1249//1249
f 1249//1249 1199//1199 1131//1131
f 1131//1131 1199//1199 1153//1153
f 1134//1134 1180//1180 1200//1200
f 1182//1182 1180//1180 1134//1134
f 1159//1159 1134//1134 1154//1154
f 1160//1160 1159//1159 1137//1137
f 1160//1160 1155//1155 1201//1201
f 1163//1163 1185//1185 1161//1161
f 1138//1138 1163//1163 1161//1161
f 1164//1164 1161//1161 1219//1219
f 1161//1161 1185//1185 1219//1219
f 1164//1164 1184//1184 1165//1165
f 1166//1166 1141//1141 1165//1165
f 1204//1204 1168//1168 1143//1143
f 1157//1157 1169//1169 1167//1167
f 1171//1171 1169//1169 1157//1157
f 1115//1115 1171//1171 1157//1157
f 1189//1189 1172//1172 1170//1170
f 1190//1190 1144//1144 1207//1207
f 1146//1146 1175//1175 1158//1158
f 1176//1176 1192//1192 1127//1127
f 1177//1177 1158//1158 1193//1193
f 1211//1211 1177//1177 1208//1208
f 1150//1150 1176//1176 1127//1127
f 1176//1176 1150//1150 1195//1195
f 1247//1247 1195//1195 1128//1128
f 1130//1130 1247//1247 1089//1089
f 1153//1153 1199//1199 1152//1152
f 1104//1104 1132//1132 1232//1232
f 1181//1181 1152//1152 1179//1179
f 1217//1217 1159//1159 1160//1160
f 1237//1237 1140//1140 1162//1162
f 1237//1237 1138//1138 1140//1140
f 1186//1186 1162//1162 1140//1140
f 1162//1162 1236//1236 1237//1237
f 1138//1138 1237//1237 1163//1163
f 1219//1219 1203//1203 1164//1164
f 1203//1203 1184//1184 1164//1164
f 1184//1184 1202//1202 1165//1165
f 1202//1202 1221//1221 1165//1165
f 1221//1221 1166//1166 1165//1165
f 1156//1156 1167//1167 1187//1187
f 1156//1156 1187//1187 1188//1188
f 1141//1141 1204//1204 1143//1143
f 1169//1169 1205//1205 1167//1167
f 1204//1204 1189//1189 1168//1168
f 1170//1170 1168//1168 1189//1189
f 1115//1115 1190//1190 1242//1242
f 1115//1115 1242//1242 1171//1171
f 1225//1225 1172//1172 1189//1189
f 1206//1206 1172//1172 1225//1225
f 1144//1144 1191//1191 1207//1207
f 1206//1206 1174//1174 1173//1173
f 1226//1226 1174//1174 1206//1206
f 1144//1144 1192//1192 1191//1191
f 1175//1175 1244//1244 1158//1158
f 1193//1193 1158//1158 1244//1244
f 1193//1193 1208//1208 1177//1177
f 1195//1195 1194//1194 1176//1176
f 1248//1248 1249//1249 1197//1197
f 1231//1231 1104//1104 1198//1198
f 1198//1198 1104//1104 1232//1232
f 1213//1213 1152//1152 1199//1199
f 1179//1179 1152//1152 1213//1213
f 1181//1181 1179//1179 1213//1213
f 1214//1214 1232//1232 1132//1132
f 1132//1132 1200//1200 1214//1214
f 1182//1182 1200//1200 1180//1180
f 1216//1216 1182//1182 1134//1134
f 1159//1159 1216//1216 1134//1134
f 1250//1250 1251//1251 1201//1201
f 1234//1234 1201//1201 1183//1183
f 1250//1250 1201//1201 1234//1234
f 1217//1217 1160//1160 1251//1251
f 1186//1186 1220//1220 1162//1162
f 1220//1220 1186//1186 1270//1270
f 1186//1186 1188//1188 1270//1270
f 1187//1187 1167//1167 1205//1205
f 1270//1270 1188//1188 1187//1187
f 1239//1239 1204//1204 1141//1141
f 1205//1205 1169//1169 1222//1222
f 1169//1169 1171//1171 1222//1222
f 1190//1190 1207//1207 1242//1242
f 1241//1241 1207//1207 1191//1191
f 1244//1244 1175//1175 1226//1226
f 1191//1191 1192//1192 1228//1228
f 1176//1176 1228//1228 1192//1192
f 1193//1193 1244//1244 1227//1227
f 1208//1208 1193//1193 1227//1227
f 1176//1176 1245//1245 1210//1210
f 1194//1194 1245//1245 1176//1176
f 1212//1212 1309//1309 1248//1248
f 1103//1103 1263//1263 1130//1130
f 1263//1263 1103//1103 1230//1230
f 1230//1230 1103//1103 1178//1178
f 1215//1215 1181//1181 1213//1213
f 1182//1182 1214//1214 1200//1200
f 1183//1183 1181//1181 1234//1234
f 1234//1234 1181//1181 1215//1215
f 1217//1217 1216//1216 1159//1159
f 1251//1251 1160//1160 1201//1201
f 1237//1237 1218//1218 1163//1163
f 1203//1203 1253//1253 1184//1184
f 1184//1184 1253//1253 1202//1202
f 1253//1253 1221//1221 1202//1202
f 1221//1221 1141//1141 1166//1166
f 1221//1221 1239//1239 1141//1141
f 1189//1189 1204//1204 1223//1223
f 1224//1224 1222//1222 1171//1171
f 1225//1225 1189//1189 1223//1223
f 1242//1242 1224//1224 1171//1171
f 1226//1226 1206//1206 1225//1225
f 1207//1207 1241//1241 1242//1242
f 1191//1191 1243//1243 1241//1241
f 1209//1209 1208//1208 1227//1227
f 1176//1176 1210//1210 1228//1228
f 1261//1261 1211//1211 1208//1208
f 1211//1211 1229//1229 1212//1212
f 1194//1194 1195//1195 1245//1245
f 1195//1195 1196//1196 1245//1245
f 1247//1247 1196//1196 1195//1195
f 1229//1229 1262//1262 1212//1212
f 1178//1178 1231//1231 1230//1230
f 1232//1232 1231//1231 1198//1198
f 1199//1199 1299//1299 1233//1233
f 1213//1213 1199//1199 1233//1233
f 1217//1217 1235//1235 1216//1216
f 1163//1163 1268//1268 1185//1185
f 1219//1219 1185//1185 1268//1268
f 1253//1253 1203//1203 1219//1219
f 1187//1187 1238//1238 1270//1270
f 1238//1238 1205//1205 1222//1222
f 1187//1187 1205//1205 1238//1238
f 1204//1204 1239//1239 1223//1223
f 1240//1240 1225//1225 1223//1223
f 1242//1242 1256//1256 1224//1224
f 1258//1258 1256//1256 1242//1242
f 1191//1191 1260//1260 1243//1243
f 1244//1244 1226//1226 1274//1274
f 1244//1244 1274//1274 1227//1227
f 1227//1227 1274//1274 1209//1209
f 1210//1210 1275//1275 1228//1228
f 1208//1208 1209//1209 1261//1261
f 1130//1130 1263//1263 1247//1247
f 1249//1249 1298//1298 1199//1199
f 1232//1232 1278//1278 1231//1231
f 1278//1278 1232//1232 1279//1279
f 1232//1232 1214//1214 1279//1279
f 1215//1215 1213//1213 1233//1233
f 1182//1182 1280//1280 1214//1214
f 1265//1265 1182//1182 1266//1266
f 1216//1216 1266//1266 1182//1182
f 1282//1282 1252//1252 1236//1236
f 1252//1252 1301//1301 1236//1236
f 1236//1236 1301//1301 1237//1237
f 1220//1220 1282//1282 1162//1162
f 1236//1236 1162//1162 1282//1282
f 1268//1268 1163//1163 1218//1218
f 1268//1268 1255//1255 1219//1219
f 1253//1253 1219//1219 1255//1255
f 1253//1253 1285//1285 1221//1221
f 1270//1270 1238//1238 1254//1254
f 1285//1285 1271//1271 1221//1221
f 1221//1221 1283//1283 1239//1239
f 1271//1271 1283//1283 1221//1221
f 1222//1222 1286//1286 1238//1238
f 1223//1223 1239//1239 1287//1287
f 1224//1224 1286//1286 1222//1222
f 1256//1256 1286//1286 1224//1224
f 1225//1225 1240//1240 1273//1273
f 1226//1226 1225//1225 1273//1273
f 1226//1226 1273//1273 1257//1257
f 1241//1241 1258//1258 1242//1242
f 1260//1260 1241//1241 1243//1243
f 1241//1241 1260//1260 1258//1258
f 1274//1274 1226//1226 1259//1259
f 1228//1228 1275//1275 1191//1191
f 1209//1209 1274//1274 1261//1261
f 1276//1276 1210//1210 1245//1245
f 1229//1229 1211//1211 1261//1261
f 1262//1262 1309//1309 1212//1212
f 1247//1247 1246//1246 1196//1196
f 1230//1230 1247//1247 1263//1263
f 1264//1264 1248//1248 1309//1309
f 1264//1264 1249//1249 1248//1248
f 1298//1298 1249//1249 1264//1264
f 1297//1297 1230//1230 1231//1231
f 1231//1231 1278//1278 1297//1297
f 1234//1234 1215//1215 1233//1233
f 1280//1280 1182//1182 1265//1265
f 1235//1235 1266//1266 1216//1216
f 1313//1313 1217//1217 1251//1251
f 1250//1250 1313//1313 1251//1251
f 1267//1267 1252//1252 1282//1282
f 1301//1301 1314//1314 1237//1237
f 1314//1314 1218//1218 1237//1237
f 1253//1253 1255//1255 1303//1303
f 1254//1254 1338//1338 1270//1270
f 1270//1270 1282//1282 1220//1220
f 1268//1268 1218//1218 1316//1316
f 1303//1303 1285//1285 1253//1253
f 1269//1269 1254//1254 1238//1238
f 1239//1239 1283//1283 1287//1287
f 1240//1240 1223//1223 1287//1287
f 1286//1286 1256//1256 1289//1289
f 1258//1258 1290//1290 1256//1256
f 1259//1259 1226//1226 1257//1257
f 1260//1260 1191//1191 1292//1292
f 1293//1293 1274//1274 1259//1259
f 1275//1275 1292//1292 1191//1191
f 1210//1210 1294//1294 1275//1275
f 1196//1196 1296//1296 1245//1245
f 1230//1230 1246//1246 1247//1247
f 1335//1335 1199//1199 1298//1298
f 1299//1299 1199//1199 1335//1335
f 1369//1369 1279//1279 1214//1214
f 1310//1310 1369//1369 1214//1214
f 1349//1349 1250//1250 1234//1234
f 1350//1350 1250//1250 1349//1349
f 1266//1266 1235//1235 1281//1281
f 1267//1267 1301//1301 1252//1252
f 1304//1304 1254//1254 1269//1269
f 1254//1254 1304//1304 1338//1338
f 1338//1338 1282//1282 1270//1270
f 1314//1314 1316//1316 1218//1218
f 1316//1316 1255//1255 1268//1268
f 1286//1286 1288//1288 1238//1238
f 1287//1287 1283//1283 1284//1284
f 1288//1288 1286//1286 1272//1272
f 1287//1287 1320//1320 1240//1240
f 1289//1289 1288//1288 1272//1272
f 1286//1286 1289//1289 1272//1272
f 1256//1256 1290//1290 1289//1289
f 1257//1257 1273//1273 1323//1323
f 1260//1260 1291//1291 1258//1258
f 1258//1258 1291//1291 1290//1290
f 1259//1259 1257//1257 1323//1323
f 1293//1293 1259//1259 1323//1323
f 1260//1260 1292//1292 1291//1291
f 1275//1275 1294//1294 1292//1292
f 1345//1345 1274//1274 1293//1293
f 1345//1345 1261//1261 1274//1274
f 1276//1276 1294//1294 1210//1210
f 1345//1345 1229//1229 1261//1261
f 1245//1245 1277//1277 1276//1276
f 1295//1295 1262//1262 1229//1229
f 1246//1246 1296//1296 1196//1196
f 1385//1385 1309//1309 1262//1262
f 1230//1230 1407//1407 1246//1246
f 1309//1309 1298//1298 1264//1264
f 1368//1368 1298//1298 1309//1309
f 1279//1279 1297//1297 1278//1278
f 1325//1325 1299//1299 1335//1335
f 1369//1369 1300//1300 1279//1279
f 1233//1233 1299//1299 1311//1311
f 1310//1310 1214//1214 1280//1280
f 1311//1311 1234//1234 1233//1233
f 1282//1282 1337//1337 1267//1267
f 1283//1283 1271//1271 1284//1284
f 1271//1271 1285//1285 1284//1284
f 1303//1303 1339//1339 1285//1285
f 1288//1288 1269//1269 1238//1238
f 1320//1320 1287//1287 1284//1284
f 1322//1322 1240//1240 1320//1320
f 1273//1273 1240//1240 1322//1322
f 1273//1273 1322//1322 1305//1305
f 1290//1290 1306//1306 1289//1289
f 1305//1305 1323//1323 1273//1273
f 1291//1291 1306//1306 1290//1290
f 1331//1331 1291//1291 1292//1292
f 1307//1307 1293//1293 1323//1323
f 1294//1294 1324//1324 1292//1292
f 1277//1277 1294//1294 1276//1276
f 1295//1295 1229//1229 1345//1345
f 1245//1245 1296//1296 1277//1277
f 1384//1384 1262//1262 1295//1295
f 1385//1385 1262//1262 1384//1384
f 1246//1246 1308//1308 1296//1296
f 1407//1407 1365//1365 1246//1246
f 1407//1407 1230//1230 1297//1297
f 1368//1368 1335//1335 1298//1298
f 1279//1279 1300//1300 1346//1346
f 1325//1325 1311//1311 1299//1299
f 1234//1234 1311//1311 1388//1388
f 1348//1348 1280//1280 1265//1265
f 1312//1312 1265//1265 1266//1266
f 1312//1312 1266//1266 1281//1281
f 1350//1350 1313//1313 1250//1250
f 1313//1313 1235//1235 1217//1217
f 1315//1315 1337//1337 1338//1338
f 1338//1338 1337//1337 1282//1282
f 1327//1327 1267//1267 1337//1337
f 1327//1327 1301//1301 1267//1267
f 1301//1301 1327//1327 1314//1314
f 1316//1316 1314//1314 1374//1374
f 1314//1314 1302//1302 1374//1374
f 1316//1316 1328//1328 1255//1255
f 1304//1304 1318//1318 1338//1338
f 1317//1317 1284//1284 1285//1285
f 1304//1304 1269//1269 1318//1318
f 1285//1285 1339//1339 1317//1317
f 1329//1329 1269//1269 1288//1288
f 1319//1319 1269//1269 1329//1329
f 1269//1269 1319//1319 1318//1318
f 1329//1329 1288//1288 1321//1321
f 1284//1284 1317//1317 1340//1340
f 1340//1340 1320//1320 1284//1284
f 1289//1289 1321//1321 1288//1288
f 1306//1306 1321//1321 1289//1289
f 1331//1331 1306//1306 1291//1291
f 1344//1344 1293//1293 1307//1307
f 1324//1324 1363//1363 1292//1292
f 1345//1345 1293//1293 1344//1344
f 1296//1296 1334//1334 1434//1434
f 1308//1308 1334//1334 1296//1296
f 1385//1385 1386//1386 1309//1309
f 1280//1280 1348//1348 1310//1310
f 1326//1326 1388//1388 1311//1311
f 1234//1234 1388//1388 1349//1349
f 1336//1336 1265//1265 1312//1312
f 1350//1350 1373//1373 1313//1313
f 1235//1235 1372//1372 1281//1281
f 1372//1372 1235//1235 1313//1313
f 1302//1302 1314//1314 1327//1327
f 1374//1374 1328//1328 1316//1316
f 1255//1255 1354//1354 1303//1303
f 1354//1354 1339//1339 1303//1303
f 1329//1329 1321//1321 1341//1341
f 1360//1360 1341//1341 1321//1321
f 1340//1340 1322//1322 1320//1320
f 1321//1321 1306//1306 1360//1360
f 1323//1323 1305//1305 1330//1330
f 1323//1323 1330//1330 1342//1342
f 1331//1331 1360//1360 1306//1306
f 1322//1322 1330//1330 1305//1305
f 1361//1361 1323//1323 1342//1342
f 1307//1307 1323//1323 1361//1361
f 1292//1292 1332//1332 1331//1331
f 1363//1363 1332//1332 1292//1292
f 1333//1333 1345//1345 1344//1344
f 1277//1277 1364//1364 1294//1294
f 1296//1296 1434//1434 1451//1451
f 1246//1246 1334//1334 1308//1308
f 1334//1334 1246//1246 1365//1365
f 1368//1368 1309//1309 1366//1366
f 1325//1325 1347//1347 1311//1311
f 1348//1348 1389//1389 1310//1310
f 1350//1350 1349//1349 1410//1410
f 1410//1410 1373//1373 1350//1350
f 1327//1327 1337//1337 1393//1393
f 1337//1337 1315//1315 1351//1351
f 1327//1327 1393//1393 1352//1352
f 1352//1352 1302//1302 1327//1327
f 1328//1328 1354//1354 1255//1255
f 1353//1353 1354//1354 1328//1328
f 1375//1375 1338//1338 1318//1318
f 1356//1356 1339//1339 1354//1354
f 1339//1339 1376//1376 1317//1317
f 1340//1340 1317//1317 1376//1376
f 1329//1329 1341//1341 1358//1358
f 1319//1319 1329//1329 1359//1359
f 1357//1357 1322//1322 1340//1340
f 1343//1343 1360//1360 1331//1331
f 1381//1381 1307//1307 1361//1361
f 1307//1307 1381//1381 1344//1344
f 1332//1332 1363//1363 1331//1331
f 1362//1362 1331//1331 1363//1363
f 1423//1423 1345//1345 1333//1333
f 1324//1324 1364//1364 1363//1363
f 1294//1294 1364//1364 1324//1324
f 1423//1423 1295//1295 1345//1345
f 1346//1346 1300//1300 1369//1369
f 1348//1348 1265//1265 1336//1336
f 1351//1351 1393//1393 1337//1337
f 1374//1374 1353//1353 1328//1328
f 1375//1375 1355//1355 1338//1338
f 1338//1338 1355//1355 1315//1315
f 1319//1319 1375//1375 1318//1318
f 1416//1416 1396//1396 1376//1376
f 1376//1376 1396//1396 1340//1340
f 1375//1375 1319//1319 1359//1359
f 1396//1396 1357//1357 1340//1340
f 1359//1359 1329//1329 1358//1358
f 1341//1341 1360//1360 1358//1358
f 1330//1330 1322//1322 1357//1357
f 1420//1420 1330//1330 1357//1357
f 1420//1420 1342//1342 1330//1330
f 1343//1343 1379//1379 1360//1360
f 1343//1343 1331//1331 1362//1362
f 1384//1384 1295//1295 1423//1423
f 1436//1436 1309//1309 1386//1386
f 1436//1436 1366//1366 1309//1309
f 1325//1325 1335//1335 1368//1368
f 1297//1297 1279//1279 1346//1346
f 1347//1347 1325//1325 1408//1408
f 1346//1346 1369//1369 1387//1387
f 1310//1310 1387//1387 1369//1369
f 1347//1347 1326//1326 1311//1311
f 1370//1370 1387//1387 1310//1310
f 1310//1310 1389//1389 1370//1370
f 1371//1371 1336//1336 1312//1312
f 1441//1441 1312//1312 1281//1281
f 1372//1372 1441//1441 1281//1281
f 1372//1372 1313//1313 1373//1373
f 1413//1413 1354//1354 1353//1353
f 1393//1393 1391//1391 1352//1352
f 1352//1352 1391//1391 1302//1302
f 1392//1392 1374//1374 1302//1302
f 1315//1315 1414//1414 1351//1351
f 1354//1354 1413//1413 1356//1356
f 1355//1355 1429//1429 1315//1315
f 1315//1315 1429//1429 1414//1414
f 1395//1395 1356//1356 1413//1413
f 1356//1356 1395//1395 1339//1339
f 1339//1339 1395//1395 1376//1376
f 1376//1376 1415//1415 1416//1416
f 1357//1357 1396//1396 1397//1397
f 1359//1359 1377//1377 1375//1375
f 1358//1358 1378//1378 1359//1359
f 1377//1377 1359//1359 1401//1401
f 1378//1378 1401//1401 1359//1359
f 1360//1360 1379//1379 1358//1358
f 1403//1403 1342//1342 1420//1420
f 1361//1361 1342//1342 1403//1403
f 1362//1362 1380//1380 1343//1343
f 1333//1333 1344//1344 1404//1404
f 1363//1363 1364//1364 1362//1362
f 1296//1296 1383//1383 1277//1277
f 1385//1385 1436//1436 1386//1386
f 1367//1367 1407//1407 1297//1297
f 1368//1368 1366//1366 1436//1436
f 1408//1408 1325//1325 1368//1368
f 1367//1367 1297//1297 1346//1346
f 1388//1388 1326//1326 1425//1425
f 1410//1410 1349//1349 1388//1388
f 1411//1411 1389//1389 1348//1348
f 1411//1411 1348//1348 1336//1336
f 1469//1469 1373//1373 1410//1410
f 1469//1469 1390//1390 1373//1373
f 1372//1372 1373//1373 1390//1390
f 1391//1391 1392//1392 1302//1302
f 1427//1427 1412//1412 1393//1393
f 1393//1393 1412//1412 1391//1391
f 1444//1444 1374//1374 1392//1392
f 1374//1374 1444//1444 1353//1353
f 1414//1414 1393//1393 1351//1351
f 1353//1353 1444//1444 1413//1413
f 1377//1377 1394//1394 1375//1375
f 1376//1376 1395//1395 1415//1415
f 1397//1397 1417//1417 1357//1357
f 1357//1357 1417//1417 1418//1418
f 1399//1399 1398//1398 1358//1358
f 1378//1378 1358//1358 1398//1398
f 1418//1418 1420//1420 1357//1357
f 1399//1399 1358//1358 1400//1400
f 1378//1378 1398//1398 1401//1401
f 1358//1358 1379//1379 1402//1402
f 1402//1402 1343//1343 1380//1380
f 1402//1402 1379//1379 1343//1343
f 1381//1381 1361//1361 1403//1403
f 1362//1362 1422//1422 1380//1380
f 1344//1344 1381//1381 1404//1404
f 1405//1405 1362//1362 1364//1364
f 1404//1404 1423//1423 1333//1333
f 1382//1382 1405//1405 1364//1364
f 1364//1364 1277//1277 1382//1382
f 1452//1452 1385//1385 1384//1384
f 1556//1556 1385//1385 1452//1452
f 1556//1556 1436//1436 1385//1385
f 1408//1408 1368//1368 1436//1436
f 1326//1326 1347//1347 1425//1425
f 1389//1389 1411//1411 1409//1409
f 1336//1336 1371//1371 1411//1411
f 1411//1411 1371//1371 1312//1312
f 1441//1441 1411//1411 1312//1312
f 1414//1414 1426//1426 1393//1393
f 1429//1429 1355//1355 1375//1375
f 1415//1415 1395//1395 1428//1428
f 1416//1416 1417//1417 1396//1396
f 1399//1399 1400//1400 1398//1398
f 1394//1394 1377//1377 1401//1401
f 1418//1418 1459//1459 1420//1420
f 1398//1398 1400//1400 1419//1419
f 1430//1430 1398//1398 1419//1419
f 1401//1401 1398//1398 1430//1430
f 1358//1358 1402//1402 1400//1400
f 1430//1430 1448//1448 1401//1401
f 1403//1403 1420//1420 1484//1484
f 1484//1484 1381//1381 1403//1403
f 1404//1404 1381//1381 1432//1432
f 1405//1405 1422//1422 1362//1362
f 1451//1451 1383//1383 1296//1296
f 1466//1466 1406//1406 1384//1384
f 1466//1466 1384//1384 1423//1423
f 1452//1452 1384//1384 1406//1406
f 1365//1365 1434//1434 1334//1334
f 1347//1347 1408//1408 1454//1454
f 1387//1387 1488//1488 1346//1346
f 1454//1454 1425//1425 1347//1347
f 1409//1409 1387//1387 1370//1370
f 1409//1409 1370//1370 1389//1389
f 1409//1409 1411//1411 1455//1455
f 1440//1440 1411//1411 1441//1441
f 1372//1372 1492//1492 1441//1441
f 1412//1412 1392//1392 1391//1391
f 1444//1444 1392//1392 1412//1412
f 1413//1413 1444//1444 1457//1457
f 1444//1444 1442//1442 1457//1457
f 1457//1457 1475//1475 1413//1413
f 1413//1413 1475//1475 1395//1395
f 1445//1445 1375//1375 1394//1394
f 1445//1445 1429//1429 1375//1375
f 1475//1475 1428//1428 1395//1395
f 1415//1415 1428//1428 1416//1416
f 1396//1396 1417//1417 1397//1397
f 1417//1417 1459//1459 1418//1418
f 1401//1401 1448//1448 1394//1394
f 1477//1477 1400//1400 1431//1431
f 1430//1430 1400//1400 1477//1477
f 1400//1400 1430//1430 1419//1419
f 1402//1402 1431//1431 1400//1400
f 1431//1431 1402//1402 1380//1380
f 1459//1459 1484//1484 1420//1420
f 1421//1421 1380//1380 1422//1422
f 1432//1432 1381//1381 1484//1484
f 1422//1422 1433//1433 1421//1421
f 1405//1405 1433//1433 1422//1422
f 1432//1432 1485//1485 1404//1404
f 1382//1382 1383//1383 1405//1405
f 1277//1277 1383//1383 1382//1382
f 1452//1452 1406//1406 1466//1466
f 1365//1365 1435//1435 1434//1434
f 1407//1407 1435//1435 1365//1365
f 1467//1467 1408//1408 1436//1436
f 1454//1454 1408//1408 1467//1467
f 1367//1367 1346//1346 1488//1488
f 1508//1508 1387//1387 1409//1409
f 1490//1490 1508//1508 1409//1409
f 1438//1438 1490//1490 1409//1409
f 1425//1425 1468//1468 1388//1388
f 1469//1469 1410//1410 1388//1388
f 1469//1469 1388//1388 1439//1439
f 1438//1438 1455//1455 1411//1411
f 1509//1509 1440//1440 1441//1441
f 1509//1509 1441//1441 1492//1492
f 1372//1372 1390//1390 1523//1523
f 1390//1390 1469//1469 1491//1491
f 1393//1393 1426//1426 1427//1427
f 1426//1426 1412//1412 1427//1427
f 1443//1443 1444//1444 1412//1412
f 1428//1428 1476//1476 1416//1416
f 1394//1394 1458//1458 1445//1445
f 1416//1416 1447//1447 1417//1417
f 1394//1394 1448//1448 1458//1458
f 1446//1446 1429//1429 1445//1445
f 1447//1447 1480//1480 1417//1417
f 1417//1417 1480//1480 1459//1459
f 1461//1461 1484//1484 1459//1459
f 1421//1421 1463//1463 1380//1380
f 1465//1465 1433//1433 1405//1405
f 1383//1383 1465//1465 1405//1405
f 1367//1367 1538//1538 1407//1407
f 1367//1367 1437//1437 1538//1538
f 1437//1437 1367//1367 1453//1453
f 1488//1488 1453//1453 1367//1367
f 1508//1508 1488//1488 1387//1387
f 1425//1425 1424//1424 1468//1468
f 1455//1455 1438//1438 1409//1409
f 1523//1523 1492//1492 1372//1372
f 1390//1390 1510//1510 1523//1523
f 1491//1491 1510//1510 1390//1390
f 1426//1426 1471//1471 1412//1412
f 1412//1412 1471//1471 1496//1496
f 1443//1443 1412//1412 1496//1496
f 1444//1444 1472//1472 1456//1456
f 1444//1444 1456//1456 1442//1442
f 1456//1456 1457//1457 1442//1442
f 1474//1474 1414//1414 1429//1429
f 1426//1426 1414//1414 1474//1474
f 1443//1443 1472//1472 1444//1444
f 1445//1445 1458//1458 1494//1494
f 1445//1445 1494//1494 1446//1446
f 1474//1474 1429//1429 1446//1446
f 1475//1475 1512//1512 1428//1428
f 1428//1428 1512//1512 1476//1476
f 1416//1416 1476//1476 1447//1447
f 1480//1480 1461//1461 1459//1459
f 1503//1503 1430//1430 1477//1477
f 1430//1430 1503//1503 1448//1448
f 1463//1463 1462//1462 1431//1431
f 1463//1463 1431//1431 1380//1380
f 1481//1481 1484//1484 1461//1461
f 1433//1433 1463//1463 1421//1421
f 1463//1463 1433//1433 1464//1464
f 1449//1449 1404//1404 1485//1485
f 1450//1450 1465//1465 1383//1383
f 1487//1487 1404//1404 1449//1449
f 1487//1487 1423//1423 1404//1404
f 1466//1466 1423//1423 1487//1487
f 1451//1451 1450//1450 1383//1383
f 1626//1626 1452//1452 1466//1466
f 1407//1407 1538//1538 1435//1435
f 1539//1539 1467//1467 1436//1436
f 1424//1424 1425//1425 1454//1454
f 1388//1388 1468//1468 1521//1521
f 1388//1388 1521//1521 1439//1439
f 1440//1440 1438//1438 1411//1411
f 1456//1456 1470//1470 1457//1457
f 1494//1494 1478//1478 1493//1493
f 1471//1471 1497//1497 1496//1496
f 1443//1443 1496//1496 1472//1472
f 1457//1457 1470//1470 1475//1475
f 1458//1458 1478//1478 1494//1494
f 1494//1494 1473//1473 1446//1446
f 1474//1474 1446//1446 1473//1473
f 1476//1476 1479//1479 1447//1447
f 1480//1480 1447//1447 1479//1479
f 1431//1431 1462//1462 1501//1501
f 1431//1431 1501//1501 1477//1477
f 1478//1478 1448//1448 1460//1460
f 1478//1478 1458//1458 1448//1448
f 1501//1501 1503//1503 1477//1477
f 1480//1480 1481//1481 1461//1461
f 1463//1463 1483//1483 1462//1462
f 1460//1460 1448//1448 1503//1503
f 1484//1484 1481//1481 1482//1482
f 1505//1505 1432//1432 1484//1484
f 1505//1505 1485//1485 1432//1432
f 1433//1433 1515//1515 1464//1464
f 1433//1433 1486//1486 1515//1515
f 1486//1486 1433//1433 1465//1465
f 1506//1506 1487//1487 1449//1449
f 1450//1450 1486//1486 1465//1465
f 1626//1626 1466//1466 1487//1487
f 1467//1467 1539//1539 1540//1540
f 1467//1467 1520//1520 1454//1454
f 1467//1467 1540//1540 1520//1520
f 1424//1424 1454//1454 1520//1520
f 1508//1508 1489//1489 1488//1488
f 1491//1491 1469//1469 1439//1439
f 1440//1440 1542//1542 1438//1438
f 1528//1528 1494//1494 1493//1493
f 1474//1474 1495//1495 1426//1426
f 1426//1426 1495//1495 1471//1471
f 1456//1456 1472//1472 1498//1498
f 1456//1456 1498//1498 1470//1470
f 1499//1499 1474//1474 1473//1473
f 1474//1474 1499//1499 1495//1495
f 1470//1470 1500//1500 1475//1475
f 1496//1496 1513//1513 1472//1472
f 1500//1500 1512//1512 1475//1475
f 1501//1501 1462//1462 1534//1534
f 1502//1502 1480//1480 1479//1479
f 1536//1536 1534//1534 1462//1462
f 1504//1504 1536//1536 1462//1462
f 1480//1480 1502//1502 1481//1481
f 1483//1483 1504//1504 1462//1462
f 1463//1463 1504//1504 1483//1483
f 1464//1464 1515//1515 1463//1463
f 1505//1505 1449//1449 1485//1485
f 1506//1506 1449//1449 1517//1517
f 1487//1487 1506//1506 1519//1519
f 1450//1450 1537//1537 1486//1486
f 1519//1519 1626//1626 1487//1487
f 1451//1451 1555//1555 1450//1450
f 1556//1556 1452//1452 1626//1626
f 1434//1434 1435//1435 1451//1451
f 1453//1453 1488//1488 1437//1437
f 1507//1507 1424//1424 1520//1520
f 1507//1507 1521//1521 1468//1468
f 1468//1468 1424//1424 1507//1507
f 1542//1542 1490//1490 1438//1438
f 1439//1439 1559//1559 1491//1491
f 1560//1560 1510//1510 1491//1491
f 1585//1585 1509//1509 1492//1492
f 1586//1586 1492//1492 1523//1523
f 1561//1561 1586//1586 1523//1523
f 1585//1585 1492//1492 1586//1586
f 1528//1528 1473//1473 1494//1494
f 1529//1529 1473//1473 1528//1528
f 1495//1495 1511//1511 1471//1471
f 1471//1471 1511//1511 1497//1497
f 1498//1498 1500//1500 1470//1470
f 1503//1503 1530//1530 1527//1527
f 1473//1473 1529//1529 1499//1499
f 1496//1496 1497//1497 1513//1513
f 1472//1472 1513//1513 1498//1498
f 1512//1512 1533//1533 1476//1476
f 1476//1476 1533//1533 1550//1550
f 1501//1501 1534//1534 1530//1530
f 1530//1530 1503//1503 1501//1501
f 1503//1503 1527//1527 1478//1478
f 1550//1550 1479//1479 1476//1476
f 1550//1550 1548//1548 1479//1479
f 1479//1479 1548//1548 1502//1502
f 1460//1460 1503//1503 1478//1478
f 1502//1502 1482//1482 1481//1481
f 1514//1514 1504//1504 1463//1463
f 1484//1484 1482//1482 1581//1581
f 1581//1581 1505//1505 1484//1484
f 1463//1463 1515//1515 1514//1514
f 1486//1486 1516//1516 1515//1515
f 1517//1517 1449//1449 1505//1505
f 1486//1486 1518//1518 1516//1516
f 1553//1553 1506//1506 1517//1517
f 1506//1506 1553//1553 1519//1519
f 1582//1582 1519//1519 1553//1553
f 1518//1518 1486//1486 1537//1537
f 1556//1556 1539//1539 1436//1436
f 1538//1538 1437//1437 1605//1605
f 1507//1507 1520//1520 1557//1557
f 1630//1630 1489//1489 1508//1508
f 1558//1558 1630//1630 1508//1508
f 1558//1558 1508//1508 1490//1490
f 1490//1490 1542//1542 1558//1558
f 1560//1560 1491//1491 1559//1559
f 1542//1542 1440//1440 1509//1509
f 1510//1510 1560//1560 1522//1522
f 1528//1528 1493//1493 1546//1546
f 1527//1527 1526//1526 1525//1525
f 1478//1478 1527//1527 1546//1546
f 1478//1478 1546//1546 1493//1493
f 1546//1546 1574//1574 1528//1528
f 1528//1528 1574//1574 1529//1529
f 1530//1530 1526//1526 1527//1527
f 1499//1499 1575//1575 1495//1495
f 1511//1511 1513//1513 1497//1497
f 1579//1579 1498//1498 1513//1513
f 1500//1500 1531//1531 1512//1512
f 1532//1532 1533//1533 1512//1512
f 1577//1577 1548//1548 1535//1535
f 1577//1577 1502//1502 1548//1548
f 1502//1502 1577//1577 1482//1482
f 1577//1577 1580//1580 1482//1482
f 1580//1580 1551//1551 1482//1482
f 1536//1536 1504//1504 1514//1514
f 1517//1517 1505//1505 1581//1581
f 1516//1516 1518//1518 1554//1554
f 1554//1554 1518//1518 1537//1537
f 1450//1450 1604//1604 1537//1537
f 1555//1555 1451//1451 1435//1435
f 1664//1664 1556//1556 1626//1626
f 1488//1488 1627//1627 1437//1437
f 1520//1520 1540//1540 1697//1697
f 1489//1489 1627//1627 1488//1488
f 1630//1630 1627//1627 1489//1489
f 1541//1541 1558//1558 1542//1542
f 1559//1559 1439//1439 1608//1608
f 1561//1561 1523//1523 1510//1510
f 1543//1543 1564//1564 1562//1562
f 1543//1543 1562//1562 1563//1563
f 1524//1524 1543//1543 1563//1563
f 1524//1524 1563//1563 1566//1566
f 1588//1588 1563//1563 1565//1565
f 1566//1566 1563//1563 1588//1588
f 1543//1543 1567//1567 1564//1564
f 1566//1566 1544//1544 1524//1524
f 1571//1571 1543//1543 1524//1524
f 1524//1524 1544//1544 1571//1571
f 1525//1525 1571//1571 1544//1544
f 1525//1525 1547//1547 1571//1571
f 1544//1544 1573//1573 1525//1525
f 1525//1525 1526//1526 1547//1547
f 1546//1546 1527//1527 1525//1525
f 1546//1546 1525//1525 1574//1574
f 1529//1529 1574//1574 1545//1545
f 1526//1526 1530//1530 1547//1547
f 1530//1530 1534//1534 1547//1547
f 1495//1495 1575//1575 1511//1511
f 1575//1575 1576//1576 1511//1511
f 1576//1576 1513//1513 1511//1511
f 1548//1548 1550//1550 1549//1549
f 1532//1532 1512//1512 1531//1531
f 1598//1598 1591//1591 1534//1534
f 1536//1536 1598//1598 1534//1534
f 1600//1600 1536//1536 1514//1514
f 1551//1551 1581//1581 1482//1482
f 1514//1514 1515//1515 1552//1552
f 1601//1601 1517//1517 1581//1581
f 1517//1517 1601//1601 1553//1553
f 1537//1537 1604//1604 1554//1554
f 1603//1603 1519//1519 1582//1582
f 1603//1603 1626//1626 1519//1519
f 1538//1538 1555//1555 1435//1435
f 1628//1628 1520//1520 1697//1697
f 1557//1557 1520//1520 1628//1628
f 1607//1607 1507//1507 1557//1557
f 1521//1521 1507//1507 1607//1607
f 1439//1439 1521//1521 1608//1608
f 1584//1584 1541//1541 1542//1542
f 1631//1631 1584//1584 1542//1542
f 1509//1509 1631//1631 1542//1542
f 1586//1586 1561//1561 1510//1510
f 1586//1586 1510//1510 1522//1522
f 1563//1563 1562//1562 1587//1587
f 1571//1571 1568//1568 1543//1543
f 1543//1543 1568//1568 1567//1567
f 1566//1566 1570//1570 1544//1544
f 1568//1568 1571//1571 1569//1569
f 1570//1570 1572//1572 1544//1544
f 1573//1573 1544//1544 1572//1572
f 1589//1589 1571//1571 1547//1547
f 1573//1573 1574//1574 1525//1525
f 1547//1547 1614//1614 1589//1589
f 1534//1534 1591//1591 1547//1547
f 1547//1547 1591//1591 1614//1614
f 1529//1529 1545//1545 1592//1592
f 1592//1592 1575//1575 1529//1529
f 1575//1575 1499//1499 1529//1529
f 1617//1617 1548//1548 1549//1549
f 1576//1576 1593//1593 1513//1513
f 1498//1498 1579//1579 1578//1578
f 1578//1578 1619//1619 1498//1498
f 1498//1498 1619//1619 1500//1500
f 1513//1513 1593//1593 1579//1579
f 1619//1619 1595//1595 1500//1500
f 1531//1531 1500//1500 1595//1595
f 1532//1532 1596//1596 1533//1533
f 1533//1533 1596//1596 1550//1550
f 1549//1549 1550//1550 1596//1596
f 1535//1535 1548//1548 1617//1617
f 1535//1535 1617//1617 1577//1577
f 1580//1580 1623//1623 1551//1551
f 1598//1598 1600//1600 1597//1597
f 1598//1598 1536//1536 1600//1600
f 1581//1581 1551//1551 1599//1599
f 1552//1552 1600//1600 1514//1514
f 1553//1553 1601//1601 1602//1602
f 1553//1553 1602//1602 1582//1582
f 1450//1450 1555//1555 1604//1604
f 1750//1750 1664//1664 1626//1626
f 1538//1538 1692//1692 1555//1555
f 1817//1817 1539//1539 1556//1556
f 1540//1540 1539//1539 1817//1817
f 1627//1627 1630//1630 1606//1606
f 1668//1668 1509//1509 1585//1585
f 1587//1587 1565//1565 1563//1563
f 1564//1564 1634//1634 1562//1562
f 1567//1567 1634//1634 1564//1564
f 1568//1568 1569//1569 1567//1567
f 1588//1588 1570//1570 1566//1566
f 1588//1588 1636//1636 1570//1570
f 1571//1571 1611//1611 1569//1569
f 1570//1570 1636//1636 1572//1572
f 1614//1614 1611//1611 1571//1571
f 1571//1571 1589//1589 1614//1614
f 1574//1574 1573//1573 1613//1613
f 1574//1574 1613//1613 1545//1545
f 1575//1575 1592//1592 1640//1640
f 1598//1598 1594//1594 1591//1591
f 1640//1640 1576//1576 1575//1575
f 1619//1619 1578//1578 1656//1656
f 1617//1617 1618//1618 1577//1577
f 1620//1620 1532//1532 1531//1531
f 1597//1597 1590//1590 1594//1594
f 1595//1595 1620//1620 1531//1531
f 1618//1618 1580//1580 1577//1577
f 1642//1642 1580//1580 1618//1618
f 1597//1597 1594//1594 1598//1598
f 1599//1599 1551//1551 1623//1623
f 1581//1581 1599//1599 1644//1644
f 1516//1516 1552//1552 1515//1515
f 1644//1644 1601//1601 1581//1581
f 1624//1624 1582//1582 1602//1602
f 1750//1750 1626//1626 1662//1662
f 1692//1692 1751//1751 1555//1555
f 1538//1538 1605//1605 1692//1692
f 1437//1437 1627//1627 1605//1605
f 1606//1606 1696//1696 1627//1627
f 1607//1607 1557//1557 1628//1628
f 1607//1607 1648//1648 1521//1521
f 1608//1608 1521//1521 1648//1648
f 1541//1541 1630//1630 1558//1558
f 1559//1559 1608//1608 1583//1583
f 1649//1649 1541//1541 1584//1584
f 1701//1701 1560//1560 1559//1559
f 1559//1559 1583//1583 1701//1701
f 1631//1631 1649//1649 1584//1584
f 1522//1522 1560//1560 1632//1632
f 1668//1668 1631//1631 1509//1509
f 1633//1633 1668//1668 1585//1585
f 1758//1758 1633//1633 1585//1585
f 1758//1758 1585//1585 1586//1586
f 1522//1522 1758//1758 1586//1586
f 1669//1669 1565//1565 1587//1587
f 1562//1562 1634//1634 1650//1650
f 1588//1588 1565//1565 1730//1730
f 1634//1634 1567//1567 1652//1652
f 1652//1652 1567//1567 1610//1610
f 1569//1569 1610//1610 1567//1567
f 1613//1613 1573//1573 1572//1572
f 1612//1612 1545//1545 1613//1613
f 1612//1612 1592//1592 1545//1545
f 1590//1590 1637//1637 1614//1614
f 1615//1615 1637//1637 1590//1590
f 1594//1594 1614//1614 1591//1591
f 1616//1616 1617//1617 1549//1549
f 1594//1594 1590//1590 1614//1614
f 1681//1681 1640//1640 1592//1592
f 1596//1596 1616//1616 1549//1549
f 1590//1590 1597//1597 1615//1615
f 1620//1620 1595//1595 1619//1619
f 1620//1620 1712//1712 1532//1532
f 1642//1642 1623//1623 1580//1580
f 1623//1623 1642//1642 1621//1621
f 1621//1621 1658//1658 1623//1623
f 1552//1552 1622//1622 1597//1597
f 1658//1658 1599//1599 1623//1623
f 1599//1599 1658//1658 1644//1644
f 1600//1600 1552//1552 1597//1597
f 1644//1644 1602//1602 1601//1601
f 1644//1644 1645//1645 1602//1602
f 1624//1624 1688//1688 1625//1625
f 1582//1582 1624//1624 1625//1625
f 1625//1625 1662//1662 1582//1582
f 1554//1554 1604//1604 1663//1663
f 1662//1662 1603//1603 1582//1582
f 1662//1662 1626//1626 1603//1603
f 1751//1751 1663//1663 1555//1555
f 1627//1627 1696//1696 1605//1605
f 1629//1629 1607//1607 1628//1628
f 1649//1649 1728//1728 1541//1541
f 1632//1632 1560//1560 1609//1609
f 1632//1632 1703//1703 1522//1522
f 1650//1650 1587//1587 1562//1562
f 1730//1730 1565//1565 1669//1669
f 1634//1634 1670//1670 1650//1650
f 1730//1730 1671//1671 1588//1588
f 1672//1672 1636//1636 1588//1588
f 1636//1636 1613//1613 1572//1572
f 1636//1636 1612//1612 1613//1613
f 1653//1653 1611//1611 1614//1614
f 1614//1614 1637//1637 1653//1653
f 1706//1706 1592//1592 1612//1612
f 1676//1676 1592//1592 1706//1706
f 1618//1618 1616//1616 1638//1638
f 1617//1617 1616//1616 1618//1618
f 1597//1597 1639//1639 1615//1615
f 1596//1596 1641//1641 1616//1616
f 1618//1618 1710//1710 1642//1642
f 1639//1639 1597//1597 1683//1683
f 1640//1640 1657//1657 1576//1576
f 1680//1680 1657//1657 1640//1640
f 1576//1576 1657//1657 1593//1593
f 1620//1620 1619//1619 1714//1714
f 1620//1620 1714//1714 1712//1712
f 1532//1532 1712//1712 1596//1596
f 1597//1597 1659//1659 1683//1683
f 1643//1643 1579//1579 1593//1593
f 1579//1579 1643//1643 1578//1578
f 1656//1656 1578//1578 1643//1643
f 1597//1597 1622//1622 1659//1659
f 1645//1645 1644//1644 1684//1684
f 1602//1602 1645//1645 1624//1624
f 1516//1516 1554//1554 1660//1660
f 1689//1689 1660//1660 1554//1554
f 1554//1554 1646//1646 1661//1661
f 1663//1663 1646//1646 1554//1554
f 1555//1555 1663//1663 1604//1604
f 1664//1664 1665//1665 1556//1556
f 1697//1697 1540//1540 1817//1817
f 1606//1606 1630//1630 1667//1667
f 1630//1630 1779//1779 1667//1667
f 1607//1607 1629//1629 1648//1648
f 1541//1541 1779//1779 1630//1630
f 1583//1583 1608//1608 1701//1701
f 1560//1560 1701//1701 1609//1609
f 1522//1522 1705//1705 1758//1758
f 1703//1703 1705//1705 1522//1522
f 1703//1703 1632//1632 1609//1609
f 1760//1760 1650//1650 1651//1651
f 1650//1650 1670//1670 1651//1651
f 1670//1670 1634//1634 1652//1652
f 1671//1671 1672//1672 1588//1588
f 1569//1569 1635//1635 1610//1610
f 1611//1611 1635//1635 1569//1569
f 1636//1636 1672//1672 1706//1706
f 1706//1706 1612//1612 1636//1636
f 1654//1654 1653//1653 1615//1615
f 1615//1615 1653//1653 1637//1637
f 1654//1654 1615//1615 1639//1639
f 1655//1655 1675//1675 1616//1616
f 1616//1616 1675//1675 1638//1638
f 1641//1641 1677//1677 1616//1616
f 1642//1642 1710//1710 1682//1682
f 1592//1592 1713//1713 1681//1681
f 1656//1656 1772//1772 1619//1619
f 1619//1619 1772//1772 1714//1714
f 1596//1596 1712//1712 1641//1641
f 1621//1621 1642//1642 1682//1682
f 1657//1657 1717//1717 1593//1593
f 1621//1621 1742//1742 1718//1718
f 1717//1717 1643//1643 1593//1593
f 1643//1643 1717//1717 1656//1656
f 1718//1718 1658//1658 1621//1621
f 1552//1552 1659//1659 1622//1622
f 1745//1745 1644//1644 1658//1658
f 1644//1644 1745//1745 1684//1684
f 1685//1685 1645//1645 1684//1684
f 1516//1516 1660//1660 1552//1552
f 1686//1686 1624//1624 1645//1645
f 1688//1688 1720//1720 1625//1625
f 1661//1661 1689//1689 1554//1554
f 1625//1625 1690//1690 1662//1662
f 1605//1605 1666//1666 1692//1692
f 1665//1665 1817//1817 1556//1556
f 1697//1697 1698//1698 1628//1628
f 1628//1628 1698//1698 1629//1629
f 1754//1754 1779//1779 1541//1541
f 1608//1608 1648//1648 1699//1699
f 1609//1609 1701//1701 1702//1702
f 1823//1823 1633//1633 1758//1758
f 1760//1760 1759//1759 1650//1650
f 1587//1587 1650//1650 1759//1759
f 1587//1587 1759//1759 1669//1669
f 1670//1670 1760//1760 1651//1651
f 1731//1731 1671//1671 1730//1730
f 1764//1764 1672//1672 1671//1671
f 1610//1610 1635//1635 1652//1652
f 1611//1611 1673//1673 1635//1635
f 1673//1673 1611//1611 1707//1707
f 1611//1611 1653//1653 1707//1707
f 1654//1654 1707//1707 1653//1653
f 1678//1678 1675//1675 1655//1655
f 1638//1638 1675//1675 1618//1618
f 1618//1618 1675//1675 1710//1710
f 1616//1616 1678//1678 1655//1655
f 1677//1677 1678//1678 1616//1616
f 1592//1592 1676//1676 1713//1713
f 1681//1681 1679//1679 1640//1640
f 1640//1640 1679//1679 1680//1680
f 1772//1772 1656//1656 1717//1717
f 1714//1714 1740//1740 1712//1712
f 1641//1641 1712//1712 1677//1677
f 1681//1681 1713//1713 1679//1679
f 1680//1680 1716//1716 1657//1657
f 1742//1742 1621//1621 1682//1682
f 1718//1718 1745//1745 1658//1658
f 1659//1659 1552//1552 1683//1683
f 1685//1685 1684//1684 1746//1746
f 1683//1683 1552//1552 1687//1687
f 1660//1660 1687//1687 1552//1552
f 1687//1687 1660//1660 1689//1689
f 1686//1686 1688//1688 1624//1624
f 1720//1720 1690//1690 1625//1625
f 1690//1690 1721//1721 1662//1662
f 1722//1722 1662//1662 1721//1721
f 1722//1722 1750//1750 1662//1662
f 1723//1723 1664//1664 1750//1750
f 1647//1647 1724//1724 1692//1692
f 1799//1799 1664//1664 1723//1723
f 1799//1799 1691//1691 1664//1664
f 1691//1691 1665//1665 1664//1664
f 1666//1666 1694//1694 1693//1693
f 1692//1692 1666//1666 1693//1693
f 1605//1605 1694//1694 1666//1666
f 1695//1695 1694//1694 1605//1605
f 1726//1726 1695//1695 1605//1605
f 1800//1800 1698//1698 1697//1697
f 1606//1606 1667//1667 1779//1779
f 1648//1648 1629//1629 1698//1698
f 1541//1541 1728//1728 1754//1754
f 1701//1701 1608//1608 1699//1699
f 1649//1649 1781//1781 1728//1728
f 1729//1729 1649//1649 1631//1631
f 1703//1703 1609//1609 1702//1702
f 1704//1704 1631//1631 1668//1668
f 1823//1823 1757//1757 1633//1633
f 1757//1757 1668//1668 1633//1633
f 1669//1669 1786//1786 1730//1730
f 1652//1652 1787//1787 1670//1670
f 1734//1734 1671//1671 1731//1731
f 1734//1734 1764//1764 1671//1671
f 1764//1764 1706//1706 1672//1672
f 1764//1764 1765//1765 1706//1706
f 1707//1707 1635//1635 1673//1673
f 1710//1710 1675//1675 1709//1709
f 1710//1710 1709//1709 1735//1735
f 1675//1675 1678//1678 1674//1674
f 1674//1674 1709//1709 1675//1675
f 1735//1735 1767//1767 1710//1710
f 1768//1768 1676//1676 1706//1706
f 1767//1767 1742//1742 1710//1710
f 1639//1639 1795//1795 1654//1654
f 1678//1678 1712//1712 1711//1711
f 1683//1683 1795//1795 1639//1639
f 1740//1740 1711//1711 1712//1712
f 1677//1677 1712//1712 1678//1678
f 1683//1683 1715//1715 1795//1795
f 1679//1679 1741//1741 1680//1680
f 1741//1741 1713//1713 1676//1676
f 1741//1741 1716//1716 1680//1680
f 1713//1713 1741//1741 1679//1679
f 1717//1717 1773//1773 1772//1772
f 1716//1716 1717//1717 1657//1657
f 1745//1745 1746//1746 1684//1684
f 1683//1683 1719//1719 1715//1715
f 1749//1749 1685//1685 1746//1746
f 1687//1687 1719//1719 1683//1683
f 1749//1749 1645//1645 1685//1685
f 1775//1775 1688//1688 1686//1686
f 1720//1720 1688//1688 1775//1775
f 1689//1689 1661//1661 1687//1687
f 1692//1692 1724//1724 1751//1751
f 1692//1692 1725//1725 1752//1752
f 1647//1647 1692//1692 1752//1752
f 1693//1693 1725//1725 1692//1692
f 1693//1693 1694//1694 1725//1725
f 1694//1694 1752//1752 1725//1725
f 1694//1694 1726//1726 1752//1752
f 1695//1695 1726//1726 1694//1694
f 1696//1696 1726//1726 1605//1605
f 1648//1648 1698//1698 1858//1858
f 1648//1648 1858//1858 1699//1699
f 1781//1781 1649//1649 1729//1729
f 1703//1703 1702//1702 1783//1783
f 1704//1704 1729//1729 1631//1631
f 1668//1668 1729//1729 1704//1704
f 1756//1756 1729//1729 1668//1668
f 1757//1757 1756//1756 1668//1668
f 1803//1803 1823//1823 1758//1758
f 1703//1703 1758//1758 1705//1705
f 1731//1731 1730//1730 1786//1786
f 1652//1652 1635//1635 1787//1787
f 1735//1735 1732//1732 1827//1827
f 1735//1735 1736//1736 1732//1732
f 1709//1709 1736//1736 1735//1735
f 1737//1737 1736//1736 1709//1709
f 1707//1707 1654//1654 1635//1635
f 1708//1708 1737//1737 1709//1709
f 1708//1708 1736//1736 1737//1737
f 1674//1674 1708//1708 1709//1709
f 1735//1735 1829//1829 1769//1769
f 1738//1738 1739//1739 1708//1708
f 1738//1738 1708//1708 1674//1674
f 1735//1735 1769//1769 1767//1767
f 1678//1678 1739//1739 1738//1738
f 1674//1674 1678//1678 1738//1738
f 1711//1711 1739//1739 1678//1678
f 1711//1711 1740//1740 1739//1739
f 1682//1682 1710//1710 1742//1742
f 1768//1768 1741//1741 1676//1676
f 1771//1771 1740//1740 1714//1714
f 1744//1744 1716//1716 1741//1741
f 1772//1772 1743//1743 1714//1714
f 1771//1771 1714//1714 1743//1743
f 1791//1791 1718//1718 1742//1742
f 1774//1774 1717//1717 1716//1716
f 1717//1717 1794//1794 1773//1773
f 1791//1791 1745//1745 1718//1718
f 1746//1746 1745//1745 1747//1747
f 1749//1749 1746//1746 1747//1747
f 1687//1687 1748//1748 1719//1719
f 1749//1749 1686//1686 1645//1645
f 1749//1749 1775//1775 1686//1686
f 1720//1720 1777//1777 1690//1690
f 1646//1646 1776//1776 1661//1661
f 1750//1750 1721//1721 1778//1778
f 1663//1663 1816//1816 1646//1646
f 1721//1721 1750//1750 1722//1722
f 1751//1751 1816//1816 1663//1663
f 1751//1751 1724//1724 1647//1647
f 1727//1727 1606//1606 1779//1779
f 1755//1755 1779//1779 1754//1754
f 1699//1699 1780//1780 1701//1701
f 1728//1728 1755//1755 1754//1754
f 1728//1728 1700//1700 1755//1755
f 1801//1801 1700//1700 1728//1728
f 1781//1781 1801//1801 1728//1728
f 1759//1759 1824//1824 1669//1669
f 1824//1824 1786//1786 1669//1669
f 1760//1760 1670//1670 1825//1825
f 1670//1670 1785//1785 1825//1825
f 1761//1761 1805//1805 1732//1732
f 1732//1732 1805//1805 1804//1804
f 1732//1732 1804//1804 1784//1784
f 1732//1732 1784//1784 1827//1827
f 1762//1762 1761//1761 1732//1732
f 1733//1733 1787//1787 1635//1635
f 1762//1762 1732//1732 1736//1736
f 1735//1735 1827//1827 1763//1763
f 1829//1829 1735//1735 1763//1763
f 1736//1736 1708//1708 1762//1762
f 1654//1654 1807//1807 1635//1635
f 1793//1793 1708//1708 1739//1739
f 1765//1765 1768//1768 1706//1706
f 1793//1793 1739//1739 1740//1740
f 1769//1769 1742//1742 1767//1767
f 1795//1795 1766//1766 1654//1654
f 1770//1770 1744//1744 1768//1768
f 1768//1768 1744//1744 1741//1741
f 1742//1742 1769//1769 1791//1791
f 1772//1772 1773//1773 1810//1810
f 1811//1811 1716//1716 1744//1744
f 1715//1715 1719//1719 1795//1795
f 1716//1716 1811//1811 1774//1774
f 1774//1774 1794//1794 1717//1717
f 1833//1833 1745//1745 1791//1791
f 1747//1747 1745//1745 1833//1833
f 1719//1719 1748//1748 1796//1796
f 1749//1749 1747//1747 1775//1775
f 1661//1661 1776//1776 1687//1687
f 1777//1777 1720//1720 1775//1775
f 1721//1721 1690//1690 1777//1777
f 1777//1777 1778//1778 1721//1721
f 1817//1817 1665//1665 1691//1691
f 1727//1727 1726//1726 1696//1696
f 1696//1696 1606//1606 1727//1727
f 1727//1727 1779//1779 1753//1753
f 1858//1858 1698//1698 1800//1800
f 1801//1801 1755//1755 1700//1700
f 1782//1782 1702//1702 1701//1701
f 1864//1864 1783//1783 1702//1702
f 1821//1821 1729//1729 1756//1756
f 1783//1783 1803//1803 1703//1703
f 1758//1758 1703//1703 1803//1803
f 1825//1825 1887//1887 1760//1760
f 1787//1787 1785//1785 1670//1670
f 1635//1635 1807//1807 1733//1733
f 1762//1762 1788//1788 1830//1830
f 1708//1708 1788//1788 1762//1762
f 1766//1766 1789//1789 1654//1654
f 1740//1740 1771//1771 1793//1793
f 1769//1769 1790//1790 1791//1791
f 1792//1792 1744//1744 1770//1770
f 1811//1811 1744//1744 1792//1792
f 1743//1743 1793//1793 1771//1771
f 1772//1772 1810//1810 1743//1743
f 1810//1810 1773//1773 1871//1871
f 1871//1871 1773//1773 1794//1794
f 1774//1774 1812//1812 1794//1794
f 1796//1796 1795//1795 1719//1719
f 1775//1775 1747//1747 1797//1797
f 1687//1687 1796//1796 1748//1748
f 1687//1687 1814//1814 1796//1796
f 1776//1776 1814//1814 1687//1687
f 1775//1775 1797//1797 1777//1777
f 1814//1814 1776//1776 1646//1646
f 1777//1777 1798//1798 1778//1778
f 1798//1798 1750//1750 1778//1778
f 1750//1750 1798//1798 1723//1723
f 1647//1647 1816//1816 1751//1751
f 1799//1799 1838//1838 1691//1691
f 1838//1838 1817//1817 1691//1691
f 1819//1819 1697//1697 1817//1817
f 1819//1819 1800//1800 1697//1697
f 1858//1858 1800//1800 1905//1905
f 1753//1753 1779//1779 1755//1755
f 1780//1780 1699//1699 1861//1861
f 1861//1861 1782//1782 1701//1701
f 1701//1701 1780//1780 1861//1861
f 1782//1782 1882//1882 1702//1702
f 1802//1802 1781//1781 1729//1729
f 1864//1864 1702//1702 1882//1882
f 1821//1821 1802//1802 1729//1729
f 1803//1803 1783//1783 1864//1864
f 1756//1756 1757//1757 1821//1821
f 1759//1759 1760//1760 1842//1842
f 1786//1786 1826//1826 1731//1731
f 1827//1827 1784//1784 1806//1806
f 1865//1865 1827//1827 1806//1806
f 1826//1826 1734//1734 1731//1731
f 1761//1761 1846//1846 1805//1805
f 1761//1761 1762//1762 1846//1846
f 1844//1844 1866//1866 1827//1827
f 1866//1866 1763//1763 1827//1827
f 1830//1830 1788//1788 1708//1708
f 1866//1866 1829//1829 1763//1763
f 1789//1789 1807//1807 1654//1654
f 1793//1793 1830//1830 1708//1708
f 1793//1793 1849//1849 1830//1830
f 1829//1829 1790//1790 1769//1769
f 1808//1808 1849//1849 1793//1793
f 1770//1770 1768//1768 1765//1765
f 1835//1835 1809//1809 1795//1795
f 1811//1811 1792//1792 1832//1832
f 1743//1743 1808//1808 1793//1793
f 1939//1939 1791//1791 1790//1790
f 1868//1868 1833//1833 1791//1791
f 1835//1835 1795//1795 1796//1796
f 1797//1797 1747//1747 1813//1813
f 1646//1646 1815//1815 1814//1814
f 1723//1723 1838//1838 1799//1799
f 1752//1752 1837//1837 1647//1647
f 1819//1819 1817//1817 1818//1818
f 1800//1800 1819//1819 1839//1839
f 1856//1856 1857//1857 1800//1800
f 1800//1800 1839//1839 1856//1856
f 1840//1840 1753//1753 1755//1755
f 1907//1907 1860//1860 1755//1755
f 1820//1820 1907//1907 1755//1755
f 1801//1801 1820//1820 1755//1755
f 1841//1841 1801//1801 1781//1781
f 1802//1802 1841//1841 1781//1781
f 1822//1822 1821//1821 1757//1757
f 1842//1842 1885//1885 1759//1759
f 1759//1759 1885//1885 1824//1824
f 1760//1760 1887//1887 1842//1842
f 1804//1804 1884//1884 1784//1784
f 1824//1824 1826//1826 1786//1786
f 1805//1805 1843//1843 1804//1804
f 1846//1846 1843//1843 1805//1805
f 1787//1787 1825//1825 1785//1785
f 1807//1807 1828//1828 1733//1733
f 1830//1830 1846//1846 1762//1762
f 1848//1848 1764//1764 1734//1734
f 1765//1765 1764//1764 1848//1848
f 1866//1866 1790//1790 1829//1829
f 1770//1770 1765//1765 1848//1848
f 1795//1795 1851//1851 1766//1766
f 1850//1850 1792//1792 1770//1770
f 1851//1851 1795//1795 1809//1809
f 1832//1832 1792//1792 1850//1850
f 1743//1743 1869//1869 1808//1808
f 1743//1743 1810//1810 1869//1869
f 1868//1868 1791//1791 1939//1939
f 1832//1832 1852//1852 1811//1811
f 1811//1811 1852//1852 1774//1774
f 1774//1774 1852//1852 1812//1812
f 1852//1852 1853//1853 1812//1812
f 1812//1812 1834//1834 1794//1794
f 1853//1853 1834//1834 1812//1812
f 1833//1833 1813//1813 1747//1747
f 1833//1833 1872//1872 1813//1813
f 1796//1796 1836//1836 1835//1835
f 1814//1814 1836//1836 1796//1796
f 1814//1814 1815//1815 1854//1854
f 1646//1646 1902//1902 1815//1815
f 1875//1875 1798//1798 1777//1777
f 1816//1816 1902//1902 1646//1646
f 1723//1723 1798//1798 1875//1875
f 1816//1816 1647//1647 1876//1876
f 1752//1752 1879//1879 1837//1837
f 1752//1752 1726//1726 1879//1879
f 1838//1838 1818//1818 1817//1817
f 1753//1753 1926//1926 1727//1727
f 1905//1905 1800//1800 1857//1857
f 1840//1840 1860//1860 1753//1753
f 1860//1860 1840//1840 1755//1755
f 1699//1699 1858//1858 1859//1859
f 1699//1699 1859//1859 1861//1861
f 1801//1801 1907//1907 1820//1820
f 1801//1801 1841//1841 1862//1862
f 1802//1802 1862//1862 1841//1841
f 1822//1822 1802//1802 1821//1821
f 1909//1909 1757//1757 1823//1823
f 1909//1909 1822//1822 1757//1757
f 1884//1884 1804//1804 1843//1843
f 1784//1784 1884//1884 1806//1806
f 1889//1889 1843//1843 1846//1846
f 1865//1865 1844//1844 1827//1827
f 1828//1828 1845//1845 1787//1787
f 1828//1828 1787//1787 1733//1733
f 1807//1807 1845//1845 1828//1828
f 1807//1807 1914//1914 1845//1845
f 1848//1848 1734//1734 1912//1912
f 1789//1789 1914//1914 1807//1807
f 1830//1830 1849//1849 1846//1846
f 1936//1936 1866//1866 1933//1933
f 1790//1790 1866//1866 1936//1936
f 1808//1808 1891//1891 1849//1849
f 1808//1808 1892//1892 1891//1891
f 1850//1850 1770//1770 1848//1848
f 1831//1831 1892//1892 1808//1808
f 1938//1938 1939//1939 1790//1790
f 1869//1869 1831//1831 1808//1808
f 1832//1832 1850//1850 1918//1918
f 1810//1810 1871//1871 1869//1869
f 1834//1834 1871//1871 1794//1794
f 1833//1833 1868//1868 1872//1872
f 1814//1814 1854//1854 1836//1836
f 1923//1923 1797//1797 1874//1874
f 1777//1777 1797//1797 1923//1923
f 1875//1875 1777//1777 1923//1923
f 1647//1647 1877//1877 1876//1876
f 1904//1904 1838//1838 1723//1723
f 1837//1837 1877//1877 1647//1647
f 1726//1726 1727//1727 1855//1855
f 1818//1818 1839//1839 1819//1819
f 1907//1907 1801//1801 1881//1881
f 1863//1863 1862//1862 1802//1802
f 1822//1822 1863//1863 1802//1802
f 1864//1864 1882//1882 1908//1908
f 1843//1843 1883//1883 1884//1884
f 1806//1806 1884//1884 1865//1865
f 1910//1910 1824//1824 1885//1885
f 1910//1910 1826//1826 1824//1824
f 1787//1787 1888//1888 1825//1825
f 1887//1887 1825//1825 1888//1888
f 1889//1889 1886//1886 1843//1843
f 1847//1847 1866//1866 1844//1844
f 1912//1912 1734//1734 1826//1826
f 1787//1787 1845//1845 1888//1888
f 1933//1933 1866//1866 1847//1847
f 1766//1766 1893//1893 1789//1789
f 1965//1965 1938//1938 1790//1790
f 1893//1893 1766//1766 1851//1851
f 1850//1850 1848//1848 1940//1940
f 1831//1831 1916//1916 1892//1892
f 1869//1869 1916//1916 1831//1831
f 1809//1809 1867//1867 1851//1851
f 1917//1917 1867//1867 1809//1809
f 1870//1870 1832//1832 1918//1918
f 1871//1871 1896//1896 1869//1869
f 1942//1942 1809//1809 1900//1900
f 1870//1870 1852//1852 1832//1832
f 1870//1870 1897//1897 1852//1852
f 1895//1895 1834//1834 1853//1853
f 1834//1834 1895//1895 1871//1871
f 1897//1897 1853//1853 1852//1852
f 1900//1900 1809//1809 1835//1835
f 1900//1900 1835//1835 1836//1836
f 1873//1873 1813//1813 1872//1872
f 1873//1873 1797//1797 1813//1813
f 1854//1854 1901//1901 1836//1836
f 1838//1838 1904//1904 1878//1878
f 1839//1839 1818//1818 1856//1856
f 1860//1860 1926//1926 1753//1753
f 1858//1858 1905//1905 1859//1859
f 1880//1880 1860//1860 1907//1907
f 1782//1782 1861//1861 1928//1928
f 1801//1801 1927//1927 1881//1881
f 1862//1862 1927//1927 1801//1801
f 1803//1803 1909//1909 1823//1823
f 1803//1803 1864//1864 1908//1908
f 1843//1843 1930//1930 1883//1883
f 1931//1931 1930//1930 1843//1843
f 1932//1932 1885//1885 1842//1842
f 1886//1886 1931//1931 1843//1843
f 1844//1844 1865//1865 1959//1959
f 1932//1932 1910//1910 1885//1885
f 1933//1933 1847//1847 1844//1844
f 1911//1911 1888//1888 1845//1845
f 1848//1848 1912//1912 1890//1890
f 1940//1940 1848//1848 1890//1890
f 1917//1917 1851//1851 1867//1867
f 1851//1851 1917//1917 1893//1893
f 1850//1850 1940//1940 1918//1918
f 1942//1942 1917//1917 1809//1809
f 1872//1872 1868//1868 1899//1899
f 1868//1868 1894//1894 1899//1899
f 1871//1871 1895//1895 1896//1896
f 1898//1898 1853//1853 1897//1897
f 1898//1898 1895//1895 1853//1853
f 1873//1873 1872//1872 1899//1899
f 1836//1836 1947//1947 1900//1900
f 1901//1901 1947//1947 1836//1836
f 1873//1873 1874//1874 1797//1797
f 1815//1815 1901//1901 1854//1854
f 1922//1922 1923//1923 1874//1874
f 1904//1904 1875//1875 1923//1923
f 1816//1816 1903//1903 1902//1902
f 1876//1876 1903//1903 1816//1816
f 1904//1904 1723//1723 1875//1875
f 1878//1878 1925//1925 1838//1838
f 1818//1818 1838//1838 1925//1925
f 1726//1726 1837//1837 1879//1879
f 1726//1726 1855//1855 1837//1837
f 1727//1727 1952//1952 1951//1951
f 1727//1727 1926//1926 1952//1952
f 1856//1856 1905//1905 1857//1857
f 1906//1906 1859//1859 1905//1905
f 1926//1926 1860//1860 1998//1998
f 1880//1880 1998//1998 1860//1860
f 1861//1861 1859//1859 1978//1978
f 1907//1907 1881//1881 1979//1979
f 1953//1953 1881//1881 1927//1927
f 1862//1862 1954//1954 1927//1927
f 1882//1882 1782//1782 1955//1955
f 1954//1954 1862//1862 1863//1863
f 1909//1909 1803//1803 1981//1981
f 1981//1981 1803//1803 1908//1908
f 1883//1883 1957//1957 1884//1884
f 1957//1957 1865//1865 1884//1884
f 1959//1959 1865//1865 2057//2057
f 1932//1932 1842//1842 1887//1887
f 1888//1888 1932//1932 1887//1887
f 1932//1932 1934//1934 1910//1910
f 1934//1934 1826//1826 1910//1910
f 1959//1959 1933//1933 1844//1844
f 1932//1932 1888//1888 1911//1911
f 1934//1934 1912//1912 1826//1826
f 1846//1846 1913//1913 1889//1889
f 1846//1846 1964//1964 1913//1913
f 1849//1849 1964//1964 1846//1846
f 1914//1914 1935//1935 1845//1845
f 1964//1964 1849//1849 1891//1891
f 1965//1965 1790//1790 1936//1936
f 1893//1893 1914//1914 1789//1789
f 1940//1940 1890//1890 1967//1967
f 1915//1915 1914//1914 1893//1893
f 1916//1916 1968//1968 1892//1892
f 1941//1941 1893//1893 1917//1917
f 2007//2007 1918//1918 1940//1940
f 1869//1869 1919//1919 1916//1916
f 1989//1989 1894//1894 1868//1868
f 1943//1943 1870//1870 1918//1918
f 1896//1896 1919//1919 1869//1869
f 1870//1870 1943//1943 2044//2044
f 1895//1895 1970//1970 1896//1896
f 1870//1870 1920//1920 1897//1897
f 1898//1898 1897//1897 1920//1920
f 1898//1898 1921//1921 1895//1895
f 1895//1895 1921//1921 1970//1970
f 1946//1946 1899//1899 1894//1894
f 1920//1920 1972//1972 1898//1898
f 1972//1972 1921//1921 1898//1898
f 1946//1946 1873//1873 1899//1899
f 1922//1922 1873//1873 1946//1946
f 1922//1922 1874//1874 1873//1873
f 1902//1902 1903//1903 1815//1815
f 1877//1877 1903//1903 1876//1876
f 1949//1949 1878//1878 1904//1904
f 1877//1877 1837//1837 1924//1924
f 1727//1727 1951//1951 1855//1855
f 1856//1856 1818//1818 1905//1905
f 1906//1906 1905//1905 2022//2022
f 1979//1979 1880//1880 1907//1907
f 1881//1881 1953//1953 1979//1979
f 1955//1955 2028//2028 1882//1882
f 2028//2028 1908//1908 1882//1882
f 1909//1909 1956//1956 1822//1822
f 1931//1931 1958//1958 1930//1930
f 1889//1889 1913//1913 1886//1886
f 1932//1932 1911//1911 1983//1983
f 1934//1934 1962//1962 1912//1912
f 1845//1845 1983//1983 1911//1911
f 1845//1845 1935//1935 1983//1983
f 1962//1962 1890//1890 1912//1912
f 1890//1890 1963//1963 1937//1937
f 1890//1890 1937//1937 1967//1967
f 1892//1892 1964//1964 1891//1891
f 1968//1968 1964//1964 1892//1892
f 1916//1916 1919//1919 1968//1968
f 1938//1938 1989//1989 1939//1939
f 1941//1941 1915//1915 1893//1893
f 1989//1989 1868//1868 1939//1939
f 1918//1918 2007//2007 1944//1944
f 1941//1941 1917//1917 1942//1942
f 1943//1943 1918//1918 1944//1944
f 1989//1989 1991//1991 1894//1894
f 1941//1941 1942//1942 1971//1971
f 1970//1970 1919//1919 1896//1896
f 1920//1920 1870//1870 2044//2044
f 1972//1972 1945//1945 1921//1921
f 1921//1921 1945//1945 1970//1970
f 1991//1991 1946//1946 1894//1894
f 1900//1900 1971//1971 1942//1942
f 1947//1947 1971//1971 1900//1900
f 1991//1991 2017//2017 1946//1946
f 1901//1901 1948//1948 1947//1947
f 2017//2017 1922//1922 1946//1946
f 1815//1815 1948//1948 1901//1901
f 1922//1922 2017//2017 1949//1949
f 1815//1815 1974//1974 1948//1948
f 1815//1815 1903//1903 1974//1974
f 1949//1949 1923//1923 1922//1922
f 1923//1923 1949//1949 1904//1904
f 2018//2018 1925//1925 1878//1878
f 1837//1837 1855//1855 1924//1924
f 1950//1950 1925//1925 1977//1977
f 1925//1925 1950//1950 1818//1818
f 1818//1818 1950//1950 1905//1905
f 1950//1950 2021//2021 1905//1905
f 2022//2022 1905//1905 2021//2021
f 1906//1906 1978//1978 1859//1859
f 1782//1782 1928//1928 2000//2000
f 1863//1863 1980//1980 1954//1954
f 1956//1956 1863//1863 1822//1822
f 1909//1909 2030//2030 1956//1956
f 2030//2030 1909//1909 1981//1981
f 1929//1929 1883//1883 1930//1930
f 1929//1929 1957//1957 1883//1883
f 1929//1929 1930//1930 1958//1958
f 2057//2057 1865//1865 1957//1957
f 1959//1959 2057//2057 2076//2076
f 2076//2076 1933//1933 1959//1959
f 1961//1961 1934//1934 1932//1932
f 1983//1983 1961//1961 1932//1932
f 1934//1934 1961//1961 1982//1982
f 1962//1962 1934//1934 1982//1982
f 1964//1964 1960//1960 1913//1913
f 1914//1914 1983//1983 1935//1935
f 1914//1914 1985//1985 1983//1983
f 1985//1985 1914//1914 2004//2004
f 1966//1966 2004//2004 1914//1914
f 1938//1938 1965//1965 1986//1986
f 1915//1915 2036//2036 1914//1914
f 2036//2036 1966//1966 1914//1914
f 1938//1938 1986//1986 1989//1989
f 1941//1941 2036//2036 1915//1915
f 1969//1969 1991//1991 1989//1989
f 1944//1944 2044//2044 1943//1943
f 2044//2044 1972//1972 1920//1920
f 2013//2013 1970//1970 1945//1945
f 1994//1994 1971//1971 1947//1947
f 2017//2017 1991//1991 2069//2069
f 1973//1973 1947//1947 1948//1948
f 1877//1877 1996//1996 1903//1903
f 1975//1975 1878//1878 1949//1949
f 1924//1924 2051//2051 1877//1877
f 1976//1976 1925//1925 2018//2018
f 1976//1976 1977//1977 1925//1925
f 1951//1951 1952//1952 1855//1855
f 1926//1926 1998//1998 1952//1952
f 1978//1978 2130//2130 1861//1861
f 2130//2130 1928//1928 1861//1861
f 1999//1999 2000//2000 1928//1928
f 1954//1954 1953//1953 1927//1927
f 1782//1782 2000//2000 1955//1955
f 1956//1956 1980//1980 1863//1863
f 1908//1908 2028//2028 1981//1981
f 1913//1913 2001//2001 1886//1886
f 2076//2076 1936//1936 1933//1933
f 1961//1961 1962//1962 1982//1982
f 2002//2002 1960//1960 1964//1964
f 1961//1961 1983//1983 1985//1985
f 1984//1984 1962//1962 1961//1961
f 1984//1984 1890//1890 1962//1962
f 1984//1984 1963//1963 1890//1890
f 1936//1936 2032//2032 1965//1965
f 1937//1937 1963//1963 1984//1984
f 1967//1967 1937//1937 1987//1987
f 1968//1968 2006//2006 1964//1964
f 2003//2003 1964//1964 2006//2006
f 1968//1968 1919//1919 2006//2006
f 2005//2005 2006//2006 1919//1919
f 1967//1967 2007//2007 1940//1940
f 1988//1988 2005//2005 1919//1919
f 1941//1941 1993//1993 2036//2036
f 1967//1967 2065//2065 2007//2007
f 1919//1919 1970//1970 1988//1988
f 1990//1990 1944//1944 2007//2007
f 2044//2044 2014//2014 1972//1972
f 2014//2014 1992//1992 1972//1972
f 1992//1992 1945//1945 1972//1972
f 1994//1994 1941//1941 1971//1971
f 1944//1944 1990//1990 2044//2044
f 1993//1993 1941//1941 1994//1994
f 1973//1973 2045//2045 1947//1947
f 1995//1995 1949//1949 2017//2017
f 1903//1903 1996//1996 1974//1974
f 1995//1995 1975//1975 1949//1949
f 1996//1996 1877//1877 2050//2050
f 1877//1877 2051//2051 2050//2050
f 1878//1878 1975//1975 2018//2018
f 1924//1924 1997//1997 2051//2051
f 1977//1977 1976//1976 2019//2019
f 1855//1855 2020//2020 1924//1924
f 2019//2019 1950//1950 1977//1977
f 2106//2106 2021//2021 1950//1950
f 1998//1998 2054//2054 1952//1952
f 1906//1906 2130//2130 1978//1978
f 1880//1880 2024//2024 1998//1998
f 1953//1953 2025//2025 1979//1979
f 2027//2027 2025//2025 1953//1953
f 2030//2030 1981//1981 2028//2028
f 1957//1957 2031//2031 2057//2057
f 2001//2001 1958//1958 1931//1931
f 1886//1886 2001//2001 1931//1931
f 2032//2032 2076//2076 2033//2033
f 2032//2032 1936//1936 2076//2076
f 1986//1986 1965//1965 2032//2032
f 1961//1961 2034//2034 1984//1984
f 1964//1964 2003//2003 2002//2002
f 1986//1986 2032//2032 2080//2080
f 1987//1987 1937//1937 1984//1984
f 2004//2004 1966//1966 2036//2036
f 2065//2065 1967//1967 1987//1987
f 1969//1969 1989//1989 2039//2039
f 1970//1970 2013//2013 1988//1988
f 2069//2069 1991//1991 1969//1969
f 2011//2011 2010//2010 2009//2009
f 2012//2012 2009//2009 2010//2010
f 1990//1990 2007//2007 2043//2043
f 2009//2009 1992//1992 2011//2011
f 1992//1992 2015//2015 2011//2011
f 1992//1992 2014//2014 2015//2015
f 2012//2012 2016//2016 2009//2009
f 2016//2016 1992//1992 2009//2009
f 2016//2016 1945//1945 1992//1992
f 2013//2013 1945//1945 2016//2016
f 2044//2044 1990//1990 2043//2043
f 1994//1994 2008//2008 1993//1993
f 1994//1994 2045//2045 2008//2008
f 2045//2045 1994//1994 1947//1947
f 1948//1948 2049//2049 1973//1973
f 1974//1974 2049//2049 1948//1948
f 2052//2052 1950//1950 2019//2019
f 1952//1952 2020//2020 1855//1855
f 2052//2052 2106//2106 1950//1950
f 2054//2054 2023//2023 1952//1952
f 2072//2072 1928//1928 2130//2130
f 1880//1880 1979//1979 2071//2071
f 1928//1928 2072//2072 2026//2026
f 1980//1980 1953//1953 1954//1954
f 2028//2028 1955//1955 2000//2000
f 2029//2029 2030//2030 2028//2028
f 2056//2056 1929//1929 1958//1958
f 1929//1929 2136//2136 1957//1957
f 1960//1960 2001//2001 1913//1913
f 2081//2081 2002//2002 2003//2003
f 2059//2059 1961//1961 1985//1985
f 2004//2004 2059//2059 1985//1985
f 2034//2034 1961//1961 2059//2059
f 2060//2060 1984//1984 2034//2034
f 2004//2004 2061//2061 2058//2058
f 2004//2004 2058//2058 2059//2059
f 2060//2060 2035//2035 1984//1984
f 2035//2035 1987//1987 1984//1984
f 2035//2035 2065//2065 1987//1987
f 1989//1989 1986//1986 2039//2039
f 2038//2038 2006//2006 2005//2005
f 2006//2006 2037//2037 2003//2003
f 2038//2038 2037//2037 2006//2006
f 2089//2089 2036//2036 1993//1993
f 2035//2035 2064//2064 2065//2065
f 2005//2005 1988//1988 2038//2038
f 1993//1993 2040//2040 2089//2089
f 2008//2008 2040//2040 1993//1993
f 2013//2013 2094//2094 1988//1988
f 2039//2039 2069//2069 1969//1969
f 2007//2007 2065//2065 2067//2067
f 2011//2011 2041//2041 2010//2010
f 2041//2041 2012//2012 2010//2010
f 2015//2015 2014//2014 2066//2066
f 2011//2011 2015//2015 2041//2041
f 2015//2015 2042//2042 2041//2041
f 2015//2015 2066//2066 2042//2042
f 2041//2041 2042//2042 2012//2012
f 2042//2042 2016//2016 2012//2012
f 2042//2042 2094//2094 2016//2016
f 2013//2013 2016//2016 2094//2094
f 2008//2008 2045//2045 2040//2040
f 2007//2007 2067//2067 2043//2043
f 2066//2066 2014//2014 2044//2044
f 2043//2043 2046//2046 2044//2044
f 2044//2044 2046//2046 2066//2066
f 1973//1973 2047//2047 2045//2045
f 2048//2048 1995//1995 2017//2017
f 1996//1996 2049//2049 1974//1974
f 2048//2048 2070//2070 1995//1995
f 1996//1996 2050//2050 2049//2049
f 2070//2070 2101//2101 1975//1975
f 2070//2070 1975//1975 1995//1995
f 2101//2101 2018//2018 1975//1975
f 1997//1997 1924//1924 2020//2020
f 2106//2106 2022//2022 2021//2021
f 1906//1906 2106//2106 2053//2053
f 2022//2022 2106//2106 1906//1906
f 2053//2053 2130//2130 1906//1906
f 1979//1979 2025//2025 2071//2071
f 1999//1999 1928//1928 2026//2026
f 2191//2191 2027//2027 1953//1953
f 2000//2000 1999//1999 2074//2074
f 1980//1980 2073//2073 1953//1953
f 2074//2074 2028//2028 2000//2000
f 1956//1956 2055//2055 1980//1980
f 2055//2055 1956//1956 2075//2075
f 2030//2030 2075//2075 1956//1956
f 2056//2056 2136//2136 1929//1929
f 2136//2136 2109//2109 1957//1957
f 1957//1957 2109//2109 2137//2137
f 1957//1957 2137//2137 2031//2031
f 2001//2001 2110//2110 1958//1958
f 2110//2110 2056//2056 1958//1958
f 2137//2137 2057//2057 2031//2031
f 2033//2033 2076//2076 2111//2111
f 1960//1960 2079//2079 2001//2001
f 2002//2002 2079//2079 1960//1960
f 2034//2034 2059//2059 2060//2060
f 2059//2059 2058//2058 2083//2083
f 2063//2063 2061//2061 2004//2004
f 2085//2085 2039//2039 1986//1986
f 2063//2063 2004//2004 2036//2036
f 2062//2062 2003//2003 2037//2037
f 2063//2063 2036//2036 2089//2089
f 2086//2086 2038//2038 1988//1988
f 2086//2086 1988//1988 2090//2090
f 2094//2094 2090//2090 1988//1988
f 2092//2092 2069//2069 2039//2039
f 2067//2067 2065//2065 2093//2093
f 2042//2042 2066//2066 2094//2094
f 2045//2045 2068//2068 2040//2040
f 2089//2089 2040//2040 2068//2068
f 2067//2067 2046//2046 2043//2043
f 2045//2045 2047//2047 2068//2068
f 2017//2017 2069//2069 2124//2124
f 2124//2124 2048//2048 2017//2017
f 2100//2100 2047//2047 1973//1973
f 2070//2070 2048//2048 2099//2099
f 2070//2070 2099//2099 2101//2101
f 2101//2101 2129//2129 2018//2018
f 1976//1976 2018//2018 2129//2129
f 2020//2020 2103//2103 1997//1997
f 1952//1952 2107//2107 2020//2020
f 1952//1952 2023//2023 2107//2107
f 2106//2106 2130//2130 2053//2053
f 1998//1998 2024//2024 2054//2054
f 2071//2071 2024//2024 1880//1880
f 1999//1999 2026//2026 2072//2072
f 2027//2027 2191//2191 2025//2025
f 1953//1953 2073//2073 2191//2191
f 2029//2029 2028//2028 2074//2074
f 2211//2211 2030//2030 2029//2029
f 2056//2056 2110//2110 2136//2136
f 2137//2137 2076//2076 2057//2057
f 2077//2077 2110//2110 2001//2001
f 2078//2078 2001//2001 2079//2079
f 2113//2113 2032//2032 2033//2033
f 2002//2002 2143//2143 2079//2079
f 2080//2080 2032//2032 2113//2113
f 2143//2143 2002//2002 2081//2081
f 2080//2080 2082//2082 1986//1986
f 2003//2003 2062//2062 2081//2081
f 2083//2083 2060//2060 2059//2059
f 2085//2085 1986//1986 2082//2082
f 2058//2058 2145//2145 2083//2083
f 2060//2060 2083//2083 2084//2084
f 2115//2115 2061//2061 2063//2063
f 2035//2035 2060//2060 2146//2146
f 2115//2115 2063//2063 2116//2116
f 2038//2038 2091//2091 2037//2037
f 2062//2062 2037//2037 2091//2091
f 2146//2146 2064//2064 2035//2035
f 2086//2086 2091//2091 2038//2038
f 2064//2064 2146//2146 2088//2088
f 2087//2087 2063//2063 2089//2089
f 2118//2118 2063//2063 2087//2087
f 2088//2088 2065//2065 2064//2064
f 2090//2090 2091//2091 2086//2086
f 2088//2088 2093//2093 2065//2065
f 2068//2068 2096//2096 2089//2089
f 2089//2089 2096//2096 2087//2087
f 2123//2123 2094//2094 2066//2066
f 2046//2046 2095//2095 2121//2121
f 2066//2066 2046//2046 2121//2121
f 2093//2093 2095//2095 2067//2067
f 2046//2046 2067//2067 2095//2095
f 2096//2096 2068//2068 2047//2047
f 2069//2069 2157//2157 2124//2124
f 2099//2099 2048//2048 2098//2098
f 2049//2049 2100//2100 1973//1973
f 2128//2128 2049//2049 2050//2050
f 2128//2128 2050//2050 2051//2051
f 2102//2102 2128//2128 2051//2051
f 1976//1976 2163//2163 2019//2019
f 2106//2106 2052//2052 2019//2019
f 2189//2189 2020//2020 2105//2105
f 2054//2054 2107//2107 2023//2023
f 2024//2024 2107//2107 2054//2054
f 2133//2133 2024//2024 2071//2071
f 2166//2166 2072//2072 2165//2165
f 2025//2025 2134//2134 2071//2071
f 2134//2134 2025//2025 2108//2108
f 2166//2166 1999//1999 2072//2072
f 2190//2190 2108//2108 2025//2025
f 2025//2025 2135//2135 2190//2190
f 2191//2191 2135//2135 2025//2025
f 1999//1999 2192//2192 2029//2029
f 2167//2167 2073//2073 1980//1980
f 2029//2029 2074//2074 1999//1999
f 2211//2211 2075//2075 2030//2030
f 2111//2111 2076//2076 2137//2137
f 2112//2112 2077//2077 2001//2001
f 2078//2078 2112//2112 2001//2001
f 2139//2139 2112//2112 2078//2078
f 2141//2141 2113//2113 2033//2033
f 2113//2113 2114//2114 2080//2080
f 2114//2114 2082//2082 2080//2080
f 2061//2061 2115//2115 2144//2144
f 2061//2061 2144//2144 2058//2058
f 2177//2177 2060//2060 2084//2084
f 2083//2083 2145//2145 2084//2084
f 2178//2178 2062//2062 2091//2091
f 2092//2092 2039//2039 2085//2085
f 2118//2118 2116//2116 2063//2063
f 2178//2178 2091//2091 2119//2119
f 2117//2117 2093//2093 2088//2088
f 2094//2094 2091//2091 2090//2090
f 2119//2119 2091//2091 2122//2122
f 2152//2152 2093//2093 2117//2117
f 2094//2094 2122//2122 2091//2091
f 2094//2094 2120//2120 2122//2122
f 2069//2069 2092//2092 2157//2157
f 2153//2153 2093//2093 2152//2152
f 2095//2095 2093//2093 2153//2153
f 2121//2121 2183//2183 2066//2066
f 2066//2066 2183//2183 2123//2123
f 2123//2123 2120//2120 2094//2094
f 2096//2096 2118//2118 2087//2087
f 2047//2047 2097//2097 2096//2096
f 2159//2159 2096//2096 2126//2126
f 2097//2097 2126//2126 2096//2096
f 2097//2097 2047//2047 2125//2125
f 2098//2098 2048//2048 2124//2124
f 2125//2125 2047//2047 2100//2100
f 2160//2160 2099//2099 2098//2098
f 2161//2161 2099//2099 2160//2160
f 2049//2049 2127//2127 2100//2100
f 2049//2049 2128//2128 2127//2127
f 2161//2161 2101//2101 2099//2099
f 2161//2161 2129//2129 2101//2101
f 1997//1997 2103//2103 2051//2051
f 2129//2129 2204//2204 1976//1976
f 2204//2204 2163//2163 1976//1976
f 2103//2103 2020//2020 2104//2104
f 2106//2106 2019//2019 2163//2163
f 2020//2020 2107//2107 2105//2105
f 2131//2131 2130//2130 2106//2106
f 2024//2024 2132//2132 2206//2206
f 2072//2072 2130//2130 2165//2165
f 2133//2133 2132//2132 2024//2024
f 2134//2134 2108//2108 2071//2071
f 2075//2075 1980//1980 2055//2055
f 2110//2110 2077//2077 2136//2136
f 2136//2136 2170//2170 2109//2109
f 2170//2170 2137//2137 2109//2109
f 2136//2136 2138//2138 2170//2170
f 2138//2138 2136//2136 2077//2077
f 2139//2139 2077//2077 2112//2112
f 2111//2111 2141//2141 2033//2033
f 2078//2078 2143//2143 2139//2139
f 2142//2142 2113//2113 2141//2141
f 2078//2078 2079//2079 2143//2143
f 2114//2114 2113//2113 2142//2142
f 2195//2195 2082//2082 2114//2114
f 2193//2193 2143//2143 2081//2081
f 2195//2195 2175//2175 2082//2082
f 2081//2081 2062//2062 2193//2193
f 2085//2085 2082//2082 2175//2175
f 2193//2193 2062//2062 2174//2174
f 2144//2144 2147//2147 2058//2058
f 2058//2058 2147//2147 2145//2145
f 2177//2177 2146//2146 2060//2060
f 2147//2147 2148//2148 2145//2145
f 2177//2177 2088//2088 2146//2146
f 2150//2150 2092//2092 2085//2085
f 2088//2088 2177//2177 2180//2180
f 2147//2147 2116//2116 2148//2148
f 2116//2116 2118//2118 2148//2148
f 2119//2119 2122//2122 2149//2149
f 2150//2150 2157//2157 2092//2092
f 2118//2118 2186//2186 2148//2148
f 2185//2185 2117//2117 2151//2151
f 2117//2117 2185//2185 2152//2152
f 2156//2156 2183//2183 2121//2121
f 2154//2154 2120//2120 2123//2123
f 2150//2150 2158//2158 2157//2157
f 2095//2095 2156//2156 2121//2121
f 2154//2154 2123//2123 2183//2183
f 2120//2120 2155//2155 2122//2122
f 2186//2186 2118//2118 2096//2096
f 2159//2159 2186//2186 2096//2096
f 2158//2158 2124//2124 2157//2157
f 2098//2098 2124//2124 2158//2158
f 2188//2188 2126//2126 2097//2097
f 2126//2126 2188//2188 2159//2159
f 2187//2187 2160//2160 2098//2098
f 2127//2127 2125//2125 2100//2100
f 2128//2128 2229//2229 2127//2127
f 2102//2102 2229//2229 2128//2128
f 2051//2051 2229//2229 2102//2102
f 2229//2229 2051//2051 2103//2103
f 2189//2189 2104//2104 2020//2020
f 2163//2163 2131//2131 2106//2106
f 2107//2107 2164//2164 2105//2105
f 2107//2107 2024//2024 2206//2206
f 2165//2165 2130//2130 2131//2131
f 2192//2192 1999//1999 2166//2166
f 1980//1980 2075//2075 2167//2167
f 2168//2168 2075//2075 2211//2211
f 2211//2211 2029//2029 2212//2212
f 2077//2077 2170//2170 2138//2138
f 2170//2170 2111//2111 2137//2137
f 2170//2170 2077//2077 2169//2169
f 2170//2170 2171//2171 2111//2111
f 2140//2140 2077//2077 2139//2139
f 2077//2077 2140//2140 2169//2169
f 2171//2171 2141//2141 2111//2111
f 2169//2169 2140//2140 2170//2170
f 2170//2170 2141//2141 2171//2171
f 2170//2170 2140//2140 2142//2142
f 2139//2139 2172//2172 2140//2140
f 2142//2142 2141//2141 2170//2170
f 2139//2139 2143//2143 2172//2172
f 2140//2140 2173//2173 2142//2142
f 2172//2172 2173//2173 2140//2140
f 2172//2172 2143//2143 2193//2193
f 2173//2173 2114//2114 2142//2142
f 2114//2114 2198//2198 2195//2195
f 2178//2178 2174//2174 2062//2062
f 2085//2085 2175//2175 2196//2196
f 2115//2115 2116//2116 2147//2147
f 2144//2144 2115//2115 2147//2147
f 2177//2177 2084//2084 2145//2145
f 2148//2148 2176//2176 2145//2145
f 2145//2145 2176//2176 2177//2177
f 2196//2196 2150//2150 2085//2085
f 2119//2119 2181//2181 2178//2178
f 2197//2197 2150//2150 2196//2196
f 2088//2088 2180//2180 2117//2117
f 2122//2122 2179//2179 2149//2149
f 2119//2119 2149//2149 2179//2179
f 2179//2179 2122//2122 2201//2201
f 2119//2119 2179//2179 2181//2181
f 2151//2151 2117//2117 2180//2180
f 2197//2197 2158//2158 2150//2150
f 2186//2186 2182//2182 2148//2148
f 2153//2153 2152//2152 2239//2239
f 2153//2153 2222//2222 2095//2095
f 2095//2095 2222//2222 2156//2156
f 2155//2155 2120//2120 2154//2154
f 2122//2122 2155//2155 2201//2201
f 2186//2186 2200//2200 2182//2182
f 2239//2239 2152//2152 2185//2185
f 2222//2222 2183//2183 2156//2156
f 2098//2098 2158//2158 2197//2197
f 2197//2197 2184//2184 2098//2098
f 2184//2184 2187//2187 2098//2098
f 2188//2188 2186//2186 2159//2159
f 2125//2125 2188//2188 2097//2097
f 2203//2203 2160//2160 2187//2187
f 2162//2162 2160//2160 2203//2203
f 2125//2125 2127//2127 2188//2188
f 2162//2162 2161//2161 2160//2160
f 2129//2129 2161//2161 2162//2162
f 2205//2205 2131//2131 2163//2163
f 2107//2107 2206//2206 2164//2164
f 2207//2207 2165//2165 2131//2131
f 2165//2165 2208//2208 2166//2166
f 2071//2071 2108//2108 2190//2190
f 2192//2192 2166//2166 2209//2209
f 2192//2192 2209//2209 2250//2250
f 2233//2233 2192//2192 2250//2250
f 2167//2167 2191//2191 2073//2073
f 2029//2029 2192//2192 2212//2212
f 2172//2172 2214//2214 2173//2173
f 2193//2193 2215//2215 2172//2172
f 2214//2214 2172//2172 2215//2215
f 2213//2213 2114//2114 2173//2173
f 2198//2198 2114//2114 2213//2213
f 2174//2174 2194//2194 2193//2193
f 2193//2193 2194//2194 2217//2217
f 2196//2196 2175//2175 2195//2195
f 2194//2194 2174//2174 2178//2178
f 2195//2195 2197//2197 2196//2196
f 2194//2194 2178//2178 2216//2216
f 2198//2198 2197//2197 2195//2195
f 2148//2148 2223//2223 2176//2176
f 2176//2176 2218//2218 2177//2177
f 2218//2218 2180//2180 2177//2177
f 2178//2178 2181//2181 2237//2237
f 2182//2182 2223//2223 2148//2148
f 2176//2176 2223//2223 2218//2218
f 2219//2219 2151//2151 2180//2180
f 2259//2259 2197//2197 2198//2198
f 2200//2200 2223//2223 2182//2182
f 2239//2239 2222//2222 2153//2153
f 2240//2240 2154//2154 2183//2183
f 2259//2259 2184//2184 2197//2197
f 2243//2243 2155//2155 2154//2154
f 2199//2199 2185//2185 2151//2151
f 2202//2202 2184//2184 2259//2259
f 2225//2225 2200//2200 2186//2186
f 2187//2187 2184//2184 2227//2227
f 2188//2188 2225//2225 2186//2186
f 2227//2227 2203//2203 2187//2187
f 2188//2188 2226//2226 2225//2225
f 2127//2127 2228//2228 2188//2188
f 2229//2229 2228//2228 2127//2127
f 2229//2229 2103//2103 2271//2271
f 2269//2269 2204//2204 2129//2129
f 2204//2204 2205//2205 2163//2163
f 2133//2133 2206//2206 2132//2132
f 2230//2230 2133//2133 2071//2071
f 2208//2208 2209//2209 2166//2166
f 2191//2191 2275//2275 2135//2135
f 2275//2275 2190//2190 2135//2135
f 2210//2210 2191//2191 2167//2167
f 2233//2233 2212//2212 2192//2192
f 2075//2075 2210//2210 2167//2167
f 2168//2168 2234//2234 2075//2075
f 2173//2173 2214//2214 2213//2213
f 2193//2193 2217//2217 2215//2215
f 2217//2217 2235//2235 2215//2215
f 2178//2178 2237//2237 2216//2216
f 2218//2218 2219//2219 2180//2180
f 2181//2181 2179//2179 2220//2220
f 2181//2181 2220//2220 2237//2237
f 2219//2219 2199//2199 2151//2151
f 2220//2220 2179//2179 2201//2201
f 2223//2223 2221//2221 2218//2218
f 2240//2240 2183//2183 2222//2222
f 2154//2154 2240//2240 2243//2243
f 2224//2224 2223//2223 2200//2200
f 2221//2221 2223//2223 2245//2245
f 2185//2185 2241//2241 2239//2239
f 2199//2199 2241//2241 2185//2185
f 2155//2155 2243//2243 2201//2201
f 2243//2243 2220//2220 2201//2201
f 2223//2223 2224//2224 2245//2245
f 2225//2225 2224//2224 2200//2200
f 2227//2227 2184//2184 2202//2202
f 2246//2246 2225//2225 2226//2226
f 2228//2228 2226//2226 2188//2188
f 2227//2227 2162//2162 2203//2203
f 2227//2227 2249//2249 2162//2162
f 2249//2249 2129//2129 2162//2162
f 2249//2249 2269//2269 2129//2129
f 2103//2103 2104//2104 2271//2271
f 2204//2204 2269//2269 2205//2205
f 2131//2131 2205//2205 2207//2207
f 2164//2164 2206//2206 2105//2105
f 2208//2208 2165//2165 2207//2207
f 2230//2230 2206//2206 2133//2133
f 2071//2071 2190//2190 2231//2231
f 2232//2232 2250//2250 2209//2209
f 2276//2276 2212//2212 2233//2233
f 2075//2075 2234//2234 2210//2210
f 2252//2252 2214//2214 2215//2215
f 2214//2214 2238//2238 2213//2213
f 2214//2214 2252//2252 2238//2238
f 2237//2237 2236//2236 2216//2216
f 2194//2194 2236//2236 2254//2254
f 2194//2194 2216//2216 2236//2236
f 2251//2251 2235//2235 2217//2217
f 2238//2238 2198//2198 2213//2213
f 2219//2219 2218//2218 2221//2221
f 2220//2220 2280//2280 2237//2237
f 2252//2252 2244//2244 2238//2238
f 2221//2221 2261//2261 2219//2219
f 2280//2280 2220//2220 2255//2255
f 2238//2238 2259//2259 2198//2198
f 2295//2295 2222//2222 2239//2239
f 2222//2222 2295//2295 2240//2240
f 2240//2240 2295//2295 2296//2296
f 2238//2238 2244//2244 2259//2259
f 2243//2243 2240//2240 2296//2296
f 2245//2245 2263//2263 2221//2221
f 2242//2242 2220//2220 2243//2243
f 2265//2265 2224//2224 2246//2246
f 2265//2265 2245//2245 2224//2224
f 2225//2225 2246//2246 2224//2224
f 2226//2226 2228//2228 2267//2267
f 2268//2268 2249//2249 2227//2227
f 2229//2229 2247//2247 2228//2228
f 2248//2248 2229//2229 2271//2271
f 2291//2291 2189//2189 2105//2105
f 2292//2292 2207//2207 2205//2205
f 2293//2293 2105//2105 2206//2206
f 2292//2292 2273//2273 2207//2207
f 2273//2273 2208//2208 2207//2207
f 2231//2231 2230//2230 2071//2071
f 2232//2232 2209//2209 2274//2274
f 2274//2274 2250//2250 2232//2232
f 2190//2190 2324//2324 2231//2231
f 2190//2190 2275//2275 2234//2234
f 2323//2323 2233//2233 2250//2250
f 2168//2168 2325//2325 2234//2234
f 2276//2276 2211//2211 2212//2212
f 2254//2254 2217//2217 2194//2194
f 2217//2217 2254//2254 2251//2251
f 2215//2215 2235//2235 2251//2251
f 2253//2253 2215//2215 2251//2251
f 2253//2253 2252//2252 2215//2215
f 2236//2236 2278//2278 2254//2254
f 2252//2252 2253//2253 2244//2244
f 2236//2236 2237//2237 2280//2280
f 2256//2256 2255//2255 2220//2220
f 2258//2258 2256//2256 2257//2257
f 2256//2256 2220//2220 2257//2257
f 2261//2261 2199//2199 2219//2219
f 2298//2298 2239//2239 2241//2241
f 2298//2298 2295//2295 2239//2239
f 2263//2263 2260//2260 2221//2221
f 2199//2199 2261//2261 2299//2299
f 2299//2299 2241//2241 2199//2199
f 2296//2296 2310//2310 2243//2243
f 2310//2310 2242//2242 2243//2243
f 2244//2244 2202//2202 2259//2259
f 2244//2244 2262//2262 2202//2202
f 2262//2262 2284//2284 2202//2202
f 2264//2264 2263//2263 2245//2245
f 2264//2264 2245//2245 2265//2265
f 2284//2284 2227//2227 2202//2202
f 2265//2265 2246//2246 2266//2266
f 2284//2284 2313//2313 2227//2227
f 2313//2313 2268//2268 2227//2227
f 2226//2226 2267//2267 2246//2246
f 2268//2268 2313//2313 2286//2286
f 2247//2247 2267//2267 2228//2228
f 2248//2248 2247//2247 2229//2229
f 2271//2271 2247//2247 2248//2248
f 2269//2269 2249//2249 2268//2268
f 2270//2270 2269//2269 2268//2268
f 2270//2270 2290//2290 2269//2269
f 2189//2189 2271//2271 2104//2104
f 2290//2290 2205//2205 2269//2269
f 2189//2189 2291//2291 2304//2304
f 2292//2292 2205//2205 2317//2317
f 2291//2291 2105//2105 2272//2272
f 2105//2105 2293//2293 2272//2272
f 2321//2321 2293//2293 2206//2206
f 2206//2206 2230//2230 2321//2321
f 2273//2273 2209//2209 2208//2208
f 2323//2323 2250//2250 2274//2274
f 2323//2323 2276//2276 2233//2233
f 2191//2191 2234//2234 2275//2275
f 2234//2234 2191//2191 2210//2210
f 2211//2211 2308//2308 2168//2168
f 2277//2277 2211//2211 2276//2276
f 2251//2251 2254//2254 2278//2278
f 2256//2256 2279//2279 2255//2255
f 2251//2251 2278//2278 2309//2309
f 2251//2251 2309//2309 2253//2253
f 2257//2257 2281//2281 2258//2258
f 2279//2279 2256//2256 2258//2258
f 2281//2281 2279//2279 2258//2258
f 2297//2297 2279//2279 2281//2281
f 2279//2279 2297//2297 2255//2255
f 2255//2255 2297//2297 2280//2280
f 2280//2280 2297//2297 2236//2236
f 2282//2282 2297//2297 2281//2281
f 2257//2257 2282//2282 2281//2281
f 2220//2220 2282//2282 2257//2257
f 2221//2221 2260//2260 2261//2261
f 2242//2242 2282//2282 2220//2220
f 2253//2253 2262//2262 2244//2244
f 2283//2283 2296//2296 2295//2295
f 2298//2298 2241//2241 2352//2352
f 2263//2263 2285//2285 2260//2260
f 2264//2264 2285//2285 2263//2263
f 2313//2313 2284//2284 2302//2302
f 2266//2266 2314//2314 2265//2265
f 2264//2264 2265//2265 2314//2314
f 2287//2287 2266//2266 2246//2246
f 2267//2267 2288//2288 2246//2246
f 2287//2287 2246//2246 2288//2288
f 2288//2288 2267//2267 2247//2247
f 2315//2315 2268//2268 2286//2286
f 2268//2268 2315//2315 2316//2316
f 2271//2271 2289//2289 2247//2247
f 2290//2290 2270//2270 2268//2268
f 2304//2304 2271//2271 2189//2189
f 2317//2317 2205//2205 2290//2290
f 2306//2306 2274//2274 2273//2273
f 2274//2274 2209//2209 2273//2273
f 2324//2324 2230//2230 2231//2231
f 2190//2190 2294//2294 2324//2324
f 2234//2234 2294//2294 2190//2190
f 2276//2276 2323//2323 2361//2361
f 2325//2325 2294//2294 2234//2234
f 2276//2276 2349//2349 2362//2362
f 2325//2325 2168//2168 2307//2307
f 2308//2308 2211//2211 2277//2277
f 2308//2308 2276//2276 2362//2362
f 2277//2277 2276//2276 2308//2308
f 2242//2242 2297//2297 2282//2282
f 2260//2260 2301//2301 2261//2261
f 2301//2301 2299//2299 2261//2261
f 2295//2295 2298//2298 2326//2326
f 2295//2295 2326//2326 2283//2283
f 2311//2311 2297//2297 2242//2242
f 2309//2309 2312//2312 2253//2253
f 2300//2300 2241//2241 2299//2299
f 2311//2311 2242//2242 2310//2310
f 2262//2262 2253//2253 2312//2312
f 2284//2284 2262//2262 2312//2312
f 2285//2285 2264//2264 2314//2314
f 2302//2302 2330//2330 2313//2313
f 2287//2287 2314//2314 2266//2266
f 2315//2315 2286//2286 2313//2313
f 2287//2287 2288//2288 2303//2303
f 2289//2289 2288//2288 2247//2247
f 2357//2357 2268//2268 2316//2316
f 2290//2290 2268//2268 2357//2357
f 2271//2271 2304//2304 2289//2289
f 2292//2292 2317//2317 2333//2333
f 2305//2305 2272//2272 2293//2293
f 2292//2292 2333//2333 2273//2273
f 2320//2320 2273//2273 2333//2333
f 2320//2320 2306//2306 2273//2273
f 2334//2334 2321//2321 2230//2230
f 2274//2274 2348//2348 2375//2375
f 2324//2324 2322//2322 2230//2230
f 2323//2323 2274//2274 2375//2375
f 2350//2350 2296//2296 2283//2283
f 2278//2278 2236//2236 2339//2339
f 2328//2328 2297//2297 2311//2311
f 2328//2328 2327//2327 2297//2297
f 2236//2236 2297//2297 2339//2339
f 2297//2297 2327//2327 2339//2339
f 2339//2339 2309//2309 2278//2278
f 2300//2300 2364//2364 2241//2241
f 2364//2364 2352//2352 2241//2241
f 2299//2299 2301//2301 2300//2300
f 2338//2338 2311//2311 2310//2310
f 2309//2309 2339//2339 2312//2312
f 2340//2340 2260//2260 2285//2285
f 2302//2302 2284//2284 2312//2312
f 2330//2330 2302//2302 2312//2312
f 2357//2357 2317//2317 2290//2290
f 2347//2347 2333//2333 2317//2317
f 2293//2293 2321//2321 2319//2319
f 2348//2348 2274//2274 2306//2306
f 2322//2322 2334//2334 2230//2230
f 2324//2324 2294//2294 2334//2334
f 2335//2335 2361//2361 2323//2323
f 2361//2361 2349//2349 2276//2276
f 2168//2168 2308//2308 2362//2362
f 2376//2376 2362//2362 2349//2349
f 2283//2283 2326//2326 2350//2350
f 2350//2350 2363//2363 2296//2296
f 2326//2326 2298//2298 2352//2352
f 2363//2363 2310//2310 2296//2296
f 2338//2338 2310//2310 2363//2363
f 2364//2364 2300//2300 2382//2382
f 2329//2329 2312//2312 2339//2339
f 2340//2340 2301//2301 2260//2260
f 2329//2329 2330//2330 2312//2312
f 2285//2285 2355//2355 2340//2340
f 2314//2314 2355//2355 2285//2285
f 2369//2369 2313//2313 2330//2330
f 2315//2315 2313//2313 2369//2369
f 2288//2288 2332//2332 2303//2303
f 2303//2303 2332//2332 2287//2287
f 2332//2332 2331//2331 2287//2287
f 2314//2314 2287//2287 2331//2331
f 2288//2288 2370//2370 2332//2332
f 2369//2369 2316//2316 2315//2315
f 2289//2289 2345//2345 2288//2288
f 2384//2384 2357//2357 2316//2316
f 2289//2289 2304//2304 2345//2345
f 2291//2291 2387//2387 2304//2304
f 2346//2346 2347//2347 2317//2317
f 2272//2272 2305//2305 2291//2291
f 2318//2318 2291//2291 2305//2305
f 2358//2358 2333//2333 2347//2347
f 2293//2293 2318//2318 2305//2305
f 2318//2318 2293//2293 2372//2372
f 2319//2319 2372//2372 2293//2293
f 2321//2321 2372//2372 2319//2319
f 2321//2321 2359//2359 2372//2372
f 2320//2320 2348//2348 2306//2306
f 2324//2324 2334//2334 2322//2322
f 2408//2408 2294//2294 2325//2325
f 2307//2307 2408//2408 2325//2325
f 2362//2362 2307//2307 2168//2168
f 2337//2337 2327//2327 2328//2328
f 2352//2352 2336//2336 2326//2326
f 2311//2311 2337//2337 2328//2328
f 2300//2300 2341//2341 2382//2382
f 2339//2339 2365//2365 2354//2354
f 2354//2354 2329//2329 2339//2339
f 2341//2341 2300//2300 2301//2301
f 2341//2341 2301//2301 2340//2340
f 2340//2340 2355//2355 2341//2341
f 2329//2329 2342//2342 2343//2343
f 2330//2330 2329//2329 2343//2343
f 2314//2314 2344//2344 2355//2355
f 2344//2344 2314//2314 2331//2331
f 2343//2343 2369//2369 2330//2330
f 2368//2368 2316//2316 2369//2369
f 2345//2345 2370//2370 2288//2288
f 2346//2346 2317//2317 2357//2357
f 2348//2348 2320//2320 2333//2333
f 2321//2321 2391//2391 2359//2359
f 2373//2373 2375//2375 2348//2348
f 2335//2335 2323//2323 2375//2375
f 2360//2360 2334//2334 2294//2294
f 2377//2377 2326//2326 2336//2336
f 2350//2350 2326//2326 2351//2351
f 2351//2351 2363//2363 2350//2350
f 2378//2378 2327//2327 2337//2337
f 2352//2352 2364//2364 2380//2380
f 2380//2380 2336//2336 2352//2352
f 2353//2353 2338//2338 2363//2363
f 2381//2381 2338//2338 2353//2353
f 2311//2311 2338//2338 2381//2381
f 2337//2337 2311//2311 2381//2381
f 2365//2365 2339//2339 2327//2327
f 2341//2341 2355//2355 2416//2416
f 2329//2329 2354//2354 2342//2342
f 2342//2342 2356//2356 2343//2343
f 2332//2332 2344//2344 2331//2331
f 2368//2368 2384//2384 2316//2316
f 2304//2304 2387//2387 2345//2345
f 2291//2291 2390//2390 2387//2387
f 2347//2347 2389//2389 2358//2358
f 2358//2358 2348//2348 2333//2333
f 2348//2348 2407//2407 2373//2373
f 2334//2334 2391//2391 2321//2321
f 2375//2375 2374//2374 2335//2335
f 2408//2408 2360//2360 2294//2294
f 2361//2361 2376//2376 2349//2349
f 2361//2361 2335//2335 2374//2374
f 2408//2408 2307//2307 2376//2376
f 2362//2362 2376//2376 2307//2307
f 2380//2380 2377//2377 2336//2336
f 2326//2326 2377//2377 2413//2413
f 2326//2326 2413//2413 2351//2351
f 2351//2351 2395//2395 2363//2363
f 2364//2364 2382//2382 2379//2379
f 2378//2378 2366//2366 2327//2327
f 2365//2365 2327//2327 2366//2366
f 2382//2382 2341//2341 2416//2416
f 2354//2354 2365//2365 2366//2366
f 2354//2354 2366//2366 2367//2367
f 2356//2356 2342//2342 2401//2401
f 2342//2342 2354//2354 2401//2401
f 2401//2401 2354//2354 2367//2367
f 2383//2383 2344//2344 2332//2332
f 2356//2356 2369//2369 2343//2343
f 2383//2383 2332//2332 2370//2370
f 2388//2388 2357//2357 2384//2384
f 2388//2388 2346//2346 2357//2357
f 2389//2389 2347//2347 2346//2346
f 2291//2291 2318//2318 2372//2372
f 2358//2358 2389//2389 2371//2371
f 2358//2358 2371//2371 2348//2348
f 2407//2407 2348//2348 2371//2371
f 2334//2334 2392//2392 2391//2391
f 2360//2360 2392//2392 2334//2334
f 2395//2395 2351//2351 2413//2413
f 2363//2363 2394//2394 2353//2353
f 2379//2379 2380//2380 2364//2364
f 2381//2381 2398//2398 2396//2396
f 2337//2337 2381//2381 2396//2396
f 2367//2367 2366//2366 2400//2400
f 2416//2416 2355//2355 2417//2417
f 2367//2367 2400//2400 2401//2401
f 2402//2402 2356//2356 2401//2401
f 2355//2355 2344//2344 2417//2417
f 2417//2417 2344//2344 2383//2383
f 2356//2356 2402//2402 2368//2368
f 2368//2368 2369//2369 2356//2356
f 2383//2383 2370//2370 2385//2385
f 2385//2385 2370//2370 2387//2387
f 2370//2370 2386//2386 2387//2387
f 2345//2345 2386//2386 2370//2370
f 2345//2345 2387//2387 2386//2386
f 2388//2388 2389//2389 2346//2346
f 2372//2372 2390//2390 2291//2291
f 2405//2405 2371//2371 2389//2389
f 2372//2372 2406//2406 2432//2432
f 2359//2359 2421//2421 2372//2372
f 2359//2359 2391//2391 2421//2421
f 2434//2434 2421//2421 2391//2391
f 2373//2373 2374//2374 2375//2375
f 2374//2374 2410//2410 2361//2361
f 2408//2408 2392//2392 2360//2360
f 2409//2409 2408//2408 2376//2376
f 2410//2410 2393//2393 2376//2376
f 2410//2410 2376//2376 2361//2361
f 2337//2337 2396//2396 2411//2411
f 2411//2411 2378//2378 2337//2337
f 2378//2378 2411//2411 2412//2412
f 2394//2394 2363//2363 2395//2395
f 2379//2379 2423//2423 2380//2380
f 2377//2377 2380//2380 2438//2438
f 2394//2394 2398//2398 2353//2353
f 2353//2353 2398//2398 2381//2381
f 2412//2412 2366//2366 2378//2378
f 2396//2396 2398//2398 2397//2397
f 2415//2415 2399//2399 2366//2366
f 2400//2400 2366//2366 2399//2399
f 2418//2418 2417//2417 2383//2383
f 2368//2368 2402//2402 2403//2403
f 2385//2385 2418//2418 2383//2383
f 2384//2384 2368//2368 2403//2403
f 2387//2387 2404//2404 2385//2385
f 2388//2388 2384//2384 2403//2403
f 2388//2388 2457//2457 2389//2389
f 2390//2390 2432//2432 2387//2387
f 2372//2372 2421//2421 2406//2406
f 2407//2407 2491//2491 2373//2373
f 2434//2434 2391//2391 2392//2392
f 2436//2436 2413//2413 2377//2377
f 2395//2395 2426//2426 2394//2394
f 2438//2438 2380//2380 2423//2423
f 2438//2438 2436//2436 2377//2377
f 2395//2395 2413//2413 2426//2426
f 2414//2414 2379//2379 2382//2382
f 2415//2415 2366//2366 2412//2412
f 2416//2416 2414//2414 2382//2382
f 2451//2451 2414//2414 2416//2416
f 2399//2399 2415//2415 2449//2449
f 2449//2449 2400//2400 2399//2399
f 2401//2401 2400//2400 2427//2427
f 2418//2418 2428//2428 2417//2417
f 2452//2452 2403//2403 2402//2402
f 2372//2372 2432//2432 2390//2390
f 2407//2407 2371//2371 2491//2491
f 2435//2435 2392//2392 2408//2408
f 2435//2435 2408//2408 2409//2409
f 2435//2435 2409//2409 2376//2376
f 2422//2422 2376//2376 2393//2393
f 2393//2393 2410//2410 2442//2442
f 2424//2424 2411//2411 2396//2396
f 2424//2424 2412//2412 2411//2411
f 2445//2445 2413//2413 2436//2436
f 2396//2396 2397//2397 2424//2424
f 2412//2412 2424//2424 2461//2461
f 2445//2445 2425//2425 2413//2413
f 2425//2425 2426//2426 2413//2413
f 2394//2394 2426//2426 2398//2398
f 2397//2397 2398//2398 2426//2426
f 2416//2416 2429//2429 2451//2451
f 2400//2400 2449//2449 2427//2427
f 2417//2417 2429//2429 2416//2416
f 2402//2402 2401//2401 2427//2427
f 2402//2402 2427//2427 2452//2452
f 2417//2417 2428//2428 2429//2429
f 2454//2454 2428//2428 2418//2418
f 2453//2453 2403//2403 2452//2452
f 2454//2454 2418//2418 2404//2404
f 2419//2419 2403//2403 2453//2453
f 2385//2385 2404//2404 2418//2418
f 2403//2403 2419//2419 2388//2388
f 2388//2388 2419//2419 2457//2457
f 2387//2387 2431//2431 2404//2404
f 2420//2420 2431//2431 2387//2387
f 2387//2387 2432//2432 2420//2420
f 2457//2457 2405//2405 2389//2389
f 2406//2406 2421//2421 2433//2433
f 2371//2371 2405//2405 2491//2491
f 2491//2491 2405//2405 2440//2440
f 2376//2376 2441//2441 2435//2435
f 2443//2443 2373//2373 2491//2491
f 2434//2434 2492//2492 2421//2421
f 2441//2441 2376//2376 2422//2422
f 2444//2444 2374//2374 2373//2373
f 2392//2392 2469//2469 2434//2434
f 2469//2469 2392//2392 2435//2435
f 2423//2423 2379//2379 2464//2464
f 2437//2437 2424//2424 2397//2397
f 2414//2414 2464//2464 2379//2379
f 2427//2427 2449//2449 2463//2463
f 2429//2429 2428//2428 2451//2451
f 2404//2404 2420//2420 2430//2430
f 2431//2431 2420//2420 2404//2404
f 2466//2466 2485//2485 2457//2457
f 2432//2432 2456//2456 2455//2455
f 2456//2456 2432//2432 2406//2406
f 2421//2421 2439//2439 2433//2433
f 2373//2373 2443//2443 2444//2444
f 2468//2468 2469//2469 2435//2435
f 2442//2442 2410//2410 2504//2504
f 2410//2410 2444//2444 2504//2504
f 2374//2374 2444//2444 2410//2410
f 2445//2445 2436//2436 2446//2446
f 2464//2464 2460//2460 2423//2423
f 2436//2436 2438//2438 2446//2446
f 2459//2459 2447//2447 2445//2445
f 2437//2437 2397//2397 2426//2426
f 2437//2437 2448//2448 2424//2424
f 2445//2445 2447//2447 2425//2425
f 2448//2448 2461//2461 2424//2424
f 2451//2451 2464//2464 2414//2414
f 2412//2412 2461//2461 2415//2415
f 2461//2461 2449//2449 2415//2415
f 2461//2461 2462//2462 2449//2449
f 2477//2477 2464//2464 2451//2451
f 2449//2449 2462//2462 2463//2463
f 2451//2451 2450//2450 2477//2477
f 2451//2451 2478//2478 2450//2450
f 2479//2479 2427//2427 2463//2463
f 2428//2428 2478//2478 2451//2451
f 2454//2454 2465//2465 2428//2428
f 2428//2428 2465//2465 2480//2480
f 2404//2404 2430//2430 2454//2454
f 2466//2466 2419//2419 2453//2453
f 2466//2466 2457//2457 2419//2419
f 2455//2455 2420//2420 2432//2432
f 2456//2456 2406//2406 2458//2458
f 2440//2440 2405//2405 2457//2457
f 2406//2406 2433//2433 2458//2458
f 2492//2492 2439//2439 2421//2421
f 2489//2489 2422//2422 2393//2393
f 2489//2489 2393//2393 2442//2442
f 2444//2444 2443//2443 2491//2491
f 2492//2492 2434//2434 2469//2469
f 2460//2460 2496//2496 2423//2423
f 2473//2473 2446//2446 2423//2423
f 2496//2496 2473//2473 2423//2423
f 2446//2446 2459//2459 2445//2445
f 2446//2446 2473//2473 2459//2459
f 2447//2447 2459//2459 2425//2425
f 2448//2448 2437//2437 2510//2510
f 2423//2423 2446//2446 2438//2438
f 2426//2426 2425//2425 2437//2437
f 2427//2427 2479//2479 2452//2452
f 2428//2428 2480//2480 2478//2478
f 2479//2479 2453//2453 2452//2452
f 2430//2430 2465//2465 2454//2454
f 2481//2481 2466//2466 2453//2453
f 2420//2420 2455//2455 2430//2430
f 2466//2466 2482//2482 2485//2485
f 2485//2485 2502//2502 2457//2457
f 2457//2457 2502//2502 2440//2440
f 2433//2433 2439//2439 2518//2518
f 2486//2486 2491//2491 2440//2440
f 2468//2468 2441//2441 2488//2488
f 2468//2468 2435//2435 2441//2441
f 2504//2504 2490//2490 2442//2442
f 2474//2474 2470//2470 2472//2472
f 2473//2473 2471//2471 2459//2459
f 2459//2459 2471//2471 2470//2470
f 2460//2460 2475//2475 2495//2495
f 2496//2496 2460//2460 2495//2495
f 2459//2459 2470//2470 2425//2425
f 2425//2425 2470//2470 2474//2474
f 2474//2474 2510//2510 2425//2425
f 2425//2425 2510//2510 2437//2437
f 2464//2464 2475//2475 2460//2460
f 2510//2510 2497//2497 2448//2448
f 2497//2497 2461//2461 2448//2448
f 2461//2461 2476//2476 2462//2462
f 2463//2463 2462//2462 2476//2476
f 2461//2461 2497//2497 2476//2476
f 2463//2463 2476//2476 2513//2513
f 2512//2512 2450//2450 2478//2478
f 2513//2513 2479//2479 2463//2463
f 2501//2501 2453//2453 2479//2479
f 2501//2501 2481//2481 2453//2453
f 2465//2465 2430//2430 2500//2500
f 2482//2482 2466//2466 2481//2481
f 2483//2483 2485//2485 2482//2482
f 2484//2484 2485//2485 2483//2483
f 2502//2502 2486//2486 2440//2440
f 2487//2487 2468//2468 2488//2488
f 2489//2489 2442//2442 2490//2490
f 2521//2521 2491//2491 2486//2486
f 2422//2422 2488//2488 2441//2441
f 2488//2488 2422//2422 2489//2489
f 2521//2521 2444//2444 2491//2491
f 2492//2492 2469//2469 2506//2506
f 2506//2506 2469//2469 2487//2487
f 2487//2487 2469//2469 2468//2468
f 2504//2504 2444//2444 2521//2521
f 2471//2471 2493//2493 2470//2470
f 2508//2508 2493//2493 2471//2471
f 2494//2494 2474//2474 2472//2472
f 2473//2473 2508//2508 2471//2471
f 2473//2473 2496//2496 2508//2508
f 2494//2494 2510//2510 2474//2474
f 2475//2475 2464//2464 2499//2499
f 2535//2535 2497//2497 2510//2510
f 2497//2497 2498//2498 2476//2476
f 2512//2512 2499//2499 2450//2450
f 2450//2450 2499//2499 2477//2477
f 2477//2477 2499//2499 2464//2464
f 2513//2513 2476//2476 2537//2537
f 2478//2478 2514//2514 2512//2512
f 2515//2515 2479//2479 2513//2513
f 2480//2480 2500//2500 2478//2478
f 2501//2501 2479//2479 2515//2515
f 2500//2500 2480//2480 2465//2465
f 2482//2482 2481//2481 2501//2501
f 2456//2456 2467//2467 2455//2455
f 2502//2502 2485//2485 2484//2484
f 2503//2503 2458//2458 2433//2433
f 2433//2433 2518//2518 2503//2503
f 2542//2542 2520//2520 2487//2487
f 2488//2488 2542//2542 2487//2487
f 2439//2439 2492//2492 2518//2518
f 2519//2519 2490//2490 2504//2504
f 2522//2522 2488//2488 2489//2489
f 2520//2520 2506//2506 2487//2487
f 2505//2505 2504//2504 2521//2521
f 2508//2508 2530//2530 2493//2493
f 2470//2470 2523//2523 2472//2472
f 2523//2523 2494//2494 2472//2472
f 2495//2495 2509//2509 2507//2507
f 2495//2495 2507//2507 2496//2496
f 2508//2508 2496//2496 2507//2507
f 2509//2509 2495//2495 2475//2475
f 2494//2494 2525//2525 2510//2510
f 2475//2475 2511//2511 2509//2509
f 2499//2499 2511//2511 2475//2475
f 2476//2476 2550//2550 2537//2537
f 2476//2476 2498//2498 2550//2550
f 2515//2515 2513//2513 2537//2537
f 2478//2478 2516//2516 2514//2514
f 2500//2500 2516//2516 2478//2478
f 2500//2500 2539//2539 2516//2516
f 2430//2430 2539//2539 2500//2500
f 2430//2430 2527//2527 2539//2539
f 2501//2501 2526//2526 2482//2482
f 2526//2526 2483//2483 2482//2482
f 2455//2455 2527//2527 2430//2430
f 2467//2467 2527//2527 2455//2455
f 2526//2526 2571//2571 2483//2483
f 2483//2483 2571//2571 2484//2484
f 2458//2458 2467//2467 2456//2456
f 2484//2484 2571//2571 2502//2502
f 2502//2502 2519//2519 2486//2486
f 2521//2521 2486//2486 2519//2519
f 2488//2488 2558//2558 2542//2542
f 2519//2519 2504//2504 2505//2505
f 2519//2519 2505//2505 2521//2521
f 2544//2544 2522//2522 2489//2489
f 2544//2544 2489//2489 2490//2490
f 2544//2544 2490//2490 2519//2519
f 2506//2506 2518//2518 2492//2492
f 2518//2518 2506//2506 2520//2520
f 2531//2531 2508//2508 2524//2524
f 2508//2508 2531//2531 2530//2530
f 2532//2532 2493//2493 2530//2530
f 2532//2532 2470//2470 2493//2493
f 2508//2508 2507//2507 2524//2524
f 2545//2545 2494//2494 2523//2523
f 2509//2509 2524//2524 2507//2507
f 2525//2525 2534//2534 2510//2510
f 2510//2510 2534//2534 2535//2535
f 2498//2498 2497//2497 2535//2535
f 2514//2514 2499//2499 2512//2512
f 2516//2516 2568//2568 2514//2514
f 2538//2538 2501//2501 2515//2515
f 2538//2538 2517//2517 2501//2501
f 2517//2517 2526//2526 2501//2501
f 2458//2458 2529//2529 2467//2467
f 2503//2503 2529//2529 2458//2458
f 2541//2541 2519//2519 2502//2502
f 2543//2543 2519//2519 2541//2541
f 2544//2544 2519//2519 2543//2543
f 2520//2520 2503//2503 2518//2518
f 2503//2503 2520//2520 2542//2542
f 2558//2558 2488//2488 2559//2559
f 2559//2559 2488//2488 2522//2522
f 2559//2559 2522//2522 2544//2544
f 2531//2531 2524//2524 2547//2547
f 2470//2470 2532//2532 2523//2523
f 2532//2532 2545//2545 2523//2523
f 2546//2546 2548//2548 2525//2525
f 2533//2533 2547//2547 2524//2524
f 2494//2494 2545//2545 2546//2546
f 2494//2494 2546//2546 2525//2525
f 2509//2509 2533//2533 2524//2524
f 2536//2536 2533//2533 2509//2509
f 2536//2536 2509//2509 2511//2511
f 2499//2499 2566//2566 2511//2511
f 2550//2550 2498//2498 2535//2535
f 2537//2537 2550//2550 2565//2565
f 2566//2566 2499//2499 2551//2551
f 2514//2514 2551//2551 2499//2499
f 2514//2514 2568//2568 2551//2551
f 2515//2515 2567//2567 2538//2538
f 2539//2539 2570//2570 2516//2516
f 2552//2552 2517//2517 2538//2538
f 2552//2552 2526//2526 2517//2517
f 2553//2553 2526//2526 2552//2552
f 2539//2539 2540//2540 2570//2570
f 2539//2539 2527//2527 2540//2540
f 2527//2527 2467//2467 2540//2540
f 2528//2528 2540//2540 2467//2467
f 2541//2541 2502//2502 2555//2555
f 2502//2502 2571//2571 2555//2555
f 2543//2543 2541//2541 2556//2556
f 2557//2557 2542//2542 2558//2558
f 2589//2589 2532//2532 2530//2530
f 2534//2534 2525//2525 2575//2575
f 2575//2575 2525//2525 2548//2548
f 2535//2535 2534//2534 2549//2549
f 2549//2549 2550//2550 2535//2535
f 2566//2566 2536//2536 2511//2511
f 2550//2550 2549//2549 2565//2565
f 2565//2565 2564//2564 2537//2537
f 2537//2537 2564//2564 2515//2515
f 2564//2564 2567//2567 2515//2515
f 2552//2552 2538//2538 2567//2567
f 2571//2571 2526//2526 2553//2553
f 2554//2554 2555//2555 2571//2571
f 2529//2529 2528//2528 2467//2467
f 2557//2557 2529//2529 2503//2503
f 2556//2556 2541//2541 2555//2555
f 2542//2542 2557//2557 2503//2503
f 2559//2559 2578//2578 2558//2558
f 2580//2580 2544//2544 2543//2543
f 2588//2588 2530//2530 2561//2561
f 2588//2588 2589//2589 2530//2530
f 2531//2531 2561//2561 2530//2530
f 2581//2581 2532//2532 2589//2589
f 2547//2547 2561//2561 2531//2531
f 2532//2532 2581//2581 2560//2560
f 2532//2532 2560//2560 2545//2545
f 2545//2545 2574//2574 2546//2546
f 2545//2545 2560//2560 2574//2574
f 2574//2574 2562//2562 2546//2546
f 2548//2548 2546//2546 2562//2562
f 2563//2563 2534//2534 2575//2575
f 2536//2536 2576//2576 2533//2533
f 2534//2534 2563//2563 2549//2549
f 2566//2566 2576//2576 2536//2536
f 2564//2564 2565//2565 2549//2549
f 2568//2568 2577//2577 2551//2551
f 2569//2569 2552//2552 2567//2567
f 2553//2553 2552//2552 2569//2569
f 2528//2528 2572//2572 2540//2540
f 2616//2616 2573//2573 2529//2529
f 2557//2557 2616//2616 2529//2529
f 2580//2580 2543//2543 2556//2556
f 2578//2578 2559//2559 2544//2544
f 2533//2533 2582//2582 2547//2547
f 2561//2561 2547//2547 2582//2582
f 2612//2612 2548//2548 2562//2562
f 2575//2575 2548//2548 2612//2612
f 2533//2533 2576//2576 2583//2583
f 2551//2551 2577//2577 2566//2566
f 2595//2595 2567//2567 2564//2564
f 2584//2584 2577//2577 2568//2568
f 2516//2516 2584//2584 2568//2568
f 2596//2596 2569//2569 2567//2567
f 2570//2570 2584//2584 2516//2516
f 2569//2569 2596//2596 2553//2553
f 2540//2540 2585//2585 2570//2570
f 2553//2553 2596//2596 2571//2571
f 2557//2557 2558//2558 2578//2578
f 2579//2579 2580//2580 2556//2556
f 2587//2587 2578//2578 2544//2544
f 2587//2587 2544//2544 2580//2580
f 2626//2626 2580//2580 2579//2579
f 2588//2588 2618//2618 2589//2589
f 2560//2560 2562//2562 2574//2574
f 2583//2583 2582//2582 2533//2533
f 2583//2583 2576//2576 2591//2591
f 2575//2575 2549//2549 2563//2563
f 2604//2604 2549//2549 2629//2629
f 2564//2564 2549//2549 2604//2604
f 2566//2566 2594//2594 2576//2576
f 2577//2577 2594//2594 2566//2566
f 2595//2595 2596//2596 2567//2567
f 2585//2585 2584//2584 2570//2570
f 2598//2598 2585//2585 2540//2540
f 2572//2572 2598//2598 2540//2540
f 2586//2586 2554//2554 2571//2571
f 2529//2529 2599//2599 2528//2528
f 2600//2600 2555//2555 2554//2554
f 2578//2578 2616//2616 2557//2557
f 2636//2636 2587//2587 2580//2580
f 2636//2636 2580//2580 2626//2626
f 2588//2588 2561//2561 2590//2590
f 2581//2581 2608//2608 2560//2560
f 2608//2608 2609//2609 2560//2560
f 2561//2561 2582//2582 2590//2590
f 2612//2612 2562//2562 2560//2560
f 2591//2591 2602//2602 2583//2583
f 2576//2576 2592//2592 2591//2591
f 2576//2576 2593//2593 2592//2592
f 2629//2629 2549//2549 2575//2575
f 2594//2594 2593//2593 2576//2576
f 2604//2604 2595//2595 2564//2564
f 2577//2577 2584//2584 2594//2594
f 2585//2585 2597//2597 2584//2584
f 2598//2598 2605//2605 2585//2585
f 2606//2606 2571//2571 2596//2596
f 2599//2599 2572//2572 2528//2528
f 2529//2529 2573//2573 2599//2599
f 2616//2616 2599//2599 2573//2573
f 2601//2601 2555//2555 2600//2600
f 2601//2601 2556//2556 2555//2555
f 2601//2601 2579//2579 2556//2556
f 2648//2648 2618//2618 2588//2588
f 2589//2589 2608//2608 2581//2581
f 2609//2609 2610//2610 2560//2560
f 2641//2641 2575//2575 2612//2612
f 2603//2603 2602//2602 2591//2591
f 2592//2592 2603//2603 2591//2591
f 2595//2595 2614//2614 2596//2596
f 2597//2597 2585//2585 2605//2605
f 2622//2622 2606//2606 2596//2596
f 2572//2572 2605//2605 2598//2598
f 2606//2606 2586//2586 2571//2571
f 2554//2554 2586//2586 2624//2624
f 2600//2600 2554//2554 2624//2624
f 2601//2601 2600//2600 2624//2624
f 2601//2601 2624//2624 2579//2579
f 2616//2616 2578//2578 2607//2607
f 2636//2636 2578//2578 2587//2587
f 2590//2590 2617//2617 2588//2588
f 2618//2618 2640//2640 2589//2589
f 2640//2640 2608//2608 2589//2589
f 2590//2590 2582//2582 2617//2617
f 2609//2609 2608//2608 2610//2610
f 2610//2610 2612//2612 2560//2560
f 2610//2610 2611//2611 2612//2612
f 2602//2602 2582//2582 2583//2583
f 2641//2641 2612//2612 2611//2611
f 2613//2613 2575//2575 2641//2641
f 2629//2629 2575//2575 2613//2613
f 2593//2593 2621//2621 2592//2592
f 2629//2629 2630//2630 2604//2604
f 2594//2594 2621//2621 2593//2593
f 2584//2584 2621//2621 2594//2594
f 2614//2614 2595//2595 2604//2604
f 2597//2597 2621//2621 2584//2584
f 2622//2622 2596//2596 2614//2614
f 2572//2572 2599//2599 2605//2605
f 2623//2623 2615//2615 2599//2599
f 2616//2616 2623//2623 2599//2599
f 2625//2625 2626//2626 2579//2579
f 2625//2625 2579//2579 2624//2624
f 2607//2607 2578//2578 2636//2636
f 2617//2617 2648//2648 2588//2588
f 2617//2617 2582//2582 2619//2619
f 2610//2610 2608//2608 2661//2661
f 2611//2611 2610//2610 2641//2641
f 2602//2602 2619//2619 2582//2582
f 2602//2602 2603//2603 2627//2627
f 2592//2592 2620//2620 2603//2603
f 2592//2592 2621//2621 2620//2620
f 2632//2632 2604//2604 2630//2630
f 2614//2614 2604//2604 2632//2632
f 2605//2605 2634//2634 2597//2597
f 2605//2605 2615//2615 2634//2634
f 2622//2622 2666//2666 2606//2606
f 2599//2599 2615//2615 2605//2605
f 2666//2666 2586//2586 2606//2606
f 2624//2624 2586//2586 2646//2646
f 2607//2607 2635//2635 2616//2616
f 2626//2626 2625//2625 2638//2638
f 2640//2640 2661//2661 2608//2608
f 2661//2661 2669//2669 2610//2610
f 2641//2641 2610//2610 2669//2669
f 2619//2619 2602//2602 2627//2627
f 2620//2620 2628//2628 2603//2603
f 2643//2643 2628//2628 2620//2620
f 2642//2642 2613//2613 2641//2641
f 2642//2642 2629//2629 2613//2613
f 2630//2630 2629//2629 2642//2642
f 2620//2620 2621//2621 2631//2631
f 2633//2633 2631//2631 2621//2621
f 2630//2630 2645//2645 2614//2614
f 2630//2630 2614//2614 2632//2632
f 2597//2597 2633//2633 2621//2621
f 2623//2623 2657//2657 2615//2615
f 2616//2616 2635//2635 2623//2623
f 2625//2625 2646//2646 2667//2667
f 2646//2646 2625//2625 2624//2624
f 2636//2636 2635//2635 2607//2607
f 2637//2637 2636//2636 2626//2626
f 2637//2637 2626//2626 2638//2638
f 2648//2648 2640//2640 2618//2618
f 2617//2617 2619//2619 2659//2659
f 2627//2627 2628//2628 2619//2619
f 2627//2627 2603//2603 2628//2628
f 2641//2641 2662//2662 2642//2642
f 2643//2643 2653//2653 2628//2628
f 2620//2620 2631//2631 2652//2652
f 2652//2652 2643//2643 2620//2620
f 2630//2630 2642//2642 2671//2671
f 2633//2633 2644//2644 2631//2631
f 2671//2671 2663//2663 2630//2630
f 2663//2663 2645//2645 2630//2630
f 2645//2645 2663//2663 2614//2614
f 2665//2665 2614//2614 2663//2663
f 2597//2597 2654//2654 2633//2633
f 2597//2597 2634//2634 2654//2654
f 2655//2655 2622//2622 2614//2614
f 2655//2655 2666//2666 2622//2622
f 2635//2635 2636//2636 2637//2637
f 2659//2659 2660//2660 2617//2617
f 2648//2648 2617//2617 2660//2660
f 2659//2659 2619//2619 2649//2649
f 2639//2639 2692//2692 2640//2640
f 2640//2640 2692//2692 2661//2661
f 2650//2650 2619//2619 2628//2628
f 2649//2649 2619//2619 2650//2650
f 2662//2662 2641//2641 2669//2669
f 2628//2628 2670//2670 2650//2650
f 2662//2662 2651//2651 2642//2642
f 2653//2653 2670//2670 2628//2628
f 2671//2671 2642//2642 2651//2651
f 2652//2652 2631//2631 2644//2644
f 2653//2653 2643//2643 2652//2652
f 2633//2633 2664//2664 2644//2644
f 2654//2654 2664//2664 2633//2633
f 2634//2634 2656//2656 2654//2654
f 2634//2634 2615//2615 2656//2656
f 2655//2655 2686//2686 2666//2666
f 2666//2666 2646//2646 2586//2586
f 2637//2637 2690//2690 2635//2635
f 2625//2625 2667//2667 2658//2658
f 2690//2690 2637//2637 2675//2675
f 2638//2638 2625//2625 2658//2658
f 2660//2660 2640//2640 2648//2648
f 2644//2644 2653//2653 2652//2652
f 2681//2681 2665//2665 2663//2663
f 2697//2697 2614//2614 2665//2665
f 2697//2697 2655//2655 2614//2614
f 2656//2656 2683//2683 2654//2654
f 2655//2655 2684//2684 2686//2686
f 2674//2674 2656//2656 2615//2615
f 2615//2615 2657//2657 2674//2674
f 2688//2688 2657//2657 2623//2623
f 2688//2688 2623//2623 2689//2689
f 2686//2686 2646//2646 2666//2666
f 2635//2635 2689//2689 2623//2623
f 2686//2686 2687//2687 2646//2646
f 2687//2687 2667//2667 2646//2646
f 2638//2638 2658//2658 2668//2668
f 2660//2660 2659//2659 2676//2676
f 2660//2660 2639//2639 2640//2640
f 2692//2692 2669//2669 2661//2661
f 2650//2650 2670//2670 2649//2649
f 2701//2701 2662//2662 2669//2669
f 2701//2701 2651//2651 2662//2662
f 2694//2694 2671//2671 2651//2651
f 2670//2670 2653//2653 2673//2673
f 2694//2694 2663//2663 2671//2671
f 2644//2644 2673//2673 2653//2653
f 2672//2672 2663//2663 2694//2694
f 2663//2663 2672//2672 2681//2681
f 2673//2673 2644//2644 2664//2664
f 2665//2665 2681//2681 2697//2697
f 2683//2683 2664//2664 2654//2654
f 2697//2697 2684//2684 2655//2655
f 2657//2657 2688//2688 2674//2674
f 2690//2690 2689//2689 2635//2635
f 2676//2676 2677//2677 2660//2660
f 2692//2692 2660//2660 2677//2677
f 2692//2692 2639//2639 2660//2660
f 2713//2713 2701//2701 2669//2669
f 2692//2692 2713//2713 2669//2669
f 2649//2649 2678//2678 2659//2659
f 2649//2649 2670//2670 2678//2678
f 2651//2651 2701//2701 2694//2694
f 2670//2670 2673//2673 2679//2679
f 2680//2680 2679//2679 2673//2673
f 2664//2664 2680//2680 2673//2673
f 2680//2680 2664//2664 2682//2682
f 2683//2683 2682//2682 2664//2664
f 2682//2682 2683//2683 2728//2728
f 2656//2656 2703//2703 2683//2683
f 2656//2656 2674//2674 2703//2703
f 2688//2688 2685//2685 2674//2674
f 2687//2687 2658//2658 2667//2667
f 2690//2690 2708//2708 2689//2689
f 2691//2691 2668//2668 2658//2658
f 2676//2676 2659//2659 2693//2693
f 2659//2659 2678//2678 2693//2693
f 2678//2678 2670//2670 2693//2693
f 2713//2713 2694//2694 2701//2701
f 2680//2680 2695//2695 2679//2679
f 2696//2696 2681//2681 2672//2672
f 2682//2682 2695//2695 2680//2680
f 2696//2696 2697//2697 2681//2681
f 2683//2683 2703//2703 2720//2720
f 2687//2687 2686//2686 2738//2738
f 2707//2707 2688//2688 2689//2689
f 2708//2708 2707//2707 2689//2689
f 2658//2658 2687//2687 2749//2749
f 2692//2692 2677//2677 2712//2712
f 2713//2713 2702//2702 2694//2694
f 2693//2693 2679//2679 2715//2715
f 2670//2670 2679//2679 2693//2693
f 2702//2702 2714//2714 2694//2694
f 2695//2695 2715//2715 2679//2679
f 2672//2672 2694//2694 2714//2714
f 2682//2682 2728//2728 2727//2727
f 2728//2728 2683//2683 2720//2720
f 2718//2718 2697//2697 2696//2696
f 2719//2719 2697//2697 2718//2718
f 2684//2684 2697//2697 2719//2719
f 2685//2685 2703//2703 2674//2674
f 2686//2686 2684//2684 2704//2704
f 2704//2704 2738//2738 2686//2686
f 2688//2688 2705//2705 2685//2685
f 2688//2688 2707//2707 2705//2705
f 2706//2706 2749//2749 2687//2687
f 2699//2699 2658//2658 2749//2749
f 2708//2708 2690//2690 2698//2698
f 2699//2699 2691//2691 2658//2658
f 2676//2676 2710//2710 2677//2677
f 2677//2677 2711//2711 2709//2709
f 2709//2709 2712//2712 2677//2677
f 2676//2676 2693//2693 2710//2710
f 2710//2710 2693//2693 2723//2723
f 2692//2692 2724//2724 2713//2713
f 2712//2712 2724//2724 2692//2692
f 2723//2723 2693//2693 2726//2726
f 2716//2716 2693//2693 2715//2715
f 2695//2695 2716//2716 2715//2715
f 2695//2695 2717//2717 2716//2716
f 2727//2727 2717//2717 2695//2695
f 2735//2735 2672//2672 2714//2714
f 2735//2735 2696//2696 2672//2672
f 2682//2682 2727//2727 2695//2695
f 2730//2730 2684//2684 2719//2719
f 2730//2730 2704//2704 2684//2684
f 2706//2706 2687//2687 2738//2738
f 2731//2731 2707//2707 2708//2708
f 2708//2708 2721//2721 2731//2731
f 2721//2721 2699//2699 2749//2749
f 2708//2708 2699//2699 2721//2721
f 2711//2711 2677//2677 2710//2710
f 2711//2711 2732//2732 2709//2709
f 2709//2709 2732//2732 2712//2712
f 2724//2724 2733//2733 2713//2713
f 2725//2725 2726//2726 2693//2693
f 2702//2702 2713//2713 2761//2761
f 2693//2693 2716//2716 2725//2725
f 2714//2714 2702//2702 2742//2742
f 2735//2735 2729//2729 2696//2696
f 2696//2696 2729//2729 2718//2718
f 2730//2730 2719//2719 2718//2718
f 2747//2747 2720//2720 2703//2703
f 2704//2704 2730//2730 2753//2753
f 2685//2685 2705//2705 2707//2707
f 2721//2721 2749//2749 2739//2739
f 2739//2739 2731//2731 2721//2721
f 2713//2713 2733//2733 2761//2761
f 2723//2723 2726//2726 2741//2741
f 2725//2725 2741//2741 2726//2726
f 2742//2742 2702//2702 2761//2761
f 2725//2725 2716//2716 2734//2734
f 2743//2743 2714//2714 2742//2742
f 2717//2717 2736//2736 2716//2716
f 2735//2735 2714//2714 2744//2744
f 2727//2727 2736//2736 2717//2717
f 2728//2728 2745//2745 2727//2727
f 2720//2720 2737//2737 2728//2728
f 2685//2685 2748//2748 2703//2703
f 2748//2748 2747//2747 2703//2703
f 2707//2707 2748//2748 2685//2685
f 2706//2706 2738//2738 2749//2749
f 2707//2707 2731//2731 2756//2756
f 2711//2711 2750//2750 2732//2732
f 2732//2732 2750//2750 2712//2712
f 2712//2712 2750//2750 2740//2740
f 2740//2740 2724//2724 2712//2712
f 2759//2759 2733//2733 2724//2724
f 2734//2734 2741//2741 2725//2725
f 2743//2743 2742//2742 2761//2761
f 2716//2716 2771//2771 2734//2734
f 2743//2743 2744//2744 2714//2714
f 2771//2771 2716//2716 2736//2736
f 2762//2762 2744//2744 2743//2743
f 2751//2751 2735//2735 2744//2744
f 2751//2751 2729//2729 2735//2735
f 2746//2746 2729//2729 2751//2751
f 2746//2746 2718//2718 2729//2729
f 2718//2718 2753//2753 2730//2730
f 2747//2747 2737//2737 2720//2720
f 2704//2704 2767//2767 2738//2738
f 2704//2704 2753//2753 2767//2767
f 2757//2757 2749//2749 2738//2738
f 2738//2738 2767//2767 2757//2757
f 2707//2707 2768//2768 2748//2748
f 2707//2707 2755//2755 2768//2768
f 2755//2755 2707//2707 2756//2756
f 2775//2775 2731//2731 2739//2739
f 2750//2750 2711//2711 2758//2758
f 2741//2741 2760//2760 2723//2723
f 2723//2723 2760//2760 2710//2710
f 2740//2740 2759//2759 2724//2724
f 2734//2734 2760//2760 2741//2741
f 2743//2743 2761//2761 2780//2780
f 2762//2762 2743//2743 2780//2780
f 2751//2751 2744//2744 2762//2762
f 2727//2727 2752//2752 2736//2736
f 2745//2745 2752//2752 2727//2727
f 2766//2766 2746//2746 2751//2751
f 2746//2746 2766//2766 2718//2718
f 2728//2728 2737//2737 2745//2745
f 2766//2766 2753//2753 2718//2718
f 2754//2754 2773//2773 2737//2737
f 2737//2737 2747//2747 2754//2754
f 2754//2754 2747//2747 2748//2748
f 2739//2739 2769//2769 2775//2775
f 2757//2757 2769//2769 2749//2749
f 2769//2769 2739//2739 2749//2749
f 2710//2710 2758//2758 2711//2711
f 2758//2758 2777//2777 2750//2750
f 2777//2777 2759//2759 2750//2750
f 2759//2759 2740//2740 2750//2750
f 2780//2780 2759//2759 2770//2770
f 2759//2759 2780//2780 2733//2733
f 2761//2761 2733//2733 2780//2780
f 2736//2736 2763//2763 2771//2771
f 2751//2751 2762//2762 2785//2785
f 2752//2752 2763//2763 2736//2736
f 2745//2745 2773//2773 2752//2752
f 2772//2772 2766//2766 2751//2751
f 2773//2773 2745//2745 2737//2737
f 2765//2765 2753//2753 2766//2766
f 2765//2765 2767//2767 2753//2753
f 2774//2774 2754//2754 2748//2748
f 2774//2774 2748//2748 2768//2768
f 2775//2775 2756//2756 2731//2731
f 2776//2776 2769//2769 2757//2757
f 2779//2779 2758//2758 2710//2710
f 2779//2779 2710//2710 2760//2760
f 2797//2797 2770//2770 2759//2759
f 2779//2779 2760//2760 2781//2781
f 2781//2781 2760//2760 2734//2734
f 2781//2781 2734//2734 2771//2771
f 2752//2752 2764//2764 2763//2763
f 2785//2785 2772//2772 2751//2751
f 2752//2752 2773//2773 2764//2764
f 2756//2756 2775//2775 2793//2793
f 2769//2769 2776//2776 2775//2775
f 2794//2794 2758//2758 2779//2779
f 2795//2795 2777//2777 2758//2758
f 2777//2777 2797//2797 2759//2759
f 2779//2779 2781//2781 2778//2778
f 2780//2780 2770//2770 2797//2797
f 2782//2782 2780//2780 2797//2797
f 2809//2809 2771//2771 2763//2763
f 2787//2787 2780//2780 2782//2782
f 2780//2780 2787//2787 2762//2762
f 2785//2785 2762//2762 2787//2787
f 2763//2763 2764//2764 2783//2783
f 2772//2772 2785//2785 2802//2802
f 2773//2773 2786//2786 2764//2764
f 2802//2802 2766//2766 2772//2772
f 2773//2773 2754//2754 2823//2823
f 2791//2791 2754//2754 2774//2774
f 2767//2767 2765//2765 2792//2792
f 2757//2757 2767//2767 2792//2792
f 2755//2755 2774//2774 2768//2768
f 2756//2756 2793//2793 2755//2755
f 2794//2794 2806//2806 2758//2758
f 2758//2758 2806//2806 2795//2795
f 2809//2809 2781//2781 2771//2771
f 2800//2800 2809//2809 2763//2763
f 2800//2800 2763//2763 2783//2783
f 2801//2801 2785//2785 2787//2787
f 2801//2801 2784//2784 2790//2790
f 2784//2784 2801//2801 2788//2788
f 2764//2764 2812//2812 2783//2783
f 2788//2788 2789//2789 2784//2784
f 2812//2812 2764//2764 2786//2786
f 2790//2790 2784//2784 2789//2789
f 2773//2773 2823//2823 2786//2786
f 2829//2829 2766//2766 2802//2802
f 2824//2824 2823//2823 2754//2754
f 2765//2765 2766//2766 2829//2829
f 2765//2765 2829//2829 2792//2792
f 2824//2824 2754//2754 2791//2791
f 2757//2757 2792//2792 2843//2843
f 2793//2793 2804//2804 2755//2755
f 2843//2843 2776//2776 2757//2757
f 2805//2805 2793//2793 2775//2775
f 2776//2776 2805//2805 2775//2775
f 2798//2798 2779//2779 2778//2778
f 2794//2794 2779//2779 2798//2798
f 2777//2777 2795//2795 2796//2796
f 2797//2797 2777//2777 2814//2814
f 2781//2781 2798//2798 2778//2778
f 2797//2797 2816//2816 2782//2782
f 2781//2781 2799//2799 2798//2798
f 2817//2817 2799//2799 2781//2781
f 2781//2781 2809//2809 2817//2817
f 2808//2808 2787//2787 2782//2782
f 2787//2787 2808//2808 2810//2810
f 2810//2810 2801//2801 2787//2787
f 2788//2788 2801//2801 2810//2810
f 2790//2790 2785//2785 2801//2801
f 2810//2810 2789//2789 2788//2788
f 2790//2790 2789//2789 2810//2810
f 2790//2790 2802//2802 2785//2785
f 2813//2813 2824//2824 2791//2791
f 2791//2791 2774//2774 2813//2813
f 2755//2755 2803//2803 2774//2774
f 2804//2804 2793//2793 2805//2805
f 2805//2805 2776//2776 2843//2843
f 2795//2795 2807//2807 2796//2796
f 2806//2806 2807//2807 2795//2795
f 2796//2796 2814//2814 2777//2777
f 2816//2816 2797//2797 2814//2814
f 2816//2816 2808//2808 2782//2782
f 2819//2819 2810//2810 2808//2808
f 2810//2810 2820//2820 2790//2790
f 2783//2783 2812//2812 2800//2800
f 2811//2811 2790//2790 2820//2820
f 2802//2802 2790//2790 2811//2811
f 2811//2811 2829//2829 2802//2802
f 2786//2786 2823//2823 2812//2812
f 2774//2774 2840//2840 2813//2813
f 2803//2803 2840//2840 2774//2774
f 2843//2843 2792//2792 2849//2849
f 2804//2804 2803//2803 2755//2755
f 2833//2833 2805//2805 2843//2843
f 2807//2807 2814//2814 2796//2796
f 2794//2794 2798//2798 2825//2825
f 2794//2794 2835//2835 2806//2806
f 2825//2825 2835//2835 2794//2794
f 2798//2798 2799//2799 2837//2837
f 2816//2816 2818//2818 2808//2808
f 2809//2809 2837//2837 2817//2817
f 2817//2817 2837//2837 2799//2799
f 2818//2818 2819//2819 2808//2808
f 2810//2810 2819//2819 2818//2818
f 2820//2820 2810//2810 2818//2818
f 2812//2812 2821//2821 2800//2800
f 2822//2822 2829//2829 2811//2811
f 2830//2830 2812//2812 2823//2823
f 2824//2824 2830//2830 2823//2823
f 2792//2792 2829//2829 2839//2839
f 2840//2840 2831//2831 2813//2813
f 2843//2843 2849//2849 2841//2841
f 2844//2844 2804//2804 2805//2805
f 2806//2806 2835//2835 2807//2807
f 2807//2807 2834//2834 2814//2814
f 2815//2815 2825//2825 2798//2798
f 2834//2834 2854//2854 2814//2814
f 2837//2837 2815//2815 2798//2798
f 2814//2814 2854//2854 2816//2816
f 2854//2854 2818//2818 2816//2816
f 2809//2809 2847//2847 2837//2837
f 2800//2800 2826//2826 2809//2809
f 2809//2809 2826//2826 2847//2847
f 2821//2821 2827//2827 2800//2800
f 2838//2838 2811//2811 2820//2820
f 2838//2838 2822//2822 2811//2811
f 2839//2839 2829//2829 2822//2822
f 2849//2849 2792//2792 2839//2839
f 2813//2813 2830//2830 2824//2824
f 2830//2830 2813//2813 2831//2831
f 2803//2803 2804//2804 2832//2832
f 2832//2832 2804//2804 2844//2844
f 2815//2815 2873//2873 2825//2825
f 2873//2873 2835//2835 2825//2825
f 2835//2835 2836//2836 2807//2807
f 2834//2834 2807//2807 2836//2836
f 2853//2853 2854//2854 2834//2834
f 2854//2854 2846//2846 2818//2818
f 2827//2827 2826//2826 2800//2800
f 2820//2820 2818//2818 2857//2857
f 2857//2857 2838//2838 2820//2820
f 2838//2838 2857//2857 2822//2822
f 2812//2812 2828//2828 2821//2821
f 2812//2812 2830//2830 2828//2828
f 2840//2840 2871//2871 2831//2831
f 2841//2841 2849//2849 2862//2862
f 2803//2803 2842//2842 2840//2840
f 2832//2832 2842//2842 2803//2803
f 2833//2833 2843//2843 2850//2850
f 2805//2805 2833//2833 2844//2844
f 2834//2834 2836//2836 2851//2851
f 2834//2834 2851//2851 2853//2853
f 2845//2845 2873//2873 2815//2815
f 2837//2837 2845//2845 2815//2815
f 2847//2847 2845//2845 2837//2837
f 2867//2867 2818//2818 2846//2846
f 2826//2826 2856//2856 2847//2847
f 2867//2867 2857//2857 2818//2818
f 2821//2821 2828//2828 2827//2827
f 2848//2848 2822//2822 2857//2857
f 2848//2848 2839//2839 2822//2822
f 2830//2830 2858//2858 2828//2828
f 2830//2830 2859//2859 2858//2858
f 2831//2831 2859//2859 2830//2830
f 2841//2841 2862//2862 2850//2850
f 2850//2850 2844//2844 2833//2833
f 2843//2843 2841//2841 2850//2850
f 2832//2832 2893//2893 2842//2842
f 2863//2863 2893//2893 2832//2832
f 2832//2832 2844//2844 2863//2863
f 2852//2852 2835//2835 2873//2873
f 2852//2852 2864//2864 2835//2835
f 2835//2835 2864//2864 2836//2836
f 2873//2873 2845//2845 2865//2865
f 2847//2847 2855//2855 2845//2845
f 2856//2856 2855//2855 2847//2847
f 2856//2856 2826//2826 2827//2827
f 2867//2867 2848//2848 2857//2857
f 2848//2848 2860//2860 2839//2839
f 2860//2860 2849//2849 2839//2839
f 2831//2831 2861//2861 2859//2859
f 2871//2871 2861//2861 2831//2831
f 2842//2842 2881//2881 2840//2840
f 2860//2860 2862//2862 2849//2849
f 2880//2880 2850//2850 2862//2862
f 2893//2893 2882//2882 2842//2842
f 2874//2874 2851//2851 2836//2836
f 2851//2851 2875//2875 2853//2853
f 2873//2873 2876//2876 2852//2852
f 2836//2836 2864//2864 2883//2883
f 2851//2851 2874//2874 2875//2875
f 2853//2853 2875//2875 2854//2854
f 2854//2854 2875//2875 2846//2846
f 2887//2887 2846//2846 2875//2875
f 2855//2855 2865//2865 2845//2845
f 2866//2866 2855//2855 2856//2856
f 2855//2855 2866//2866 2877//2877
f 2885//2885 2855//2855 2877//2877
f 2827//2827 2866//2866 2856//2856
f 2867//2867 2846//2846 2887//2887
f 2878//2878 2827//2827 2868//2868
f 2868//2868 2827//2827 2828//2828
f 2858//2858 2868//2868 2828//2828
f 2868//2868 2858//2858 2859//2859
f 2869//2869 2861//2861 2871//2871
f 2869//2869 2871//2871 2881//2881
f 2871//2871 2840//2840 2881//2881
f 2842//2842 2882//2882 2881//2881
f 2880//2880 2862//2862 2870//2870
f 2870//2870 2862//2862 2860//2860
f 2872//2872 2844//2844 2850//2850
f 2872//2872 2850//2850 2880//2880
f 2852//2852 2876//2876 2864//2864
f 2873//2873 2865//2865 2876//2876
f 2885//2885 2865//2865 2855//2855
f 2827//2827 2878//2878 2866//2866
f 2887//2887 2848//2848 2867//2867
f 2886//2886 2848//2848 2887//2887
f 2868//2868 2859//2859 2878//2878
f 2879//2879 2878//2878 2859//2859
f 2861//2861 2879//2879 2859//2859
f 2879//2879 2861//2861 2869//2869
f 2872//2872 2880//2880 2897//2897
f 2883//2883 2876//2876 2895//2895
f 2876//2876 2883//2883 2864//2864
f 2836//2836 2899//2899 2874//2874
f 2883//2883 2899//2899 2836//2836
f 2876//2876 2865//2865 2895//2895
f 2874//2874 2899//2899 2875//2875
f 2899//2899 2900//2900 2875//2875
f 2900//2900 2908//2908 2875//2875
f 2902//2902 2875//2875 2908//2908
f 2865//2865 2885//2885 2884//2884
f 2902//2902 2887//2887 2875//2875
f 2878//2878 2877//2877 2866//2866
f 2877//2877 2889//2889 2885//2885
f 2879//2879 2877//2877 2878//2878
f 2877//2877 2879//2879 2889//2889
f 2889//2889 2879//2879 2869//2869
f 2888//2888 2860//2860 2886//2886
f 2886//2886 2860//2860 2848//2848
f 2870//2870 2860//2860 2888//2888
f 2869//2869 2891//2891 2890//2890
f 2869//2869 2881//2881 2891//2891
f 2888//2888 2880//2880 2870//2870
f 2880//2880 2888//2888 2892//2892
f 2903//2903 2881//2881 2882//2882
f 2936//2936 2903//2903 2882//2882
f 2898//2898 2883//2883 2895//2895
f 2895//2895 2865//2865 2894//2894
f 2865//2865 2884//2884 2894//2894
f 2902//2902 2908//2908 2915//2915
f 2885//2885 2896//2896 2884//2884
f 2889//2889 2896//2896 2885//2885
f 2902//2902 2886//2886 2887//2887
f 2889//2889 2890//2890 2896//2896
f 2888//2888 2886//2886 2902//2902
f 2869//2869 2890//2890 2889//2889
f 2891//2891 2881//2881 2903//2903
f 2897//2897 2880//2880 2892//2892
f 2895//2895 2907//2907 2898//2898
f 2898//2898 2899//2899 2883//2883
f 2894//2894 2907//2907 2895//2895
f 2909//2909 2900//2900 2899//2899
f 2894//2894 2901//2901 2907//2907
f 2900//2900 2909//2909 2910//2910
f 2910//2910 2908//2908 2900//2900
f 2892//2892 2888//2888 2911//2911
f 2897//2897 2905//2905 2930//2930
f 2905//2905 2897//2897 2892//2892
f 2936//2936 2904//2904 2903//2903
f 2899//2899 2912//2912 2913//2913
f 2913//2913 2909//2909 2899//2899
f 2884//2884 2922//2922 2894//2894
f 2896//2896 2922//2922 2884//2884
f 2910//2910 2915//2915 2908//2908
f 2896//2896 2891//2891 2914//2914
f 2896//2896 2890//2890 2891//2891
f 2888//2888 2902//2902 2911//2911
f 2916//2916 2892//2892 2911//2911
f 2905//2905 2892//2892 2916//2916
f 2912//2912 2898//2898 2907//2907
f 2912//2912 2899//2899 2898//2898
f 2923//2923 2907//2907 2901//2901
f 2923//2923 2901//2901 2894//2894
f 2923//2923 2894//2894 2922//2922
f 2915//2915 2910//2910 2909//2909
f 2909//2909 2913//2913 2915//2915
f 2922//2922 2896//2896 2914//2914
f 2927//2927 2911//2911 2902//2902
f 2927//2927 2902//2902 2915//2915
f 2911//2911 2927//2927 2916//2916
f 2916//2916 2927//2927 2905//2905
f 2904//2904 2891//2891 2903//2903
f 2891//2891 2904//2904 2917//2917
f 2919//2919 2930//2930 2905//2905
f 2921//2921 2912//2912 2907//2907
f 2921//2921 2913//2913 2912//2912
f 2921//2921 2907//2907 2923//2923
f 2913//2913 2921//2921 2925//2925
f 2915//2915 2913//2913 2926//2926
f 2913//2913 2925//2925 2926//2926
f 2914//2914 2924//2924 2922//2922
f 2924//2924 2923//2923 2922//2922
f 2926//2926 2928//2928 2915//2915
f 2928//2928 2927//2927 2915//2915
f 2929//2929 2914//2914 2891//2891
f 2914//2914 2929//2929 2924//2924
f 2925//2925 2928//2928 2926//2926
f 2925//2925 2918//2918 2928//2928
f 2917//2917 2929//2929 2891//2891
f 2925//2925 2932//2932 2918//2918
f 2918//2918 2905//2905 2928//2928
f 2928//2928 2905//2905 2927//2927
f 2925//2925 2921//2921 2934//2934
f 2935//2935 2923//2923 2924//2924
f 2937//2937 2925//2925 2934//2934
f 2937//2937 2932//2932 2925//2925
f 2935//2935 2921//2921 2923//2923
f 2921//2921 2935//2935 2934//2934
f 2935//2935 2924//2924 2929//2929
f 2933//2933 2938//2938 2929//2929
f 2938//2938 2933//2933 2937//2937
f 2937//2937 2933//2933 2932//2932
f 2935//2935 2937//2937 2934//2934
f 2929//2929 2938//2938 2935//2935
f 2935//2935 2938//2938 2937//2937
usemtl tusk
f 2637//2637 2638//2638 2647//2647
f 2637//2637 2647//2647 2675//2675
f 2647//2647 2638//2638 2722//2722
f 2722//2722 2638//2638 2668//2668
f 2647//2647 2700//2700 2675//2675
f 2647//2647 2722//2722 2700//2700
f 2722//2722 2668//2668 2691//2691
f 2675//2675 2698//2698 2690//2690
f 2699//2699 2722//2722 2691//2691
f 2698//2698 2699//2699 2708//2708
f 2700//2700 2698//2698 2675//2675
f 2698//2698 2700//2700 2699//2699
f 2722//2722 2699//2699 2700//2700
f 2920//2920 2893//2893 2863//2863
f 2897//2897 2844//2844 2872//2872
f 2863//2863 2844//2844 2931//2931
f 2931//2931 2844//2844 2897//2897
f 2882//2882 2906//2906 2936//2936
f 2930//2930 2931//2931 2897//2897
f 2906//2906 2882//2882 2893//2893
f 2863//2863 2931//2931 2920//2920
f 2920//2920 2906//2906 2893//2893
f 2918//2918 2919//2919 2905//2905
f 2919//2919 2931//2931 2930//2930
f 2943//2943 2931//2931 2919//2919
f 2918//2918 2932//2932 2919//2919
f 2904//2904 2939//2939 2917//2917
f 2931//2931 2940//2940 2920//2920
f 2933//2933 2944//2944 2932//2932
f 2919//2919 2932//2932 2944//2944
f 2917//2917 2939//2939 2929//2929
f 2940//2940 2931//2931 2943//2943
f 2936//2936 2939//2939 2904//2904
f 2946//2946 2933//2933 2929//2929
f 2929//2929 2939//2939 2946//2946
f 2948//2948 2943//2943 2919//2919
f 2906//2906 2941//2941 2936//2936
f 2936//2936 2942//2942 2939//2939
f 2941//2941 2942//2942 2936//2936
f 2951//2951 2906//2906 2920//2920
f 2944//2944 2933//2933 2946//2946
f 2906//2906 2951//2951 2941//2941
f 2952//2952 2940//2940 2943//2943
f 2951//2951 2920//2920 2945//2945
f 2945//2945 2920//2920 2940//2940
f 2940//2940 2952//2952 2945//2945
f 2948//2948 2919//2919 2944//2944
f 2967//2967 2943//2943 2948//2948
f 2967//2967 2952//2952 2943//2943
f 2942//2942 2947//2947 2939//2939
f 2953//2953 2946//2946 2939//2939
f 2948//2948 2944//2944 2959//2959
f 2959//2959 2967//2967 2948//2948
f 2939//2939 2947//2947 2953//2953
f 2944//2944 2946//2946 2959//2959
f 2941//2941 2949//2949 2942//2942
f 2942//2942 2949//2949 2947//2947
f 2941//2941 2950//2950 2949//2949
f 2941//2941 2951//2951 2950//2950
f 2947//2947 2954//2954 2953//2953
f 2946//2946 2953//2953 2959//2959
f 2959//2959 2966//2966 2967//2967
f 2956//2956 2955//2955 2954//2954
f 2956//2956 2954//2954 2947//2947
f 2954//2954 2957//2957 2953//2953
f 2955//2955 2957//2957 2954//2954
f 2959//2959 2953//2953 2957//2957
f 2958//2958 2956//2956 2947//2947
f 2951//2951 2964//2964 2950//2950
f 2960//2960 2951//2951 2945//2945
f 2956//2956 2961//2961 2955//2955
f 2962//2962 2957//2957 2955//2955
f 2962//2962 2955//2955 2961//2961
f 2958//2958 2968//2968 2961//2961
f 2958//2958 2961//2961 2956//2956
f 2961//2961 2963//2963 2962//2962
f 2961//2961 2968//2968 2963//2963
f 2963//2963 2959//2959 2957//2957
f 2963//2963 2957//2957 2962//2962
f 2947//2947 2968//2968 2958//2958
f 2963//2963 2968//2968 2972//2972
f 2972//2972 2966//2966 2959//2959
f 2963//2963 2972//2972 2959//2959
f 2949//2949 2950//2950 2947//2947
f 2964//2964 2951//2951 2965//2965
f 2965//2965 2951//2951 2960//2960
f 2973//2973 2945//2945 2952//2952
f 2947//2947 2964//2964 2968//2968
f 2950//2950 2964//2964 2947//2947
f 2972//2972 2968//2968 2971//2971
f 2952//2952 2970//2970 2973//2973
f 2945//2945 2973//2973 2960//2960
f 2970//2970 2952//2952 2967//2967
f 2966//2966 2970//2970 2967//2967
f 2965//2965 2969//2969 2964//2964
f 2964//2964 2974//2974 2968//2968
f 2975//2975 2970//2970 2966//2966
f 2960//2960 2969//2969 2965//2965
f 2968//2968 2974//2974 2971//2971
f 2969//2969 2974//2974 2964//2964
f 2969//2969 2960//2960 2978//2978
f 2975//2975 2966//2966 2972//2972
f 2977//2977 2970//2970 2975//2975
f 2978//2978 2974//2974 2969//2969
f 2970//2970 2977//2977 2973//2973
f 2982//2982 2960//2960 2973//2973
f 2977//2977 2979//2979 2973//2973
f 2980//2980 2973//2973 2979//2979
f 2983//2983 2975//2975 2972//2972
f 2971//2971 2983//2983 2972//2972
f 2974//2974 2976//2976 2971//2971
f 2978//2978 2960//2960 2982//2982
f 2973//2973 2980//2980 2982//2982
f 2975//2975 2979//2979 2977//2977
f 2978//2978 2976//2976 2974//2974
f 2983//2983 2971//2971 2976//2976
f 2979//2979 2987//2987 2980//2980
f 2986//2986 2982//2982 2980//2980
f 2986//2986 2980//2980 2988//2988
f 2983//2983 2984//2984 2975//2975
f 2984//2984 2979//2979 2975//2975
f 2981//2981 2976//2976 2978//2978
f 2984//2984 2987//2987 2979//2979
f 2982//2982 2986//2986 2978//2978
f 2976//2976 2985//2985 2983//2983
f 2981//2981 2985//2985 2976//2976
f 2993//2993 2987//2987 2984//2984
f 2986//2986 2981//2981 2978//2978
f 2985//2985 2984//2984 2983//2983
f 2985//2985 2981//2981 2984//2984
f 2980//2980 2987//2987 2988//2988
f 2981//2981 2993//2993 2984//2984
f 2990//2990 2986//2986 2988//2988
f 2988//2988 2989//2989 2990//2990
f 2990//2990 2992//2992 2986//2986
f 2991//2991 2990//2990 2989//2989
f 2986//2986 2992//2992 2981//2981
f 2981//2981 2992//2992 2993//2993
f 2988//2988 2987//2987 2993//2993
f 2993//2993 2989//2989 2988//2988
f 2994//2994 2989//2989 2993//2993
f 2992//2992 2990//2990 2995//2995
f 2991//2991 2996//2996 2990//2990
f 2990//2990 2996//2996 2995//2995
f 2997//2997 2996//2996 2991//2991
f 2989//2989 2997//2997 2991//2991
f 2994//2994 2997//2997 2989//2989
f 2998//2998 2995//2995 2996//2996
f 2998//2998 2996//2996 2999//2999
f 2999//2999 2996//2996 2997//2997
f 2992//2992 3000//3000 2993//2993
f 2995//2995 3001//3001 3000//3000
f 2995//2995 3000//3000 2992//2992
f 3000//3000 2994//2994 2993//2993
f 3000//3000 3001//3001 2994//2994
f 2998//2998 3001//3001 2995//2995
f 3001//3001 2998//2998 2999//2999
f 3001//3001 2999//2999 2994//2994
f 2994//2994 2999//2999 2997//2997
