# sdf_mammoth: docs/prototypes/mammoth.html の距離関数から焼いた網目
# 立ち姿・毛皮込み。前は+Z（Unity）、足の裏はy=0。単位はメートル相当
mtllib sdf_mammoth.mtl
o sdf_mammoth
v -0.0261 1.7216 -2.9897
v -0.0070 1.7565 -2.9952
v -0.0028 1.6876 -2.9748
v -0.0025 1.8001 -2.9609
v 0.0458 1.8802 -2.9182
v -0.0618 1.7501 -2.9480
v -0.0842 1.8233 -2.8734
v 0.0667 1.6534 -2.8863
v 0.0070 1.6798 -2.8261
v 0.1161 1.7068 -2.8943
v -0.0625 1.9496 -2.8892
v 0.0712 1.7043 -2.8258
v -0.0517 1.6939 -2.9009
v 0.0681 1.7799 -2.7894
v 0.0310 1.9609 -2.8788
v -0.0366 2.0026 -2.8736
v 0.0887 1.8884 -2.8659
v -0.0916 2.0847 -2.8123
v 0.0794 2.0535 -2.8142
v 0.0325 1.7571 -2.7842
v 0.0411 2.2020 -2.8100
v -0.0543 1.7446 -2.7882
v 0.0845 1.8901 -2.7878
v -0.1047 1.8985 -2.7856
v -0.0389 2.3786 -2.7556
v -0.0777 1.7713 -2.7484
v -0.0437 1.8329 -2.7460
v 0.1071 1.8766 -2.7287
v -0.1567 2.1916 -2.7005
v -0.1174 2.3659 -2.6960
v 0.0978 2.3906 -2.7009
v -0.1254 1.7759 -2.7026
v 0.0123 1.8406 -2.6955
v -0.1441 2.0075 -2.7231
v 0.0203 2.4137 -2.7338
v -0.0019 1.7348 -2.6486
v -0.1574 1.6810 -2.6804
v -0.2431 1.7544 -2.6742
v 0.0983 1.7342 -2.6832
v -0.0698 1.7916 -2.7119
v 0.0611 1.8309 -2.7080
v 0.1461 2.0043 -2.7225
v -0.2788 2.0184 -2.6849
v -0.0820 1.5995 -2.6559
v -0.1606 1.5967 -2.6537
v -0.0825 1.5754 -2.6181
v 0.3109 2.0042 -2.6673
v -0.3258 1.9334 -2.6638
v 0.3220 2.2146 -2.6501
v 0.3736 1.9756 -2.6587
v 0.1599 2.2687 -2.6841
v -0.2048 2.3873 -2.6258
v -0.2464 1.5882 -2.6084
v -0.3026 1.7369 -2.6524
v -0.3371 1.6622 -2.6029
v 0.3019 1.7618 -2.6371
v -0.3841 1.8704 -2.6158
v 0.3668 1.7137 -2.6022
v 0.2484 2.3311 -2.6483
v -0.1272 2.4629 -2.6176
v 0.1470 1.6943 -2.6517
v 0.0560 1.6522 -2.6436
v 0.3199 1.5671 -2.5872
v 0.2470 1.6837 -2.6252
v 0.1763 1.6611 -2.6122
v -0.0011 1.6080 -2.5871
v 0.4455 1.7490 -2.5944
v -0.4578 1.7458 -2.5853
v 0.3984 1.7715 -2.6266
v -0.4244 1.9328 -2.6216
v -0.5074 2.1240 -2.5803
v 0.4670 1.9787 -2.6007
v 0.4617 2.2410 -2.5755
v -0.3289 2.3692 -2.6138
v 0.1780 2.4295 -2.6260
v 0.2847 2.4686 -2.5713
v 0.0806 2.4941 -2.6169
v 0.1467 1.5658 -2.5737
v 0.0843 1.5274 -2.5817
v 0.2254 1.5512 -2.5777
v -0.1958 1.6367 -2.6259
v 0.3951 1.6072 -2.5603
v -0.4868 1.6074 -2.5754
v -0.5188 1.7625 -2.5711
v -0.5754 2.0897 -2.5283
v -0.3287 2.2557 -2.6440
v -0.0563 2.5004 -2.6099
v 0.3074 1.4566 -2.5300
v 0.2597 1.5382 -2.5542
v 0.0706 1.5047 -2.5519
v -0.0711 1.5139 -2.5643
v -0.2183 1.5361 -2.5402
v -0.3591 1.5028 -2.5283
v -0.4602 1.5689 -2.5464
v -0.3874 1.7044 -2.5631
v 0.6013 1.7363 -2.5244
v 0.5126 1.9696 -2.5690
v -0.5298 2.2878 -2.5207
v -0.2621 2.5170 -2.5400
v 0.0024 1.4992 -2.5443
v -0.1593 1.3994 -2.5099
v -0.4041 1.4806 -2.5369
v 0.2298 1.4007 -2.5022
v 0.1565 1.4594 -2.5311
v -0.1679 1.5138 -2.5572
v -0.3238 1.5300 -2.5499
v 0.5088 1.6994 -2.5334
v -0.6204 2.0129 -2.4904
v 0.6474 2.2101 -2.4362
v 0.5276 2.2492 -2.5293
v 0.5467 2.3102 -2.4918
v 0.1858 2.5917 -2.5159
v -0.5043 1.3464 -2.4841
v -0.3618 1.2877 -2.4743
v 0.0059 1.3448 -2.4848
v -0.3618 1.3318 -2.4928
v -0.5529 1.4030 -2.4840
v 0.1651 1.3776 -2.4815
v -0.0369 1.4267 -2.4899
v -0.0467 1.3697 -2.4286
v -0.2991 1.3981 -2.4784
v 0.3890 1.5271 -2.5004
v -0.4785 1.5945 -2.5234
v 0.5585 1.6273 -2.5022
v 0.6525 1.6285 -2.4952
v -0.6133 1.8217 -2.4886
v 0.0036 2.5685 -2.5545
v -0.1713 2.6608 -2.4605
v -0.0318 2.6344 -2.5050
v -0.4900 1.2210 -2.4837
v -0.4928 1.3195 -2.4263
v 0.4825 1.3909 -2.4806
v 0.1347 1.3762 -2.4482
v -0.2152 1.4008 -2.4688
v -0.5168 1.4370 -2.4560
v 0.5750 1.4115 -2.4572
v 0.3056 1.4387 -2.4814
v -0.4682 1.3856 -2.4744
v 0.5297 1.4691 -2.4813
v 0.4552 1.5747 -2.4983
v 0.5955 1.5120 -2.4567
v 0.6232 1.6667 -2.4838
v -0.6981 1.7968 -2.4681
v 0.7053 1.6743 -2.4533
v -0.5400 1.6839 -2.4945
v -0.6459 1.5341 -2.4433
v 0.7193 1.8525 -2.4461
v -0.6148 1.7148 -2.4673
v 0.5756 1.9542 -2.5237
v 0.6362 2.0457 -2.4816
v 0.6044 2.3432 -2.4322
v 0.4906 2.3566 -2.5197
v 0.3807 2.4233 -2.5470
v 0.3077 2.5384 -2.4916
v 0.0625 2.7045 -2.4228
v -0.5602 0.3177 -2.4306
v -0.4704 0.2836 -2.4335
v -0.4686 0.6734 -2.4219
v -0.3964 0.9020 -2.4411
v -0.5368 1.1168 -2.4319
v -0.3460 1.1763 -2.4247
v -0.5292 1.2043 -2.4811
v -0.5539 1.3076 -2.4387
v -0.2617 1.2652 -2.4356
v -0.4261 1.3187 -2.4388
v 0.1687 1.3031 -2.4176
v 0.0773 1.3845 -2.4800
v 0.0127 1.3255 -2.4207
v 0.4395 1.2803 -2.4138
v -0.4782 1.3147 -2.4042
v 0.4382 1.4240 -2.4538
v -0.5384 1.5311 -2.4726
v 0.6359 1.5546 -2.4523
v -0.6109 1.6043 -2.4307
v 0.7602 1.6642 -2.4243
v 0.7395 1.8996 -2.4233
v -0.6880 1.9673 -2.4616
v 0.6845 2.0798 -2.4323
v 0.3701 2.6266 -2.4076
v 0.2398 2.6905 -2.4060
v -0.3747 0.3151 -2.3860
v -0.4901 0.5734 -2.4173
v -0.5662 0.7573 -2.4321
v -0.4219 0.7643 -2.3963
v -0.3740 0.7988 -2.3891
v -0.6418 0.9012 -2.4216
v -0.4347 1.0177 -2.3881
v -0.5287 0.9532 -2.4584
v -0.6148 1.0350 -2.4117
v -0.2986 1.1386 -2.4104
v -0.5230 1.1527 -2.3894
v -0.5563 1.1505 -2.4192
v -0.2422 1.1803 -2.3776
v -0.5400 1.2473 -2.4142
v -0.2152 1.2191 -2.4074
v 0.5779 1.3387 -2.4210
v 0.4805 1.2409 -2.4004
v 0.0277 1.2736 -2.3977
v -0.5540 1.2825 -2.4266
v -0.6733 1.2357 -2.4019
v 0.4012 1.2655 -2.4320
v 0.3574 1.3017 -2.4100
v -0.6869 1.3458 -2.3917
v -0.5280 1.3100 -2.4023
v 0.6222 1.2619 -2.4142
v -0.1642 1.3506 -2.4147
v -0.6164 1.4364 -2.4223
v 0.6046 1.4550 -2.3977
v -0.0778 1.3872 -2.3984
v -0.0772 1.3592 -2.4610
v -0.1340 1.3511 -2.3988
v -0.6391 1.4095 -2.3974
v -0.6925 1.5556 -2.4474
v 0.7043 2.2067 -2.3648
v 0.5805 2.4495 -2.3948
v -0.4235 2.5067 -2.4759
v -0.6276 0.2189 -2.4006
v -0.3397 0.2631 -2.3751
v -0.6441 0.3296 -2.4002
v -0.6219 0.5407 -2.3883
v -0.3802 0.5501 -2.3662
v -0.6697 0.7652 -2.3677
v -0.3501 0.9513 -2.3980
v -0.2857 1.0335 -2.3710
v -0.3871 1.0638 -2.4027
v -0.4605 1.1669 -2.3907
v 0.5589 1.2179 -2.3721
v 0.4417 1.1866 -2.3629
v 0.2302 1.2581 -2.3977
v 0.4959 1.2501 -2.3781
v 0.1415 1.2546 -2.3958
v 0.3132 1.2835 -2.3870
v 0.2613 1.3167 -2.4188
v 0.0933 1.3084 -2.4125
v -0.1778 1.2754 -2.3685
v 0.6629 1.3106 -2.3363
v -0.7183 1.5267 -2.4162
v 0.7980 1.5554 -2.3697
v -0.6240 2.2723 -2.4345
v -0.4886 2.4257 -2.4917
v 0.4624 2.5026 -2.4423
v 0.3908 2.6536 -2.3605
v -0.5225 0.0673 -2.3248
v -0.5210 0.1567 -2.4012
v -0.4137 0.1232 -2.3600
v -0.7286 0.2342 -2.3500
v -0.2798 0.2065 -2.3186
v -0.2882 0.5244 -2.3160
v -0.7105 0.7739 -2.3452
v -0.3214 0.8045 -2.3684
v -0.2576 0.8371 -2.3529
v -0.6723 0.9852 -2.3716
v 0.5875 1.1906 -2.3824
v 0.2504 1.1435 -2.3313
v 0.3321 1.1752 -2.3381
v -0.2166 1.2082 -2.3419
v 0.0910 1.2347 -2.3560
v 0.4820 1.2711 -2.3427
v 0.1719 1.2515 -2.3491
v 0.0203 1.2600 -2.3324
v -0.0681 1.2588 -2.3504
v 0.0527 1.2812 -2.3581
v 0.7231 1.5453 -2.3846
v -0.8056 1.5865 -2.3461
v -0.7728 1.6374 -2.3657
v -0.7759 1.8045 -2.3821
v -0.5959 2.4110 -2.3906
v -0.0205 2.7435 -2.3772
v 0.1306 2.7504 -2.3643
v -0.7800 0.2653 -2.3137
v -0.7324 0.4883 -2.3318
v -0.2177 0.8841 -2.3201
v -0.7265 1.1011 -2.3273
v 0.5937 1.0238 -2.3213
v 0.6242 0.9408 -2.3069
v 0.5648 1.1560 -2.3159
v -0.7727 1.0607 -2.3254
v -0.1205 1.1797 -2.3327
v -0.1678 1.1265 -2.3012
v -0.1341 1.0521 -2.3079
v 0.4810 1.1293 -2.3155
v 0.6344 1.1276 -2.3292
v 0.4954 1.1824 -2.3262
v -0.6786 1.1621 -2.3640
v -0.0329 1.2238 -2.3392
v 0.0761 1.2619 -2.3121
v -0.7156 1.3743 -2.3390
v 0.7045 1.3709 -2.3413
v 0.7530 1.3899 -2.3259
v -0.7990 1.4606 -2.3127
v 0.8086 1.3904 -2.3154
v 0.8540 1.7128 -2.3326
v -0.8718 1.7938 -2.3199
v 0.8958 1.9101 -2.2559
v 0.8094 1.9140 -2.3522
v -0.7358 2.0810 -2.3715
v 0.5828 2.5416 -2.3021
v -0.5059 2.5231 -2.3943
v -0.4039 2.6166 -2.3895
v -0.3281 0.0976 -2.2686
v -0.6453 0.1178 -2.3429
v -0.2372 0.5731 -2.2590
v -0.7677 0.5793 -2.3174
v -0.2624 0.7383 -2.3113
v -0.8486 0.7997 -2.2748
v 0.5863 0.8916 -2.3179
v 0.3301 1.0104 -2.2938
v -0.2138 1.0422 -2.2934
v -0.8335 0.9066 -2.3329
v 0.2600 1.0585 -2.2874
v 0.4810 1.1219 -2.2845
v 0.2247 1.1329 -2.3004
v -0.8300 1.2794 -2.3198
v 0.6420 1.2463 -2.3136
v 0.1309 1.2699 -2.3105
v 0.6969 1.1962 -2.2794
v 0.8126 1.3285 -2.2926
v 0.8872 1.5577 -2.3076
v 0.8463 1.4984 -2.2882
v -0.8277 1.7487 -2.3319
v 0.9025 1.5783 -2.2703
v -0.8660 1.5307 -2.2903
v -0.8539 1.9378 -2.3024
v -0.6945 2.3211 -2.3210
v 0.6887 2.4475 -2.2658
v -0.6107 2.5041 -2.3026
v -0.5201 2.6492 -2.2289
v -0.2700 2.7328 -2.3252
v 0.1217 2.8126 -2.2577
v -0.7948 0.4857 -2.2697
v 0.3433 0.8728 -2.2752
v 0.5313 0.9483 -2.2660
v -0.1883 0.7812 -2.2633
v -0.8651 1.0242 -2.2873
v 0.5656 0.9934 -2.2645
v 0.3824 0.8937 -2.2586
v 0.4039 1.0236 -2.2507
v 0.3155 1.0183 -2.2570
v -0.8862 1.0360 -2.2585
v 0.6510 1.0015 -2.2586
v -0.1685 1.0600 -2.2602
v 0.4056 1.0693 -2.2783
v 0.2252 1.1485 -2.2564
v -0.0750 1.1255 -2.2701
v -0.8611 1.2275 -2.2682
v -0.8726 1.3486 -2.2759
v 0.8185 1.2935 -2.2594
v 0.8181 1.4518 -2.2550
v -0.9013 1.6909 -2.2455
v 0.9079 1.7260 -2.2810
v -0.8821 1.9026 -2.2612
v 0.7530 2.2277 -2.2950
v 0.7604 2.1311 -2.3439
v -0.6574 2.4219 -2.3032
v -0.2037 2.7931 -2.2669
v -0.3899 0.0439 -2.2636
v -0.7574 0.1245 -2.2490
v -0.8114 0.2511 -2.2357
v 0.5527 0.7306 -2.2449
v 0.4822 0.7241 -2.2472
v 0.6517 0.7506 -2.2294
v 0.3176 0.8217 -2.2229
v -0.8717 0.9451 -2.2424
v 0.3209 0.8786 -2.2485
v 0.5802 0.7729 -2.2589
v 0.2768 0.9890 -2.2272
v -0.1309 1.0385 -2.2470
v 0.4800 1.0868 -2.2551
v 0.3415 1.0178 -2.2297
v 0.1732 1.0717 -2.2839
v 0.1662 1.1782 -2.3113
v 0.0899 1.1836 -2.2404
v -0.0651 1.1136 -2.1759
v -0.8869 1.1437 -2.2745
v 0.1199 1.1985 -2.2399
v -0.9162 1.2491 -2.2303
v 0.7698 1.2844 -2.2222
v -0.8690 1.4254 -2.2273
v 0.8741 1.4323 -2.2300
v 0.8685 1.5188 -2.2588
v -0.6877 2.5086 -2.1951
v -0.6081 2.5586 -2.2394
v -0.3876 2.6930 -2.3092
v -0.4106 2.7455 -2.2183
v 0.3631 2.7505 -2.2384
v -0.6005 0.0059 -2.2120
v -0.7806 0.1095 -2.1352
v -0.2536 0.1434 -2.2042
v 0.6325 0.7987 -2.2341
v 0.5689 0.7113 -2.2270
v -0.8833 0.8582 -2.1869
v 0.4005 0.8040 -2.2082
v -0.1343 0.7571 -2.1976
v -0.1532 0.8047 -2.2305
v 0.7302 0.8733 -2.2226
v -0.0887 0.8964 -2.1956
v 0.3451 0.9567 -2.1949
v -0.0964 1.0366 -2.2258
v -0.1627 1.0319 -2.2256
v 0.7327 1.1394 -2.2514
v 0.2231 1.0782 -2.2276
v 0.7847 1.0387 -2.1878
v 0.1739 1.0378 -2.1934
v -0.8639 1.1374 -2.2304
v -0.0007 1.2554 -2.2663
v 0.8467 1.4819 -2.2148
v 0.8785 1.4517 -2.1814
v 0.9083 1.7573 -2.2081
v 0.8631 2.1156 -2.1733
v 0.5044 2.6343 -2.2832
v 0.2697 2.7772 -2.2634
v -0.4790 0.0033 -2.2173
v -0.2081 0.2474 -2.1722
v 0.5159 0.2616 -2.1897
v 0.3652 0.2806 -2.1492
v -0.2309 0.2676 -2.2479
v 0.4969 0.5129 -2.1939
v -0.1927 0.5476 -2.1827
v 0.6528 0.6577 -2.1889
v 0.3359 0.7777 -2.2032
v 0.2616 0.8606 -2.1975
v 0.7826 0.8494 -2.1649
v 0.1300 1.1718 -2.1917
v 0.0643 1.1974 -2.1956
v -0.0012 1.2111 -2.1950
v 0.8140 1.4273 -2.2013
v -0.9156 1.3205 -2.1812
v 0.8300 1.3698 -2.1596
v -0.9566 1.7325 -2.1520
v -0.9421 1.8112 -2.2155
v 0.9502 1.7743 -2.1525
v -0.8689 2.1002 -2.2073
v -0.8095 2.2140 -2.2293
v 0.5297 2.6834 -2.1713
v 0.4091 2.7733 -2.1673
v -0.0263 2.7968 -2.2986
v -0.1023 2.8613 -2.1884
v 0.4795 0.1758 -2.1670
v 0.6961 0.4400 -2.1422
v 0.3517 0.5422 -2.1528
v 0.5897 0.4604 -2.1881
v -0.8225 0.6173 -2.2106
v 0.7327 0.6051 -2.1368
v -0.1630 0.8790 -2.1468
v 0.2483 1.0624 -2.1751
v -0.8466 1.0451 -2.2334
v -0.0707 1.0160 -2.1426
v 0.8138 1.0662 -2.1509
v -0.9272 1.5343 -2.1876
v 0.8894 1.5372 -2.1445
v 0.8502 2.2663 -2.0793
v -0.7290 2.4184 -2.2177
v 0.5952 2.6590 -2.0913
v -0.2207 2.8562 -2.1310
v -0.3705 2.8020 -2.1367
v -0.6880 0.0346 -2.0962
v 0.6106 0.1729 -2.1568
v 0.7242 0.2306 -2.1044
v -0.1899 0.5109 -2.1574
v -0.8505 0.6238 -2.1667
v 0.3131 0.7773 -2.1682
v 0.7850 0.6688 -2.1041
v 0.2654 0.7395 -2.1357
v 0.2220 0.7339 -2.1357
v -0.8907 0.7570 -2.1554
v -0.1333 0.7996 -2.1453
v 0.1927 0.9777 -2.1565
v 0.8637 0.8678 -2.0954
v -0.1633 0.7843 -2.1179
v -0.9197 0.8989 -2.1333
v -0.1017 0.9946 -2.1462
v -0.1395 1.0334 -2.1131
v 0.0722 1.1667 -2.1210
v 0.0918 1.2188 -2.1697
v -0.9059 1.2053 -2.1481
v 0.8167 1.2606 -2.1325
v -0.9029 1.4536 -2.1334
v 0.9603 1.8826 -2.1033
v 0.7715 2.3831 -2.1502
v -0.7938 2.3852 -2.1003
v -0.5431 2.6712 -2.1639
v -0.3752 0.0052 -2.0920
v -0.8203 0.1800 -2.1110
v 0.7791 0.2243 -2.0510
v 0.1663 0.7658 -2.0901
v -0.1623 0.6929 -2.1035
v -0.1568 0.9351 -2.1053
v 0.8717 1.1348 -2.1073
v 0.9090 0.8634 -2.0933
v 0.1297 1.0470 -2.0925
v 0.0873 1.0621 -2.0911
v -0.0826 1.0227 -2.0825
v 0.9098 1.0867 -2.1031
v -0.0534 1.0984 -2.0665
v 0.0136 1.2305 -2.0969
v -0.8881 1.2460 -2.0898
v 0.9496 1.6332 -2.0918
v -0.9467 1.9240 -2.1432
v -0.8798 2.1730 -2.1012
v 0.7570 2.4737 -2.0819
v 0.6489 2.5578 -2.1690
v 0.4744 2.7907 -2.0293
v 0.2807 2.8367 -2.1368
v -0.1093 2.9067 -2.0666
v 0.0125 2.8821 -2.1250
v -0.5766 0.0022 -2.0456
v -0.2219 0.1931 -2.0460
v -0.8353 0.2923 -2.1088
v 0.2646 0.4966 -2.0708
v -0.8466 0.5257 -2.0651
v 0.8001 0.5901 -2.0652
v -0.9134 0.8566 -2.0949
v 0.9000 0.8391 -2.0537
v 0.9003 1.0801 -2.0572
v 0.1180 1.0712 -2.0631
v 0.1180 1.0712 -2.0629
v 0.0900 1.0991 -2.0633
v 0.0905 1.0991 -2.0629
v -0.9300 1.4334 -2.0895
v 0.9232 1.3997 -2.0928
v -0.9502 1.5522 -2.0374
v -0.9773 1.6172 -2.1014
v 0.9583 1.6127 -2.0554
v 0.9163 2.0255 -2.1073
v -0.6050 2.6072 -2.1677
v 0.1167 2.8829 -2.1182
v -0.6495 0.0346 -2.0020
v 0.3294 0.1808 -2.1031
v -0.2565 0.1777 -1.9897
v -0.8051 0.2163 -2.0142
v 0.8312 0.6849 -2.0823
v 0.1785 0.7041 -2.0129
v 0.1742 0.9154 -2.0339
v -0.1207 1.0303 -2.0508
v -0.9301 1.0830 -2.0665
v 0.1180 1.0503 -2.0349
v 0.1180 1.0711 -2.0627
v 0.0598 1.0964 -2.0544
v 0.0850 1.1065 -2.0556
v 0.0058 1.1428 -2.0343
v 0.8878 1.2540 -2.0619
v -0.9205 1.3360 -2.0246
v -1.0067 1.7418 -2.0155
v 1.0091 1.7881 -2.0484
v -0.9947 1.8010 -2.0603
v 0.9043 2.2017 -1.9821
v -0.6999 2.5343 -2.0880
v -0.0737 2.9444 -1.9970
v 0.4931 0.0656 -2.0931
v -0.4539 0.0183 -1.9853
v 0.6321 0.0751 -2.0706
v 0.3669 0.1149 -2.0830
v -0.3446 0.0633 -1.9954
v -0.2262 0.3484 -2.0055
v -0.1957 0.5626 -2.0078
v -0.1742 0.5885 -2.0712
v -0.8619 0.6463 -2.0104
v -0.9348 0.7869 -2.0020
v 0.9275 0.9319 -1.9645
v -0.1266 0.8962 -2.0013
v 0.9355 1.0581 -2.0101
v -0.9163 1.1969 -2.0158
v 0.9462 1.3353 -2.0011
v -0.9782 1.5110 -2.0114
v 0.9904 1.5258 -1.9979
v -0.9802 1.9847 -1.9937
v -0.7830 2.4805 -1.9958
v -0.6161 2.6798 -2.0008
v 0.5701 2.7247 -2.0078
v -0.4930 2.7644 -2.0759
v 0.7794 0.1171 -1.9158
v 0.8133 0.2420 -1.9637
v 0.8448 0.4984 -1.8919
v 0.2021 0.4789 -1.9670
v 0.8852 0.6982 -2.0004
v 0.1640 0.8427 -2.0081
v 0.1234 0.9448 -1.9795
v -0.1216 0.8789 -1.9429
v 0.0888 1.0773 -2.0007
v -0.9550 1.1202 -2.0015
v 0.0055 1.1424 -1.9617
v 0.9261 1.0297 -1.9574
v -0.9757 1.3422 -1.9761
v 0.9889 1.6050 -1.9298
v -0.9917 1.8078 -1.9533
v 1.0091 1.7956 -1.9468
v -0.9899 1.9530 -1.9641
v 0.9607 2.0209 -2.0078
v -0.9222 2.0686 -2.0351
v -0.8605 2.3157 -1.9733
v -0.7255 2.5556 -1.9919
v 0.2701 2.8861 -2.0141
v 0.6058 0.0016 -1.9354
v 0.4573 0.0017 -1.9574
v 0.2969 0.0759 -1.9270
v -0.7182 0.0948 -1.9745
v 0.2386 0.2108 -2.0112
v 0.8030 0.4467 -2.0165
v 0.2370 0.6332 -2.0753
v -0.8081 0.5085 -1.9136
v 0.1731 0.8006 -1.9632
v 0.8921 0.7100 -1.9404
v 0.0603 0.9232 -1.9498
v -0.9221 1.0275 -1.9533
v -0.0456 1.0152 -1.9626
v 0.0573 1.0597 -1.9870
v -0.0127 1.0151 -1.9310
v -0.0876 1.0569 -1.9414
v -0.0768 1.0834 -2.0191
v -0.9499 1.1494 -1.9557
v -0.9434 1.3278 -1.9825
v -0.9977 1.3991 -1.9330
v -0.9563 1.5902 -1.9548
v 0.7326 2.5670 -1.9350
v 0.6327 2.6917 -1.9597
v -0.2800 2.8815 -1.9932
v -0.7719 0.2535 -1.9238
v 0.2198 0.2169 -1.9272
v -0.2246 0.4658 -1.9493
v 0.8557 0.5765 -1.8887
v -0.8659 0.6982 -1.9618
v -0.0526 1.0379 -1.9215
v -0.9382 1.0671 -1.9488
v -0.9753 1.1752 -1.9160
v -1.0060 1.2657 -1.9517
v 0.9856 1.5215 -1.9568
v -0.9927 1.7965 -1.9285
v -0.4750 2.8284 -1.9134
v 0.3302 2.9034 -1.8816
v 0.2889 2.9300 -1.8824
v 0.0859 2.9565 -1.8793
v 0.3918 0.0163 -1.9421
v -0.4605 0.1233 -1.8594
v -0.6557 0.1412 -1.8736
v -0.3846 0.1480 -1.8651
v -0.1666 0.6612 -1.9223
v -0.1323 0.8154 -1.9740
v -0.8957 0.9082 -1.8877
v 0.1042 0.8698 -1.9439
v 0.0673 0.8995 -1.9020
v 0.9000 0.8752 -1.9213
v -0.0542 0.9650 -1.8717
v -0.9402 1.0204 -1.9252
v 0.9514 1.3029 -1.9107
v -0.9909 1.5268 -1.9253
v 0.9779 1.6479 -1.8856
v 0.9992 1.8898 -1.9040
v -0.9309 2.0979 -1.8452
v -0.6838 2.6421 -1.9237
v -0.5630 2.7678 -1.9205
v -0.3837 2.8622 -1.9242
v 0.1316 2.9250 -2.0151
v 0.3925 0.0047 -1.8237
v 0.7155 0.0442 -1.9102
v 0.8318 0.2312 -1.8591
v -0.3025 0.2014 -1.8970
v -0.7151 0.3007 -1.8630
v 0.1918 0.5379 -1.8467
v 0.1650 0.6592 -1.9189
v -0.1280 0.8205 -1.8662
v 0.9247 0.9490 -1.8819
v -0.0009 1.0109 -1.8823
v 0.9697 1.5640 -1.8492
v -0.9826 1.8682 -1.8654
v 0.9416 2.0871 -1.8832
v 0.7969 2.4678 -1.9343
v -0.8006 2.4571 -1.8855
v 0.5740 2.7592 -1.9145
v 0.4217 2.8812 -1.8213
v -0.1216 2.9510 -1.9166
v 0.6366 0.0040 -1.8373
v -0.5661 0.0735 -1.9016
v 0.1484 0.6741 -1.8242
v -0.2095 0.7339 -1.8250
v -0.8342 0.6757 -1.8743
v -0.8256 0.8402 -1.8288
v -0.8595 0.8387 -1.8759
v -0.1426 0.9176 -1.8379
v -0.0814 0.9778 -1.8401
v -0.8702 1.0044 -1.8379
v -0.0562 1.1028 -1.8274
v -0.9392 1.0673 -1.8643
v 0.9379 1.1983 -1.8337
v -1.0121 1.2401 -1.8709
v -1.0013 1.3868 -1.8761
v 0.9450 1.3391 -1.8531
v -0.9413 1.3443 -1.8413
v -0.9669 1.5830 -1.8388
v 0.9879 1.5354 -1.8015
v -0.9848 1.6651 -1.8624
v 0.9911 1.9254 -1.7559
v -0.9363 2.0863 -1.9357
v 0.8753 2.2953 -1.9019
v -0.8829 2.2806 -1.8527
v -0.7169 2.6344 -1.8156
v 0.4458 2.8377 -1.9059
v -0.5150 0.1788 -1.8168
v 0.8167 0.4658 -1.7229
v -0.2561 0.4963 -1.8646
v -0.7683 0.5556 -1.8463
v 0.1049 0.7431 -1.8787
v 0.0913 1.0699 -1.8182
v -0.1793 0.8841 -1.7957
v 0.0719 0.9612 -1.8557
v 0.8941 0.8769 -1.8524
v -0.0866 0.9140 -1.7853
v -0.0116 1.1264 -1.8128
v 0.8992 1.1381 -1.7858
v -0.8648 1.0415 -1.8124
v -0.9151 1.3600 -1.8152
v 0.9242 1.3620 -1.7796
v 1.0099 1.7330 -1.8079
v -1.0151 1.7701 -1.8265
v -0.9457 2.0907 -1.7089
v 0.6702 2.6925 -1.8033
v -0.2970 2.9243 -1.8688
v -0.2175 2.9778 -1.7388
v 0.7616 0.1150 -1.7850
v 0.8177 0.2400 -1.7698
v -0.6611 0.1793 -1.8534
v -0.3897 0.3798 -1.7974
v -0.7746 0.7052 -1.7856
v -0.2509 0.6573 -1.7936
v -0.8626 0.9290 -1.7829
v 0.8947 0.9281 -1.7282
v -0.0219 1.1114 -1.7603
v 0.9705 1.3981 -1.7809
v -0.9517 1.5969 -1.7845
v -0.9810 1.9439 -1.7895
v 0.9272 2.1825 -1.7488
v 0.7208 2.6504 -1.7675
v -0.4863 2.8624 -1.7577
v -0.3703 2.9310 -1.7213
v 0.1937 2.9649 -1.8327
v -0.0815 2.9808 -1.8265
v 0.5154 0.0065 -1.7533
v 0.3826 0.0377 -1.7428
v -0.6901 0.5421 -1.7872
v 0.1978 0.5748 -1.7747
v -0.8203 0.8465 -1.7725
v -0.2301 0.8756 -1.7386
v -0.1311 0.9115 -1.7526
v -0.8570 1.0112 -1.7649
v 0.1140 0.9935 -1.7659
v -0.1443 0.9074 -1.7780
v 0.0805 1.0847 -1.7709
v -0.0402 1.0716 -1.7757
v -0.0864 1.0848 -1.7546
v 0.0050 1.1286 -1.7648
v -0.8845 1.3037 -1.7750
v -0.9198 1.3861 -1.7532
v -0.9486 1.3859 -1.7957
v 0.9605 1.3761 -1.6903
v -0.9555 1.5334 -1.7628
v 0.8713 2.3723 -1.7882
v -0.8082 2.4882 -1.7812
v 0.5641 0.0744 -1.6616
v 0.3226 0.1166 -1.6960
v 0.2502 0.1866 -1.7517
v 0.2281 0.2077 -1.7749
v -0.5355 0.4696 -1.7533
v 0.2221 0.5550 -1.7063
v -0.4427 0.4604 -1.7516
v -0.6084 0.4748 -1.7691
v 0.8659 0.7435 -1.7465
v -0.2557 0.7173 -1.7511
v -0.3607 0.6380 -1.7287
v -0.7733 0.8301 -1.6995
v 0.1346 0.7699 -1.7268
v -0.8796 1.1265 -1.7173
v -0.9094 1.1792 -1.6991
v 0.9484 1.3363 -1.6873
v 0.9630 1.6153 -1.6993
v 0.9537 2.0739 -1.7047
v -0.8947 2.3238 -1.7143
v 0.7968 2.5201 -1.8054
v -0.6961 2.6829 -1.7179
v 0.2831 2.9501 -1.7321
v 0.4298 0.0632 -1.6768
v 0.6888 0.0840 -1.7090
v 0.7515 0.2050 -1.6684
v 0.7868 0.5003 -1.6660
v -0.5656 0.6033 -1.7079
v -0.3310 0.8345 -1.6952
v 0.0838 0.9292 -1.6984
v 0.8985 1.0457 -1.6967
v 0.0931 0.9919 -1.7125
v 0.0098 0.9944 -1.7010
v -0.1122 1.0071 -1.6987
v -0.1871 0.9849 -1.7301
v 0.0549 1.0603 -1.6971
v 0.9269 1.1088 -1.7278
v -0.9278 1.3059 -1.6940
v -0.9821 1.6933 -1.7395
v 0.9769 1.9391 -1.6989
v 0.8618 2.4407 -1.7072
v 0.5374 2.8318 -1.7368
v 0.3711 2.9368 -1.6719
v 0.6504 0.1436 -1.6371
v 0.2722 0.1951 -1.6968
v 0.2564 0.5989 -1.6289
v -0.6803 0.6596 -1.7253
v 0.8466 0.7912 -1.6309
v -0.4165 0.6676 -1.6879
v 0.1352 0.8605 -1.6626
v -0.3674 0.7884 -1.6718
v -0.2776 0.9045 -1.6884
v -0.2442 0.9446 -1.6428
v -0.0312 1.0326 -1.6966
v -0.1516 1.0068 -1.7179
v 0.0776 1.0608 -1.7061
v -0.0376 1.0581 -1.6533
v 0.9203 1.2043 -1.6594
v 0.9795 1.8035 -1.6611
v 0.9215 2.1602 -1.6900
v -0.8946 2.3152 -1.6172
v -0.8178 2.5083 -1.6905
v 0.0580 2.9967 -1.7268
v 0.2987 0.2531 -1.6395
v -0.4561 0.7033 -1.6566
v -0.5166 0.6325 -1.6771
v -0.6007 0.7809 -1.6314
v -0.6606 0.7375 -1.6700
v 0.8616 0.9333 -1.6686
v 0.0564 1.0453 -1.6601
v -0.7279 1.0578 -1.6455
v -0.8026 1.0821 -1.6340
v 0.8810 0.9827 -1.6381
v -0.1889 1.0717 -1.6979
v -0.9141 1.4621 -1.6779
v 0.9452 1.6385 -1.6753
v 0.8960 1.3784 -1.6414
v -0.9157 1.4905 -1.6573
v -0.9373 1.6792 -1.6946
v 0.9655 1.9067 -1.6114
v -0.8476 2.4703 -1.6103
v 0.7677 2.6188 -1.6340
v -0.7623 2.6111 -1.6429
v 0.6203 2.7676 -1.6948
v -0.6347 2.7646 -1.6490
v -0.4807 2.8873 -1.6717
v 0.1731 2.9993 -1.6538
v 0.4896 0.2028 -1.5715
v 0.6629 0.1977 -1.6088
v 0.6996 0.2656 -1.6127
v 0.6913 0.4266 -1.5946
v 0.7730 0.5913 -1.6246
v 0.1753 0.7343 -1.6431
v 0.1692 0.8803 -1.6159
v -0.3337 0.8362 -1.6187
v -0.2908 0.8917 -1.6386
v -0.6350 0.8422 -1.6362
v -0.6646 0.9883 -1.6156
v -0.7112 0.9108 -1.6457
v 0.0842 0.9388 -1.6540
v -0.7887 0.9342 -1.6754
v 0.0049 1.0320 -1.6453
v -0.6939 1.1254 -1.6104
v -0.1346 1.0759 -1.6173
v -0.2461 0.9750 -1.6085
v -0.7476 1.0928 -1.6144
v -0.0572 1.1105 -1.6033
v -0.8608 1.2723 -1.6470
v 0.8559 1.3110 -1.6162
v -0.8591 1.4502 -1.6225
v 0.9179 1.5363 -1.6250
v -0.9549 1.8279 -1.6508
v 0.9592 1.7663 -1.6209
v -0.5623 2.8243 -1.6876
v 0.3526 2.9519 -1.5843
v 0.5678 0.1942 -1.5770
v 0.3924 0.1805 -1.5992
v 0.3179 0.4390 -1.6011
v 0.2797 0.7153 -1.5470
v -0.4192 0.8396 -1.5676
v -0.4776 0.8029 -1.6217
v -0.3337 0.8590 -1.5699
v -0.3846 0.8427 -1.6146
v -0.4725 0.9201 -1.5716
v -0.5396 0.8558 -1.5866
v 0.8775 0.9087 -1.6150
v 0.1699 0.9767 -1.5443
v 0.0871 0.9946 -1.5686
v 0.0435 1.1220 -1.6071
v -0.1093 1.0563 -1.5668
v -0.2211 1.0828 -1.6971
v -0.2176 1.1484 -1.5765
v 0.0058 1.1700 -1.5766
v -0.7978 1.2806 -1.5547
v 0.8456 1.1771 -1.5649
v -0.8529 1.5071 -1.5518
v 0.9038 1.5700 -1.6053
v 0.9016 2.3331 -1.5978
v 0.8328 2.5115 -1.5710
v 0.7806 2.6141 -1.4997
v 0.6621 2.7372 -1.6220
v 0.5012 2.8794 -1.6237
v -0.4523 2.9262 -1.5290
v 0.3073 0.5168 -1.6014
v 0.8153 0.8302 -1.5631
v 0.1947 0.7892 -1.6041
v -0.6099 0.9021 -1.5471
v -0.5444 1.0297 -1.5425
v 0.1165 0.9860 -1.6121
v -0.6279 1.0245 -1.5629
v -0.8175 1.1636 -1.6051
v -0.9216 1.5721 -1.5679
v 0.8865 1.6120 -1.5321
v -0.9520 1.7157 -1.5673
v 0.9127 1.7387 -1.5607
v 0.9215 2.2382 -1.5656
v 0.9084 2.3003 -1.4478
v -0.7120 2.7158 -1.4547
v 0.4777 0.4716 -1.5482
v 0.5757 0.5749 -1.5458
v 0.4250 0.6252 -1.5315
v 0.6599 0.6278 -1.5566
v 0.7087 0.7675 -1.5476
v 0.8099 0.8838 -1.5273
v -0.3829 0.9349 -1.5260
v -0.4689 1.0319 -1.5593
v -0.3799 1.0582 -1.5201
v -0.4305 1.0795 -1.5294
v -0.1590 1.0509 -1.5767
v 0.0402 1.0988 -1.5515
v -0.0581 1.1218 -1.5465
v -0.6197 1.1126 -1.5480
v 0.7898 1.1307 -1.5213
v -0.2614 1.1089 -1.5588
v -0.7285 1.3057 -1.5625
v -0.7740 1.2754 -1.5299
v 0.8666 1.3812 -1.5781
v -0.9411 1.8049 -1.5138
v 0.9331 1.7964 -1.5301
v 0.9288 2.0857 -1.5300
v -0.9220 2.1121 -1.5971
v -0.9022 2.3328 -1.4676
v -0.7864 2.5925 -1.5883
v -0.6236 2.7999 -1.5342
v 0.0238 3.0287 -1.5423
v -0.0852 3.0210 -1.6417
v 0.5573 0.6491 -1.5046
v 0.7272 0.8781 -1.5006
v 0.7803 0.9594 -1.5181
v 0.1791 1.0746 -1.4755
v 0.0217 1.1024 -1.4944
v -0.1307 1.1057 -1.5326
v -0.5231 1.1555 -1.4993
v -0.5944 1.0718 -1.5376
v -0.1351 1.1261 -1.4648
v -0.2185 1.2352 -1.5110
v -0.2999 1.1818 -1.5233
v -0.6988 1.3246 -1.5311
v 0.7865 1.3048 -1.4911
v -0.8776 1.5398 -1.5197
v 0.8554 2.4776 -1.4705
v -0.6227 2.8347 -1.4034
v 0.6863 2.7328 -1.5245
v 0.3731 2.9590 -1.4932
v -0.3477 2.9522 -1.5992
v -0.3744 2.9752 -1.4868
v -0.1772 3.0032 -1.6274
v 0.1379 3.0485 -1.4612
v 0.1350 3.0219 -1.6032
v 0.5132 0.7870 -1.4767
v 0.4814 0.7221 -1.5076
v 0.4412 0.7968 -1.4773
v 0.3342 0.8374 -1.4797
v 0.6596 0.9017 -1.4844
v 0.6527 0.7428 -1.4953
v 0.2641 0.8366 -1.5206
v 0.3964 0.8824 -1.4797
v 0.2291 0.8914 -1.4897
v 0.7156 0.9920 -1.4833
v -0.4327 1.1730 -1.4875
v -0.3416 1.1549 -1.4811
v -0.2535 1.1963 -1.4886
v 0.7026 1.2398 -1.4548
v -0.5530 1.2114 -1.5117
v 0.7282 1.1521 -1.5205
v 0.7361 1.3094 -1.4776
v -0.6954 1.3763 -1.4525
v 0.8174 1.6038 -1.4694
v -0.7686 1.4484 -1.4994
v -0.8913 1.5971 -1.4811
v 0.8210 1.6156 -1.5127
v 0.8738 1.7098 -1.4757
v 0.9260 1.8806 -1.5031
v -0.9449 1.8940 -1.5424
v -0.9225 2.2211 -1.4623
v 0.4731 2.9099 -1.5196
v -0.3256 2.9928 -1.4482
v 0.2310 3.0305 -1.4778
v -0.1660 3.0337 -1.4774
v -0.0617 3.0574 -1.4218
v 0.4822 0.8120 -1.4565
v 0.1455 1.0260 -1.4768
v 0.6460 0.9620 -1.4556
v -0.0782 1.1263 -1.4722
v 0.6531 1.1505 -1.4419
v -0.0230 1.1802 -1.4004
v -0.1713 1.1396 -1.4347
v -0.4121 1.1496 -1.4471
v -0.4602 1.1821 -1.4530
v -0.5313 1.2589 -1.4468
v -0.6066 1.2182 -1.4378
v -0.6084 1.2309 -1.4766
v 0.8251 1.4575 -1.4347
v -0.7591 1.4721 -1.4583
v 0.8615 1.6352 -1.4427
v -0.9179 1.9495 -1.4194
v 0.6636 2.7753 -1.4302
v -0.4782 2.9216 -1.4515
v 0.4086 0.8465 -1.4458
v 0.5397 0.8308 -1.4438
v 0.3996 0.9308 -1.4215
v 0.3614 0.9074 -1.4485
v 0.5483 0.9492 -1.4236
v 0.1673 1.0641 -1.4594
v 0.3969 1.0514 -1.4389
v 0.4515 1.1283 -1.4275
v 0.3116 1.0725 -1.4384
v 0.0906 1.0395 -1.4733
v -0.2811 1.2253 -1.4248
v 0.5339 1.1448 -1.3991
v 0.0625 1.1380 -1.4382
v -0.3683 1.1874 -1.4354
v 0.6070 1.0974 -1.4570
v -0.3348 1.2272 -1.3559
v -0.2987 1.2281 -1.4668
v -0.5530 1.2381 -1.3943
v -0.6510 1.3391 -1.4518
v 0.6139 1.3236 -1.3997
v 0.7919 1.3473 -1.4416
v -0.9014 1.6625 -1.4450
v 0.8838 1.7899 -1.3981
v 0.9270 2.1858 -1.3616
v 0.4886 2.9332 -1.3404
v 0.3568 2.9994 -1.3964
v 0.4778 0.9171 -1.4121
v 0.2415 1.0636 -1.4358
v 0.1801 1.0699 -1.3987
v 0.3521 1.1301 -1.4007
v -0.1211 1.1715 -1.4236
v -0.4828 1.2828 -1.3908
v 0.3992 1.2648 -1.4028
v 0.7493 1.3575 -1.4287
v 0.7890 1.4096 -1.3658
v -0.8362 1.5417 -1.3825
v -0.8631 1.6399 -1.3903
v -0.8566 1.5746 -1.4723
v 0.5341 2.8841 -1.4320
v 0.0692 3.0554 -1.4174
v 0.2305 1.1137 -1.3602
v 0.1613 1.1128 -1.3652
v 0.2671 1.1615 -1.3865
v 0.3151 1.1897 -1.3746
v -0.1437 1.1610 -1.3737
v 0.5456 1.1991 -1.3634
v 0.4633 1.2311 -1.3829
v -0.6102 1.2354 -1.3913
v -0.3790 1.2665 -1.3748
v -0.4772 1.2724 -1.3377
v 0.5955 1.2506 -1.3296
v 0.6686 1.3518 -1.3514
v 0.6514 1.4138 -1.3924
v -0.7750 1.4552 -1.3954
v 0.8794 1.7491 -1.3133
v -0.9215 2.0431 -1.3722
v -0.9167 2.2092 -1.4098
v 0.7908 2.6341 -1.3606
v -0.8117 2.5569 -1.4584
v -0.7834 2.6523 -1.3124
v -0.2143 1.1036 -1.3842
v 0.1246 1.1626 -1.3848
v 0.4937 1.1703 -1.3861
v 0.4316 1.1741 -1.3327
v 0.3426 1.1650 -1.3426
v -0.5297 1.2790 -1.3608
v -0.6289 1.3304 -1.3573
v -0.7004 1.4303 -1.3782
v 0.7268 1.4277 -1.3831
v 0.8147 1.5268 -1.3158
v -0.8243 1.6564 -1.3076
v -0.8790 1.6321 -1.3568
v -0.9163 1.7362 -1.3946
v -0.8738 2.4713 -1.3205
v -0.7521 2.7012 -1.2913
v 0.1995 3.0563 -1.3658
v -0.1915 3.0507 -1.4083
v 0.2267 1.0912 -1.2767
v 0.1149 1.1022 -1.3016
v 0.1609 1.1087 -1.2889
v -0.1445 1.1172 -1.3025
v -0.2176 1.1215 -1.3213
v 0.3211 1.1286 -1.2735
v 0.0003 1.1859 -1.3405
v -0.0740 1.1642 -1.3236
v 0.3939 1.2106 -1.3309
v 0.3652 1.1830 -1.2877
v -0.2909 1.2267 -1.3206
v -0.4510 1.2934 -1.3027
v -0.4370 1.2488 -1.3543
v 0.5445 1.2928 -1.3054
v 0.4972 1.2567 -1.3207
v 0.6557 1.2551 -1.3112
v -0.7653 1.5114 -1.3209
v -0.8917 1.7478 -1.3059
v 0.9402 2.1657 -1.3034
v 0.8981 2.3960 -1.3814
v -0.6057 2.8756 -1.2791
v -0.3535 3.0250 -1.2738
v -0.0182 1.1678 -1.3055
v -0.5260 1.2337 -1.3076
v 0.4661 1.2451 -1.2367
v -0.5609 1.2927 -1.3134
v 0.6256 1.2520 -1.3025
v -0.6167 1.3424 -1.3068
v -0.6922 1.3446 -1.2891
v -0.7055 1.3348 -1.3060
v 0.7434 1.4524 -1.2998
v -0.7289 1.4681 -1.2608
v 0.9230 2.0084 -1.3940
v -0.9044 2.3757 -1.3314
v -0.5058 2.9221 -1.3296
v 0.4249 2.9755 -1.3658
v -0.1212 3.0785 -1.2762
v 0.0463 1.1498 -1.2619
v -0.0763 1.1141 -1.2652
v -0.3012 1.1993 -1.2794
v -0.4779 1.2451 -1.2465
v 0.5695 1.2613 -1.2741
v -0.5287 1.2373 -1.2312
v 0.7127 1.4540 -1.2540
v -0.7851 1.5765 -1.2728
v 0.8729 1.6061 -1.1348
v -0.8890 1.6929 -1.2105
v 0.9043 1.7907 -1.2243
v -0.9122 1.7999 -1.3423
v 0.9513 1.9629 -1.2036
v 0.9131 2.3456 -1.2760
v 0.0452 3.0841 -1.2806
v 0.1296 1.1493 -1.2275
v -0.1367 1.1227 -1.2241
v 0.2564 1.1388 -1.2617
v 0.4072 1.1905 -1.2451
v -0.2502 1.1673 -1.2127
v -0.4638 1.1948 -1.2094
v -0.3049 1.2336 -1.1916
v 0.5036 1.3138 -1.1893
v -0.6456 1.3306 -1.2325
v -0.6259 1.3098 -1.2109
v 0.6444 1.3261 -1.2640
v -0.7564 1.4630 -1.2180
v 0.8426 1.6118 -1.2089
v -0.9334 2.2519 -1.3133
v 0.7591 2.7128 -1.2556
v 0.5387 2.9175 -1.2477
v 0.2478 3.0562 -1.2821
v 0.1195 1.1552 -1.1783
v 0.0157 1.1412 -1.2065
v 0.4039 1.1927 -1.1550
v -0.3731 1.1769 -1.2090
v 0.6562 1.3509 -1.1771
v 0.6087 1.3511 -1.1937
v -0.6905 1.4299 -1.2162
v 0.7453 1.4418 -1.2182
v 0.7903 1.4633 -1.2592
v 0.8396 1.5971 -1.1440
v -0.8454 1.5764 -1.2127
v -0.9321 1.8318 -1.2278
v -0.8105 2.6361 -1.2232
v 0.8529 2.5550 -1.1928
v 0.8258 2.6128 -1.2652
v 0.6148 2.8650 -1.2496
v 0.3669 3.0260 -1.2142
v 0.0176 3.1082 -1.1551
v -0.1522 3.0888 -1.1707
v 0.1735 1.1114 -1.1721
v -0.0738 1.1240 -1.1917
v -0.2156 1.1341 -1.1609
v 0.0135 1.1214 -1.1363
v 0.3207 1.1943 -1.2096
v 0.2883 1.1389 -1.1275
v -0.5722 1.3081 -1.1456
v -0.6562 1.4139 -1.1452
v 0.7087 1.4429 -1.1438
v 0.9294 1.7916 -1.1418
v -0.9266 2.3488 -1.2167
v -0.6516 2.8535 -1.1094
v -0.5669 2.9173 -1.1782
v -0.2444 3.0641 -1.2444
v -0.0431 1.1052 -1.1800
v -0.1609 1.1182 -1.1650
v -0.1380 1.1219 -1.1159
v 0.2391 1.1665 -1.1625
v -0.4002 1.1697 -1.1564
v -0.5116 1.2124 -1.1558
v 0.4670 1.2577 -1.1435
v 0.5818 1.2788 -1.1352
v 0.6048 1.3512 -1.1658
v 0.6621 1.3976 -1.1367
v -0.7245 1.4732 -1.1472
v 0.7943 1.5694 -1.1387
v -0.8317 1.5659 -1.1536
v -0.9396 1.9109 -1.0837
v 0.9503 1.9245 -1.0955
v -0.9258 2.3774 -1.1542
v -0.5139 2.9530 -1.0761
v 0.2608 3.0840 -1.0927
v 0.1720 3.0844 -1.1814
v 0.0914 1.1767 -1.1391
v 0.0155 1.1410 -1.0825
v 0.1746 1.1712 -1.1204
v -0.3630 1.1754 -1.1133
v 0.4197 1.1832 -1.0857
v 0.6819 1.4319 -1.0948
v -0.7679 1.4794 -1.1274
v -0.9331 1.8552 -1.1499
v -0.9550 2.0880 -1.2073
v 0.8934 2.4817 -1.0946
v 0.7904 2.6856 -1.1489
v 0.6303 2.8747 -1.1307
v 0.4963 2.9861 -1.0762
v 0.3092 1.1102 -1.0732
v -0.0781 1.0954 -1.0863
v -0.2934 1.1569 -1.0960
v -0.4721 1.2084 -1.0819
v -0.5875 1.3584 -1.0986
v -0.7832 1.5335 -1.0933
v 0.7908 1.6093 -1.0901
v -0.8697 1.5853 -1.1074
v 0.8881 1.6463 -1.0642
v -0.9555 2.2556 -1.0910
v -0.8501 2.5981 -0.9877
v 0.7373 2.7686 -1.0891
v -0.0657 1.1094 -1.0554
v 0.0752 1.1440 -1.0744
v 0.4304 1.1891 -1.0486
v 0.3656 1.1590 -1.0593
v -0.5327 1.2796 -1.0697
v 0.5719 1.2616 -1.0566
v 0.5117 1.2386 -1.0950
v 0.6519 1.3320 -1.0802
v -0.6985 1.3959 -1.0873
v 0.7399 1.4971 -1.0628
v 0.8293 1.5922 -1.0549
v -0.8551 1.6033 -1.0482
v -0.8989 1.6467 -1.0630
v 0.9292 1.7878 -1.0541
v -0.9435 1.7688 -1.0402
v -0.9671 2.0371 -1.0328
v 0.9586 2.1341 -1.0832
v 0.9423 2.3184 -1.1029
v -0.9535 2.3040 -0.9423
v -0.8105 2.6779 -1.1078
v 0.4463 2.9899 -1.1406
v 0.3213 3.0655 -1.0542
v -0.0970 3.1134 -1.0580
v 0.0229 3.1194 -1.0347
v 0.2709 1.1130 -1.0198
v 0.1576 1.1072 -1.0126
v 0.0774 1.0826 -0.9934
v 0.2220 1.1765 -1.0529
v 0.1156 1.1684 -1.0535
v -0.3164 1.1697 -1.0020
v -0.3666 1.1778 -0.9926
v -0.3499 1.1608 -1.0657
v 0.4850 1.2551 -1.0019
v 0.5468 1.2838 -1.0714
v -0.5755 1.2910 -1.0159
v 0.6188 1.3475 -1.0231
v 0.7282 1.4653 -1.0441
v 0.8656 1.7197 -1.0061
v 0.9176 1.8723 -0.9786
v -0.6499 2.8751 -0.9983
v -0.4027 3.0193 -1.1141
v -0.1898 1.1569 -1.0054
v 0.3534 1.1783 -0.9817
v 0.4013 1.1924 -0.9966
v 0.5244 1.2974 -0.9741
v -0.4866 1.2706 -1.0188
v -0.6926 1.4750 -0.9873
v 0.7043 1.4734 -0.9909
v -0.7582 1.4700 -1.0208
v 0.7345 1.4623 -0.9912
v 0.7905 1.5692 -1.0447
v -0.7963 1.4494 -0.9774
v 0.9407 2.3845 -0.9800
v -0.9164 2.4559 -1.0888
v 0.7879 2.7052 -1.0179
v 0.6229 2.9037 -0.9915
v -0.4984 2.9909 -0.9540
v 0.3048 3.0911 -0.9929
v 0.1712 3.1221 -0.9949
v 0.2351 1.1001 -0.9950
v 0.0620 1.0856 -0.9673
v -0.0653 1.0927 -0.9890
v 0.1770 1.1168 -0.9756
v 0.3139 1.1389 -0.9652
v -0.2978 1.1324 -0.9601
v -0.3877 1.1600 -1.0012
v -0.4680 1.2334 -0.9639
v -0.6078 1.2710 -0.9720
v 0.5660 1.3028 -0.9489
v -0.6323 1.3351 -1.0211
v 0.8097 1.6085 -0.9932
v -0.8905 1.6843 -0.9570
v -0.9547 1.8155 -0.9787
v -0.7328 2.7888 -0.9925
v -0.1249 1.1167 -1.0291
v 0.3436 1.1677 -0.9212
v -0.5286 1.3048 -0.9657
v 0.6384 1.3617 -0.9579
v -0.8093 1.5207 -0.9411
v 0.9595 2.1130 -0.9672
v 0.9633 2.2513 -0.8724
v 0.8890 2.5428 -0.9719
v -0.2507 3.0846 -1.0364
v 0.0625 1.1418 -0.8963
v -0.2564 1.1182 -0.9067
v 0.1200 1.1556 -0.9125
v -0.4486 1.2141 -0.9010
v 0.5268 1.2255 -0.9110
v -0.4701 1.2698 -0.9152
v -0.5606 1.3059 -0.9202
v -0.6534 1.3369 -0.9138
v 0.6750 1.3829 -0.8839
v -0.7495 1.4449 -0.9383
v 0.7886 1.4988 -0.9137
v -0.8390 1.5729 -0.9138
v 0.8783 1.6305 -0.9207
v 0.9269 1.7231 -0.9157
v 0.9544 1.8339 -0.9020
v -0.9756 2.1112 -0.9034
v 0.4949 3.0056 -0.9245
v -0.5289 2.9953 -0.8656
v -0.3767 3.0703 -0.9320
v -0.0596 1.0911 -0.9153
v -0.1548 1.1224 -0.9070
v 0.1612 1.1578 -0.9051
v 0.3155 1.1858 -0.9088
v -0.3899 1.1680 -0.8737
v 0.4151 1.1753 -0.8829
v -0.5130 1.2480 -0.9043
v 0.6061 1.3655 -0.9043
v -0.7087 1.3745 -0.8943
v 0.7258 1.4561 -0.8953
v -0.7770 1.5195 -0.9187
v 0.8727 1.5704 -0.8800
v 0.9725 1.9883 -0.8968
v -0.9588 2.2452 -0.8317
v 0.8888 2.5159 -0.8970
v -0.6824 2.8709 -0.8417
v 0.3367 3.1060 -0.8444
v -0.3257 3.0996 -0.8635
v -0.1775 3.1157 -0.9788
v -0.0633 3.1431 -0.9417
v 0.0086 1.0884 -0.8686
v -0.1403 1.1151 -0.8300
v 0.2519 1.1832 -0.9142
v 0.5126 1.2098 -0.8639
v -0.4410 1.2197 -0.8377
v 0.5622 1.2450 -0.8200
v 0.6368 1.3432 -0.8381
v -0.6945 1.3212 -0.8853
v -0.7858 1.4863 -0.8829
v 0.8111 1.5441 -0.8919
v -0.8622 1.6526 -0.8332
v 0.9234 1.7940 -0.8348
v -0.9110 1.8219 -0.8805
v -0.9290 1.8540 -0.9119
v -0.8353 2.6447 -0.8866
v 0.6930 2.8397 -0.9265
v -0.6162 2.9069 -0.9018
v 0.6394 2.9023 -0.8476
v 0.1093 3.1450 -0.9001
v 0.0853 1.0876 -0.8392
v -0.2147 1.1458 -0.8700
v -0.2694 1.1071 -0.8318
v 0.3162 1.1506 -0.8138
v 0.3716 1.1675 -0.8405
v 0.2247 1.1877 -0.8379
v -0.5729 1.3423 -0.8822
v -0.7601 1.4517 -0.8151
v 0.8064 1.5327 -0.8353
v 0.8241 1.6106 -0.7959
v -0.9452 1.8698 -0.8577
v 0.9324 2.4097 -0.8029
v 0.4351 3.0531 -0.8399
v -0.0344 3.1751 -0.8372
v 0.1274 1.1361 -0.8107
v 0.0705 1.1061 -0.7686
v -0.0611 1.0988 -0.8291
v 0.1826 1.1865 -0.7774
v 0.6202 1.2594 -0.7880
v -0.5553 1.2909 -0.8271
v -0.6584 1.3554 -0.8230
v 0.7013 1.3653 -0.7924
v -0.6945 1.3535 -0.8131
v 0.7325 1.4021 -0.8297
v 0.9290 1.8390 -0.7486
v -0.9376 2.3825 -0.8368
v -0.8555 2.6051 -0.8191
v 0.8075 2.6933 -0.9086
v -0.3163 3.1304 -0.8103
v 0.0299 3.2098 -0.7120
v -0.1086 1.0845 -0.7704
v 0.0184 1.0979 -0.8285
v -0.3678 1.1843 -0.8296
v 0.3723 1.1707 -0.7750
v 0.5684 1.2633 -0.7425
v -0.6108 1.2816 -0.7892
v -0.7500 1.4400 -0.7549
v -0.8580 1.6514 -0.7545
v -0.9290 1.8501 -0.7676
v 0.9448 1.9147 -0.7464
v 0.9715 2.1736 -0.7651
v 0.8820 2.5694 -0.7735
v -0.7796 2.7414 -0.8396
v 0.6738 2.8967 -0.7851
v -0.6190 2.9487 -0.7774
v 0.4471 3.0756 -0.7766
v -0.3836 3.1283 -0.7063
v 0.1869 3.1805 -0.7781
v -0.0457 1.1236 -0.7547
v -0.2031 1.1174 -0.7872
v 0.2928 1.1533 -0.7422
v -0.2410 1.1352 -0.7474
v 0.4012 1.1612 -0.7429
v 0.4650 1.2362 -0.7749
v -0.4743 1.2119 -0.8144
v 0.4894 1.2913 -0.7463
v -0.4636 1.2382 -0.7530
v -0.5680 1.2825 -0.7549
v 0.6237 1.3233 -0.7191
v -0.6335 1.3219 -0.7644
v -0.7753 1.4920 -0.7792
v 0.8057 1.5202 -0.6932
v -0.8207 1.5128 -0.7855
v 0.8102 1.5463 -0.7606
v 0.9199 2.4655 -0.6851
v -0.7594 2.7750 -0.7745
v 0.1207 3.1986 -0.7249
v -0.1961 3.1761 -0.7966
v -0.1195 3.1990 -0.7508
v 0.1300 1.0834 -0.7232
v -0.1403 1.1352 -0.7253
v 0.2452 1.1347 -0.6969
v -0.2904 1.1700 -0.7611
v -0.3817 1.1804 -0.7405
v 0.6543 1.3750 -0.7461
v 0.8824 1.6933 -0.7682
v 0.9552 2.1112 -0.6618
v -0.9067 2.4926 -0.7944
v 0.8033 2.7420 -0.6743
v 0.7875 2.7544 -0.7946
v 0.5558 3.0214 -0.7272
v -0.5111 3.0424 -0.7607
v 0.0041 1.1060 -0.7284
v 0.1939 1.1456 -0.7466
v -0.2212 1.1887 -0.6891
v 0.4135 1.1797 -0.6815
v -0.4087 1.2402 -0.6850
v -0.5245 1.2602 -0.7030
v -0.5859 1.3628 -0.6941
v 0.7084 1.4158 -0.6681
v -0.6824 1.3943 -0.7342
v 0.7258 1.4675 -0.6691
v -0.7557 1.5125 -0.6952
v -0.9525 1.9328 -0.7152
v 0.9241 1.8875 -0.6039
v 0.9557 2.1936 -0.6903
v 0.6890 2.8867 -0.6939
v -0.6765 2.9103 -0.6776
v -0.5845 3.0220 -0.6370
v -0.0960 3.2323 -0.6475
v 0.0184 1.1407 -0.6720
v 0.2210 1.1600 -0.6328
v 0.3245 1.1561 -0.6616
v -0.3369 1.1522 -0.6106
v 0.4906 1.2241 -0.6321
v -0.4319 1.2071 -0.6579
v -0.4832 1.2225 -0.6873
v 0.5299 1.3129 -0.6676
v 0.6274 1.3460 -0.6584
v -0.7176 1.4433 -0.6653
v -0.7722 1.4991 -0.6141
v -0.7810 1.5756 -0.6684
v 0.8706 1.6253 -0.6646
v 0.9121 1.6770 -0.6925
v 0.9414 1.8899 -0.6781
v -0.9210 2.4602 -0.6818
v 0.8821 2.5835 -0.6827
v 0.1623 1.1325 -0.6779
v -0.0722 1.1187 -0.6911
v 0.3907 1.1908 -0.6591
v -0.3176 1.2194 -0.6882
v -0.5590 1.2854 -0.6540
v -0.6144 1.3797 -0.6633
v -0.6868 1.3486 -0.6017
v -0.8398 1.6444 -0.6639
v 0.8664 1.7530 -0.6065
v -0.8927 1.6678 -0.6888
v -0.9595 2.2054 -0.6947
v 0.9372 2.3595 -0.5928
v 0.4860 3.1051 -0.6135
v 0.1585 3.2367 -0.6093
v 0.0337 3.2610 -0.5825
v -0.0815 1.0937 -0.6081
v -0.1408 1.1388 -0.6817
v 0.1540 1.1574 -0.5792
v 0.0847 1.0855 -0.6579
v 0.3639 1.1591 -0.6033
v 0.2997 1.2175 -0.6084
v 0.5276 1.2305 -0.6036
v 0.5615 1.2531 -0.6162
v -0.5388 1.2907 -0.5770
v -0.6361 1.3478 -0.5648
v 0.7172 1.4598 -0.6014
v 0.7489 1.5264 -0.5764
v 0.7994 1.6011 -0.6017
v -0.8701 1.7164 -0.6153
v -0.9205 2.4246 -0.6042
v -0.8441 2.7084 -0.5369
v 0.7590 2.8306 -0.6123
v 0.8417 2.7064 -0.5618
v -0.7619 2.8122 -0.6365
v 0.6837 2.9495 -0.5815
v -0.3444 3.1756 -0.6254
v -0.1993 1.0978 -0.5779
v 0.0976 1.1450 -0.5917
v -0.0191 1.1685 -0.5775
v -0.2344 1.1429 -0.6388
v 0.4037 1.1638 -0.5700
v 0.1823 1.1809 -0.5679
v 0.4972 1.2311 -0.5610
v 0.6434 1.3473 -0.5802
v -0.7350 1.4376 -0.5895
v -0.6449 2.9785 -0.5848
v 0.5812 3.0189 -0.6339
v -0.2598 3.2107 -0.5970
v -0.1274 3.2489 -0.6001
v -0.1081 1.1117 -0.5600
v -0.0855 1.1373 -0.5161
v -0.3007 1.1454 -0.5669
v -0.4782 1.2121 -0.5753
v -0.3840 1.2369 -0.6351
v -0.4517 1.2121 -0.5886
v 0.5751 1.3335 -0.5541
v 0.7021 1.4183 -0.5565
v -0.7824 1.4700 -0.5693
v 0.8517 1.7080 -0.5515
v -0.9137 1.8410 -0.5725
v -0.9483 2.2226 -0.5903
v -0.8644 2.6246 -0.6741
v 0.2801 3.1963 -0.6231
v -0.1527 3.2705 -0.5049
v 0.1302 3.2765 -0.5025
v -0.2235 1.1480 -0.5248
v 0.0513 1.1593 -0.5756
v 0.3344 1.2002 -0.5439
v 0.1360 1.1916 -0.5125
v 0.4654 1.2782 -0.5266
v 0.5409 1.3120 -0.4931
v 0.6507 1.4175 -0.5223
v 0.7239 1.4548 -0.5218
v 0.8094 1.5894 -0.5202
v -0.9385 2.1402 -0.4970
v 0.8791 2.6100 -0.4781
v -0.4708 3.1252 -0.6061
v -0.1638 1.1655 -0.5202
v -0.0040 1.1675 -0.4642
v -0.1696 1.2014 -0.4858
v -0.2801 1.1526 -0.5132
v -0.4252 1.2120 -0.4980
v -0.3856 1.2408 -0.5245
v 0.7060 1.4185 -0.4854
v 0.7629 1.5500 -0.4823
v -0.8385 1.6726 -0.5154
v -0.8293 1.7034 -0.4509
v -0.9407 1.9608 -0.6110
v 0.9142 1.9510 -0.4866
v -0.8977 2.5655 -0.4398
v 0.8211 2.7843 -0.4503
v -0.7865 2.8527 -0.4710
v -0.5499 3.0869 -0.5282
v 0.3801 3.1798 -0.5685
v -0.4349 3.1631 -0.5137
v 0.0040 3.2762 -0.4904
v 0.0803 1.1563 -0.4494
v -0.3679 1.2084 -0.4561
v -0.4893 1.2506 -0.4942
v 0.3581 1.2431 -0.5223
v -0.5481 1.3181 -0.5137
v 0.6109 1.3629 -0.4358
v 0.6546 1.4137 -0.4426
v -0.7115 1.4920 -0.5186
v -0.8668 1.7039 -0.4790
v -0.9012 1.8532 -0.5147
v 0.9008 1.8963 -0.4231
v 0.9343 2.2811 -0.4999
v 0.7228 2.9373 -0.5048
v 0.5134 3.1217 -0.5231
v 0.2949 3.2675 -0.4144
v -0.2723 3.2571 -0.4531
v -0.1358 1.1618 -0.4412
v 0.2139 1.1744 -0.4334
v 0.2382 1.2360 -0.4887
v 0.4058 1.2346 -0.4514
v 0.3494 1.2606 -0.4489
v 0.3133 1.2047 -0.4817
v -0.6281 1.4017 -0.5210
v -0.7756 1.5636 -0.4691
v 0.8102 1.5582 -0.4387
v -0.8861 1.8244 -0.4436
v 0.8617 1.7664 -0.4284
v 0.8381 2.7949 -0.2928
v -0.6882 2.9802 -0.4485
v -0.3356 3.2576 -0.3606
v -0.2116 1.2162 -0.4448
v -0.2602 1.2143 -0.4296
v -0.4785 1.2411 -0.3951
v 0.5684 1.3209 -0.4034
v 0.6542 1.3996 -0.3893
v 0.7699 1.5253 -0.3899
v 0.8750 1.8052 -0.3853
v 0.9339 2.3457 -0.3637
v 0.9235 2.4458 -0.4016
v 0.7681 2.9209 -0.3320
v -0.6408 3.0586 -0.3946
v 0.2088 3.3046 -0.3758
v 0.0945 1.1567 -0.3968
v 0.2121 1.1663 -0.3637
v 0.2890 1.2448 -0.4340
v -0.3041 1.2653 -0.4011
v 0.3996 1.2551 -0.3864
v -0.5461 1.2958 -0.4141
v 0.6225 1.4221 -0.3579
v -0.6480 1.4496 -0.4387
v 0.7160 1.4836 -0.4240
v -0.7223 1.5230 -0.4423
v -0.7495 1.5574 -0.3963
v 0.8100 1.6077 -0.3571
v 0.9355 2.1320 -0.3860
v -0.7237 2.9448 -0.4123
v -0.5841 3.0949 -0.4437
v 0.5059 3.1629 -0.3697
v -0.3927 3.2200 -0.4166
v -0.1995 3.2998 -0.3990
v 0.0288 3.3148 -0.4026
v 0.0059 1.1490 -0.3715
v -0.0634 1.1569 -0.3535
v 0.1106 1.1853 -0.3557
v -0.0853 1.1379 -0.4030
v -0.1587 1.1876 -0.3546
v -0.2053 1.2164 -0.3713
v -0.2949 1.2769 -0.3659
v 0.4534 1.2864 -0.3534
v 0.4914 1.2894 -0.3781
v -0.3883 1.3054 -0.3924
v -0.4327 1.3170 -0.3550
v -0.5176 1.2894 -0.3567
v -0.6073 1.4170 -0.3035
v -0.6191 1.3692 -0.3857
v 0.6469 1.4651 -0.3405
v 0.7365 1.5913 -0.2661
v -0.8873 1.8310 -0.3856
v 0.9092 2.0383 -0.3520
v -0.9326 2.3817 -0.4753
v -0.8719 2.6853 -0.3917
v 0.6374 3.0624 -0.3580
v 0.4076 3.2379 -0.3697
v -0.0611 1.1514 -0.2932
v 0.3344 1.2486 -0.3460
v 0.3112 1.2643 -0.3062
v -0.2201 1.2572 -0.3515
v -0.3359 1.2539 -0.3936
v 0.5094 1.3272 -0.3326
v 0.5851 1.3680 -0.2980
v -0.6551 1.4482 -0.3444
v -0.7154 1.5313 -0.3516
v 0.7724 1.6475 -0.3153
v 0.8053 1.7249 -0.3048
v -0.8615 1.7621 -0.3525
v -0.9012 1.9656 -0.3654
v -0.9264 2.1651 -0.4061
v 0.0585 1.1550 -0.2799
v 0.3273 1.1936 -0.2740
v 0.3955 1.2075 -0.3380
v 0.2644 1.2139 -0.2889
v -0.4671 1.2978 -0.3262
v -0.5302 1.3777 -0.3188
v -0.6975 1.4195 -0.2930
v 0.6963 1.4710 -0.2634
v -0.7677 1.5816 -0.2911
v -0.7984 1.6775 -0.3476
v 0.8912 1.9860 -0.2826
v -0.8977 2.6113 -0.2728
v -0.6004 3.1255 -0.3034
v -0.4803 3.2023 -0.3219
v 0.4014 3.2592 -0.2867
v -0.3953 3.2536 -0.2538
v -0.2513 3.3127 -0.2649
v -0.1060 3.3224 -0.2969
v 0.1727 1.1774 -0.3018
v -0.1382 1.2157 -0.2863
v 0.4403 1.2241 -0.2599
v 0.5668 1.3235 -0.2847
v -0.3716 1.2780 -0.2962
v 0.5450 1.3485 -0.2736
v 0.6477 1.3617 -0.2537
v -0.5962 1.3539 -0.2315
v -0.6370 1.4509 -0.2900
v -0.7491 1.4990 -0.2659
v 0.8581 1.8489 -0.2758
v 0.9093 2.5909 -0.2906
v 0.7947 2.8987 -0.2654
v -0.7420 2.9637 -0.2584
v 0.6093 3.1156 -0.2876
v 0.3054 3.2759 -0.2939
v 0.2018 3.3216 -0.2933
v 0.1451 1.1558 -0.2321
v -0.0942 1.1935 -0.2539
v 0.4776 1.2257 -0.2577
v 0.3666 1.1985 -0.2331
v -0.2091 1.2805 -0.2966
v -0.3050 1.2704 -0.2827
v -0.3050 1.2749 -0.2675
v -0.3848 1.3033 -0.2698
v 0.5219 1.3379 -0.2659
v -0.4790 1.3037 -0.2106
v -0.5178 1.3703 -0.2684
v -0.6727 1.4201 -0.2384
v -0.7754 1.6570 -0.2620
v 0.8069 1.6637 -0.2498
v 0.8727 1.8584 -0.1944
v -0.9220 2.2319 -0.2597
v -0.7291 3.0131 -0.1533
v -0.6608 3.0718 -0.2182
v -0.6432 3.0807 -0.3048
v 0.1780 1.1119 -0.2037
v 0.5663 1.1432 -0.2164
v 0.3137 1.1509 -0.2147
v 0.0928 1.1447 -0.1986
v 0.4335 1.2188 -0.2304
v 0.2693 1.2012 -0.2129
v -0.0064 1.2002 -0.2091
v 0.6128 1.3259 -0.2163
v -0.1764 1.2162 -0.2409
v -0.3427 1.2154 -0.2386
v -0.4261 1.2929 -0.2688
v 0.7321 1.4226 -0.1917
v -0.7628 1.5385 -0.2051
v -0.8472 1.7817 -0.2203
v -0.9284 2.4096 -0.2777
v 0.9217 2.3440 -0.2244
v 0.8842 2.6509 -0.2012
v -0.8349 2.8011 -0.2715
v -0.7837 2.8996 -0.2860
v -0.5086 3.2050 -0.2448
v 0.3879 3.2656 -0.1960
v 0.0939 3.3546 -0.2364
v 0.5757 0.8753 -0.2239
v 0.6540 0.8431 -0.1526
v 0.5437 0.9957 -0.1996
v 0.5655 1.0091 -0.2158
v 0.5334 1.0892 -0.2108
v 0.4907 1.1014 -0.1866
v 0.2516 1.1429 -0.1977
v 0.2267 1.1303 -0.2249
v -0.3858 1.1615 -0.1951
v -0.2708 1.1962 -0.2006
v 0.4151 1.1660 -0.1665
v -0.4288 1.2432 -0.2028
v 0.6142 1.2995 -0.1792
v -0.6346 1.3537 -0.2097
v 0.6846 1.3419 -0.1752
v -0.7783 1.4350 -0.1738
v -0.7154 1.5441 -0.1895
v 0.8268 1.5568 -0.1874
v -0.8058 1.7045 -0.2670
v 0.8738 1.7907 -0.1264
v 0.7401 2.9936 -0.2035
v -0.3870 3.2805 -0.1801
v 0.6056 0.2855 -0.1679
v 0.6268 0.5058 -0.1550
v 0.4739 0.4772 -0.1615
v 0.5334 0.6580 -0.1619
v 0.5726 0.6987 -0.1758
v 0.4186 0.7415 -0.1793
v 0.3701 0.8128 -0.1619
v 0.7073 0.8798 -0.1729
v 0.4768 0.8218 -0.1669
v 0.3616 0.9673 -0.1529
v 0.6510 1.0626 -0.1435
v 0.4082 0.9537 -0.1591
v 0.6143 0.9726 -0.1857
v 0.5646 1.0668 -0.1556
v 0.2316 1.1455 -0.1311
v 0.3046 1.1685 -0.1831
v -0.2134 1.1592 -0.1942
v -0.3447 1.1287 -0.1020
v 0.5688 1.1720 -0.1707
v 0.3488 1.2185 -0.1822
v -0.1527 1.1697 -0.1860
v 0.6460 1.1951 -0.1615
v 0.4279 1.2349 -0.1863
v -0.0059 1.2196 -0.1331
v -0.5249 1.3271 -0.1999
v -0.5157 1.3143 -0.1119
v 0.7307 1.3384 -0.1569
v 0.7901 1.4279 -0.1726
v -0.8160 1.5486 -0.1863
v -0.8766 1.7547 -0.1848
v -0.8860 2.0028 -0.2037
v -0.9142 2.4737 -0.1686
v 0.9139 2.5305 -0.0951
v -0.5801 3.1675 -0.1397
v 0.5228 3.1853 -0.2673
v 0.4934 3.2314 -0.1336
v -0.1837 3.3476 -0.1811
v 0.5947 0.1243 -0.1259
v 0.5269 0.2316 -0.1745
v 0.4322 0.1533 -0.1316
v 0.4109 0.2713 -0.1632
v 0.6744 0.2764 -0.1433
v 0.4178 0.6075 -0.1526
v 0.4024 0.6988 -0.1306
v 0.6525 0.7647 -0.1604
v 0.7185 0.7726 -0.1103
v 0.7032 1.0955 -0.1282
v 0.3986 1.0645 -0.1379
v 0.3328 1.1598 -0.1589
v -0.3884 1.0691 -0.1333
v 0.2733 1.1057 -0.1156
v -0.1667 1.2081 -0.1315
v -0.4631 1.1693 -0.1119
v 0.6621 1.1792 -0.1364
v -0.0833 1.1848 -0.1233
v -0.5600 1.2611 -0.1405
v -0.6056 1.2723 -0.1824
v 0.7355 1.2726 -0.1365
v -0.6512 1.4173 -0.1495
v 0.8115 1.4265 -0.1276
v 0.8510 1.6552 -0.1487
v 0.8063 1.6326 -0.1157
v 0.8921 1.6807 -0.0902
v 0.9021 1.9562 -0.1457
v -0.9063 2.2625 -0.1689
v 0.8782 2.7320 -0.1119
v 0.8055 2.8960 -0.1270
v 0.7257 3.0240 -0.0986
v 0.6165 3.1256 -0.1707
v 0.2775 3.3213 -0.1967
v 0.2984 0.2638 -0.0968
v 0.7227 0.5844 -0.0837
v 0.3048 0.4835 -0.0902
v 0.3667 0.6522 -0.1289
v 0.3371 0.7481 -0.1196
v 0.3797 0.8153 -0.1328
v 0.3344 0.8953 -0.0924
v 0.7327 0.9262 -0.1042
v 0.7227 1.2346 -0.1135
v -0.2194 1.1429 -0.0552
v -0.2479 1.1552 -0.1311
v 0.1485 1.1791 -0.0971
v 0.1217 1.1532 -0.1204
v 0.0599 1.1606 -0.1514
v -0.2488 1.1816 -0.0969
v 0.1748 1.1386 -0.1544
v 0.0912 1.2161 -0.0993
v -0.5495 1.2153 -0.0735
v -0.6414 1.3072 -0.0937
v -0.7320 1.4533 -0.1405
v 0.7935 1.4089 -0.0999
v -0.8353 1.6390 -0.1003
v -0.8857 1.7706 -0.1170
v 0.9105 2.2370 -0.0828
v -0.8949 2.1938 -0.0307
v -0.9018 2.5807 -0.1877
v 0.5863 3.1783 -0.0897
v -0.3922 3.2831 -0.0864
v 0.3311 3.3160 -0.0670
v 0.6919 0.1385 -0.0698
v 0.3078 0.1815 -0.0726
v 0.7662 0.4868 -0.0473
v 0.2407 0.8158 -0.0627
v 0.7921 0.8888 -0.1081
v 0.3016 1.0579 -0.0876
v -0.3963 1.1006 -0.1032
v -0.4847 1.1079 -0.0743
v 0.2603 1.1582 -0.1044
v -0.2936 1.1091 -0.0607
v 0.0778 1.1986 -0.0579
v -0.1651 1.1823 -0.0553
v -0.6990 1.1683 -0.0919
v 0.2094 1.2460 -0.0973
v -0.1220 1.1597 -0.0514
v 0.1739 1.2435 -0.0915
v -0.6120 1.1810 -0.0576
v -0.6151 1.3013 -0.1191
v 0.8060 1.3635 -0.0716
v -0.8228 1.5559 -0.1145
v -0.7843 1.4529 -0.1010
v 0.8520 1.5752 -0.0638
v 0.8712 1.6436 -0.0986
v -0.9077 1.9381 -0.1019
v 0.8739 2.7167 -0.0116
v -0.0191 3.3677 -0.1640
v 0.5256 0.0419 -0.0519
v 0.7787 0.2569 -0.0442
v 0.2805 0.6271 -0.0733
v 0.8077 0.7186 -0.0524
v 0.8234 0.7722 -0.0277
v -0.5744 0.8684 -0.0616
v 0.1887 0.9791 -0.0460
v -0.4754 0.8797 -0.0705
v 0.2634 0.9650 -0.0712
v -0.4127 1.0414 -0.0587
v -0.3467 1.0299 -0.0488
v 0.1688 1.1372 -0.0605
v 0.7961 1.0480 -0.0508
v 0.7304 1.0987 -0.0740
v -0.6686 1.1520 -0.0552
v -0.5684 1.0253 -0.0604
v 0.2146 1.1640 -0.0522
v -0.7031 1.2143 -0.0686
v -0.7279 1.2068 -0.0484
v 0.0168 1.2203 -0.0495
v -0.6900 1.2907 -0.0306
v -0.7184 1.3323 -0.1104
v 0.8514 1.2915 -0.0324
v -0.8077 1.4967 -0.0513
v -0.8686 1.6179 -0.0460
v 0.9113 1.8239 -0.0809
v -0.8837 2.6555 -0.0949
v -0.8561 2.7301 -0.0071
v -0.8327 2.8194 -0.1301
v -0.7074 3.0465 -0.0558
v 0.5778 3.1698 0.0175
v -0.4742 3.2411 0.0276
v 0.2320 3.3453 -0.1036
v -0.2021 3.3532 -0.0660
v 0.1131 3.3706 -0.0574
v 0.3490 0.0831 -0.0244
v -0.4553 0.6894 -0.0005
v -0.3980 0.9300 0.0052
v 0.8775 0.9145 -0.0145
v -0.6413 1.0781 -0.0403
v 0.2475 1.0606 -0.0370
v -0.3326 1.0528 -0.0088
v -0.2003 1.1102 -0.0318
v 0.9321 1.5802 -0.0005
v -0.9240 1.9103 -0.0450
v 0.9319 1.9224 -0.0405
v 0.8893 2.3534 0.0063
v -0.8904 2.5688 -0.0268
v 0.8844 2.5994 0.0180
v 0.8022 2.9116 0.0128
v -0.7905 2.9275 -0.0225
v -0.5868 3.1664 -0.0667
v 0.3666 3.2905 0.0797
v -0.0352 3.3707 -0.0063
v 0.6665 0.0721 -0.0279
v 0.2619 0.1349 0.0421
v 0.1864 0.7177 -0.0098
v -0.5313 0.7706 -0.0164
v 0.8751 0.7588 0.0237
v -0.5614 0.7618 -0.0136
v 0.1515 0.9227 0.0045
v -0.3458 0.8917 0.0019
v -0.6532 0.9901 0.0111
v -0.3819 1.0547 -0.0310
v -0.6117 0.9937 0.0022
v 0.8787 1.1415 0.0234
v -0.2739 1.0022 0.0202
v -0.1737 1.1254 0.0303
v 0.8606 1.1210 -0.0127
v -0.0728 1.1684 0.0031
v -0.1191 1.1486 0.0343
v -0.0196 1.2266 -0.0262
v -0.7713 1.3135 -0.0102
v -0.8283 1.4749 -0.0103
v -0.8422 1.6183 -0.0051
v 0.4698 3.2451 -0.0260
v 0.4290 0.0050 0.0459
v 0.7119 0.0602 0.0710
v 0.3314 0.0526 0.0970
v 0.8104 0.2191 0.0140
v 0.8112 0.5313 0.0123
v -0.5197 0.5366 0.0410
v -0.4634 0.6334 0.0283
v 0.8268 0.6649 0.0073
v 0.1534 0.7569 0.0379
v -0.3705 0.6964 0.0409
v -0.2827 0.8664 0.0411
v 0.9141 0.9306 0.0479
v -0.2362 1.0813 0.0403
v -0.7521 1.2642 0.0119
v 0.1047 1.1574 -0.0033
v 0.0059 1.1905 0.0348
v -0.7144 1.2667 0.0025
v 0.8666 1.1469 0.0814
v 0.8850 1.3833 0.0169
v -0.9007 1.4262 0.0470
v 0.9268 1.5377 0.0513
v -0.8868 1.7213 0.0102
v -0.9119 1.9703 -0.0085
v 0.9423 1.8722 0.0385
v -0.9093 2.0585 0.0090
v -0.8667 2.7268 0.0428
v -0.7019 3.0695 0.0212
v 0.6610 3.0932 0.0152
v -0.6334 3.1178 0.0422
v -0.3186 3.3267 0.0177
v -0.5080 0.3479 0.0568
v 0.2426 0.4467 -0.0060
v -0.4191 0.4655 0.0615
v -0.6728 0.7185 0.0461
v -0.7071 1.0253 0.0405
v -0.7788 0.9661 0.0465
v 0.1491 0.9715 0.0580
v -0.7771 1.1462 0.0269
v -0.8423 1.0396 0.0805
v 0.1448 1.1210 0.0345
v -0.1303 1.1587 0.1042
v 0.1197 1.2174 0.0391
v 0.0723 1.1856 0.0076
v -0.0661 1.2205 0.0296
v 0.8760 1.2964 0.0885
v -0.9298 1.5540 0.0877
v -0.9494 1.8791 0.0823
v -0.9170 1.8580 0.0338
v 0.9182 2.0820 0.0576
v 0.2161 3.3420 0.0519
v 0.6134 0.0011 0.0522
v 0.7948 0.1426 0.0916
v -0.5718 0.1789 0.0805
v 0.2167 0.2516 0.0677
v -0.4349 0.2141 0.0763
v 0.8312 0.2495 0.1449
v 0.8536 0.6040 0.1098
v 0.2297 0.5625 -0.0006
v -0.6110 0.5276 0.0583
v -0.3236 0.5658 0.0962
v 0.1736 0.6874 0.0795
v -0.2749 0.7874 0.0977
v -0.7656 0.7623 0.0754
v -0.2091 0.7318 0.0903
v 0.9092 0.8268 0.1157
v -0.1890 1.0615 0.0639
v -0.1550 0.9121 0.0914
v 0.9154 0.9535 0.1226
v -0.8902 0.9790 0.0949
v -0.8570 1.1733 0.0637
v -0.9279 1.3070 0.0815
v 0.0514 1.2321 0.0594
v 0.0037 1.3217 0.0804
v -0.0359 1.2475 0.0466
v -0.7058 3.0439 0.1008
v 0.7132 3.0610 0.0996
v -0.5257 3.2151 0.0988
v 0.0115 3.3853 0.1131
v 0.2359 0.1525 0.1477
v -0.4861 0.0621 0.1578
v -0.3886 0.1624 0.1196
v -0.3968 0.1637 0.1176
v -0.6492 0.1916 0.0956
v -0.2989 0.2469 0.1491
v -0.7330 0.6416 0.0927
v -0.2406 0.8372 0.0793
v 0.1723 0.8750 0.0923
v -0.8480 0.8264 0.1363
v -0.7781 0.8842 0.0941
v -0.1526 0.9838 0.1197
v -0.8807 0.9790 0.1093
v -0.0784 1.2303 0.1025
v 0.0492 1.3067 0.1224
v -0.0319 1.3478 0.1246
v 0.9039 1.2860 0.1325
v 0.9529 1.5521 0.1099
v 0.9644 1.8977 0.1238
v 0.9696 1.8864 0.0896
v 0.9040 2.1033 0.1148
v -0.8925 2.2339 0.0874
v 0.8646 2.3944 0.1659
v 0.8669 2.6742 0.1037
v -0.8603 2.7057 0.1738
v 0.6542 3.1006 0.1460
v 0.4013 0.0008 0.1889
v -0.7491 0.2660 0.1609
v -0.2383 0.6950 0.1273
v -0.7431 0.5110 0.1333
v -0.2255 0.6852 0.1824
v 0.1270 0.9861 0.1520
v -0.1788 0.8392 0.1336
v -0.1376 1.0264 0.1689
v -0.9180 1.0861 0.0945
v 0.8996 1.0519 0.1375
v -0.1412 1.0627 0.2158
v 0.1096 1.2230 0.1216
v -0.0008 1.3484 0.1664
v 0.9745 1.6429 0.1260
v 0.8644 2.5707 0.1943
v 0.8275 2.7831 0.2186
v 0.8146 2.8951 0.0976
v 0.4538 3.2459 0.1196
v -0.3178 3.3114 0.1087
v 0.1888 3.3572 0.1223
v -0.1514 3.3658 0.0740
v 0.5029 0.0015 0.2623
v 0.3103 0.0763 0.2280
v 0.7670 0.1147 0.2167
v -0.2928 0.1252 0.2181
v 0.2095 0.2315 0.1469
v -0.2686 0.4786 0.1623
v -0.8130 0.6185 0.2023
v -0.8134 0.7713 0.1357
v 0.9434 0.8479 0.1742
v -0.2037 0.8098 0.1864
v -0.8606 0.8976 0.0968
v -0.9034 1.0298 0.1726
v 0.9365 1.2585 0.1772
v -0.1134 1.2163 0.1770
v -0.0721 1.2137 0.1729
v -0.9220 1.2589 0.1711
v -0.9435 1.2530 0.1716
v 0.0280 1.2898 0.1727
v 0.9630 1.4218 0.1786
v -0.9440 1.5221 0.1656
v -0.9431 1.6920 0.1678
v 0.9662 1.9419 0.2052
v -0.8836 2.5352 0.0985
v -0.7623 2.9714 0.1333
v -0.6336 3.1058 0.1609
v 0.5531 3.1802 0.1965
v -0.4013 3.2892 0.1909
v 0.6513 0.0076 0.1743
v -0.6025 0.1003 0.1382
v -0.2465 0.2121 0.2301
v 0.1849 0.5366 0.1381
v 0.8779 0.6645 0.2150
v 0.1414 0.7782 0.1837
v -0.1594 0.7571 0.2108
v -0.1468 0.8281 0.1870
v -0.9085 0.8918 0.1888
v -0.1313 0.8622 0.2120
v 0.9327 0.8599 0.2234
v -0.0927 0.8968 0.2056
v 0.9739 1.0644 0.1785
v 0.0817 1.1864 0.1843
v -0.1035 1.2071 0.2195
v -0.9836 1.3859 0.2082
v 0.9397 1.4298 0.2117
v -0.9211 1.5439 0.1673
v -0.9141 1.6383 0.2026
v 0.8812 2.2258 0.2117
v -0.8377 2.7853 0.1845
v 0.7349 3.0069 0.1738
v -0.5570 3.1570 0.2281
v 0.6597 0.0654 0.2986
v -0.3559 0.0415 0.2620
v -0.5286 0.0000 0.2598
v -0.6041 0.0012 0.2973
v 0.7964 0.4854 0.3238
v 0.8392 0.5140 0.2150
v -0.2138 0.4923 0.2728
v -0.1883 0.6920 0.2439
v -0.1018 0.9264 0.2354
v 0.9616 0.9843 0.2395
v -0.9403 1.1245 0.2026
v -0.0476 1.2490 0.2697
v 0.0471 1.3236 0.2099
v 0.9514 1.1634 0.2322
v -0.0461 1.3022 0.2048
v -0.9778 1.3809 0.2457
v -0.9533 1.6018 0.1990
v -0.8596 2.3725 0.2091
v -0.8191 2.7998 0.2786
v 0.6953 3.0601 0.2673
v -0.6178 3.1130 0.2546
v -0.4718 3.2487 0.2189
v -0.2564 3.3369 0.1837
v -0.0065 3.3806 0.1989
v -0.1299 3.3621 0.1868
v 0.5268 0.0598 0.3538
v -0.7216 0.1061 0.2280
v -0.7947 0.1644 0.2769
v 0.8680 0.6992 0.2596
v 0.1405 0.7800 0.2600
v -0.1509 0.8204 0.2696
v 0.9724 0.8923 0.2688
v 0.0981 0.9855 0.2920
v 0.1166 1.0666 0.2509
v -0.1041 1.0349 0.2712
v -0.0774 1.0623 0.2592
v 0.9295 1.0765 0.2615
v 0.9489 1.1534 0.2689
v 0.9752 1.3176 0.2686
v 0.0072 1.3849 0.2208
v 0.9612 1.8036 0.2706
v -0.9384 1.6267 0.2768
v -0.9357 2.0264 0.1819
v -0.8410 2.4418 0.2999
v -0.8392 2.7122 0.2808
v 0.8396 2.6375 0.2950
v 0.5095 3.2100 0.3006
v 0.3759 3.2983 0.2053
v -0.4397 0.0004 0.3159
v -0.6921 0.0419 0.2796
v 0.1794 0.6576 0.2815
v -0.8740 0.7235 0.2546
v 0.9098 0.7848 0.2847
v -0.1421 0.9174 0.3027
v 0.9502 1.0123 0.3040
v 0.0737 1.2217 0.2739
v -0.9493 1.1882 0.2882
v 0.9629 1.5180 0.2624
v -0.9746 1.7867 0.2067
v 0.8678 2.1690 0.3405
v 0.8419 2.3615 0.2595
v -0.7796 2.9156 0.3057
v -0.3530 3.3061 0.3463
v 0.3287 3.3197 0.3531
v 0.4237 0.0490 0.3145
v 0.7944 0.2198 0.2734
v -0.1880 0.5832 0.3498
v 0.1648 0.7949 0.3257
v -0.1494 0.7221 0.2938
v -0.9110 0.9864 0.2722
v -0.9241 1.0177 0.3244
v 0.9264 1.1900 0.3296
v 0.9277 1.3983 0.2869
v 0.9319 1.5999 0.3336
v -0.8771 2.2091 0.2651
v -0.8611 2.2191 0.3346
v 0.8225 2.7271 0.3167
v 0.7575 2.9545 0.3863
v -0.7164 3.0465 0.2591
v 0.5898 3.1305 0.2892
v -0.5572 3.1465 0.3388
v 0.2360 3.3439 0.2357
v 0.1624 3.3701 0.2340
v -0.1115 3.3898 0.2593
v -0.2548 0.1232 0.3829
v 0.2550 0.2156 0.2896
v -0.8242 0.3517 0.2719
v -0.8466 0.5614 0.2747
v 0.8204 0.6222 0.3543
v -0.8823 0.7641 0.3198
v 0.8858 0.7591 0.3503
v 0.9373 0.8991 0.3431
v 0.9177 1.1207 0.3528
v 0.0803 1.1748 0.3367
v -0.9338 1.1421 0.3595
v -0.0917 1.0774 0.3397
v -0.1030 1.1453 0.4024
v -0.0139 1.4000 0.3660
v -0.0489 1.3515 0.3452
v -0.0039 1.4290 0.3188
v -0.9577 1.9600 0.3037
v 0.9452 1.8482 0.3675
v -0.8167 2.6490 0.4097
v 0.7570 2.9694 0.2829
v -0.7216 2.9974 0.4372
v -0.4653 3.2276 0.3013
v 0.4262 3.2824 0.3070
v -0.1296 3.4209 0.3847
v 0.0117 3.4150 0.3282
v -0.6990 0.0306 0.3957
v -0.2854 0.0835 0.3367
v 0.3515 0.1802 0.3817
v -0.8434 0.2514 0.3863
v -0.2020 0.4103 0.4631
v 0.2235 0.5600 0.3285
v -0.8852 0.6797 0.3980
v 0.1736 0.8576 0.3961
v -0.9310 0.8753 0.3622
v 0.1199 0.9583 0.3443
v 0.9471 0.9950 0.3883
v -0.1248 0.9855 0.3579
v 0.0684 1.1452 0.3745
v -0.9452 1.2531 0.3541
v 0.9366 1.4171 0.3608
v -0.9313 1.5875 0.3498
v 0.8971 1.6126 0.3777
v -0.9324 1.7749 0.3627
v 0.9222 1.9895 0.3760
v 0.8258 2.5634 0.3986
v -0.6638 3.1082 0.3392
v 0.1850 3.4023 0.4157
v -0.0419 3.4383 0.3902
v -0.3926 0.0125 0.3998
v -0.7773 0.1113 0.3857
v 0.7233 0.1789 0.3543
v 0.5440 0.1539 0.4143
v 0.6099 0.2435 0.4279
v 0.7612 0.5299 0.3991
v 0.2413 0.6451 0.4204
v -0.1950 0.5320 0.4491
v -0.1314 0.9508 0.4357
v 0.0345 1.3670 0.3329
v 0.9277 1.4088 0.3978
v 0.0330 1.4695 0.3975
v -0.9473 1.6052 0.3987
v 0.7796 2.3419 0.4735
v 0.8155 2.3248 0.3807
v 0.7896 2.8824 0.3926
v -0.2426 3.3579 0.3271
v 0.4556 0.1791 0.4296
v -0.2124 0.2145 0.3996
v 0.2781 0.4479 0.3767
v 0.7356 0.5066 0.4130
v -0.1438 0.7390 0.4187
v 0.1307 0.8872 0.4363
v -0.9382 0.9343 0.4029
v 0.9201 0.8504 0.3925
v 0.1014 0.9716 0.4225
v -0.8959 1.0810 0.4280
v -0.0788 1.1717 0.4346
v 0.0562 1.3358 0.4148
v 0.9364 1.2038 0.4320
v -0.9416 1.1880 0.4040
v -0.9919 1.4202 0.4025
v -0.0356 1.3871 0.4363
v -0.9555 1.3786 0.4311
v -0.9447 1.4856 0.4337
v -0.9252 1.5413 0.4214
v -0.9162 1.7982 0.4335
v 0.9089 1.8669 0.4294
v -0.9335 1.9774 0.3596
v -0.7914 2.3471 0.4307
v 0.5108 3.2025 0.4739
v 0.3071 3.3418 0.3742
v -0.2340 3.4082 0.4492
v 0.0818 3.4212 0.3838
v -0.5223 0.0044 0.4977
v -0.6296 0.0313 0.5059
v 0.3838 0.4447 0.4621
v 0.7262 0.6903 0.4771
v 0.7945 0.6363 0.4278
v 0.8463 0.7808 0.4404
v 0.8979 0.9875 0.4423
v -0.9333 1.0620 0.4630
v 0.8739 1.0859 0.4404
v -0.0898 1.0788 0.4846
v -0.9500 1.3595 0.4646
v -0.8997 1.4248 0.4287
v 0.8836 1.2866 0.4751
v -0.0699 1.3272 0.4825
v 0.9179 1.4822 0.4307
v -0.9459 1.4542 0.4744
v 0.8758 1.6172 0.4514
v 0.8975 2.0028 0.4280
v -0.8925 1.9930 0.4373
v -0.8215 2.2521 0.4036
v -0.7702 2.8287 0.4724
v 0.6919 3.0760 0.3992
v 0.6494 3.1248 0.4457
v 0.5589 3.1439 0.4514
v -0.4135 3.2901 0.4313
v -0.0716 3.4952 0.4771
v -0.3112 0.0938 0.5033
v 0.4924 0.3778 0.4738
v 0.5626 0.4662 0.4871
v 0.6520 0.4711 0.4571
v -0.8543 0.5045 0.4017
v 0.2162 0.7745 0.4680
v 0.7890 0.9288 0.4844
v -0.8737 0.7578 0.4829
v 0.2157 0.8160 0.5140
v 0.8744 0.8630 0.4620
v -0.8967 0.9483 0.4428
v 0.8488 1.0124 0.4822
v -0.1421 0.8762 0.5039
v 0.1473 1.1004 0.4710
v 0.0863 1.0735 0.4500
v 0.8705 1.2870 0.5032
v 0.0721 1.3200 0.4648
v 0.8776 1.5058 0.4900
v -0.9238 1.5129 0.4460
v 0.8221 2.1612 0.4896
v -0.6308 3.1565 0.5802
v 0.4876 3.2274 0.5509
v -0.5648 3.1503 0.4900
v -0.4701 3.2369 0.4819
v 0.2782 3.3839 0.4553
v -0.4296 0.0357 0.5347
v -0.7809 0.1979 0.5382
v -0.2380 0.2263 0.5067
v -0.8085 0.2782 0.5130
v 0.5431 0.5820 0.5229
v 0.4340 0.5565 0.5092
v -0.1904 0.6389 0.5623
v -0.8140 0.5394 0.5117
v 0.7342 0.8458 0.5540
v 0.3047 0.7941 0.5100
v -0.8806 0.8547 0.5131
v 0.7914 0.9643 0.5188
v 0.1671 1.0398 0.5018
v 0.8592 1.0349 0.5133
v -0.1057 1.1119 0.5137
v 0.1310 1.3304 0.4867
v -0.0394 1.2253 0.5142
v -0.0851 1.2606 0.4934
v 0.0297 1.3821 0.4904
v -0.0004 1.3738 0.5151
v -0.0370 1.4120 0.5000
v 0.1027 1.4670 0.4896
v 0.0065 1.5642 0.4344
v 0.0709 1.5417 0.5340
v 0.9132 1.8444 0.4781
v -0.8766 1.9152 0.5141
v 0.8822 1.8287 0.5282
v 0.8728 2.0499 0.4902
v -0.7890 2.1910 0.5232
v 0.8050 2.6621 0.4640
v 0.7110 3.0084 0.4943
v 0.6190 3.1399 0.5249
v -0.6283 3.1234 0.4319
v -0.3892 3.2905 0.5043
v 0.2322 3.4497 0.5164
v 0.0410 3.5338 0.5084
v -0.7128 0.0869 0.5119
v -0.2734 0.2415 0.5669
v -0.2304 0.4954 0.5383
v 0.3410 0.5952 0.4803
v 0.6538 0.5960 0.4974
v 0.7039 0.7703 0.5162
v -0.8420 0.8080 0.5191
v 0.1979 0.9929 0.5466
v -0.9244 1.1265 0.5134
v 0.1409 1.2447 0.5168
v 0.8280 1.0528 0.5426
v -0.0695 1.2251 0.5379
v -0.0566 1.3819 0.5119
v -0.0340 1.5401 0.5410
v -0.9130 1.5484 0.5111
v 0.8235 1.8991 0.5792
v -0.8154 2.0595 0.5592
v 0.7630 2.1809 0.5521
v -0.7725 2.3704 0.5042
v 0.7571 2.6208 0.6538
v -0.7396 2.9271 0.5951
v -0.4276 3.2878 0.5698
v -0.3269 3.3311 0.4609
v -0.3629 3.3842 0.6152
v -0.1633 3.5010 0.5217
v -0.6050 0.1072 0.6152
v -0.3492 0.1425 0.6015
v 0.5470 0.6745 0.5710
v 0.4029 0.6640 0.5363
v -0.1666 0.7586 0.5768
v 0.2735 0.9194 0.5596
v 0.7541 1.0089 0.5917
v -0.1316 1.0607 0.5899
v 0.8087 1.1210 0.5793
v -0.8852 1.3245 0.5546
v -0.0737 1.2129 0.6002
v 0.8205 1.3631 0.5657
v -0.0798 1.5038 0.5684
v 0.8305 1.5861 0.5496
v -0.8586 1.4440 0.5590
v 0.0033 1.6678 0.5696
v 0.7903 1.9590 0.6081
v 0.6444 3.1231 0.5909
v -0.5093 3.2269 0.5680
v 0.3738 3.3596 0.5759
v 0.3097 3.4584 0.6129
v 0.1300 3.5286 0.5428
v -0.2682 0.5419 0.5880
v 0.4724 0.7312 0.5748
v 0.4672 0.7645 0.6009
v 0.3999 0.7939 0.5762
v 0.7061 0.8482 0.6076
v 0.4028 0.9527 0.5966
v 0.3445 0.9602 0.5933
v 0.2497 1.1061 0.5754
v 0.2171 1.3346 0.5698
v -0.8626 1.2652 0.5955
v 0.8007 1.3800 0.6398
v 0.2284 1.4748 0.5986
v -0.8894 1.7037 0.5174
v 0.1737 1.6104 0.6078
v 0.1199 1.5292 0.5598
v 0.0864 1.6951 0.5904
v 0.7745 1.7499 0.6057
v -0.7192 2.2503 0.5865
v 0.7609 2.4933 0.6056
v -0.7859 2.5603 0.5324
v -0.7683 2.7110 0.5791
v -0.5505 3.1721 0.6090
v 0.5499 3.1613 0.5779
v -0.2659 3.4435 0.5698
v -0.7568 0.5591 0.6044
v 0.6090 0.8454 0.6393
v -0.1813 0.8932 0.6480
v -0.8192 0.7850 0.5819
v 0.6586 0.7903 0.5839
v -0.8193 0.9812 0.6331
v -0.1652 1.0238 0.6279
v 0.3217 1.1760 0.6119
v 0.7623 1.1679 0.6327
v -0.8296 1.2470 0.5982
v -0.2070 1.2588 0.6617
v 0.2565 1.2288 0.6091
v -0.1620 1.3043 0.6249
v -0.2152 1.4570 0.6477
v -0.1146 1.2577 0.6325
v -0.1598 1.5097 0.6172
v 0.7858 1.5628 0.5899
v 0.1664 1.3990 0.5901
v 0.7156 1.5896 0.6068
v -0.0788 1.6704 0.5918
v -0.8232 1.6556 0.6052
v -0.8093 1.9271 0.6097
v -0.7335 1.9676 0.6650
v -0.6952 3.0623 0.6080
v 0.7017 3.0086 0.6207
v -0.4083 0.0993 0.6057
v -0.3457 0.2557 0.6348
v -0.7036 0.2162 0.6263
v -0.3086 0.6659 0.6678
v 0.4717 0.9340 0.6472
v 0.4169 0.9543 0.6237
v 0.4015 0.9230 0.6541
v 0.7050 0.9892 0.6465
v 0.6305 1.0404 0.6481
v 0.4045 1.0775 0.6595
v -0.8646 1.0308 0.5591
v 0.3804 1.0167 0.6394
v 0.6097 1.2601 0.6263
v -0.7942 1.2580 0.6506
v 0.5595 1.1616 0.6543
v -0.1583 1.1632 0.6247
v 0.5940 1.3936 0.6594
v -0.8147 1.4163 0.6528
v 0.7769 1.3339 0.6514
v 0.3538 1.4471 0.6491
v 0.2630 1.5082 0.6389
v 0.7314 1.4360 0.6529
v 0.2363 1.5340 0.6263
v 0.7261 1.4845 0.6797
v -0.2078 1.5486 0.6628
v 0.6808 1.6183 0.6448
v -0.7672 1.6707 0.6520
v -0.1426 1.6958 0.6446
v 0.6923 1.6929 0.6799
v 0.0146 1.7317 0.6197
v -0.7380 1.8235 0.6518
v -0.6741 2.0709 0.6656
v 0.6952 2.1445 0.6550
v 0.7158 2.1940 0.6283
v -0.6647 2.2341 0.6545
v 0.7349 2.7699 0.7153
v 0.7643 2.7270 0.5839
v 0.5778 3.1491 0.7776
v -0.5618 3.1610 0.7025
v -0.0311 3.6155 0.5932
v -0.4546 0.1493 0.6535
v -0.4445 0.3202 0.6846
v -0.6377 0.2531 0.6654
v -0.3316 0.5760 0.6479
v -0.7677 0.8115 0.6506
v -0.2531 0.7731 0.6585
v -0.6980 0.7326 0.6584
v -0.2420 0.9519 0.6744
v 0.4797 0.9191 0.6847
v 0.4180 0.9740 0.6815
v 0.5504 0.9928 0.6539
v 0.4267 0.9921 0.6512
v 0.4237 1.0742 0.6652
v -0.2757 1.1573 0.6846
v 0.5841 1.2142 0.6796
v 0.6214 1.4048 0.6551
v -0.7604 1.3941 0.6803
v 0.2036 1.6376 0.6589
v -0.0800 1.7157 0.6489
v -0.2126 1.7205 0.6948
v 0.1338 1.7285 0.6308
v 0.0482 1.8140 0.6633
v 0.7115 1.8562 0.6854
v 0.6648 2.2244 0.6742
v -0.7127 2.4333 0.6759
v 0.7082 2.9420 0.6959
v -0.7049 2.9269 0.6982
v -0.6345 3.1367 0.6681
v 0.4696 3.2409 0.6418
v -0.4330 3.3039 0.6832
v -0.5165 0.2370 0.6902
v -0.4535 0.5949 0.7132
v -0.3800 0.6875 0.6939
v -0.3122 0.7610 0.7352
v -0.7687 0.8199 0.6829
v -0.6827 0.9538 0.6958
v -0.8226 1.0447 0.6819
v 0.4539 1.0114 0.7030
v 0.5135 1.0861 0.6899
v 0.4775 1.1173 0.7032
v -0.7857 1.0565 0.7267
v 0.6985 1.1489 0.6826
v 0.6793 1.2956 0.7008
v 0.4395 1.3372 0.6794
v 0.5639 1.2882 0.7016
v 0.7414 1.2652 0.7088
v 0.4025 1.3007 0.6703
v 0.4023 1.5763 0.7264
v 0.5759 1.4343 0.7261
v -0.3091 1.3165 0.6814
v 0.6848 1.4394 0.7121
v 0.6070 1.5568 0.6978
v 0.2906 1.5570 0.6895
v 0.3401 1.4956 0.6723
v 0.3512 1.6129 0.7033
v -0.2461 1.6415 0.6870
v -0.6984 1.8419 0.6939
v -0.1155 1.7956 0.6913
v 0.6399 1.9004 0.7142
v -0.6554 1.9856 0.6958
v -0.6199 2.2970 0.7169
v 0.6896 2.3482 0.6896
v 0.6908 2.4274 0.7485
v 0.6172 3.1609 0.6847
v -0.4980 3.2503 0.7306
v 0.3892 3.3692 0.7143
v -0.2342 3.5780 0.6878
v 0.1945 3.5590 0.6254
v -0.1035 3.6061 0.6236
v -0.5507 0.5624 0.7000
v -0.4181 0.7802 0.7304
v -0.5928 0.7846 0.7293
v -0.6392 0.6725 0.6921
v -0.6275 1.0163 0.7461
v -0.2807 0.8985 0.7438
v -0.7099 1.1252 0.7241
v -0.3527 1.0000 0.7518
v -0.6838 1.1541 0.7424
v -0.3348 1.2271 0.7083
v -0.7805 1.2557 0.7037
v 0.6440 1.4789 0.7054
v 0.5054 1.4338 0.7103
v -0.7227 1.4772 0.7415
v -0.5490 1.4364 0.7393
v -0.6207 1.5350 0.7366
v 0.4297 1.4495 0.6938
v -0.5272 1.4143 0.7327
v -0.7115 1.5335 0.7194
v -0.5029 1.6105 0.7332
v 0.2263 1.5326 0.6908
v 0.2108 1.6128 0.7177
v -0.5584 1.6865 0.7337
v 0.4818 1.5831 0.7426
v 0.4308 1.6556 0.7269
v 0.2562 1.7094 0.7379
v 0.5405 1.8371 0.7435
v 0.3942 1.7737 0.7340
v -0.2570 1.7385 0.7307
v 0.1810 1.8168 0.7297
v 0.5951 1.7899 0.7061
v -0.5826 1.8095 0.7160
v -0.0842 1.8794 0.7497
v -0.5639 1.9296 0.7319
v 0.5591 2.0568 0.7316
v 0.4856 2.0338 0.7675
v -0.5881 2.1584 0.7155
v 0.5750 2.2808 0.7519
v 0.6017 2.2314 0.7116
v -0.7238 2.6927 0.7318
v 0.6618 3.0869 0.7366
v -0.2888 3.5614 0.7669
v 0.1227 3.6667 0.7096
v -0.5342 0.7122 0.7453
v -0.4830 0.7295 0.7562
v -0.4494 0.8860 0.7773
v -0.5620 0.9198 0.7536
v -0.3872 1.1295 0.7730
v -0.4055 0.9536 0.7649
v -0.3616 1.2274 0.7761
v -0.6936 1.3131 0.7353
v -0.7306 1.3674 0.7408
v -0.4728 1.4110 0.7613
v -0.3828 1.3573 0.7900
v -0.6155 1.4661 0.7772
v -0.3349 1.4200 0.7590
v -0.3767 1.6093 0.7600
v -0.5923 1.5131 0.7568
v 0.3437 1.6563 0.7382
v -0.3169 1.5614 0.7359
v -0.4124 1.5658 0.7546
v 0.4655 1.7381 0.7377
v -0.2186 1.7218 0.7364
v 0.2189 1.8301 0.7800
v 0.1490 1.7450 0.6819
v -0.1613 1.8243 0.7364
v -0.4830 1.9287 0.7377
v 0.3159 1.7819 0.7374
v 0.1427 1.8897 0.8054
v -0.0367 1.8165 0.7058
v -0.2836 1.8623 0.7700
v -0.4587 2.0792 0.7763
v -0.5262 2.1142 0.7385
v -0.6878 2.4768 0.7873
v 0.6996 2.4991 0.7897
v 0.7023 2.7119 0.8415
v -0.5157 3.1821 0.8059
v -0.4487 3.3151 0.7510
v -0.1164 3.7015 0.7881
v 0.0038 3.7214 0.7663
v -0.5253 0.8333 0.8090
v -0.6419 1.0220 0.7781
v -0.6756 1.2247 0.7817
v -0.6375 1.3623 0.7861
v -0.5612 1.3161 0.7993
v -0.3815 1.8388 0.7763
v 0.3289 1.9326 0.7997
v 0.1089 1.8216 0.7219
v -0.1467 1.8949 0.7814
v 0.4417 1.9068 0.7740
v -0.2183 1.9678 0.8233
v 0.4880 2.1593 0.7958
v -0.5358 2.2500 0.8023
v 0.6124 2.3815 0.8200
v -0.6675 2.4232 0.8130
v -0.6391 3.1037 0.7759
v 0.5862 3.0961 0.8783
v 0.4881 3.2355 0.7400
v 0.3852 3.4455 0.7974
v -0.3740 3.4279 0.7395
v 0.2873 3.5597 0.7437
v -0.4895 0.8524 0.8272
v -0.5639 1.0431 0.7947
v -0.4312 1.1687 0.8156
v -0.5097 1.1718 0.8161
v -0.6123 1.1865 0.7928
v -0.3870 1.2324 0.8105
v -0.5237 1.3925 0.8020
v 0.2462 1.9302 0.8228
v 0.0576 1.8880 0.8175
v -0.1378 1.9127 0.8219
v -0.3335 1.9508 0.8068
v -0.4178 2.0311 0.8076
v -0.5866 2.3700 0.8545
v 0.6462 3.0010 0.8598
v 0.4956 3.2116 0.8194
v -0.4561 1.0467 0.8300
v -0.5162 0.9275 0.8326
v -0.0372 1.9007 0.8268
v 0.3452 2.0146 0.8460
v -0.3851 2.0937 0.8614
v 0.4206 2.0732 0.8281
v 0.5342 2.2514 0.8140
v -0.6655 2.8511 0.9311
v 0.4500 3.3225 0.8499
v -0.4509 3.3433 0.8725
v 0.1641 1.9502 0.8742
v -0.2481 1.9606 0.8453
v 0.2396 1.9683 0.8537
v -0.3296 2.0386 0.8893
v 0.4422 2.1729 0.9016
v 0.6744 2.6389 0.9074
v -0.7120 2.6493 0.8107
v 0.6574 2.8115 0.9425
v -0.6351 3.0523 0.8719
v -0.6694 2.9826 0.8232
v -0.5308 3.1635 0.8619
v 0.3365 3.5462 0.8752
v -0.1154 1.9478 0.8815
v -0.4449 2.1378 0.8568
v 0.5730 2.3479 0.8832
v -0.5570 2.3261 0.9107
v 0.6402 2.5425 0.9458
v -0.6434 2.5042 0.8962
v 0.6276 3.0114 0.9329
v -0.3918 3.4763 0.8978
v -0.3149 3.5895 0.9087
v -0.2091 3.6559 0.8079
v -0.0835 3.7322 0.9024
v 0.1338 1.9293 0.9043
v 0.0494 1.9137 0.9054
v -0.2194 1.9587 0.9048
v 0.3433 2.0712 0.9283
v 0.4213 2.1522 0.9853
v -0.6088 2.5331 0.9927
v -0.2447 3.6408 0.9171
v 0.2392 3.6404 0.8769
v -0.2078 3.6711 1.0409
v 0.1079 3.7224 0.8838
v 0.0976 1.9628 0.9616
v -0.4849 2.2240 0.9600
v 0.5282 2.2975 0.9530
v -0.5928 2.9839 1.0411
v 0.5756 3.0364 0.9971
v -0.5506 3.1090 1.0447
v 0.4972 3.2603 0.8874
v 0.1359 3.7169 1.0086
v 0.0042 3.7389 0.9489
v -0.1996 1.9898 0.9554
v 0.2214 2.0211 0.9555
v -0.3012 2.0481 0.9597
v 0.2800 2.0505 0.9980
v 0.5492 2.3180 0.9920
v -0.5609 2.3678 0.9707
v 0.6349 2.6378 1.0136
v -0.4691 3.3361 0.9985
v 0.2718 3.5976 1.1118
v -0.0173 1.9377 0.9305
v 0.6134 2.5152 1.0376
v -0.6087 2.8379 1.0904
v -0.5606 3.0836 0.9681
v 0.4018 3.4356 0.9450
v 0.3366 3.5552 0.9682
v -0.0972 1.9713 1.0572
v 0.0907 1.9886 1.0686
v -0.2847 2.0456 1.0112
v 0.2250 2.0523 1.1126
v -0.5371 2.3490 1.0543
v 0.6282 2.7946 1.0618
v -0.6331 2.7231 1.0520
v -0.3705 3.5022 1.0301
v 0.2074 3.6778 1.0104
v 0.0028 1.9796 1.1198
v 0.0174 1.9549 1.0151
v -0.3012 2.0767 1.1184
v 0.5352 2.3325 1.0453
v -0.6024 2.5316 1.0988
v 0.5239 3.1581 1.0686
v -0.3224 3.5403 1.0714
v -0.1015 1.9941 1.0904
v -0.5350 2.3553 1.1295
v 0.6064 2.6326 1.1728
v 0.4159 3.4238 1.0271
v -0.3492 3.4876 1.1163
v -0.0761 3.7033 1.1010
v -0.4644 2.2422 1.1019
v 0.3765 2.1415 1.1022
v 0.6013 2.9234 1.1385
v 0.5474 3.0872 1.1345
v -0.4937 3.2403 1.1240
v 0.0941 2.0512 1.2057
v 0.2589 2.0810 1.1799
v -0.3820 2.1495 1.0620
v 0.4600 2.2621 1.1378
v 0.5394 2.3924 1.1579
v 0.3305 3.5423 1.1021
v 0.1882 3.5914 1.2057
v 0.1774 3.6628 1.1108
v 0.0335 3.7112 1.0964
v -0.0204 2.0179 1.1708
v -0.1685 2.0164 1.1358
v 0.1104 1.9991 1.1145
v 0.1562 2.0771 1.2545
v -0.3331 2.1511 1.2225
v 0.4895 2.3135 1.1802
v 0.4348 3.3545 1.1195
v -0.1620 3.6499 1.1421
v 0.3142 2.1900 1.3165
v 0.5723 2.5198 1.2243
v -0.6073 2.6981 1.1670
v 0.5797 2.7811 1.2869
v 0.5259 3.1123 1.2142
v -0.4127 3.3548 1.2212
v 0.1754 3.5549 1.2831
v -0.0964 3.5878 1.2789
v 0.0416 2.0575 1.2716
v -0.2480 2.0972 1.2312
v -0.5781 2.8089 1.2710
v -0.5499 3.0724 1.1565
v -0.5770 2.9505 1.1931
v 0.4010 3.3010 1.2646
v -0.2896 3.4940 1.2280
v -0.2438 3.5961 1.1520
v -0.0751 2.0393 1.2313
v -0.1885 2.1054 1.3072
v -0.4158 2.2299 1.2267
v 0.3771 2.1884 1.2061
v -0.5502 2.5742 1.2887
v -0.5359 3.0031 1.2691
v -0.5260 3.0591 1.2497
v -0.4800 3.2240 1.2151
v -0.3015 3.3957 1.3279
v 0.0606 3.6554 1.1952
v 0.2709 2.1672 1.3432
v 0.3955 2.2695 1.3124
v -0.5010 2.4098 1.2675
v -0.5379 2.9553 1.3068
v -0.5260 3.0311 1.2691
v -0.4782 3.1061 1.3129
v 0.4054 3.1956 1.3630
v 0.3260 3.4318 1.2547
v 0.1085 3.5625 1.3007
v -0.3852 2.2569 1.3088
v 0.5603 2.8743 1.3111
v 0.4870 3.1775 1.2336
v -0.1884 3.5453 1.2924
v -0.0136 3.6026 1.2885
v 0.0764 2.0974 1.3448
v -0.3396 2.2131 1.3067
v 0.3606 2.2006 1.3233
v -0.4286 2.3321 1.3341
v 0.4647 2.3571 1.3111
v 0.4803 2.8804 1.4445
v -0.4157 3.2376 1.3154
v 0.3361 3.2894 1.3875
v 0.1142 3.5002 1.3587
v -0.0041 3.4981 1.3911
v -0.3560 1.9439 1.4545
v 0.2361 2.1525 1.3708
v 0.2213 2.1638 1.3953
v -0.4664 2.4417 1.3755
v 0.5042 2.4972 1.3590
v -0.5178 2.6205 1.3817
v 0.5259 2.7129 1.3926
v -0.5392 2.8791 1.3522
v -0.2758 3.3441 1.3930
v 0.1510 2.1728 1.4604
v -0.2142 2.1584 1.4271
v -0.4301 2.3060 1.3747
v 0.4213 2.3869 1.4002
v 0.4764 3.0146 1.3892
v -0.4243 3.1640 1.3671
v 0.2618 3.4335 1.3407
v -0.4156 1.9548 1.4557
v 0.4150 2.0844 1.3983
v 0.3033 1.9597 1.4722
v -0.4173 2.1440 1.3783
v 0.0582 2.1278 1.4275
v -0.1906 2.1781 1.4010
v 0.4599 2.1592 1.4327
v -0.4131 2.3913 1.4184
v -0.1933 3.4843 1.3457
v 0.3811 1.9445 1.4523
v -0.0015 2.1355 1.4188
v 0.4748 2.5948 1.4428
v -0.4930 2.9235 1.4117
v 0.4228 3.0685 1.4330
v -0.3804 3.1032 1.4534
v -0.1427 3.2947 1.5064
v -0.0853 3.4490 1.4204
v 0.1221 3.3755 1.4503
v 0.4925 1.8744 1.5231
v -0.4678 1.9983 1.4755
v -0.2524 2.1737 1.3495
v -0.5070 1.9154 1.5291
v -0.0829 2.1302 1.4335
v 0.4899 2.0657 1.5549
v 0.1064 2.1191 1.5195
v 0.2014 2.1962 1.4636
v -0.4582 2.5754 1.4578
v -0.4877 2.7815 1.4419
v -0.2727 3.2620 1.4489
v 0.2620 3.2695 1.4526
v 0.4293 1.8497 1.4933
v -0.2788 1.8586 1.5927
v 0.0472 2.1083 1.4911
v 0.2173 2.1827 1.5192
v -0.2079 2.1901 1.4975
v -0.2322 2.2384 1.5362
v 0.3011 2.3439 1.5337
v 0.4123 2.8026 1.5362
v -0.3863 2.9707 1.5181
v 0.3593 3.0618 1.5094
v -0.2487 3.2107 1.4976
v 0.2198 3.1956 1.5194
v 0.1553 3.2307 1.5275
v -0.0740 3.3896 1.4611
v 0.5233 1.9213 1.5575
v 0.2591 1.9805 1.5415
v -0.2551 2.0038 1.5849
v -0.0409 2.0522 1.5574
v -0.1086 2.0970 1.5540
v -0.4495 2.1510 1.5765
v -0.2746 2.3049 1.5441
v -0.3144 2.3600 1.5239
v -0.3749 2.5403 1.5348
v -0.3650 2.8936 1.5565
v 0.4103 2.9165 1.5187
v -0.2518 3.1284 1.5375
v 0.3192 3.1086 1.5154
v 0.3685 1.8132 1.5381
v -0.3522 1.8336 1.5135
v 0.5207 1.9693 1.5803
v 0.0382 2.0287 1.5727
v 0.1066 2.0605 1.5910
v -0.1915 2.2123 1.5449
v 0.3644 2.3992 1.4803
v -0.2808 2.2303 1.5748
v -0.2384 2.2615 1.5688
v -0.3601 2.4046 1.4794
v 0.2302 2.2498 1.5538
v 0.2523 2.2979 1.6013
v 0.3179 2.4523 1.5805
v 0.4045 2.6584 1.5356
v 0.3186 2.8589 1.6131
v 0.2296 2.9669 1.6254
v -0.0107 3.2269 1.5421
v -0.0487 0.8455 1.5950
v 0.0103 0.7498 1.6019
v 0.0070 0.9067 1.5767
v 0.0017 0.9997 1.6164
v 0.3031 1.8416 1.5530
v 0.4847 1.7868 1.5882
v 0.5525 1.7927 1.6561
v -0.2714 1.9013 1.6375
v 0.0533 1.8828 1.6219
v -0.4960 2.0513 1.5476
v 0.4737 2.0769 1.6005
v 0.4359 2.1695 1.5784
v 0.2698 2.2925 1.5478
v 0.2038 2.2128 1.5710
v -0.1865 2.9873 1.6337
v 0.0922 3.0771 1.6243
v 0.1009 0.8368 1.6437
v 0.0723 0.8810 1.6444
v -0.4406 1.8578 1.4927
v 0.2745 1.8835 1.6265
v -0.0736 1.8388 1.6310
v 0.1167 1.9413 1.6460
v 0.4476 2.0111 1.6893
v 0.3974 2.1038 1.6459
v 0.2699 2.0152 1.6233
v 0.1873 2.1066 1.6336
v -0.3036 2.4623 1.6123
v -0.3810 2.6577 1.5663
v 0.3252 2.6811 1.6413
v -0.1085 3.0395 1.6422
v -0.1091 3.1845 1.5669
v 0.0881 0.7440 1.6819
v -0.0776 0.7320 1.6637
v -0.1378 0.8123 1.6524
v -0.0836 1.0218 1.6706
v 0.0095 1.1587 1.6553
v -0.4968 1.8086 1.5807
v 0.0985 1.7364 1.6451
v 0.0068 1.7492 1.6531
v -0.1310 1.7610 1.6512
v -0.5307 1.9284 1.5874
v 0.2572 2.2356 1.5574
v -0.2673 2.3660 1.6864
v 0.2790 2.4390 1.6561
v -0.2807 2.8956 1.6248
v 0.0063 0.6716 1.7002
v -0.0746 0.7955 1.6318
v -0.1746 0.9770 1.6534
v 0.1048 1.0009 1.6701
v -0.0616 1.1603 1.6703
v 0.0414 1.1855 1.6593
v 0.1718 1.2341 1.6849
v 0.0883 1.4408 1.6632
v 0.0054 1.2617 1.6930
v 0.0060 1.4244 1.6861
v 0.1554 1.4063 1.6998
v 0.1012 1.5683 1.6805
v 0.0565 1.6233 1.6660
v 0.1667 1.5606 1.6972
v -0.0026 1.6302 1.6964
v 0.5418 1.6586 1.7268
v -0.5482 1.7193 1.6861
v -0.3377 1.7807 1.6627
v -0.3254 1.8243 1.7245
v 0.2973 1.9265 1.6907
v 0.1598 1.8932 1.6767
v -0.4748 1.9812 1.6977
v -0.1128 1.9844 1.6118
v -0.5237 1.9424 1.6755
v -0.2015 2.0903 1.6616
v -0.3441 2.0480 1.6724
v -0.3991 2.0881 1.6556
v 0.2197 2.0031 1.7066
v -0.3119 2.6252 1.6507
v -0.3341 2.7790 1.6209
v 0.2460 2.7824 1.7094
v -0.1639 0.7572 1.6890
v 0.1646 0.9745 1.7134
v 0.1289 0.7991 1.7165
v -0.1949 0.8552 1.6682
v -0.1696 1.1567 1.6883
v -0.1088 1.1431 1.6980
v -0.1599 1.2828 1.7192
v -0.0813 1.3333 1.6864
v -0.1617 1.4420 1.7168
v -0.0553 1.5352 1.6753
v -0.4893 1.6455 1.7199
v -0.1787 1.8282 1.7122
v 0.3373 1.7883 1.7362
v 0.1953 1.7653 1.7317
v -0.5697 1.8075 1.6995
v 0.5523 1.8749 1.6865
v -0.3148 1.9614 1.6924
v -0.4529 1.9532 1.7398
v -0.3992 1.9320 1.7583
v -0.2485 2.3043 1.6089
v 0.2431 2.1763 1.7077
v 0.2174 2.5660 1.7584
v -0.2465 2.8258 1.6979
v -0.2296 0.9073 1.7317
v 0.1820 1.1570 1.7090
v -0.2218 1.2514 1.7157
v 0.2078 1.1785 1.7598
v -0.1338 1.4191 1.7199
v -0.1878 1.3468 1.7266
v -0.1357 1.4820 1.6910
v 0.6169 1.6555 1.8057
v 0.3586 1.7345 1.7232
v -0.2175 1.7825 1.7588
v 0.5029 1.9386 1.7209
v 0.3590 1.9041 1.7562
v 0.3795 2.0009 1.7064
v -0.2346 2.1886 1.7742
v 0.2335 2.1883 1.8063
v 0.1609 2.8402 1.7376
v -0.0842 2.9900 1.6818
v -0.2262 0.7797 1.7840
v 0.1864 0.7855 1.7223
v 0.2237 0.9310 1.7537
v 0.2036 1.2414 1.8251
v -0.2000 1.1417 1.7215
v 0.2047 1.3079 1.7729
v 0.4731 1.6697 1.6971
v -0.3842 1.7420 1.6446
v -0.4045 1.6478 1.8692
v 0.2245 1.7825 1.8120
v -0.2023 1.9163 1.7376
v -0.2361 2.4028 1.7624
v 0.2572 2.4504 1.7179
v 0.0456 2.8243 1.7845
v 0.0779 2.8997 1.7279
v -0.0700 2.8054 1.7895
v -0.0364 0.6449 1.7502
v 0.0878 0.5767 1.8357
v 0.0993 0.6651 1.7621
v -0.1070 0.7016 1.7347
v -0.1623 0.7347 1.7693
v 0.1862 0.7383 1.7688
v 0.2293 0.8078 1.8271
v -0.1779 1.2599 1.7786
v -0.2073 1.5312 1.7746
v 0.1987 1.4983 1.8005
v -0.6395 1.6621 1.8479
v -0.4036 1.7912 1.8573
v -0.5745 1.8197 1.7916
v -0.5327 1.8178 1.8632
v 0.2217 1.9394 1.8338
v -0.2308 2.5240 1.7537
v -0.1498 0.6748 1.8373
v 0.1831 0.7162 1.8590
v -0.2153 1.0729 1.7743
v 0.2242 1.3351 1.8243
v -0.2195 1.4192 1.8160
v -0.5771 1.5953 1.7980
v 0.4473 1.6200 1.7735
v 0.6303 1.6986 1.8722
v 0.5651 1.7980 1.8599
v -0.2315 2.1356 1.7326
v -0.1118 2.7914 1.7842
v 0.0121 2.8113 1.7952
v 0.1421 0.6705 1.7879
v -0.2116 0.8415 1.8685
v 0.2376 0.9941 1.8366
v -0.2334 1.0052 1.8581
v 0.2375 1.0729 1.8640
v -0.2198 1.1643 1.8255
v 0.5764 1.5151 1.8522
v -0.5181 1.4696 1.9121
v -0.2172 1.6313 1.8558
v -0.4503 1.5703 1.8579
v -0.2171 1.8853 1.8431
v -0.2105 2.2724 1.8546
v 0.2001 2.1693 1.9270
v -0.1279 2.5927 1.8248
v 0.2081 0.7637 1.8766
v 0.2207 1.1094 1.9394
v -0.2451 1.1216 1.8823
v -0.2699 1.3311 1.8857
v 0.2142 1.2669 1.8817
v -0.2109 1.5581 1.8463
v -0.5948 1.4795 1.8868
v 0.6346 1.5001 1.8903
v 0.4415 1.5766 1.8651
v 0.2560 1.7148 1.9017
v 0.3442 1.8424 1.7626
v 0.4356 1.7366 1.9160
v 0.2334 1.8992 1.9073
v 0.1689 2.4296 1.8582
v -0.0764 2.5920 1.8511
v 0.0068 2.5564 1.8785
v -0.1523 0.6479 1.9276
v 0.1274 0.5580 1.9254
v 0.1795 0.7517 1.9415
v 0.2266 0.9307 1.9211
v -0.6675 1.5496 1.8994
v -0.4502 1.5309 1.9692
v 0.6761 1.5611 1.9098
v -0.6686 1.6308 1.9212
v 0.4209 1.6574 1.9270
v -0.2081 1.6059 1.9126
v 0.2724 1.6530 1.9188
v 0.6299 1.6880 1.9470
v 0.5509 1.7168 1.9772
v 0.4612 1.8502 1.8465
v 0.1828 2.3276 1.8825
v -0.1689 2.4010 1.8654
v 0.1278 2.5859 1.8342
v -0.1294 2.3359 1.9236
v -0.0229 0.5442 1.8536
v 0.0667 0.4607 1.9519
v -0.1132 0.5212 1.9987
v -0.2006 0.8243 1.9212
v -0.2788 1.2772 1.9223
v 0.2589 1.3803 1.9233
v 0.5203 1.4651 1.9194
v 0.4545 1.5167 1.9699
v 0.2243 1.4926 1.9424
v -0.4674 1.6742 1.9880
v -0.6205 1.7015 1.9375
v -0.4926 1.7526 1.9394
v 0.0541 2.3670 1.9368
v -0.0524 2.4003 1.9303
v 0.1381 0.6381 1.9682
v -0.1612 0.8230 1.9651
v 0.1372 0.8162 1.9591
v -0.2205 0.8800 1.9529
v -0.2143 1.0711 1.9510
v 0.1743 1.0842 1.9624
v 0.1975 1.5778 1.9596
v 0.1611 1.8230 2.0182
v 0.2254 2.0683 1.9348
v -0.2304 2.0589 1.9093
v -0.0006 0.4344 1.9904
v -0.0576 0.4616 1.9534
v -0.1273 0.8516 1.9943
v -0.0614 0.8346 1.9949
v 0.1593 0.9774 1.9968
v -0.2066 0.9315 1.9925
v -0.2384 1.0985 1.9492
v -0.1976 1.2686 2.0014
v 0.2229 1.3484 1.9805
v 0.2026 1.3886 2.0501
v 0.6385 1.4675 2.0281
v -0.2420 1.5153 1.9938
v -0.4882 1.5957 2.0719
v 0.1734 1.5931 2.0090
v -0.2235 1.7672 1.9704
v -0.2107 1.9083 1.9674
v -0.2049 2.0927 1.9663
v 0.1752 2.0740 2.0019
v 0.0217 2.2786 1.9836
v -0.0730 2.2622 1.9785
v 0.1177 0.5351 2.0189
v -0.0821 0.7142 2.0391
v 0.1203 0.6807 2.0282
v 0.0075 0.8381 2.0173
v -0.0428 0.9106 2.0053
v -0.2062 1.0725 2.0236
v 0.1760 1.2312 2.0360
v -0.2296 1.3740 2.0220
v -0.2582 1.3785 1.9716
v 0.5146 1.4942 2.0832
v -0.2198 1.4939 1.9999
v 0.4421 1.5706 1.9828
v 0.5142 1.6694 2.0243
v -0.1188 2.2423 1.9725
v -0.0017 2.1988 2.0273
v -0.0593 0.4757 2.0601
v 0.0703 0.5853 2.0968
v 0.0205 0.7271 2.0583
v 0.0890 0.8238 2.0206
v -0.1661 0.8611 2.0162
v -0.1660 1.1692 2.0608
v 0.0508 1.2319 2.0801
v 0.1626 1.2094 2.0002
v 0.1373 1.2866 2.0462
v -0.2346 1.4270 2.0415
v 0.6868 1.5163 2.0160
v -0.5778 1.7007 1.9909
v -0.1806 1.5912 2.0542
v -0.1619 1.9375 2.0234
v -0.0589 1.9261 2.0630
v 0.0857 2.0279 2.0490
v -0.1165 2.0994 2.0376
v 0.0130 2.1152 2.0645
v -0.1045 0.5724 2.0807
v -0.1163 0.6374 2.0291
v -0.0754 0.6795 2.0765
v -0.0070 1.0034 2.0625
v -0.0759 0.9527 2.0540
v -0.0605 1.1252 2.0930
v 0.0461 1.0780 2.0578
v 0.0013 1.2725 2.0795
v -0.1850 1.2469 2.0446
v -0.1973 1.3520 2.0819
v 0.1491 1.4064 2.1111
v -0.5822 1.4556 2.0152
v 0.7655 1.5342 2.2466
v 0.6395 1.6612 2.0389
v -0.0982 1.7591 2.0719
v 0.0376 1.8328 2.0861
v 0.0064 1.9948 2.0790
v 0.0478 0.5056 2.0926
v 0.0054 0.7195 2.0793
v -0.1350 0.9830 2.0667
v -0.1319 1.2011 2.1096
v -0.2203 1.2850 2.0803
v 0.1388 1.2969 2.0849
v 0.0203 1.3095 2.1115
v -0.1667 1.4392 2.1138
v -0.1423 1.4805 2.0867
v -0.6661 1.4976 1.9957
v -0.5755 1.4727 2.2576
v -0.0322 1.4758 2.1116
v 0.0051 1.5880 2.1123
v -0.0875 1.5582 2.0977
v 0.0329 1.5489 2.1130
v 0.1137 1.7855 2.0812
v 0.0943 1.7183 2.1162
v -0.0492 0.5786 2.1167
v -0.1077 1.1020 2.0996
v -0.0752 1.2159 2.1391
v -0.1415 1.3269 2.1334
v -0.0236 1.3056 2.1379
v 0.0917 1.2984 2.0858
v 0.0148 1.3040 2.1536
v 0.0737 1.3631 2.1479
v -0.7312 1.4325 2.2670
v 0.0466 1.4472 2.1495
v -0.6002 1.5269 2.3639
v 0.6458 1.6108 2.2962
v 0.0581 1.2891 2.1623
v -0.0808 1.3604 2.1558
v -0.0023 1.4128 2.1653
v 0.5707 1.4542 2.1050
v -0.5433 1.4681 2.0719
v -0.7442 1.5520 2.1878
v 0.6937 1.5987 2.0389
v -0.6504 1.6549 2.0575
v 0.0347 1.3170 2.1989
v 0.6469 1.4229 2.2328
v 0.0006 1.4210 2.1962
v -0.6733 1.4198 2.2511
v 0.4932 1.5691 2.0901
v 0.7825 1.5611 2.3414
v -0.5779 1.6471 2.1379
v 0.7448 1.4580 2.2368
v -0.7532 1.4899 2.2195
v 0.6949 1.6109 2.2984
v -0.6795 1.3920 2.3473
v 0.5842 1.5267 2.3272
v -0.7460 1.5850 2.2705
v 0.5147 1.6259 2.0866
v -0.6210 1.5866 2.3285
v -0.6844 1.6130 2.3001
v 0.7962 1.4583 2.3256
v 0.6419 1.6000 2.3764
v 0.7012 1.3878 2.3693
v 0.5914 1.4601 2.2937
v -0.7467 1.3964 2.3712
v 0.6492 1.4054 2.3756
v -0.6175 1.4337 2.3780
v -0.8037 1.4538 2.3512
v -0.6294 1.6063 2.4242
v 0.6705 1.6499 2.4591
v 0.7808 1.4877 2.4425
v -0.6112 1.5325 2.5057
v -0.7976 1.5463 2.3559
v -0.7592 1.4922 2.4918
v 0.7543 1.6078 2.4105
v 0.7612 1.4040 2.3662
v 0.6159 1.5126 2.4829
v 0.7944 1.5417 2.4024
v -0.7005 1.6228 2.3866
v -0.6725 1.4526 2.4660
v 0.6008 1.5614 2.4832
v 0.7728 1.6071 2.6138
v -0.7710 1.6339 2.6183
v -0.7612 1.6146 2.4534
v 0.6963 1.7473 2.6725
v 0.7569 1.6570 2.5481
v 0.7287 1.5358 2.6049
v -0.6980 1.5641 2.6747
v -0.6030 1.6703 2.6540
v 0.6610 1.4811 2.5073
v 0.6007 1.6279 2.6227
v 0.6272 1.7228 2.6625
v 0.6902 1.5861 2.7230
v -0.6494 1.5740 2.6813
v 0.6132 1.6270 2.7373
v -0.7416 1.5882 2.6751
v -0.6420 1.7333 2.6619
v 0.6507 1.5787 2.6942
v -0.5990 1.6387 2.6837
v 0.7671 1.7016 2.7360
v -0.7065 1.7367 2.6572
v -0.6895 1.8049 2.7209
v 0.7569 1.6568 2.7607
v -0.7460 1.6390 2.7767
v -0.5953 1.7771 2.7110
v 0.6066 1.8571 2.7379
v -0.6142 1.6300 2.7610
v 0.5871 1.6854 2.7242
v -0.7548 1.7277 2.7219
v 0.7495 1.7174 2.7730
v -0.5767 1.7343 2.7520
v 0.7380 1.7413 2.6984
v 0.5494 1.8740 2.7759
v 0.6579 1.8780 2.7688
v -0.6216 1.8713 2.7458
v -0.6516 1.8923 2.7799
v -0.5654 1.9001 2.7716
v -0.6741 1.6142 2.7893
v -0.7428 1.7066 2.7828
v -0.5659 1.7616 2.8037
v 0.5726 1.7818 2.7370
v 0.7080 1.7964 2.8013
v -0.5374 1.8629 2.7928
v 0.6503 1.6195 2.7860
v 0.7263 1.6314 2.7898
v 0.5877 1.7129 2.7887
v -0.6860 1.8530 2.8019
v 0.6588 1.9048 2.8115
v 0.5557 1.9741 2.8053
v 0.5607 2.0460 2.8556
v 0.6314 1.7137 2.8292
v -0.6885 1.6859 2.8174
v 0.6766 1.7619 2.8404
v -0.6767 1.8464 2.8413
v 0.6695 1.8609 2.8505
v 0.5464 1.8071 2.8025
v -0.5231 1.8670 2.8491
v 0.5132 1.9167 2.8274
v 0.5238 2.0274 2.8431
v -0.5747 2.0255 2.8461
v -0.6333 1.8238 2.8797
v 0.5469 1.8290 2.8535
v -0.4830 1.9832 2.8834
v 0.6076 2.0024 2.8572
v 0.4597 2.0485 2.8930
v -0.5187 1.9784 2.8248
v -0.4980 2.0833 2.8584
v 0.4893 2.0957 2.8613
v -0.4392 2.2165 2.8663
v -0.3928 2.2262 2.8605
v 0.4309 2.1980 2.8587
v -0.3580 2.3400 2.8638
v 0.3608 2.3331 2.8634
v -0.2919 2.4007 2.8510
v 0.3141 2.4293 2.8866
v -0.2675 2.4269 2.8543
v 0.5917 1.8283 2.8872
v -0.6010 1.7411 2.8295
v -0.4390 2.0750 2.8994
v 0.5843 2.0770 2.9119
v 0.4927 2.1672 2.8811
v -0.5099 2.1515 2.8897
v 0.3625 2.2330 2.8741
v 0.4376 2.2556 2.8893
v 0.3073 2.3105 2.8929
v -0.3483 2.2385 2.8925
v -0.4249 2.2755 2.8922
v -0.3488 2.3799 2.8928
v 0.2564 2.4042 2.8719
v 0.3631 2.3611 2.8925
v 0.2666 2.4165 2.8571
v -0.2602 2.3930 2.8967
v 0.2803 2.4558 2.8893
v -0.2756 2.4528 2.8935
v -0.5929 1.8477 2.8959
v 0.6101 1.9011 2.9112
v -0.6284 1.9321 2.8996
v 0.4859 1.9693 2.9034
v -0.5116 1.9467 2.9273
v 0.6248 1.9546 2.8976
v -0.4605 2.0173 2.9376
v -0.6007 2.0255 2.8944
v 0.4111 2.1266 2.9252
v -0.3766 2.3312 2.9186
v -0.3235 2.2961 2.9220
v -0.3011 2.3975 2.9198
v 0.5468 1.9396 2.9401
v -0.5926 2.0083 2.9384
v 0.5760 2.0720 2.9638
v 0.4545 2.0528 2.9525
v 0.3995 2.1880 2.9499
v -0.4251 2.1483 2.9604
v -0.5591 2.1102 2.9168
v -0.3882 2.2118 2.9464
v 0.4615 2.2191 2.9324
v 0.3808 2.2610 2.9482
v 0.3101 2.3318 2.9214
v -0.4010 2.2656 2.9426
v -0.3505 2.3072 2.9377
v 0.3595 2.3491 2.9208
v 0.2899 2.3955 2.9209
v 0.4860 2.0272 2.9814
v -0.5761 2.0795 2.9538
v -0.4932 2.0360 2.9885
v 0.5445 2.0552 2.9952
v -0.4926 2.1387 2.9666
v 0.4763 2.1329 2.9726
v -0.5374 2.0648 2.9935
v -0.5471 2.0163 2.9769
vn -0.696 -0.401 -0.596
vn 0.497 0.020 -0.868
vn -0.121 -0.927 -0.354
vn -0.190 0.420 -0.888
vn 0.598 0.275 -0.752
vn -0.807 0.091 -0.584
vn -0.985 -0.120 -0.125
vn 0.408 -0.859 -0.310
vn -0.221 -0.881 0.418
vn 0.928 -0.035 -0.370
vn -0.651 0.242 -0.719
vn 0.531 -0.518 0.671
vn -0.809 -0.588 0.004
vn 0.921 -0.143 0.362
vn 0.305 0.333 -0.892
vn -0.159 0.295 -0.942
vn 0.966 0.150 -0.211
vn -0.745 0.152 -0.650
vn 0.793 0.080 -0.604
vn 0.048 -0.561 0.827
vn 0.397 0.276 -0.875
vn -0.744 -0.535 0.400
vn 0.989 -0.132 -0.059
vn -0.950 -0.098 -0.298
vn -0.331 0.409 -0.850
vn -0.817 -0.407 -0.409
vn 0.145 -0.752 0.643
vn 0.642 -0.243 -0.727
vn -0.521 0.171 -0.836
vn -0.632 0.280 -0.722
vn 0.537 0.369 -0.759
vn -0.360 -0.152 -0.921
vn -0.054 -0.503 -0.863
vn -0.547 -0.012 -0.837
vn 0.189 0.607 -0.772
vn 0.194 -0.415 -0.889
vn -0.214 -0.204 -0.955
vn -0.232 -0.199 -0.952
vn -0.049 -0.354 -0.934
vn 0.417 -0.425 -0.803
vn 0.346 -0.938 0.005
vn 0.407 -0.066 -0.911
vn -0.319 -0.001 -0.948
vn 0.223 -0.373 -0.901
vn -0.386 -0.656 -0.649
vn 0.375 -0.571 -0.730
vn 0.277 -0.065 -0.959
vn -0.393 -0.110 -0.913
vn 0.324 0.132 -0.937
vn 0.375 0.007 -0.927
vn 0.522 0.171 -0.836
vn -0.300 0.355 -0.886
vn -0.178 -0.493 -0.851
vn -0.452 -0.219 -0.865
vn -0.575 -0.295 -0.763
vn 0.270 -0.178 -0.946
vn -0.429 -0.217 -0.877
vn 0.218 -0.226 -0.949
vn 0.350 0.315 -0.882
vn -0.374 0.551 -0.746
vn 0.325 -0.336 -0.884
vn -0.213 -0.412 -0.886
vn 0.254 -0.365 -0.896
vn 0.124 -0.297 -0.947
vn 0.052 -0.436 -0.898
vn -0.009 -0.450 -0.893
vn 0.452 -0.162 -0.877
vn 0.014 -0.185 -0.983
vn 0.190 -0.212 -0.959
vn -0.384 -0.047 -0.922
vn -0.476 0.079 -0.876
vn 0.543 0.014 -0.840
vn 0.479 0.193 -0.857
vn -0.342 0.425 -0.838
vn 0.320 0.454 -0.831
vn 0.354 0.524 -0.775
vn 0.176 0.671 -0.720
vn 0.161 -0.463 -0.871
vn 0.009 -0.528 -0.849
vn 0.021 -0.415 -0.910
vn -0.230 -0.556 -0.798
vn 0.448 -0.397 -0.801
vn -0.520 -0.261 -0.813
vn -0.613 -0.093 -0.785
vn -0.659 0.038 -0.751
vn -0.360 0.193 -0.913
vn -0.148 0.672 -0.726
vn 0.311 -0.560 -0.768
vn -0.030 -0.415 -0.909
vn -0.024 -0.483 -0.875
vn 0.102 -0.524 -0.846
vn -0.192 -0.570 -0.799
vn 0.090 -0.207 -0.974
vn 0.102 -0.222 -0.970
vn -0.211 -0.248 -0.946
vn 0.423 -0.113 -0.899
vn 0.531 0.036 -0.847
vn -0.591 0.242 -0.770
vn -0.283 0.563 -0.777
vn -0.022 -0.487 -0.873
vn -0.163 -0.547 -0.821
vn -0.282 -0.276 -0.919
vn 0.157 -0.525 -0.836
vn 0.021 -0.414 -0.910
vn -0.133 -0.494 -0.859
vn -0.174 -0.468 -0.867
vn 0.356 -0.396 -0.847
vn -0.606 0.113 -0.787
vn 0.643 0.170 -0.747
vn 0.607 0.135 -0.783
vn 0.606 0.276 -0.746
vn 0.169 0.644 -0.746
vn 0.073 0.003 -0.997
vn 0.054 -0.330 -0.943
vn -0.193 -0.595 -0.780
vn -0.032 -0.360 -0.932
vn -0.422 -0.067 -0.904
vn -0.129 -0.598 -0.791
vn -0.383 -0.530 -0.757
vn -0.304 -0.637 -0.708
vn 0.221 -0.316 -0.923
vn 0.277 -0.426 -0.861
vn -0.679 -0.269 -0.683
vn 0.251 -0.239 -0.938
vn 0.496 -0.041 -0.867
vn -0.533 -0.088 -0.842
vn 0.038 0.665 -0.746
vn -0.207 0.695 -0.689
vn -0.019 0.710 -0.704
vn 0.933 -0.322 0.161
vn 0.931 -0.364 -0.025
vn 0.029 -0.326 -0.945
vn -0.080 -0.661 -0.746
vn 0.055 -0.499 -0.865
vn -0.192 -0.075 -0.978
vn 0.466 -0.224 -0.856
vn 0.303 -0.543 -0.783
vn -0.358 -0.359 -0.862
vn 0.230 -0.266 -0.936
vn 0.138 -0.289 -0.947
vn 0.593 -0.225 -0.773
vn 0.152 -0.327 -0.933
vn -0.520 -0.056 -0.852
vn 0.568 -0.223 -0.792
vn -0.612 -0.247 -0.751
vn 0.124 -0.126 -0.984
vn 0.537 0.045 -0.842
vn -0.149 -0.195 -0.969
vn 0.556 0.080 -0.827
vn 0.547 0.128 -0.827
vn 0.676 0.332 -0.658
vn 0.519 0.391 -0.760
vn 0.413 0.436 -0.799
vn 0.351 0.575 -0.739
vn 0.090 0.715 -0.693
vn -0.178 0.041 -0.983
vn 0.106 -0.061 -0.992
vn 0.240 -0.120 -0.963
vn 0.316 0.009 -0.949
vn 0.504 0.269 -0.821
vn -0.149 -0.222 -0.964
vn -0.730 -0.198 -0.654
vn -0.764 -0.200 -0.614
vn 0.287 -0.296 -0.911
vn -0.421 -0.335 -0.843
vn -0.172 -0.607 -0.776
vn 0.099 -0.585 -0.805
vn -0.240 -0.677 -0.696
vn 0.025 -0.509 -0.860
vn -0.268 -0.242 -0.932
vn -0.022 -0.289 -0.957
vn -0.496 -0.065 -0.866
vn 0.484 -0.434 -0.760
vn -0.300 -0.148 -0.942
vn 0.603 -0.108 -0.791
vn 0.663 0.105 -0.741
vn -0.629 0.127 -0.767
vn 0.717 0.185 -0.673
vn 0.364 0.575 -0.732
vn 0.308 0.703 -0.641
vn 0.426 0.084 -0.901
vn 0.122 0.001 -0.992
vn -0.176 -0.112 -0.978
vn 0.504 -0.158 -0.849
vn 0.418 -0.146 -0.897
vn -0.526 -0.028 -0.850
vn 0.221 0.249 -0.943
vn -0.009 0.051 -0.999
vn -0.459 0.051 -0.887
vn 0.407 -0.252 -0.878
vn 0.294 0.065 -0.954
vn -0.118 0.027 -0.993
vn 0.701 -0.404 -0.587
vn 0.383 -0.463 -0.799
vn 0.558 -0.401 -0.726
vn 0.166 -0.312 -0.936
vn -0.203 -0.447 -0.871
vn 0.111 -0.763 -0.637
vn -0.842 -0.357 -0.403
vn -0.374 -0.053 -0.926
vn -0.009 -0.333 -0.943
vn -0.113 -0.468 -0.876
vn -0.705 -0.092 -0.703
vn 0.834 -0.463 -0.301
vn 0.681 -0.100 -0.726
vn 0.425 -0.607 -0.671
vn -0.362 -0.068 -0.930
vn 0.579 -0.213 -0.787
vn -0.070 -0.741 -0.668
vn 0.197 -0.816 -0.543
vn 0.265 -0.621 -0.738
vn -0.280 -0.253 -0.926
vn -0.342 -0.229 -0.911
vn 0.737 0.262 -0.623
vn 0.609 0.480 -0.631
vn -0.401 0.558 -0.727
vn -0.290 -0.241 -0.926
vn 0.513 -0.062 -0.856
vn -0.472 0.047 -0.880
vn -0.345 0.001 -0.939
vn 0.434 -0.010 -0.901
vn -0.609 -0.026 -0.793
vn 0.394 -0.092 -0.915
vn 0.655 -0.088 -0.751
vn -0.232 -0.070 -0.970
vn -0.145 -0.075 -0.987
vn -0.286 -0.489 -0.824
vn 0.080 -0.526 -0.847
vn -0.056 -0.543 -0.838
vn 0.195 -0.522 -0.831
vn 0.060 -0.705 -0.707
vn -0.042 -0.470 -0.882
vn 0.241 -0.528 -0.815
vn -0.019 -0.609 -0.793
vn 0.319 -0.471 -0.822
vn 0.751 -0.158 -0.641
vn -0.673 -0.176 -0.718
vn 0.619 -0.136 -0.774
vn -0.702 0.256 -0.665
vn -0.556 0.376 -0.741
vn 0.513 0.530 -0.675
vn 0.449 0.696 -0.560
vn -0.033 -0.770 -0.638
vn -0.038 -0.452 -0.891
vn 0.321 -0.537 -0.780
vn -0.561 -0.291 -0.775
vn 0.761 -0.127 -0.637
vn 0.679 -0.012 -0.734
vn -0.243 -0.005 -0.970
vn 0.458 -0.124 -0.880
vn 0.494 -0.121 -0.861
vn -0.690 0.023 -0.724
vn -0.211 -0.341 -0.916
vn -0.189 -0.453 -0.871
vn 0.067 -0.401 -0.914
vn 0.620 -0.300 -0.725
vn -0.278 -0.942 -0.189
vn 0.442 -0.548 -0.710
vn -0.266 -0.810 -0.522
vn 0.394 -0.914 -0.094
vn -0.051 -0.371 -0.927
vn -0.133 -0.920 -0.369
vn 0.372 -0.348 -0.861
vn -0.692 -0.187 -0.697
vn -0.695 -0.052 -0.717
vn -0.709 -0.002 -0.705
vn -0.667 0.439 -0.602
vn -0.068 0.797 -0.601
vn 0.108 0.775 -0.622
vn -0.732 -0.038 -0.681
vn -0.533 0.029 -0.845
vn 0.723 -0.038 -0.690
vn -0.295 0.011 -0.955
vn -0.754 -0.149 -0.640
vn 0.707 -0.183 -0.683
vn -0.453 -0.338 -0.825
vn -0.353 0.026 -0.935
vn 0.151 -0.367 -0.918
vn -0.029 -0.362 -0.932
vn 0.227 -0.519 -0.824
vn 0.000 0.000 -0.000
vn 0.801 -0.175 -0.573
vn 0.082 -0.571 -0.817
vn -0.734 -0.057 -0.677
vn 0.246 -0.688 -0.683
vn -0.252 -0.893 -0.372
vn -0.538 -0.120 -0.835
vn 0.337 -0.282 -0.898
vn 0.267 -0.298 -0.917
vn -0.480 -0.044 -0.876
vn 0.581 -0.228 -0.781
vn 0.658 0.011 -0.753
vn -0.777 0.009 -0.630
vn 0.848 0.202 -0.490
vn 0.743 0.176 -0.646
vn -0.727 0.246 -0.641
vn 0.610 0.594 -0.524
vn -0.593 0.560 -0.579
vn -0.437 0.653 -0.618
vn 0.673 -0.613 -0.414
vn -0.381 -0.621 -0.684
vn 0.738 -0.181 -0.650
vn -0.543 -0.121 -0.831
vn 0.657 -0.163 -0.736
vn -0.907 -0.158 -0.390
vn -0.334 -0.262 -0.905
vn 0.117 -0.300 -0.947
vn 0.653 -0.086 -0.752
vn -0.444 -0.028 -0.896
vn -0.760 -0.617 -0.204
vn -0.202 -0.397 -0.895
vn -0.311 -0.681 -0.663
vn -0.364 0.005 -0.931
vn 0.705 -0.137 -0.696
vn -0.378 -0.798 -0.469
vn 0.389 -0.225 -0.893
vn 0.794 -0.326 -0.513
vn 0.641 -0.178 -0.747
vn 0.792 -0.238 -0.563
vn -0.556 -0.051 -0.829
vn 0.989 -0.147 -0.033
vn -0.735 -0.089 -0.673
vn -0.718 0.182 -0.671
vn -0.740 0.334 -0.584
vn 0.782 0.387 -0.489
vn -0.679 0.497 -0.540
vn -0.582 0.631 -0.512
vn -0.301 0.791 -0.533
vn 0.115 0.882 -0.457
vn -0.916 -0.041 -0.400
vn -0.491 -0.253 -0.834
vn -0.249 -0.206 -0.947
vn 0.752 -0.120 -0.648
vn -0.721 0.036 -0.692
vn -0.692 -0.114 -0.713
vn 0.935 -0.326 0.140
vn -0.157 -0.192 -0.969
vn -0.788 -0.333 -0.518
vn -0.892 -0.196 0.407
vn 0.546 -0.160 -0.823
vn 0.725 -0.186 -0.663
vn 0.264 -0.503 -0.823
vn -0.391 -0.710 -0.585
vn 0.784 -0.483 -0.391
vn -0.683 0.043 -0.729
vn -0.763 0.078 -0.642
vn 0.887 -0.298 0.352
vn 0.942 -0.320 0.098
vn -0.861 -0.072 -0.503
vn 0.909 0.048 -0.414
vn -0.832 0.126 -0.541
vn 0.797 0.291 -0.529
vn 0.716 0.229 -0.660
vn -0.716 0.411 -0.564
vn -0.178 0.823 -0.540
vn 0.375 -0.827 -0.418
vn -0.693 -0.578 -0.431
vn -0.957 -0.114 -0.268
vn 0.133 -0.476 -0.870
vn -0.206 -0.131 -0.970
vn 0.257 -0.191 -0.947
vn 0.127 -0.463 -0.877
vn -0.978 -0.004 -0.210
vn -0.192 -0.478 -0.857
vn -0.172 -0.152 -0.973
vn -0.715 -0.205 -0.668
vn 0.224 -0.421 -0.879
vn -0.127 -0.109 -0.986
vn 0.621 -0.344 0.704
vn 0.054 -0.704 -0.708
vn -0.749 -0.385 -0.540
vn -0.164 -0.788 -0.593
vn 0.841 -0.416 -0.346
vn -0.751 -0.098 -0.653
vn -0.548 -0.783 -0.295
vn -0.963 -0.015 -0.268
vn 0.954 -0.127 -0.273
vn -0.875 -0.039 -0.482
vn -0.034 -0.757 -0.652
vn 0.776 -0.521 -0.356
vn -0.744 0.549 -0.381
vn -0.606 0.605 -0.516
vn -0.467 0.706 -0.533
vn -0.448 0.767 -0.460
vn 0.405 0.770 -0.493
vn -0.339 -0.890 -0.305
vn -0.721 -0.693 0.010
vn 0.807 -0.567 -0.168
vn 0.533 -0.299 -0.792
vn 0.258 -0.282 -0.924
vn -0.918 -0.086 -0.387
vn -0.409 -0.129 -0.903
vn 0.909 -0.256 -0.328
vn 0.478 -0.093 -0.873
vn 0.495 -0.173 -0.851
vn 0.976 -0.157 -0.151
vn 0.095 -0.156 -0.983
vn 0.839 -0.206 -0.503
vn 0.534 -0.066 -0.843
vn 0.724 -0.176 -0.667
vn 0.059 -0.821 -0.567
vn 0.740 -0.072 -0.669
vn -0.725 -0.543 -0.424
vn -0.928 -0.274 0.254
vn 0.559 -0.775 -0.294
vn 0.291 -0.706 -0.646
vn 0.974 -0.225 -0.012
vn 0.970 -0.116 -0.215
vn 0.854 0.310 -0.419
vn 0.553 0.658 -0.510
vn 0.258 0.834 -0.487
vn 0.080 -0.958 -0.275
vn 0.985 -0.147 -0.092
vn 0.051 -0.082 -0.995
vn -0.437 -0.076 -0.896
vn 0.897 -0.175 -0.405
vn -0.146 -0.117 -0.982
vn 0.902 -0.091 -0.421
vn 0.318 -0.186 -0.930
vn -0.241 -0.146 -0.959
vn -0.577 -0.184 -0.796
vn 0.694 -0.152 -0.704
vn -0.834 -0.393 -0.387
vn -0.299 -0.923 -0.241
vn 0.764 -0.624 -0.166
vn 0.935 -0.281 -0.217
vn -0.996 0.039 -0.078
vn 0.677 -0.294 -0.675
vn -0.913 -0.018 -0.408
vn -0.858 0.102 -0.503
vn 0.925 0.046 -0.378
vn -0.854 0.270 -0.446
vn -0.804 0.316 -0.503
vn 0.586 0.705 -0.400
vn 0.443 0.807 -0.391
vn -0.008 0.860 -0.510
vn -0.089 0.891 -0.445
vn -0.206 -0.397 -0.895
vn 0.504 -0.087 -0.859
vn -0.511 -0.122 -0.851
vn 0.225 -0.076 -0.972
vn -0.929 -0.140 -0.342
vn 0.594 -0.198 -0.780
vn 0.695 -0.090 0.713
vn -0.549 -0.271 -0.790
vn -0.929 -0.004 -0.370
vn 0.870 -0.484 -0.098
vn 0.732 -0.023 -0.681
vn -0.886 -0.117 -0.448
vn 0.852 -0.175 -0.494
vn 0.889 0.354 -0.289
vn -0.792 0.382 -0.476
vn 0.646 0.680 -0.346
vn -0.281 0.881 -0.381
vn -0.362 0.870 -0.334
vn -0.505 -0.862 0.048
vn 0.311 -0.305 -0.900
vn 0.569 -0.253 -0.783
vn 0.976 -0.057 -0.209
vn -0.959 -0.139 -0.246
vn -0.617 -0.271 -0.739
vn 0.632 -0.220 -0.743
vn -0.092 -0.464 -0.881
vn -0.636 -0.224 -0.739
vn -0.963 -0.198 -0.185
vn 0.787 -0.157 0.596
vn -0.700 -0.199 -0.686
vn 0.568 -0.133 -0.812
vn 0.950 0.075 0.304
vn -0.916 -0.016 -0.402
vn 0.841 -0.149 0.521
vn 0.641 -0.685 0.348
vn -0.646 -0.487 -0.588
vn -0.320 -0.876 -0.362
vn -0.973 -0.043 -0.227
vn 0.774 -0.043 -0.631
vn -0.977 -0.182 -0.108
vn 0.879 0.125 -0.460
vn 0.831 0.399 -0.388
vn -0.857 0.409 -0.315
vn -0.582 0.683 -0.440
vn 0.507 -0.862 0.021
vn -0.949 -0.307 -0.076
vn 0.783 -0.245 -0.572
vn -0.957 -0.212 -0.197
vn 0.990 -0.126 -0.070
vn 0.993 -0.115 0.006
vn 0.562 0.047 -0.826
vn 0.756 -0.099 -0.647
vn -0.857 -0.266 -0.442
vn -0.691 -0.612 -0.386
vn 0.509 -0.802 0.312
vn 0.909 0.104 -0.405
vn 0.871 -0.478 -0.115
vn 0.052 -0.882 -0.469
vn -0.998 0.031 -0.053
vn 0.846 -0.125 -0.518
vn -0.936 0.222 -0.272
vn -0.907 0.331 -0.261
vn 0.843 0.466 -0.269
vn 0.724 0.592 -0.354
vn 0.488 0.821 -0.297
vn 0.284 0.880 -0.381
vn -0.190 0.924 -0.332
vn 0.029 0.901 -0.433
vn -0.087 -0.985 0.148
vn 0.932 -0.323 0.166
vn -0.990 -0.064 -0.126
vn -0.745 -0.081 -0.662
vn -0.982 -0.136 0.129
vn 0.815 -0.183 -0.549
vn -0.966 -0.191 -0.174
vn 0.937 -0.146 -0.317
vn 0.970 0.010 -0.243
vn -0.878 -0.478 0.028
vn -0.668 -0.661 0.343
vn -0.102 -0.596 0.796
vn -0.735 -0.636 -0.237
vn -0.945 -0.248 -0.211
vn 0.788 -0.182 -0.588
vn -0.947 -0.210 -0.243
vn -0.954 -0.175 -0.244
vn 0.823 -0.163 -0.545
vn 0.901 0.260 -0.348
vn -0.662 0.646 -0.380
vn 0.111 0.902 -0.418
vn -0.363 -0.821 0.440
vn -0.636 -0.202 -0.745
vn 0.829 -0.386 0.404
vn -0.929 -0.222 0.297
vn 0.710 -0.254 -0.657
vn -0.962 -0.154 -0.227
vn -0.982 -0.174 -0.078
vn 0.870 -0.379 -0.314
vn -0.975 0.048 -0.216
vn -0.853 -0.375 -0.363
vn -0.750 -0.592 -0.295
vn -0.686 -0.582 -0.436
vn -0.009 -0.944 -0.329
vn 0.043 -0.838 -0.544
vn 0.760 -0.098 -0.643
vn -0.898 -0.154 -0.412
vn -0.991 -0.120 0.056
vn 0.963 0.006 -0.268
vn -0.953 0.138 -0.268
vn 0.925 0.327 -0.193
vn -0.748 0.587 -0.308
vn 0.004 0.955 -0.296
vn -0.060 -0.783 -0.619
vn 0.167 -0.857 0.488
vn 0.480 -0.677 -0.557
vn -0.500 -0.652 -0.571
vn 0.570 -0.683 0.457
vn 0.950 -0.096 0.297
vn 0.951 -0.295 0.096
vn 0.987 -0.139 0.080
vn -0.961 -0.276 -0.034
vn -0.982 -0.172 0.083
vn 0.988 -0.118 -0.103
vn 0.964 -0.142 -0.227
vn 0.909 -0.043 -0.414
vn -0.913 0.100 -0.395
vn 0.950 -0.135 -0.280
vn -0.937 -0.056 -0.344
vn 0.954 -0.138 -0.266
vn -0.944 0.240 -0.228
vn -0.848 0.484 -0.217
vn -0.692 0.648 -0.318
vn 0.603 0.717 -0.350
vn -0.578 0.745 -0.332
vn 0.787 -0.584 -0.198
vn 0.956 -0.124 -0.268
vn 0.998 -0.055 -0.033
vn -0.947 -0.122 -0.296
vn 0.914 -0.304 -0.268
vn -0.898 -0.213 -0.385
vn -0.640 -0.313 -0.701
vn 0.923 -0.236 -0.303
vn -0.599 -0.380 -0.705
vn -0.993 0.021 -0.120
vn -0.029 -0.607 -0.794
vn 0.998 -0.058 -0.005
vn -0.610 -0.101 -0.786
vn 0.990 -0.082 0.113
vn -0.997 -0.007 0.077
vn 1.000 0.019 -0.011
vn -0.938 0.167 0.303
vn 0.949 0.263 -0.171
vn -0.928 0.298 -0.225
vn -0.924 0.341 -0.175
vn -0.816 0.545 -0.190
vn 0.337 0.891 -0.303
vn 0.119 -0.974 -0.193
vn -0.059 -0.969 -0.241
vn -0.752 -0.648 -0.119
vn -0.705 -0.581 0.406
vn -0.837 -0.240 -0.492
vn 0.951 -0.062 -0.304
vn -0.707 -0.257 -0.659
vn -0.924 -0.164 0.346
vn -0.857 -0.196 -0.477
vn 0.981 -0.147 0.125
vn -0.531 -0.313 -0.788
vn -0.938 -0.127 0.321
vn 0.422 -0.731 -0.537
vn -0.628 -0.404 -0.665
vn -0.432 -0.614 -0.660
vn 0.856 -0.379 -0.352
vn 0.764 -0.619 -0.184
vn -0.794 -0.106 -0.599
vn -0.717 -0.139 -0.684
vn -0.979 -0.013 -0.205
vn -0.998 -0.047 0.033
vn 0.783 0.569 -0.250
vn 0.720 0.638 -0.273
vn -0.295 0.906 -0.304
vn -0.763 -0.258 0.593
vn -0.980 -0.197 -0.041
vn 0.898 -0.203 0.391
vn 0.976 -0.214 -0.042
vn -0.895 -0.259 0.364
vn -0.378 -0.795 -0.475
vn -0.978 -0.133 0.160
vn -0.963 -0.229 -0.144
vn -0.913 -0.140 -0.383
vn 0.980 -0.099 0.172
vn -0.998 0.062 0.007
vn -0.452 0.847 -0.279
vn 0.400 0.888 -0.226
vn 0.317 0.911 -0.263
vn 0.030 0.977 -0.209
vn -0.421 -0.832 -0.360
vn 0.141 -0.691 0.709
vn -0.438 -0.584 0.683
vn 0.394 -0.471 0.789
vn 0.925 -0.296 0.239
vn 0.984 -0.172 -0.038
vn -0.839 -0.237 0.490
vn -0.607 -0.319 -0.728
vn -0.898 -0.426 -0.108
vn 0.963 -0.180 0.198
vn 0.872 -0.485 -0.066
vn -0.955 -0.295 -0.042
vn 0.994 -0.104 0.033
vn -0.996 0.055 -0.076
vn 0.988 -0.150 -0.044
vn 0.981 0.193 -0.013
vn -0.959 0.279 -0.056
vn -0.770 0.593 -0.236
vn -0.591 0.776 -0.221
vn -0.414 0.865 -0.284
vn 0.148 0.941 -0.304
vn -0.416 -0.902 0.116
vn 0.555 -0.792 -0.252
vn 0.976 -0.218 0.003
vn 0.713 -0.276 0.644
vn -0.613 -0.189 0.767
vn -0.989 -0.128 0.076
vn -0.923 -0.245 -0.298
vn 0.862 -0.327 0.387
vn 0.987 -0.120 0.106
vn -0.254 -0.523 0.813
vn 0.985 -0.144 0.097
vn -0.979 0.136 -0.151
vn 0.960 0.278 -0.038
vn 0.877 0.432 -0.209
vn -0.892 0.440 -0.103
vn 0.580 0.800 -0.155
vn 0.427 0.877 -0.218
vn -0.136 0.955 -0.265
vn 0.444 -0.873 0.201
vn -0.116 -0.769 0.628
vn -0.952 -0.258 0.165
vn 0.766 -0.275 0.581
vn -0.839 -0.190 0.510
vn -0.885 -0.222 0.410
vn -0.829 -0.191 0.526
vn 0.690 -0.488 0.534
vn 0.822 -0.381 0.423
vn -0.694 -0.242 0.678
vn 0.851 -0.424 0.311
vn -0.695 -0.192 0.693
vn 0.936 -0.093 0.340
vn -0.877 -0.127 0.464
vn -0.947 0.033 0.320
vn 0.969 -0.074 0.234
vn -0.468 -0.133 0.874
vn -0.957 -0.035 0.286
vn 0.991 -0.130 0.034
vn -0.999 -0.044 -0.005
vn 0.984 0.170 0.057
vn -0.961 0.275 -0.016
vn 0.924 0.348 -0.161
vn -0.941 0.311 -0.133
vn -0.729 0.663 -0.171
vn 0.506 0.830 -0.237
vn 0.012 -0.329 0.944
vn 0.927 -0.106 0.359
vn 0.721 -0.230 0.654
vn -0.691 -0.203 0.693
vn -0.916 -0.258 0.307
vn -0.863 -0.256 0.436
vn 0.700 -0.383 0.602
vn -0.664 -0.253 0.704
vn 0.976 -0.111 0.188
vn 0.870 -0.487 -0.071
vn -0.195 -0.772 0.605
vn 0.994 -0.099 0.052
vn -0.875 -0.132 0.466
vn -0.715 -0.155 0.682
vn 0.979 -0.171 -0.112
vn 0.998 -0.034 0.054
vn -0.997 -0.063 0.054
vn -0.977 0.212 -0.013
vn 0.662 0.730 -0.167
vn -0.304 0.911 -0.277
vn -0.243 0.953 -0.184
vn 0.765 -0.597 0.239
vn 0.948 -0.141 0.285
vn -0.406 -0.230 0.884
vn 0.473 -0.261 0.842
vn -0.738 -0.293 0.608
vn 0.709 -0.289 0.644
vn -0.975 -0.207 0.075
vn 0.987 -0.122 0.109
vn 0.720 -0.582 -0.378
vn 0.882 -0.362 -0.301
vn -0.971 -0.219 0.095
vn -0.982 0.143 0.123
vn 0.961 0.273 -0.046
vn 0.788 0.585 -0.192
vn -0.566 0.798 -0.206
vn -0.385 0.902 -0.196
vn 0.193 0.957 -0.217
vn -0.076 0.971 -0.228
vn 0.056 -0.946 0.318
vn -0.509 -0.792 0.338
vn -0.536 -0.254 0.805
vn -0.913 -0.331 0.237
vn -0.811 -0.319 0.491
vn 0.655 -0.235 0.718
vn 0.451 -0.238 0.861
vn -0.950 -0.182 0.254
vn -0.957 -0.172 -0.234
vn -0.023 -0.847 0.531
vn -0.764 -0.636 -0.111
vn 0.853 -0.428 0.297
vn 0.601 -0.729 0.327
vn -0.094 -0.754 -0.651
vn -0.976 -0.192 -0.108
vn -0.971 -0.175 0.164
vn -0.889 -0.196 0.414
vn 0.908 -0.102 0.407
vn -0.940 -0.120 0.320
vn 0.936 0.327 -0.128
vn -0.869 0.461 -0.179
vn 0.110 -0.689 0.716
vn -0.598 -0.553 0.581
vn -0.757 -0.623 0.198
vn -0.939 -0.249 0.238
vn -0.176 -0.270 0.946
vn -0.893 -0.181 0.411
vn 0.192 -0.302 0.934
vn -0.319 -0.275 0.907
vn 0.966 -0.164 0.198
vn 0.497 -0.239 0.834
vn 0.469 -0.285 0.836
vn -0.621 -0.355 0.699
vn -0.963 -0.242 0.123
vn -0.898 -0.263 0.353
vn -0.956 -0.271 0.110
vn 0.985 -0.088 0.147
vn 0.928 -0.066 0.368
vn 0.979 0.198 0.041
vn -0.945 0.310 -0.105
vn 0.848 0.496 -0.187
vn -0.782 0.603 -0.156
vn 0.321 0.928 -0.187
vn -0.174 -0.686 0.706
vn 0.447 -0.745 0.495
vn 0.748 -0.275 0.604
vn 0.818 -0.173 0.548
vn -0.289 -0.351 0.891
vn 0.564 -0.315 0.763
vn -0.953 -0.244 -0.177
vn 0.954 -0.171 0.248
vn -0.914 -0.149 -0.378
vn 0.240 -0.755 -0.610
vn 0.176 -0.978 0.115
vn 0.277 -0.382 0.881
vn 0.535 -0.694 -0.482
vn 0.987 -0.127 -0.093
vn -0.970 -0.091 0.227
vn -0.944 -0.077 0.322
vn 0.946 0.138 0.293
vn 0.931 0.354 -0.087
vn 0.595 0.768 -0.237
vn 0.359 0.919 -0.161
vn 0.371 -0.554 0.745
vn -0.774 -0.339 0.535
vn -0.726 -0.319 0.610
vn -0.489 -0.398 0.776
vn 0.908 -0.210 0.362
vn 0.408 -0.376 0.832
vn -0.785 -0.322 0.530
vn 0.658 -0.404 0.635
vn 0.840 -0.441 0.317
vn 0.933 -0.356 -0.053
vn -0.044 -0.889 -0.457
vn 0.034 -0.750 0.661
vn -0.721 -0.578 -0.382
vn 0.012 -0.688 0.726
vn 0.771 -0.066 0.633
vn 0.964 -0.035 0.265
vn 0.969 0.238 -0.070
vn -0.973 0.231 -0.011
vn -0.883 0.447 -0.146
vn 0.052 0.974 -0.222
vn -0.754 -0.152 0.638
vn -0.031 -0.392 0.920
vn -0.084 -0.388 0.918
vn -0.190 -0.428 0.883
vn -0.395 -0.289 0.872
vn 0.978 -0.171 0.119
vn -0.840 -0.462 0.286
vn -0.275 -0.185 0.943
vn -0.702 -0.256 0.665
vn 0.904 -0.070 0.423
vn -0.618 -0.675 0.403
vn -0.885 -0.088 0.458
vn 0.849 -0.110 0.517
vn 0.750 -0.084 0.656
vn -0.908 -0.327 0.263
vn -0.969 -0.151 0.198
vn 0.975 0.038 0.218
vn -0.928 0.368 -0.062
vn 0.831 0.548 -0.091
vn -0.819 0.540 -0.194
vn 0.672 0.730 -0.128
vn -0.744 0.654 -0.139
vn -0.460 0.875 -0.151
vn 0.240 0.955 -0.172
vn -0.087 -0.351 0.932
vn 0.435 -0.342 0.833
vn 0.509 -0.098 0.855
vn 0.464 -0.114 0.878
vn 0.547 -0.219 0.808
vn -0.819 -0.295 0.492
vn -0.797 -0.268 0.542
vn 0.586 -0.778 0.227
vn 0.790 -0.569 0.229
vn -0.709 -0.268 0.652
vn -0.621 -0.170 0.765
vn -0.390 -0.173 0.904
vn -0.783 -0.341 0.520
vn -0.668 -0.266 0.695
vn 0.014 -0.665 0.747
vn -0.535 -0.282 0.796
vn 0.307 -0.857 0.413
vn 0.852 -0.271 0.448
vn 0.022 -0.326 0.945
vn 0.494 -0.791 0.362
vn -0.775 -0.153 0.614
vn 0.819 -0.034 0.573
vn -0.854 -0.192 0.483
vn 0.889 -0.162 0.428
vn -0.985 0.026 0.169
vn 0.894 -0.146 0.424
vn -0.633 0.752 -0.183
vn 0.361 0.915 -0.179
vn 0.183 -0.188 0.965
vn -0.356 -0.242 0.903
vn -0.509 -0.082 0.857
vn -0.467 -0.287 0.837
vn 0.088 -0.528 0.845
vn -0.112 -0.436 0.893
vn 0.559 -0.369 0.743
vn 0.288 -0.795 0.533
vn -0.221 -0.224 0.949
vn 0.203 -0.269 0.941
vn 0.901 -0.102 0.421
vn -0.719 -0.464 0.517
vn -0.701 -0.704 0.110
vn -0.733 -0.621 0.277
vn 0.460 -0.854 0.242
vn 0.703 -0.502 0.505
vn 0.122 -0.622 0.774
vn -0.084 -0.883 0.462
vn -0.550 -0.269 0.790
vn 0.828 -0.014 0.560
vn -0.761 -0.356 0.543
vn 0.899 -0.136 0.415
vn 0.951 0.305 -0.058
vn 0.897 0.426 -0.114
vn 0.822 0.557 -0.115
vn 0.719 0.685 -0.112
vn 0.557 0.822 -0.121
vn -0.527 0.835 -0.158
vn -0.537 -0.237 0.810
vn 0.592 -0.321 0.739
vn -0.733 -0.306 0.607
vn -0.345 -0.319 0.883
vn 0.059 -0.237 0.970
vn -0.754 -0.473 0.455
vn -0.685 -0.160 0.710
vn -0.639 -0.272 0.720
vn -0.927 -0.268 0.263
vn 0.776 -0.240 0.584
vn -0.994 -0.094 0.063
vn 0.906 -0.182 0.382
vn 0.993 0.115 0.025
vn 0.975 0.220 -0.033
vn -0.790 0.599 -0.132
vn -0.167 -0.146 0.975
vn 0.249 -0.161 0.955
vn -0.178 -0.248 0.952
vn 0.474 -0.224 0.852
vn 0.417 -0.318 0.851
vn 0.619 -0.121 0.776
vn 0.067 -0.180 0.981
vn 0.001 -0.256 0.967
vn 0.196 -0.318 0.927
vn -0.199 -0.278 0.940
vn -0.566 -0.729 0.384
vn -0.761 -0.646 -0.057
vn 0.176 -0.984 -0.011
vn -0.634 -0.285 0.718
vn 0.383 -0.047 0.922
vn 0.481 -0.246 0.842
vn -0.323 -0.307 0.895
vn -0.094 -0.297 0.950
vn 0.794 -0.113 0.598
vn -0.938 -0.128 0.321
vn 0.925 -0.187 0.332
vn 0.984 0.042 0.173
vn -0.992 0.111 0.061
vn -0.958 0.280 -0.063
vn -0.847 0.526 -0.075
vn -0.651 0.744 -0.153
vn 0.022 0.983 -0.184
vn -0.043 0.983 -0.181
vn 0.024 -0.299 0.954
vn 0.441 -0.222 0.870
vn 0.331 0.034 0.943
vn -0.539 -0.403 0.739
vn -0.081 -0.926 0.368
vn -0.428 -0.690 0.584
vn -0.255 -0.425 0.869
vn -0.134 -0.179 0.975
vn -0.506 -0.843 0.184
vn -0.334 -0.905 0.265
vn 0.377 -0.503 0.778
vn -0.574 -0.476 0.667
vn 0.799 -0.134 0.587
vn -0.879 -0.327 0.349
vn 0.922 0.374 -0.100
vn -0.657 0.737 -0.155
vn 0.679 0.721 -0.136
vn 0.362 0.908 -0.210
vn -0.327 0.931 -0.161
vn -0.383 0.911 -0.150
vn -0.252 0.952 -0.176
vn 0.119 0.979 -0.167
vn 0.156 0.961 -0.230
vn -0.259 -0.382 0.887
vn -0.123 -0.231 0.965
vn -0.630 -0.608 0.483
vn -0.168 -0.277 0.946
vn 0.368 -0.137 0.920
vn 0.360 -0.254 0.898
vn -0.531 -0.396 0.749
vn -0.271 -0.454 0.849
vn -0.589 -0.343 0.732
vn 0.539 -0.050 0.841
vn -0.369 -0.631 0.682
vn 0.595 -0.599 0.535
vn -0.177 -0.958 0.224
vn 0.557 -0.196 0.807
vn -0.077 -0.470 0.879
vn 0.497 -0.060 0.865
vn 0.628 -0.459 0.629
vn -0.725 -0.570 0.387
vn 0.910 -0.182 -0.371
vn -0.494 -0.264 0.828
vn -0.595 -0.499 0.630
vn 0.731 -0.178 0.658
vn 0.894 -0.305 0.327
vn 0.965 -0.090 0.247
vn -0.995 0.056 0.080
vn -0.997 0.064 0.035
vn 0.540 0.826 -0.159
vn -0.358 0.914 -0.193
vn 0.323 0.931 -0.167
vn -0.211 0.957 -0.199
vn -0.024 0.984 -0.177
vn -0.070 -0.465 0.883
vn 0.019 -0.797 0.604
vn 0.323 -0.088 0.942
vn -0.029 -0.898 0.438
vn 0.252 -0.119 0.960
vn -0.026 -0.935 0.352
vn -0.224 -0.888 -0.402
vn -0.135 -0.651 0.747
vn -0.303 -0.580 0.756
vn -0.155 -0.797 0.584
vn -0.340 -0.932 0.123
vn -0.441 -0.507 0.741
vn 0.977 -0.212 0.021
vn -0.747 -0.634 0.202
vn 0.933 -0.226 -0.280
vn -0.992 -0.020 0.128
vn 0.726 0.673 -0.142
vn -0.488 0.868 -0.094
vn -0.367 -0.488 0.792
vn 0.114 -0.287 0.951
vn -0.132 -0.052 0.990
vn -0.455 -0.287 0.843
vn 0.343 -0.099 0.934
vn -0.294 -0.703 0.648
vn 0.259 -0.054 0.965
vn -0.331 -0.077 0.940
vn -0.162 -0.295 0.942
vn -0.622 -0.537 0.569
vn -0.620 -0.760 -0.192
vn 0.401 -0.132 0.906
vn -0.320 -0.687 0.652
vn -0.208 -0.596 0.776
vn 0.335 -0.108 0.936
vn -0.079 -0.958 0.276
vn 0.464 -0.813 0.352
vn 0.212 -0.801 0.560
vn -0.818 -0.435 0.375
vn 0.632 -0.390 0.670
vn 0.713 -0.555 0.428
vn -0.961 -0.225 0.164
vn 0.972 -0.207 0.114
vn 0.996 0.067 -0.063
vn 0.570 0.806 -0.161
vn 0.330 0.920 -0.214
vn -0.069 -0.145 0.987
vn -0.062 -0.436 0.898
vn -0.500 -0.782 0.373
vn 0.124 -0.282 0.952
vn 0.143 -0.896 0.420
vn -0.151 -0.822 0.549
vn 0.382 -0.530 0.757
vn 0.057 -0.449 0.892
vn 0.563 -0.601 0.568
vn -0.807 -0.545 0.227
vn -0.890 -0.453 0.053
vn -0.759 -0.578 0.299
vn 0.638 0.749 -0.178
vn 0.038 0.988 -0.152
vn 0.577 -0.805 0.137
vn -0.183 -0.980 0.073
vn 0.467 -0.812 0.351
vn -0.136 -0.690 0.711
vn 0.347 -0.922 -0.172
vn 0.563 -0.814 0.143
vn -0.426 -0.855 0.295
vn -0.755 -0.475 0.453
vn -0.332 -0.849 0.412
vn 0.247 -0.945 -0.215
vn 0.457 -0.882 -0.114
vn 0.434 -0.465 -0.771
vn 0.423 -0.508 0.751
vn -0.681 -0.638 0.360
vn 0.956 -0.265 -0.125
vn -0.991 -0.033 -0.131
vn -0.993 0.089 -0.082
vn 0.780 0.601 -0.175
vn -0.892 0.435 -0.119
vn -0.855 0.495 -0.157
vn -0.550 -0.810 -0.203
vn -0.464 -0.886 0.024
vn -0.171 -0.328 0.929
vn 0.413 -0.905 -0.099
vn 0.483 -0.859 -0.167
vn -0.268 -0.953 0.143
vn -0.684 -0.690 0.237
vn -0.736 -0.674 -0.067
vn 0.488 -0.872 0.027
vn 0.948 -0.301 0.105
vn -0.805 -0.534 0.258
vn -0.818 -0.414 0.399
vn -0.989 -0.127 0.075
vn -0.912 0.394 -0.118
vn -0.770 0.628 -0.115
vn 0.254 0.945 -0.203
vn -0.220 0.954 -0.203
vn 0.175 -0.977 0.124
vn -0.298 -0.948 -0.111
vn -0.144 -0.964 0.222
vn -0.016 -0.990 -0.137
vn -0.405 -0.914 0.017
vn 0.324 -0.916 0.238
vn -0.047 -0.991 -0.127
vn 0.264 -0.892 -0.366
vn 0.057 -0.869 -0.491
vn 0.641 -0.732 -0.234
vn -0.663 -0.738 -0.122
vn -0.253 -0.879 -0.405
vn -0.013 -0.992 0.124
vn 0.042 -0.871 0.490
vn 0.474 -0.741 0.476
vn 0.831 -0.556 -0.029
vn -0.875 -0.433 0.215
vn -0.911 -0.413 0.017
vn 0.992 0.070 -0.106
vn 0.961 0.262 -0.086
vn -0.678 0.723 -0.131
vn -0.437 0.885 -0.162
vn -0.105 -0.901 -0.422
vn -0.202 -0.934 -0.293
vn 0.744 -0.659 0.112
vn -0.669 -0.724 -0.168
vn 0.230 -0.719 0.655
vn -0.375 -0.926 -0.049
vn -0.732 -0.661 0.166
vn -0.837 -0.431 -0.338
vn 0.731 -0.594 0.336
vn -0.884 -0.453 0.112
vn 0.994 -0.096 -0.057
vn -0.953 0.266 -0.143
vn -0.487 0.860 -0.154
vn 0.482 0.860 -0.168
vn -0.064 0.986 -0.152
vn -0.438 -0.894 -0.090
vn 0.239 -0.942 -0.237
vn -0.445 -0.853 -0.273
vn 0.284 -0.876 -0.390
vn -0.088 -0.754 0.651
vn -0.551 -0.810 -0.201
vn 0.728 -0.681 0.075
vn -0.681 -0.491 -0.544
vn 0.910 -0.371 -0.185
vn -0.947 -0.298 -0.120
vn 0.949 -0.237 -0.206
vn -0.990 -0.126 -0.055
vn 0.988 -0.091 -0.126
vn 0.973 0.211 -0.092
vn 0.041 0.983 -0.178
vn -0.201 -0.943 0.263
vn -0.217 -0.976 0.005
vn 0.459 -0.884 0.089
vn 0.440 -0.883 0.162
vn -0.488 -0.868 0.095
vn -0.359 -0.829 -0.428
vn -0.191 -0.964 -0.187
vn 0.556 -0.827 -0.080
vn -0.711 -0.702 0.023
vn -0.702 -0.664 0.259
vn 0.654 -0.561 0.508
vn -0.695 -0.694 -0.190
vn 0.923 -0.374 -0.092
vn -0.985 0.078 -0.152
vn 0.732 0.664 -0.152
vn 0.534 0.837 -0.120
vn 0.169 0.976 -0.136
vn -0.045 -0.965 0.260
vn 0.155 -0.983 -0.102
vn 0.467 -0.871 -0.152
vn -0.010 -0.929 -0.371
vn 0.754 -0.654 0.066
vn 0.134 -0.894 0.427
vn -0.745 -0.592 0.308
vn 0.111 -0.989 -0.096
vn 0.781 -0.599 0.179
vn 0.621 -0.754 0.213
vn -0.794 -0.497 -0.350
vn -0.988 -0.123 -0.092
vn -0.868 0.473 -0.154
vn 0.928 0.371 -0.033
vn 0.890 0.441 -0.113
vn 0.678 0.718 -0.160
vn 0.387 0.912 -0.134
vn 0.013 0.987 -0.162
vn -0.125 0.982 -0.142
vn -0.079 -0.917 0.391
vn -0.059 -0.992 -0.112
vn -0.409 -0.904 -0.124
vn 0.394 -0.914 0.099
vn 0.217 -0.969 0.115
vn 0.083 -0.940 -0.331
vn -0.751 -0.539 0.380
vn -0.741 -0.666 0.081
vn 0.770 -0.592 0.239
vn 0.965 -0.232 -0.119
vn -0.964 0.254 -0.074
vn -0.697 0.705 -0.130
vn -0.526 0.846 -0.085
vn -0.260 0.959 -0.115
vn 0.136 -0.956 -0.259
vn -0.172 -0.979 -0.107
vn -0.206 -0.977 -0.050
vn 0.297 -0.927 0.227
vn -0.245 -0.970 0.011
vn -0.559 -0.816 0.151
vn 0.555 -0.754 -0.350
vn 0.515 -0.771 -0.375
vn 0.218 -0.661 -0.718
vn 0.838 -0.546 0.027
vn -0.506 -0.849 -0.152
vn 0.666 -0.565 0.487
vn -0.711 -0.692 0.123
vn -0.990 -0.087 -0.113
vn 0.992 -0.104 0.066
vn -0.958 0.234 -0.167
vn -0.526 0.841 -0.125
vn 0.263 0.945 -0.194
vn 0.176 0.969 -0.175
vn 0.250 -0.965 0.073
vn 0.203 -0.944 -0.258
vn 0.048 -0.998 0.031
vn -0.037 -0.992 -0.122
vn 0.459 -0.870 -0.177
vn 0.842 -0.510 -0.178
vn -0.769 -0.640 0.004
vn -0.978 -0.207 -0.035
vn -0.997 -0.000 -0.083
vn 0.914 0.385 -0.128
vn 0.790 0.607 -0.084
vn 0.646 0.746 -0.163
vn 0.543 0.823 -0.166
vn 0.102 -0.992 -0.073
vn 0.003 -1.000 0.022
vn -0.280 -0.957 -0.078
vn -0.465 -0.828 0.314
vn -0.656 -0.751 -0.069
vn -0.810 -0.586 0.025
vn 0.743 -0.668 0.037
vn -0.860 -0.506 -0.065
vn 0.854 -0.417 0.311
vn -0.994 0.069 -0.084
vn -0.919 0.395 -0.000
vn 0.823 0.564 -0.071
vn 0.153 -0.987 -0.047
vn 0.261 -0.883 -0.390
vn 0.517 -0.823 0.236
vn 0.550 -0.835 -0.020
vn -0.712 -0.699 0.070
vn 0.572 -0.796 0.198
vn 0.566 -0.825 0.007
vn 0.788 -0.616 0.029
vn -0.625 -0.777 -0.074
vn 0.846 -0.516 -0.133
vn 0.621 -0.724 0.302
vn -0.811 -0.585 -0.022
vn -0.954 -0.294 -0.064
vn 0.966 -0.197 0.167
vn -0.965 -0.220 -0.147
vn -0.987 -0.039 -0.153
vn 0.997 0.047 -0.064
vn 0.982 0.158 -0.105
vn -0.987 0.162 -0.015
vn -0.836 0.540 -0.101
vn 0.469 0.868 -0.164
vn 0.417 0.897 -0.147
vn -0.118 0.978 -0.171
vn 0.006 0.987 -0.159
vn 0.145 -0.978 -0.151
vn 0.134 -0.968 -0.214
vn 0.086 -0.846 -0.526
vn -0.171 -0.907 -0.384
vn 0.040 -0.834 -0.551
vn -0.105 -0.986 -0.127
vn -0.205 -0.978 0.033
vn -0.431 -0.902 0.026
vn 0.663 -0.747 -0.044
vn 0.318 -0.937 0.146
vn -0.241 -0.965 -0.101
vn 0.656 -0.704 0.273
vn 0.822 -0.562 -0.096
vn 0.905 -0.415 -0.098
vn 0.979 -0.191 -0.066
vn -0.636 0.763 -0.114
vn -0.417 0.897 -0.146
vn -0.178 -0.977 -0.117
vn 0.466 -0.861 0.203
vn 0.408 -0.898 -0.161
vn 0.628 -0.774 -0.085
vn -0.539 -0.818 0.201
vn -0.679 -0.723 -0.126
vn 0.748 -0.660 0.075
vn -0.677 -0.725 -0.125
vn 0.795 -0.590 -0.143
vn 0.814 -0.561 -0.151
vn -0.653 -0.738 -0.171
vn 0.966 0.259 -0.013
vn -0.942 0.331 -0.064
vn 0.823 0.554 -0.127
vn 0.680 0.729 -0.077
vn -0.557 0.813 -0.167
vn 0.384 0.906 -0.179
vn 0.132 0.977 -0.166
vn 0.070 -0.986 0.151
vn 0.259 -0.922 0.288
vn -0.070 -0.967 -0.244
vn 0.060 -0.817 0.574
vn 0.344 -0.809 0.477
vn -0.314 -0.934 -0.173
vn -0.481 -0.876 -0.005
vn -0.693 -0.700 -0.175
vn -0.348 -0.935 0.074
vn 0.598 -0.798 0.072
vn -0.780 -0.596 -0.194
vn 0.830 -0.493 -0.260
vn -0.890 -0.407 0.205
vn -0.971 -0.178 0.157
vn -0.781 0.618 -0.083
vn -0.320 -0.946 0.050
vn 0.028 -0.998 -0.048
vn -0.367 -0.925 -0.094
vn 0.738 -0.674 0.038
vn -0.876 -0.457 0.155
vn 0.996 -0.075 -0.049
vn 0.992 0.123 -0.032
vn 0.905 0.421 -0.067
vn -0.265 0.952 -0.152
vn 0.421 -0.907 -0.030
vn -0.159 -0.981 -0.109
vn 0.402 -0.907 0.123
vn -0.516 -0.853 -0.082
vn 0.644 -0.702 -0.304
vn -0.456 -0.880 -0.128
vn -0.313 -0.858 0.407
vn -0.644 -0.763 -0.059
vn 0.564 -0.772 -0.294
vn -0.646 -0.746 -0.160
vn 0.727 -0.651 -0.216
vn -0.886 -0.358 0.294
vn 0.733 -0.469 -0.493
vn 0.953 -0.301 -0.033
vn 0.988 -0.155 0.020
vn -0.997 -0.021 0.073
vn 0.531 0.830 -0.168
vn -0.528 0.813 -0.248
vn -0.378 0.902 -0.207
vn -0.195 -0.981 0.015
vn -0.258 -0.964 -0.063
vn 0.130 -0.910 0.394
vn 0.074 -0.997 0.014
vn -0.437 -0.891 0.124
vn 0.241 -0.965 -0.101
vn -0.655 -0.734 -0.178
vn 0.725 -0.663 -0.187
vn -0.738 -0.562 -0.374
vn 0.726 -0.628 -0.280
vn -0.783 -0.620 -0.049
vn 0.855 -0.459 0.242
vn 0.988 -0.041 -0.146
vn -0.998 0.044 0.045
vn 0.944 0.329 -0.006
vn -0.736 0.671 -0.093
vn 0.335 0.907 -0.255
vn -0.430 0.876 -0.219
vn -0.221 0.934 -0.280
vn -0.032 0.963 -0.267
vn 0.260 -0.951 0.167
vn -0.186 -0.961 -0.204
vn 0.056 -0.928 0.370
vn 0.359 -0.902 0.239
vn -0.411 -0.908 0.087
vn 0.598 -0.787 -0.153
vn 0.557 -0.636 -0.535
vn -0.362 -0.932 0.006
vn -0.882 -0.467 -0.061
vn 0.682 -0.696 -0.223
vn -0.928 -0.341 -0.152
vn 0.906 -0.386 0.174
vn -0.925 -0.348 0.154
vn -0.965 -0.202 0.166
vn -0.889 0.455 -0.050
vn 0.727 0.678 -0.106
vn -0.612 0.769 -0.182
vn 0.670 0.711 -0.215
vn 0.134 0.952 -0.275
vn 0.307 -0.918 -0.252
vn 0.099 -0.994 -0.051
vn -0.286 -0.945 0.158
vn -0.058 -0.989 -0.133
vn 0.307 -0.947 0.095
vn 0.045 -0.999 -0.017
vn -0.527 -0.837 -0.147
vn -0.797 -0.601 0.062
vn 0.825 -0.565 0.018
vn 0.890 -0.368 0.269
vn -0.965 -0.263 -0.015
vn 0.970 0.241 -0.038
vn 0.410 0.868 -0.279
vn 0.039 0.954 -0.296
vn 0.554 -0.803 -0.218
vn 0.023 -0.995 0.102
vn -0.078 -0.995 0.069
vn 0.236 -0.911 -0.340
vn 0.714 -0.696 0.071
vn -0.595 -0.800 -0.082
vn -0.240 -0.962 -0.129
vn 0.657 -0.753 0.036
vn -0.758 -0.644 0.103
vn 0.820 -0.572 -0.028
vn 0.959 -0.279 -0.040
vn -0.950 0.314 -0.002
vn -0.908 0.413 -0.067
vn 0.862 0.501 -0.084
vn -0.395 0.870 -0.295
vn 0.039 0.948 -0.316
vn -0.054 -0.971 0.234
vn -0.033 -0.999 0.036
vn -0.389 -0.917 0.086
vn 0.310 -0.950 -0.043
vn 0.203 -0.922 0.329
vn -0.498 -0.799 -0.337
vn -0.717 -0.601 0.354
vn -0.912 -0.405 0.069
vn -0.987 -0.160 0.014
vn 0.990 -0.108 0.092
vn 0.996 0.022 0.081
vn 0.911 0.403 -0.084
vn -0.838 0.542 -0.067
vn 0.739 0.659 -0.140
vn -0.692 0.695 -0.195
vn 0.463 0.841 -0.280
vn -0.402 0.866 -0.297
vn 0.186 0.931 -0.315
vn -0.015 -0.978 0.210
vn -0.232 -0.968 0.095
vn 0.014 -0.981 -0.191
vn -0.310 -0.783 0.539
vn 0.569 -0.804 -0.173
vn 0.470 -0.839 0.274
vn -0.511 -0.857 0.059
vn 0.613 -0.789 0.042
vn -0.478 -0.870 0.123
vn -0.489 -0.841 0.233
vn 0.735 -0.642 0.220
vn -0.554 -0.709 0.437
vn -0.714 -0.700 -0.016
vn 0.742 -0.615 0.268
vn -0.873 -0.451 0.186
vn 0.889 -0.439 -0.131
vn 0.982 0.185 0.046
vn -0.808 0.577 -0.120
vn 0.069 0.940 -0.333
vn -0.231 0.930 -0.286
vn -0.036 0.951 -0.307
vn 0.133 -0.980 -0.145
vn -0.248 -0.844 0.475
vn 0.028 -0.996 0.079
vn -0.300 -0.830 0.469
vn -0.286 -0.900 0.330
vn 0.678 -0.648 0.346
vn 0.879 -0.416 -0.231
vn 0.988 -0.064 0.142
vn -0.969 0.247 -0.018
vn 0.845 0.524 -0.107
vn 0.817 0.565 -0.114
vn 0.607 0.760 -0.233
vn -0.525 0.805 -0.276
vn -0.026 -0.979 0.205
vn 0.385 -0.873 -0.300
vn -0.377 -0.926 0.009
vn 0.556 -0.830 -0.042
vn -0.111 -0.975 0.194
vn -0.671 -0.740 0.052
vn -0.698 -0.672 0.249
vn 0.778 -0.622 0.090
vn -0.651 -0.656 0.383
vn 0.759 -0.582 0.293
vn -0.817 -0.524 0.241
vn -0.994 -0.107 -0.002
vn 0.969 -0.195 0.152
vn 0.993 0.088 0.082
vn 0.756 0.618 -0.216
vn -0.755 0.627 -0.192
vn -0.658 0.722 -0.212
vn -0.129 0.952 -0.279
vn -0.242 -0.949 0.200
vn 0.217 -0.879 0.424
vn 0.068 -0.967 0.247
vn -0.604 -0.755 -0.255
vn 0.586 -0.770 -0.253
vn 0.231 -0.957 -0.175
vn -0.279 -0.942 -0.189
vn 0.046 -0.951 -0.305
vn 0.717 -0.688 0.114
vn -0.726 -0.645 -0.240
vn -0.772 -0.501 -0.391
vn -0.860 -0.477 0.180
vn 0.853 -0.402 0.333
vn 0.964 -0.266 -0.030
vn 0.911 -0.197 0.363
vn -0.972 0.233 0.004
vn 0.942 0.337 -0.013
vn 0.452 -0.842 0.296
vn 0.080 -0.993 0.085
vn 0.233 -0.966 -0.108
vn -0.316 -0.945 -0.083
vn -0.715 -0.679 -0.163
vn -0.561 -0.817 -0.136
vn -0.553 -0.780 -0.292
vn -0.808 -0.580 -0.102
vn 0.883 -0.323 0.341
vn -0.939 -0.324 0.116
vn -0.997 0.068 0.042
vn 0.979 0.198 0.041
vn 0.534 0.803 -0.263
vn 0.176 0.938 -0.300
vn 0.014 0.955 -0.296
vn 0.271 -0.961 -0.048
vn -0.284 -0.878 -0.385
vn 0.257 -0.927 0.271
vn -0.069 -0.920 0.385
vn 0.266 -0.964 0.003
vn 0.068 -0.946 0.318
vn 0.657 -0.680 0.324
vn 0.623 -0.782 -0.003
vn -0.609 -0.765 0.207
vn -0.578 -0.721 0.382
vn 0.902 -0.426 0.066
vn 0.851 -0.496 -0.175
vn 0.822 -0.502 0.270
vn -0.925 -0.335 0.179
vn -0.978 0.209 0.024
vn -0.907 0.395 -0.142
vn 0.828 0.519 -0.211
vn 0.930 0.358 -0.078
vn -0.807 0.553 -0.208
vn 0.667 0.681 -0.302
vn -0.354 0.899 -0.257
vn -0.281 -0.959 -0.048
vn 0.271 -0.818 0.508
vn 0.358 -0.922 0.147
vn -0.306 -0.858 -0.413
vn 0.251 -0.788 0.562
vn 0.415 -0.764 0.494
vn 0.396 -0.830 0.393
vn 0.633 -0.758 0.155
vn -0.733 -0.610 0.301
vn -0.707 0.664 -0.243
vn 0.664 0.713 -0.223
vn -0.300 0.913 -0.276
vn -0.224 0.916 -0.334
vn -0.011 -0.778 0.628
vn 0.157 -0.974 0.162
vn -0.330 -0.923 0.198
vn -0.707 -0.702 0.083
vn -0.198 -0.968 -0.156
vn -0.345 -0.937 0.058
vn 0.625 -0.755 0.198
vn 0.820 -0.569 0.067
vn -0.861 -0.471 0.189
vn 0.951 -0.308 0.035
vn -0.957 -0.278 0.082
vn -0.996 0.054 0.068
vn -0.926 0.370 -0.080
vn 0.299 0.914 -0.275
vn -0.107 0.955 -0.275
vn 0.177 0.934 -0.311
vn -0.187 -0.879 0.439
vn -0.127 -0.971 0.205
vn -0.128 -0.940 0.315
vn 0.317 -0.919 0.235
vn 0.521 -0.720 0.458
vn 0.514 -0.843 0.160
vn 0.683 -0.704 0.195
vn 0.779 -0.610 0.146
vn 0.852 -0.507 -0.128
vn -0.987 -0.064 0.150
vn 0.968 0.241 -0.074
vn -0.526 0.812 -0.254
vn -0.220 -0.780 0.586
vn 0.102 -0.992 -0.069
vn -0.179 -0.865 0.469
vn -0.153 -0.909 0.389
vn -0.084 -0.982 0.168
vn -0.596 -0.803 -0.028
vn 0.726 -0.670 0.157
vn 0.775 -0.630 0.036
vn -0.917 -0.353 0.185
vn -0.843 -0.480 0.242
vn -0.978 -0.125 0.166
vn 0.985 -0.147 0.094
vn -0.966 0.247 -0.079
vn 0.901 0.410 -0.144
vn -0.853 0.496 -0.163
vn -0.562 0.784 -0.265
vn 0.371 0.877 -0.305
vn -0.409 0.876 -0.254
vn -0.018 0.958 -0.287
vn 0.147 -0.980 -0.133
vn -0.304 -0.740 0.600
vn -0.613 -0.788 0.053
vn -0.075 -0.851 0.519
vn -0.743 -0.669 -0.011
vn 0.724 -0.674 0.147
vn 0.633 -0.772 0.059
vn -0.569 -0.664 0.485
vn -0.915 -0.367 0.169
vn -0.968 -0.195 0.156
vn 0.976 -0.181 0.119
vn 0.999 0.036 0.041
vn 0.745 0.631 -0.216
vn 0.594 0.765 -0.249
vn 0.291 0.913 -0.286
vn -0.341 0.894 -0.290
vn -0.536 -0.842 0.054
vn 0.344 -0.877 -0.335
vn 0.198 -0.979 -0.053
vn 0.293 -0.932 0.213
vn 0.116 -0.978 0.175
vn 0.208 -0.898 0.387
vn -0.729 -0.643 0.235
vn -0.732 -0.488 0.476
vn 0.920 -0.390 0.022
vn -0.970 -0.192 0.147
vn 0.964 -0.261 0.047
vn 0.938 0.336 -0.086
vn -0.757 0.616 -0.219
vn -0.374 0.896 -0.239
vn -0.224 -0.948 0.224
vn -0.135 -0.817 0.561
vn -0.061 -0.895 0.441
vn 0.530 -0.838 0.131
vn 0.696 -0.621 0.361
vn 0.683 -0.651 0.331
vn 0.941 -0.248 0.228
vn 0.994 -0.017 0.109
vn 0.989 0.134 -0.058
vn 0.787 0.593 -0.173
vn -0.715 0.658 -0.237
vn 0.190 0.951 -0.243
vn 0.097 -0.984 0.153
vn 0.390 -0.917 0.088
vn 0.472 -0.880 -0.058
vn -0.055 -0.727 0.685
vn 0.121 -0.989 -0.085
vn -0.693 -0.721 0.001
vn 0.731 -0.682 -0.025
vn -0.813 -0.579 0.061
vn 0.753 -0.623 0.213
vn -0.792 -0.582 0.187
vn -0.863 -0.493 0.111
vn 0.866 -0.324 0.381
vn 0.991 -0.083 0.102
vn -0.771 0.620 -0.146
vn -0.601 0.755 -0.261
vn 0.587 0.779 -0.220
vn -0.485 0.831 -0.272
vn -0.151 0.957 -0.246
vn -0.018 0.964 -0.267
vn 0.099 -0.995 -0.010
vn 0.085 -0.991 0.103
vn 0.119 -0.990 0.078
vn -0.098 -0.993 0.060
vn -0.555 -0.787 0.267
vn -0.408 -0.811 0.419
vn -0.224 -0.924 0.310
vn 0.516 -0.779 -0.357
vn 0.459 -0.888 0.015
vn -0.158 -0.853 0.497
vn 0.109 -0.960 0.259
vn -0.429 -0.653 0.624
vn -0.625 -0.778 0.062
vn -0.757 -0.629 0.176
vn 0.760 -0.648 -0.052
vn 0.872 -0.465 -0.153
vn -0.976 -0.205 0.078
vn 0.964 -0.192 0.185
vn -0.992 0.126 0.006
vn -0.958 0.278 -0.065
vn 0.673 0.712 -0.202
vn 0.438 0.867 -0.239
vn -0.255 -0.923 0.288
vn 0.116 -0.965 -0.233
vn 0.337 -0.929 -0.151
vn -0.410 -0.818 0.404
vn -0.225 -0.890 0.395
vn 0.739 -0.667 0.091
vn 0.695 -0.709 -0.122
vn -0.751 -0.650 -0.113
vn -0.815 -0.553 -0.175
vn 0.755 -0.366 0.544
vn 0.901 -0.386 0.197
vn -0.871 -0.481 0.096
vn -0.973 -0.101 0.206
vn -0.991 -0.095 0.093
vn -0.045 -0.997 0.066
vn -0.248 -0.825 -0.509
vn 0.277 -0.883 -0.379
vn 0.460 -0.832 -0.311
vn -0.450 -0.870 0.202
vn -0.523 -0.776 0.352
vn -0.639 -0.652 -0.409
vn 0.811 -0.491 -0.318
vn -0.909 -0.343 -0.237
vn -0.866 -0.493 0.078
vn 0.987 -0.111 0.114
vn -0.976 0.218 -0.013
vn -0.584 0.786 -0.203
vn -0.459 0.857 -0.234
vn 0.442 0.886 -0.141
vn -0.448 0.880 -0.158
vn -0.325 0.924 -0.200
vn -0.069 0.970 -0.234
vn 0.121 -0.962 -0.246
vn -0.617 -0.755 0.224
vn 0.335 -0.895 -0.295
vn 0.402 -0.422 -0.813
vn -0.345 -0.925 -0.158
vn 0.309 -0.948 0.072
vn 0.616 -0.508 -0.602
vn -0.295 -0.707 -0.643
vn -0.288 -0.873 -0.394
vn -0.868 -0.453 0.201
vn 0.961 -0.273 0.038
vn 0.974 0.224 -0.025
vn 0.889 0.448 -0.095
vn -0.802 0.581 -0.141
vn 0.683 0.705 -0.193
vn 0.329 0.929 -0.173
vn 0.268 0.946 -0.184
vn -0.114 -0.968 -0.225
vn -0.161 -0.977 0.141
vn 0.431 -0.474 -0.768
vn 0.382 -0.924 -0.031
vn -0.308 -0.925 -0.221
vn -0.031 -0.940 -0.338
vn 0.186 -0.689 -0.700
vn -0.468 -0.588 -0.660
vn 0.287 -0.384 -0.878
vn -0.703 -0.575 -0.419
vn -0.484 -0.853 -0.196
vn -0.714 -0.697 0.066
vn -0.894 -0.347 -0.284
vn 0.747 -0.303 -0.592
vn 0.961 -0.153 -0.232
vn -0.990 -0.082 0.118
vn -0.824 0.559 -0.095
vn -0.709 0.694 -0.121
vn -0.757 0.634 -0.160
vn -0.288 -0.952 -0.100
vn 0.541 -0.312 -0.781
vn -0.086 -0.955 -0.285
vn -0.048 -0.999 0.008
vn -0.518 -0.729 -0.449
vn 0.162 -0.861 -0.481
vn -0.092 -0.988 0.125
vn 0.859 -0.379 -0.344
vn -0.180 -0.742 -0.646
vn -0.034 -0.654 -0.756
vn -0.492 -0.859 -0.138
vn 0.512 -0.358 -0.781
vn -0.558 -0.473 -0.681
vn -0.975 -0.219 -0.030
vn -0.998 0.060 0.033
vn 1.000 -0.008 0.021
vn 0.983 0.180 -0.024
vn -0.923 0.382 -0.048
vn -0.828 0.549 -0.115
vn -0.567 0.817 -0.108
vn 0.414 0.896 -0.160
vn 0.063 0.980 -0.189
vn 0.150 -0.090 -0.984
vn 0.372 0.049 -0.927
vn -0.386 0.019 -0.922
vn 0.268 0.258 -0.928
vn 0.185 -0.379 -0.907
vn -0.356 -0.133 -0.925
vn 0.224 -0.917 -0.331
vn 0.379 -0.835 -0.399
vn -0.215 -0.636 -0.741
vn 0.032 -0.834 -0.551
vn -0.281 -0.246 -0.927
vn -0.562 -0.520 -0.643
vn -0.026 -0.392 -0.920
vn -0.893 -0.447 -0.044
vn 0.680 -0.349 -0.645
vn -0.230 -0.657 -0.718
vn -0.659 -0.738 -0.146
vn 0.970 -0.174 -0.167
vn -0.850 -0.362 -0.382
vn 0.932 -0.102 -0.348
vn 0.770 0.627 -0.120
vn -0.426 0.895 -0.130
vn 0.118 0.028 -0.993
vn 0.371 -0.004 -0.929
vn -0.027 0.021 -0.999
vn -0.226 -0.065 -0.972
vn 0.119 -0.112 -0.987
vn -0.049 -0.053 -0.997
vn -0.503 -0.012 -0.864
vn 0.485 0.006 -0.874
vn -0.075 0.005 -0.997
vn -0.416 -0.036 -0.909
vn 0.202 0.084 -0.976
vn -0.300 -0.014 -0.954
vn 0.556 0.202 -0.806
vn 0.457 0.129 -0.880
vn -0.448 -0.679 0.582
vn 0.507 -0.801 -0.318
vn 0.186 -0.937 -0.295
vn 0.410 -0.750 -0.520
vn 0.630 -0.223 -0.744
vn 0.047 -0.895 -0.445
vn 0.044 -0.996 -0.073
vn -0.095 -0.366 -0.926
vn -0.295 -0.693 -0.658
vn 0.067 -0.987 0.144
vn 0.126 -0.820 -0.559
vn -0.451 -0.556 -0.698
vn 0.444 -0.336 -0.831
vn 0.571 -0.358 -0.739
vn -0.831 -0.308 -0.464
vn -0.953 -0.174 -0.249
vn -0.992 -0.115 -0.057
vn -0.992 0.049 0.113
vn 0.994 0.073 0.077
vn -0.629 0.769 -0.112
vn 0.547 0.821 -0.162
vn 0.491 0.858 -0.149
vn -0.205 0.968 -0.146
vn 0.214 -0.513 -0.831
vn 0.022 -0.155 -0.988
vn -0.277 -0.501 -0.820
vn -0.314 -0.049 -0.948
vn 0.552 -0.095 -0.829
vn -0.408 -0.013 -0.913
vn -0.413 0.011 -0.911
vn 0.491 -0.113 -0.864
vn 0.543 -0.152 -0.826
vn 0.672 0.090 -0.735
vn -0.108 -0.039 -0.993
vn -0.364 -0.276 -0.890
vn -0.228 -0.799 -0.556
vn -0.182 -0.877 -0.444
vn 0.297 -0.953 0.049
vn -0.686 -0.431 -0.586
vn 0.515 -0.187 -0.837
vn 0.074 -0.997 -0.006
vn 0.314 -0.866 -0.388
vn -0.590 -0.687 -0.425
vn 0.754 -0.395 -0.525
vn -0.695 -0.460 -0.553
vn 0.886 -0.350 -0.304
vn 0.914 -0.323 -0.246
vn 0.944 -0.274 -0.185
vn 0.794 -0.190 -0.578
vn 0.989 -0.058 -0.138
vn -0.998 -0.040 0.039
vn 0.940 0.339 -0.033
vn 0.883 0.470 0.012
vn 0.800 0.600 -0.019
vn 0.671 0.728 -0.140
vn 0.373 0.908 -0.189
vn -0.703 -0.077 -0.707
vn 0.576 -0.084 -0.813
vn -0.643 0.008 -0.766
vn -0.426 -0.011 -0.905
vn -0.478 0.026 -0.878
vn -0.808 -0.084 -0.583
vn -0.607 -0.033 -0.794
vn 0.657 0.125 -0.744
vn 0.717 -0.186 -0.672
vn 0.417 -0.813 -0.408
vn -0.639 -0.767 -0.056
vn 0.464 -0.863 -0.202
vn -0.226 -0.932 0.285
vn -0.412 -0.877 0.247
vn 0.180 -0.870 -0.460
vn 0.018 -0.830 0.558
vn -0.308 -0.859 0.408
vn -0.138 -0.283 -0.949
vn 0.047 -0.310 -0.949
vn -0.158 -0.483 -0.861
vn 0.960 -0.158 -0.233
vn -0.925 -0.313 -0.214
vn -0.962 -0.210 -0.173
vn 1.000 0.003 0.019
vn -0.996 0.018 0.087
vn -0.976 0.217 0.030
vn 0.615 0.788 -0.023
vn -0.420 0.905 -0.073
vn 0.390 0.921 -0.009
vn 0.609 -0.418 -0.674
vn -0.619 -0.435 -0.653
vn 0.693 -0.006 -0.721
vn -0.489 -0.025 -0.872
vn 0.631 0.014 -0.775
vn -0.660 -0.209 -0.721
vn 0.017 -0.897 -0.442
vn -0.244 -0.209 -0.947
vn -0.876 -0.464 -0.133
vn 0.320 -0.579 -0.750
vn -0.361 -0.927 -0.101
vn 0.172 -0.857 -0.485
vn 0.036 -0.283 -0.958
vn -0.582 -0.697 0.419
vn 0.313 -0.941 -0.128
vn 0.734 -0.668 -0.120
vn -0.226 -0.261 -0.939
vn -0.668 -0.566 -0.482
vn 0.558 -0.119 -0.821
vn -0.962 -0.272 0.009
vn -0.869 -0.462 -0.179
vn 0.666 -0.170 -0.727
vn 0.521 -0.618 -0.589
vn -0.994 -0.009 -0.112
vn 0.968 0.236 0.087
vn -0.054 0.991 -0.124
vn -0.045 -0.792 -0.609
vn 0.748 -0.088 -0.657
vn -0.646 -0.085 -0.758
vn 0.648 -0.150 -0.747
vn 0.710 -0.041 -0.703
vn -0.531 -0.182 -0.828
vn -0.522 -0.074 -0.850
vn 0.272 -0.169 -0.947
vn -0.361 0.055 -0.931
vn 0.220 -0.217 -0.951
vn 0.242 -0.737 -0.631
vn -0.268 -0.352 -0.897
vn 0.562 0.023 -0.827
vn 0.594 -0.034 -0.804
vn -0.231 -0.576 -0.784
vn -0.262 -0.041 -0.964
vn -0.300 -0.364 -0.882
vn -0.854 -0.418 0.310
vn -0.770 -0.616 -0.167
vn -0.410 -0.888 0.208
vn -0.815 -0.547 0.192
vn -0.604 -0.304 -0.737
vn 0.805 -0.058 -0.590
vn -0.898 -0.313 -0.310
vn -0.934 -0.328 -0.140
vn 0.944 -0.053 -0.324
vn -0.966 0.256 0.022
vn -0.960 0.281 0.005
vn -0.925 0.380 -0.025
vn -0.769 0.633 -0.084
vn 0.620 0.783 0.041
vn -0.502 0.864 -0.045
vn 0.224 0.972 -0.070
vn -0.196 0.978 -0.068
vn 0.110 0.993 -0.037
vn -0.456 -0.707 -0.540
vn 0.329 -0.241 -0.913
vn 0.498 -0.189 -0.846
vn 0.720 -0.024 -0.693
vn -0.607 -0.284 -0.742
vn -0.230 -0.011 -0.973
vn 0.367 -0.382 -0.848
vn 0.524 -0.625 -0.578
vn 0.947 -0.100 -0.306
vn -0.993 -0.112 -0.033
vn 0.995 0.064 -0.074
vn 0.988 0.060 0.144
vn -0.993 0.069 0.091
vn 0.980 0.051 0.195
vn 0.870 0.490 -0.056
vn -0.904 0.428 -0.009
vn -0.584 0.812 -0.011
vn 0.372 0.928 -0.002
vn -0.064 0.996 -0.056
vn 0.533 -0.686 -0.496
vn -0.824 -0.454 -0.339
vn -0.760 -0.169 -0.628
vn -0.093 -0.377 -0.922
vn 0.882 -0.227 -0.413
vn -0.376 -0.195 -0.906
vn -0.947 -0.111 -0.302
vn 0.249 -0.176 -0.952
vn -0.543 -0.162 -0.824
vn 0.216 -0.451 -0.866
vn -0.578 -0.136 -0.804
vn 0.965 0.129 -0.229
vn 0.495 -0.449 -0.744
vn 0.694 -0.711 -0.112
vn 0.572 -0.007 -0.820
vn 0.654 -0.748 0.111
vn 0.592 -0.806 0.016
vn 0.173 -0.984 -0.034
vn -0.646 -0.238 -0.725
vn -0.666 -0.143 -0.733
vn -0.799 -0.179 -0.574
vn 0.491 0.870 0.039
vn -0.226 -0.936 -0.271
vn 0.629 -0.753 -0.193
vn -0.634 -0.765 -0.111
vn 0.908 -0.239 -0.345
vn 0.933 -0.044 -0.358
vn -0.017 -0.188 -0.982
vn 0.238 -0.223 -0.945
vn 0.868 -0.189 -0.460
vn -0.994 -0.108 0.024
vn 0.358 -0.186 -0.915
vn 0.555 -0.206 -0.806
vn 0.977 0.032 -0.210
vn 0.587 -0.278 -0.761
vn -0.035 -0.181 -0.983
vn -0.898 -0.366 -0.247
vn -0.328 -0.726 0.605
vn -0.657 -0.286 -0.697
vn 0.981 0.055 -0.184
vn 0.885 -0.196 -0.422
vn -0.583 -0.096 -0.807
vn 0.940 -0.151 -0.307
vn -0.922 -0.124 -0.366
vn -0.990 0.016 -0.141
vn 0.959 -0.005 -0.284
vn -0.983 0.122 -0.135
vn -0.972 0.234 0.021
vn -0.747 0.665 0.008
vn 0.752 0.655 -0.075
vn -0.602 0.794 0.088
vn -0.375 0.927 -0.013
vn 0.018 -0.090 -0.996
vn -0.883 -0.033 -0.467
vn 0.293 -0.170 -0.941
vn -0.364 -0.118 -0.924
vn -0.243 -0.096 -0.965
vn -0.335 -0.124 -0.934
vn -0.996 -0.093 -0.018
vn -0.277 -0.142 -0.950
vn -0.503 -0.094 -0.859
vn -0.992 -0.124 -0.002
vn 0.937 -0.322 -0.137
vn -0.654 -0.656 0.376
vn -0.226 -0.957 0.184
vn 0.704 -0.593 0.392
vn 0.941 -0.168 -0.295
vn -0.941 -0.045 -0.335
vn -0.969 0.038 -0.244
vn -0.867 -0.124 -0.482
vn 0.989 0.143 -0.032
vn 0.268 0.963 0.010
vn 0.137 -0.978 -0.160
vn 0.801 -0.584 -0.132
vn -0.041 -0.347 -0.937
vn -0.936 -0.116 -0.333
vn 0.292 -0.185 -0.938
vn 0.992 -0.121 0.035
vn 0.965 -0.184 -0.188
vn -0.885 -0.180 -0.429
vn -0.341 -0.136 -0.930
vn 0.516 -0.131 -0.847
vn -0.968 -0.153 -0.201
vn 0.599 -0.231 -0.767
vn -0.692 -0.183 -0.699
vn 0.582 -0.291 -0.759
vn 0.950 -0.168 -0.263
vn 0.523 -0.151 -0.839
vn 0.840 -0.127 -0.528
vn 0.976 0.120 -0.181
vn -0.643 -0.320 -0.696
vn -0.398 -0.149 -0.905
vn -0.978 -0.028 -0.205
vn -0.348 -0.671 0.655
vn -0.242 -0.558 0.794
vn 0.335 -0.692 0.639
vn -0.724 0.689 0.022
vn 0.768 0.640 -0.017
vn -0.587 0.808 0.049
vn 0.064 0.997 -0.033
vn -0.861 -0.505 0.068
vn 0.139 -0.710 -0.691
vn 0.491 -0.477 -0.729
vn 0.203 -0.515 -0.833
vn -0.445 -0.175 -0.878
vn 0.699 -0.132 -0.703
vn -0.432 -0.221 -0.874
vn 0.177 -0.239 -0.955
vn -0.989 -0.094 -0.116
vn -0.749 -0.342 -0.567
vn -0.553 -0.264 -0.790
vn 0.925 -0.110 -0.364
vn -0.731 -0.145 -0.667
vn 0.803 -0.570 0.175
vn -0.744 -0.666 -0.049
vn 0.627 -0.774 0.089
vn 0.842 -0.133 -0.523
vn 0.889 -0.183 -0.419
vn 1.000 0.023 0.018
vn 0.970 0.167 -0.178
vn 0.980 0.196 0.037
vn -0.983 0.183 -0.010
vn 0.986 0.053 0.156
vn 0.984 0.110 0.137
vn -0.982 0.084 0.166
vn 0.646 0.759 0.082
vn -0.248 -0.960 0.127
vn -0.759 -0.175 -0.628
vn 0.546 -0.252 -0.799
vn -0.692 -0.108 -0.714
vn 0.943 -0.195 -0.268
vn -0.977 -0.109 -0.186
vn 0.952 -0.303 -0.035
vn 0.947 -0.049 -0.318
vn -0.877 -0.120 -0.464
vn 0.734 0.032 -0.678
vn 0.971 -0.022 -0.237
vn -0.939 -0.300 -0.165
vn 0.599 -0.766 0.232
vn 0.995 -0.034 -0.094
vn 0.989 0.024 0.146
vn 0.947 0.286 0.146
vn 0.926 0.361 0.115
vn 0.528 0.849 -0.018
vn -0.274 0.961 0.043
vn 0.225 0.971 -0.083
vn -0.184 0.983 0.009
vn 0.039 -0.979 0.202
vn -0.680 -0.644 0.350
vn 0.773 -0.580 0.256
vn 0.606 -0.557 -0.568
vn -0.981 -0.127 0.149
vn 0.835 -0.130 -0.535
vn -0.809 -0.252 -0.531
vn -0.603 -0.255 -0.756
vn 0.952 -0.197 -0.234
vn 0.731 -0.421 -0.537
vn -0.534 -0.266 -0.803
vn -0.961 -0.110 -0.253
vn 0.887 0.018 -0.462
vn 0.884 -0.461 -0.073
vn 0.826 -0.562 -0.045
vn -0.957 -0.091 -0.274
vn -0.645 -0.090 -0.759
vn -0.813 -0.552 0.185
vn 0.968 -0.134 -0.211
vn -0.909 0.279 -0.311
vn -0.979 -0.137 -0.148
vn 0.978 0.196 0.076
vn -0.990 0.024 0.139
vn -0.893 0.449 0.043
vn -0.647 0.760 0.066
vn 0.617 0.786 0.033
vn -0.463 0.886 0.020
vn 0.444 -0.878 0.180
vn -0.298 -0.712 -0.635
vn 0.927 -0.198 -0.317
vn -0.992 -0.123 -0.033
vn 0.946 -0.315 0.078
vn -0.986 -0.125 -0.106
vn 0.822 -0.432 -0.371
vn 0.840 -0.247 -0.484
vn -0.940 -0.211 -0.268
vn 0.884 -0.334 -0.327
vn 0.969 -0.229 -0.092
vn 0.910 0.053 -0.410
vn 0.916 -0.004 -0.401
vn -0.905 -0.392 -0.166
vn 0.774 -0.325 -0.544
vn -0.950 -0.066 -0.306
vn 0.997 -0.066 0.048
vn -0.997 0.070 -0.043
vn -0.795 -0.116 -0.595
vn 0.962 0.232 0.143
vn -0.933 0.350 0.081
vn 0.860 0.499 0.104
vn -0.638 0.763 0.109
vn 0.433 -0.695 0.574
vn 0.418 -0.836 -0.355
vn 0.094 -0.918 -0.386
vn -0.182 -0.964 -0.192
vn 0.885 -0.150 0.441
vn 0.964 -0.157 0.213
vn 0.957 -0.080 -0.278
vn 0.821 -0.334 -0.463
vn 0.977 -0.157 0.141
vn 0.995 0.033 0.095
vn -0.967 -0.155 -0.203
vn 0.972 -0.228 0.056
vn -0.913 -0.375 0.162
vn 0.996 0.016 0.088
vn 0.895 -0.433 0.111
vn -0.928 0.070 0.366
vn -0.984 0.058 -0.170
vn -0.988 0.065 0.139
vn -0.950 0.269 0.160
vn 0.703 0.712 -0.014
vn -0.521 0.852 -0.057
vn -0.638 0.768 0.059
vn -0.269 0.961 -0.065
vn -0.029 0.992 -0.119
vn -0.237 0.962 -0.134
vn 0.065 -0.784 0.617
vn -0.662 -0.534 -0.525
vn -0.873 -0.329 -0.359
vn 0.908 -0.309 0.281
vn -0.984 -0.179 0.026
vn 0.969 -0.244 0.032
vn 0.978 -0.195 0.079
vn -0.983 -0.179 -0.023
vn -0.973 -0.142 -0.182
vn 0.939 -0.144 -0.311
vn 0.733 -0.198 -0.651
vn 0.991 0.052 0.127
vn 0.928 -0.015 0.372
vn 0.998 0.053 0.038
vn 0.026 -0.843 0.537
vn 0.985 0.016 0.174
vn -0.966 -0.003 0.257
vn -0.978 0.207 -0.029
vn -0.967 0.027 0.254
vn -0.977 0.087 0.194
vn 0.982 0.037 0.187
vn 0.701 0.712 0.054
vn 0.369 0.927 -0.066
vn 0.108 -0.994 -0.035
vn -0.539 -0.768 -0.345
vn -0.960 -0.187 0.209
vn -0.967 -0.205 -0.152
vn 0.907 -0.390 0.162
vn 0.981 -0.187 0.059
vn 0.964 0.095 0.250
vn -0.973 -0.214 -0.086
vn -0.987 -0.060 0.150
vn 0.988 -0.057 0.144
vn -1.000 -0.007 0.020
vn 0.928 0.287 0.237
vn 0.970 0.050 0.238
vn -0.910 0.390 0.143
vn -0.484 0.874 -0.038
vn 0.340 0.935 -0.102
vn -0.376 -0.706 0.600
vn 0.898 -0.187 0.399
vn 0.974 -0.179 -0.139
vn -0.901 -0.243 0.358
vn 0.980 -0.180 -0.079
vn -0.986 -0.156 -0.056
vn -0.999 -0.024 0.034
vn 0.990 -0.003 0.140
vn 0.944 0.037 0.328
vn 0.915 -0.017 0.404
vn -0.960 0.252 0.124
vn -0.930 0.224 0.291
vn 0.973 0.198 0.121
vn 0.925 0.345 0.162
vn -0.826 0.561 0.056
vn 0.584 0.812 0.012
vn -0.582 0.812 -0.032
vn 0.336 0.939 -0.075
vn 0.215 0.964 -0.159
vn -0.098 0.951 -0.293
vn 0.820 -0.566 0.082
vn -0.899 -0.213 0.383
vn -0.887 -0.098 -0.451
vn -0.947 -0.120 -0.298
vn 0.901 -0.312 0.301
vn -0.960 -0.182 -0.214
vn 0.870 -0.400 0.290
vn 0.967 -0.149 0.207
vn 0.999 0.038 0.021
vn -0.981 -0.179 -0.079
vn -0.969 -0.164 0.187
vn 0.953 -0.223 0.207
vn 0.979 -0.200 0.029
vn 0.593 -0.771 0.232
vn 0.943 -0.293 0.161
vn 0.562 -0.806 0.187
vn -0.981 0.136 0.139
vn 0.924 -0.040 0.381
vn -0.967 0.043 0.251
vn 0.920 0.390 0.043
vn -0.898 0.437 0.049
vn -0.614 0.788 0.030
vn 0.544 0.839 0.007
vn -0.299 0.867 -0.398
vn 0.065 0.929 -0.365
vn -0.440 -0.892 0.105
vn 0.746 -0.655 -0.116
vn -0.592 -0.339 0.731
vn -0.983 -0.182 0.009
vn 0.986 -0.082 0.149
vn -0.863 -0.186 0.469
vn -0.977 -0.190 0.091
vn -0.920 -0.372 0.121
vn -0.953 -0.168 -0.254
vn -0.958 -0.285 0.040
vn 0.980 -0.029 0.194
vn 0.989 -0.146 0.036
vn -0.986 -0.161 -0.042
vn -0.957 -0.036 -0.287
vn 0.982 -0.039 0.183
vn -0.982 0.042 -0.185
vn 0.899 -0.014 0.437
vn -0.984 -0.032 0.174
vn 0.951 0.198 0.238
vn 0.967 -0.009 0.253
vn -0.650 0.759 0.020
vn 0.339 0.855 -0.393
vn -0.132 0.879 -0.459
vn 0.445 -0.887 0.122
vn -0.821 -0.570 0.048
vn 0.613 -0.296 0.732
vn 0.266 -0.483 0.834
vn 0.263 -0.237 0.935
vn 0.714 -0.391 0.580
vn -0.820 -0.279 0.499
vn 0.971 -0.179 0.158
vn 0.990 -0.143 0.017
vn -0.953 -0.295 0.071
vn 0.995 0.078 0.058
vn -0.749 -0.545 0.378
vn -0.971 0.121 0.208
vn 0.950 0.007 0.311
vn 0.964 0.098 0.247
vn 0.955 0.210 0.208
vn -0.382 0.910 -0.165
vn -0.178 -0.346 0.921
vn 0.988 -0.144 -0.056
vn -0.701 -0.204 0.683
vn 0.623 -0.207 0.754
vn 0.988 -0.152 -0.023
vn -0.837 -0.308 0.452
vn -0.934 -0.002 0.358
vn 0.834 -0.230 0.502
vn -0.932 -0.268 0.243
vn -0.996 -0.017 -0.088
vn 0.984 -0.167 0.057
vn -0.971 -0.105 0.213
vn 0.928 0.006 0.373
vn -0.668 -0.145 0.730
vn -0.993 0.015 -0.118
vn 0.938 -0.303 0.171
vn 0.261 -0.561 0.786
vn -0.721 0.219 0.658
vn -0.043 -0.073 0.996
vn -0.934 0.060 0.353
vn 0.954 -0.057 0.293
vn -0.910 0.236 0.340
vn -0.937 0.103 0.334
vn 0.650 0.757 -0.073
vn 0.473 0.872 -0.126
vn -0.522 0.764 -0.380
vn 0.268 0.875 -0.403
vn -0.046 -0.971 0.236
vn -0.330 -0.838 0.434
vn -0.447 -0.211 0.869
vn 0.533 -0.243 0.810
vn 0.679 -0.310 0.666
vn 0.557 -0.287 0.779
vn 0.575 -0.089 0.813
vn -0.959 -0.110 -0.261
vn 0.723 -0.074 0.687
vn 0.980 -0.194 0.045
vn -0.947 -0.047 -0.316
vn -0.997 -0.077 0.028
vn 0.697 -0.022 0.717
vn 0.981 -0.190 0.041
vn 0.861 0.079 0.502
vn -0.890 0.087 0.448
vn 0.954 -0.029 0.299
vn 0.932 0.261 0.251
vn -0.888 0.240 0.392
vn -0.886 0.239 0.397
vn -0.958 0.228 0.175
vn 0.781 0.625 0.002
vn 0.580 0.814 0.009
vn 0.539 0.842 -0.016
vn -0.592 0.804 -0.053
vn -0.157 0.769 -0.620
vn 0.668 -0.664 0.336
vn -0.035 -0.230 0.973
vn 0.233 -0.236 0.943
vn 0.458 -0.212 0.864
vn -0.978 -0.096 0.187
vn -0.609 -0.429 0.667
vn 0.656 -0.250 0.713
vn -0.924 -0.148 0.352
vn -0.645 -0.261 0.718
vn 0.631 -0.144 0.762
vn -0.953 -0.134 0.270
vn 0.736 -0.117 0.666
vn 0.979 -0.152 0.137
vn -0.684 -0.111 0.721
vn -0.757 -0.130 0.640
vn 0.876 -0.044 0.479
vn -0.562 -0.246 0.790
vn 0.827 0.041 0.561
vn -0.985 0.098 0.145
vn 0.887 0.284 0.363
vn -0.722 0.691 -0.049
vn 0.747 0.664 0.031
vn -0.525 0.843 -0.116
vn -0.647 0.758 -0.087
vn 0.558 0.768 -0.315
vn 0.227 -0.812 0.538
vn -0.815 -0.280 0.507
vn 0.869 -0.316 0.380
vn -0.931 -0.062 0.361
vn 0.102 -0.337 0.936
vn -0.201 -0.278 0.939
vn 0.925 -0.231 0.302
vn -0.847 -0.091 0.524
vn 0.799 -0.302 0.521
vn -0.461 -0.300 0.835
vn -0.874 -0.169 0.456
vn 0.611 -0.412 0.675
vn -0.812 -0.116 0.572
vn 0.863 -0.244 0.443
vn 0.966 -0.230 0.121
vn -0.680 -0.102 0.726
vn 0.932 -0.170 -0.319
vn 0.979 -0.197 -0.050
vn -0.800 -0.596 0.069
vn -0.123 -0.636 0.761
vn 0.791 -0.494 0.362
vn -0.619 -0.282 0.733
vn 0.134 -0.897 -0.421
vn 0.047 -0.292 0.955
vn 0.964 0.000 0.265
vn -0.862 0.099 0.497
vn 0.777 -0.046 0.628
vn 0.792 0.224 0.568
vn -0.770 0.227 0.596
vn 0.971 0.031 0.239
vn 0.920 0.366 0.138
vn 0.453 0.891 -0.034
vn -0.609 0.792 -0.049
vn -0.621 0.760 -0.193
vn 0.465 0.725 -0.507
vn 0.184 0.776 -0.603
vn -0.615 -0.627 0.477
vn 0.757 -0.104 0.645
vn 0.859 -0.143 0.491
vn -0.520 -0.267 0.811
vn 0.434 -0.313 0.845
vn 0.602 -0.356 0.715
vn -0.823 -0.149 0.548
vn -0.577 -0.117 0.809
vn -0.845 -0.062 0.531
vn -0.701 -0.103 0.705
vn 0.809 -0.073 0.584
vn 0.977 -0.211 0.043
vn 0.965 -0.047 0.260
vn 0.171 -0.239 0.956
vn -0.791 0.077 0.607
vn 0.694 0.049 0.718
vn -0.812 0.270 0.517
vn 0.869 0.062 0.492
vn -0.942 -0.035 0.335
vn 0.943 -0.029 0.331
vn -0.959 0.238 0.156
vn -0.681 0.717 -0.149
vn -0.577 0.777 -0.253
vn -0.708 0.620 -0.337
vn -0.415 0.752 -0.512
vn -0.205 -0.626 0.752
vn 0.601 -0.457 0.656
vn 0.094 -0.443 0.892
vn -0.333 -0.300 0.894
vn 0.837 -0.200 0.510
vn -0.327 -0.279 0.903
vn 0.769 -0.248 0.589
vn 0.885 -0.187 0.425
vn 0.676 -0.221 0.703
vn -0.700 0.031 0.714
vn 0.912 -0.105 0.395
vn 0.875 -0.006 0.484
vn 0.648 -0.048 0.760
vn 0.808 -0.013 0.589
vn -0.784 0.031 0.621
vn 0.150 -0.346 0.926
vn 0.696 0.095 0.712
vn 0.848 0.530 -0.006
vn -0.687 0.724 -0.065
vn 0.709 0.669 -0.223
vn 0.665 0.632 -0.398
vn 0.392 0.710 -0.584
vn 0.653 -0.189 0.733
vn -0.200 -0.375 0.905
vn -0.273 -0.287 0.918
vn -0.413 -0.258 0.873
vn 0.369 -0.274 0.888
vn -0.419 -0.221 0.881
vn -0.383 -0.184 0.905
vn -0.451 -0.093 0.888
vn -0.560 -0.139 0.817
vn -0.646 -0.033 0.763
vn 0.829 -0.000 0.559
vn -0.188 -0.163 0.969
vn -0.861 0.051 0.507
vn -0.523 -0.251 0.815
vn -0.625 -0.231 0.745
vn -0.297 -0.383 0.875
vn 0.634 -0.101 0.767
vn -0.847 -0.049 0.529
vn 0.943 -0.088 0.320
vn -0.951 -0.049 0.305
vn -0.972 0.085 0.219
vn -0.629 0.775 -0.057
vn 0.585 0.810 -0.027
vn -0.594 0.669 -0.448
vn -0.670 -0.104 0.735
vn 0.101 -0.250 0.963
vn 0.599 -0.081 0.797
vn -0.858 -0.147 0.491
vn 0.450 -0.449 0.772
vn -0.866 -0.190 0.463
vn 0.654 -0.036 0.756
vn -0.381 -0.104 0.918
vn 0.716 -0.194 0.671
vn -0.846 0.063 0.530
vn 0.402 0.026 0.915
vn -0.518 -0.117 0.847
vn 0.335 0.038 0.942
vn 0.426 -0.020 0.905
vn 0.400 0.018 0.916
vn 0.465 -0.026 0.885
vn 0.427 0.147 0.892
vn -0.620 -0.180 0.764
vn 0.593 0.094 0.800
vn 0.374 -0.385 0.844
vn -0.744 0.041 0.667
vn -0.738 0.090 0.669
vn -0.563 0.165 0.810
vn -0.903 0.387 0.187
vn 0.946 0.315 0.073
vn 0.299 -0.657 0.692
vn 0.510 -0.126 0.851
vn -0.675 -0.195 0.711
vn 0.683 -0.308 0.662
vn -0.255 -0.319 0.913
vn -0.438 -0.743 0.506
vn -0.506 -0.813 0.287
vn 0.513 -0.225 0.828
vn -0.098 -0.075 0.992
vn -0.475 -0.011 0.880
vn -0.822 -0.083 0.563
vn -0.645 -0.113 0.756
vn -0.381 -0.055 0.923
vn -0.788 0.027 0.616
vn 0.583 -0.059 0.810
vn 0.475 -0.052 0.879
vn 0.848 -0.166 0.503
vn -0.757 0.022 0.653
vn 0.719 0.111 0.686
vn -0.418 -0.146 0.897
vn -0.445 -0.234 0.865
vn 0.668 0.280 0.689
vn -0.667 -0.281 0.690
vn 0.763 0.204 0.613
vn 0.489 -0.165 0.857
vn 0.922 -0.062 0.382
vn -0.615 0.099 0.782
vn 0.494 -0.258 0.831
vn 0.613 -0.060 0.788
vn 0.162 -0.605 0.780
vn -0.614 0.035 0.789
vn -0.633 0.179 0.753
vn 0.597 0.136 0.790
vn 0.761 -0.088 0.643
vn -0.718 -0.116 0.687
vn 0.966 0.022 0.258
vn 0.958 0.199 0.206
vn 0.553 0.828 0.098
vn -0.584 0.800 0.138
vn -0.081 0.807 -0.585
vn 0.105 -0.442 0.891
vn 0.372 -0.102 0.923
vn -0.363 -0.128 0.923
vn 0.514 -0.122 0.849
vn -0.753 -0.222 0.619
vn 0.683 -0.239 0.690
vn -0.463 -0.116 0.879
vn 0.693 -0.008 0.721
vn 0.264 -0.404 0.876
vn -0.619 -0.082 0.781
vn 0.271 -0.118 0.955
vn -0.189 -0.972 0.137
vn -0.552 0.104 0.828
vn 0.483 0.081 0.872
vn 0.886 -0.190 0.424
vn 0.091 -0.272 0.958
vn -0.701 0.095 0.707
vn -0.884 -0.421 0.204
vn 0.196 -0.600 0.775
vn 0.486 -0.376 0.789
vn -0.440 -0.546 0.713
vn -0.055 -0.759 0.649
vn 0.594 0.020 0.804
vn 0.559 -0.124 0.820
vn -0.901 -0.197 0.387
vn 0.952 0.199 0.231
vn -0.949 0.208 0.236
vn -0.815 0.539 0.215
vn 0.754 0.655 -0.061
vn -0.761 0.621 -0.188
vn -0.062 -0.139 0.988
vn 0.333 -0.127 0.934
vn 0.199 -0.293 0.935
vn 0.269 -0.284 0.920
vn -0.282 -0.252 0.926
vn -0.254 -0.154 0.955
vn -0.913 -0.020 0.406
vn -0.134 -0.094 0.986
vn 0.492 -0.145 0.858
vn -0.208 -0.013 0.978
vn -0.215 -0.080 0.973
vn 0.167 -0.228 0.959
vn -0.501 -0.095 0.860
vn -0.386 -0.029 0.922
vn 0.322 -0.094 0.942
vn 0.534 -0.064 0.843
vn -0.463 -0.109 0.880
vn -0.171 -0.170 0.970
vn 0.446 -0.088 0.891
vn 0.569 -0.042 0.821
vn 0.135 0.077 0.988
vn 0.276 -0.066 0.959
vn 0.004 -0.338 0.941
vn -0.491 -0.285 0.823
vn -0.234 -0.364 0.901
vn 0.546 -0.161 0.822
vn -0.406 0.072 0.911
vn 0.214 -0.524 0.824
vn 0.312 0.027 0.950
vn -0.401 0.098 0.911
vn -0.754 -0.431 0.496
vn 0.789 -0.227 0.571
vn 0.903 -0.189 0.386
vn 0.719 0.693 0.058
vn -0.787 0.616 0.017
vn 0.812 0.532 -0.238
vn -0.526 0.701 -0.482
vn 0.511 0.694 -0.508
vn -0.431 0.737 -0.521
vn -0.325 -0.097 0.941
vn 0.263 -0.229 0.937
vn -0.431 -0.135 0.892
vn -0.395 -0.088 0.915
vn -0.474 -0.217 0.853
vn 0.585 0.007 0.811
vn -0.244 -0.068 0.967
vn 0.510 0.074 0.857
vn -0.859 -0.155 0.489
vn 0.800 0.007 0.600
vn -0.664 0.103 0.741
vn -0.107 -0.040 0.993
vn -0.111 -0.065 0.992
vn -0.000 0.000 0.000
vn 0.265 0.308 0.914
vn -0.281 0.122 0.952
vn -0.138 -0.181 0.974
vn -0.245 0.099 0.964
vn -0.397 0.098 0.913
vn -0.116 0.034 0.993
vn -0.699 -0.619 0.358
vn -0.496 -0.274 0.824
vn -0.109 0.117 0.987
vn 0.055 -0.107 0.993
vn -0.150 -0.127 0.980
vn -0.004 -0.254 0.967
vn 0.316 -0.039 0.948
vn 0.150 -0.208 0.967
vn 0.484 -0.282 0.828
vn -0.433 -0.371 0.821
vn 0.186 -0.033 0.982
vn -0.151 -0.002 0.989
vn -0.097 -0.806 0.584
vn -0.245 -0.005 0.969
vn 0.452 -0.010 0.892
vn 0.450 -0.118 0.885
vn -0.528 -0.040 0.848
vn 0.655 -0.287 0.699
vn 0.598 -0.230 0.768
vn -0.959 -0.006 0.284
vn 0.901 0.341 0.269
vn -0.720 0.621 -0.309
vn 0.376 0.816 -0.439
vn -0.292 -0.198 0.936
vn 0.420 -0.296 0.858
vn 0.687 -0.187 0.702
vn -0.667 -0.150 0.730
vn 0.567 -0.142 0.812
vn 0.180 -0.111 0.977
vn 0.806 -0.050 0.590
vn -0.480 0.068 0.875
vn -0.562 0.093 0.822
vn -0.182 0.284 0.942
vn 0.143 0.160 0.977
vn -0.442 0.255 0.860
vn 0.758 -0.019 0.651
vn -0.006 0.010 1.000
vn 0.236 0.159 0.959
vn -0.103 -0.220 0.970
vn 0.515 -0.112 0.850
vn -0.215 0.062 0.975
vn 0.079 -0.082 0.993
vn 0.259 -0.348 0.901
vn 0.038 -0.496 0.867
vn -0.660 -0.478 0.579
vn 0.321 -0.453 0.832
vn -0.314 -0.062 0.948
vn -0.074 -0.276 0.958
vn -0.113 -0.732 0.671
vn 0.073 -0.729 0.681
vn 0.136 -0.307 0.942
vn -0.692 -0.295 0.659
vn -0.416 -0.166 0.894
vn -0.966 -0.135 0.222
vn 0.919 -0.233 0.319
vn 0.951 0.076 0.299
vn -0.804 0.593 0.054
vn -0.861 0.487 -0.144
vn -0.343 0.852 -0.396
vn 0.021 0.942 -0.335
vn -0.778 -0.179 0.602
vn -0.478 -0.254 0.841
vn -0.512 -0.005 0.859
vn -0.435 0.125 0.892
vn -0.079 0.120 0.990
vn -0.132 -0.157 0.979
vn 0.195 -0.356 0.914
vn -0.340 -0.751 0.566
vn 0.013 -0.599 0.801
vn 0.224 -0.201 0.954
vn -0.076 -0.739 0.669
vn 0.744 -0.357 0.566
vn -0.781 -0.426 0.456
vn 0.738 -0.485 0.469
vn -0.821 -0.394 0.412
vn -0.788 0.583 0.195
vn 0.793 0.566 0.225
vn 0.830 0.554 -0.060
vn 0.844 0.493 -0.210
vn -0.805 0.534 -0.259
vn 0.686 0.653 -0.319
vn 0.432 -0.285 0.856
vn -0.459 -0.081 0.885
vn 0.158 0.056 0.986
vn -0.156 0.024 0.987
vn -0.193 -0.066 0.979
vn 0.539 -0.073 0.839
vn -0.015 0.241 0.971
vn 0.309 -0.491 0.815
vn 0.056 -0.894 0.445
vn -0.258 -0.819 0.513
vn -0.242 -0.458 0.856
vn -0.527 -0.312 0.790
vn -0.760 -0.510 0.402
vn 0.931 0.256 0.261
vn 0.856 0.498 -0.137
vn 0.298 -0.036 0.954
vn -0.537 -0.023 0.843
vn -0.187 -0.874 0.447
vn 0.436 -0.711 0.552
vn -0.648 -0.598 0.472
vn 0.505 -0.399 0.765
vn 0.804 -0.526 0.277
vn -0.948 0.068 0.310
vn 0.886 0.444 -0.130
vn -0.904 0.414 -0.109
vn 0.292 -0.754 0.589
vn -0.219 -0.838 0.499
vn 0.352 -0.740 0.573
vn -0.600 -0.662 0.449
vn 0.770 -0.575 0.278
vn 0.941 -0.160 0.299
vn -0.955 0.001 0.297
vn 0.910 0.105 0.401
vn -0.874 0.354 0.333
vn -0.963 0.173 0.208
vn -0.879 0.476 0.036
vn 0.792 0.597 -0.131
vn -0.190 -0.925 0.330
vn -0.745 -0.542 0.390
vn 0.837 -0.446 0.317
vn -0.870 -0.453 0.192
vn 0.913 -0.294 0.283
vn -0.907 -0.209 0.365
vn 0.929 0.214 0.301
vn -0.847 0.514 -0.137
vn -0.739 0.669 -0.079
vn -0.552 0.818 -0.163
vn -0.251 0.968 -0.021
vn 0.382 -0.844 0.376
vn -0.006 -0.905 0.424
vn -0.378 -0.852 0.362
vn 0.667 -0.657 0.353
vn 0.725 -0.667 0.171
vn -0.940 -0.279 0.194
vn -0.661 0.750 -0.018
vn 0.618 0.776 -0.127
vn -0.557 0.820 0.130
vn 0.314 0.938 -0.144
vn 0.274 -0.878 0.393
vn -0.757 -0.617 0.217
vn 0.843 -0.525 0.115
vn -0.930 0.276 0.244
vn 0.919 0.354 0.176
vn -0.940 0.338 0.051
vn 0.897 0.441 0.038
vn 0.258 0.953 0.159
vn 0.008 0.996 0.089
vn -0.304 -0.917 0.259
vn 0.377 -0.868 0.322
vn -0.625 -0.730 0.276
vn 0.483 -0.842 0.241
vn 0.884 -0.450 0.126
vn -0.881 -0.406 0.241
vn 0.965 -0.018 0.262
vn -0.898 0.435 0.068
vn 0.653 0.731 0.198
vn -0.156 -0.944 0.291
vn 0.933 -0.280 0.225
vn -0.957 0.138 0.255
vn -0.790 0.552 0.268
vn 0.887 0.462 -0.017
vn 0.757 0.653 0.033
vn -0.297 -0.934 0.201
vn 0.311 -0.928 0.204
vn -0.498 -0.849 0.175
vn 0.394 -0.877 0.274
vn -0.906 -0.406 0.116
vn 0.976 0.111 0.185
vn -0.972 -0.071 0.223
vn -0.786 0.606 0.128
vn 0.594 0.803 0.040
vn -0.019 -0.940 0.340
vn 0.035 -0.974 0.223
vn -0.568 -0.783 0.254
vn 0.823 -0.513 0.243
vn -0.953 -0.216 0.211
vn 0.918 0.392 0.063
vn -0.700 0.656 0.284
vn -0.096 -0.955 0.281
vn -0.894 -0.376 0.245
vn 0.960 -0.096 0.263
vn 0.894 0.447 0.038
vn -0.776 0.574 0.262
vn -0.199 0.921 0.336
vn -0.795 -0.562 0.231
vn 0.654 -0.716 0.244
vn 0.968 0.175 0.182
vn 0.929 0.356 0.101
vn -0.908 0.390 0.152
vn 0.309 -0.870 0.384
vn 0.480 -0.816 0.323
vn -0.692 -0.698 0.184
vn 0.786 -0.579 0.217
vn 0.889 -0.378 0.258
vn 0.766 0.571 0.294
vn 0.513 0.702 0.494
vn 0.379 0.829 0.411
vn 0.077 0.930 0.360
vn 0.082 -0.895 0.438
vn -0.315 -0.894 0.318
vn 0.291 -0.902 0.318
vn 0.268 -0.889 0.370
vn -0.602 -0.712 0.361
vn 0.782 -0.555 0.283
vn 0.853 0.447 0.267
vn -0.376 0.806 0.458
vn 0.538 -0.838 -0.089
vn 0.913 -0.273 0.302
vn -0.968 -0.019 0.250
vn 0.944 -0.043 0.328
vn 0.908 0.327 0.264
vn -0.794 0.511 0.329
vn 0.414 0.680 0.605
vn -0.269 0.760 0.591
vn 0.116 -0.915 0.387
vn -0.451 -0.802 0.391
vn -0.943 0.019 0.333
vn -0.934 0.311 0.174
vn -0.957 0.192 0.219
vn 0.796 0.452 0.403
vn -0.673 0.599 0.433
vn -0.575 0.715 0.398
vn -0.098 -0.905 0.415
vn -0.366 -0.815 0.449
vn -0.740 -0.595 0.313
vn 0.713 -0.624 0.319
vn -0.914 -0.211 0.347
vn -0.908 0.292 0.300
vn -0.908 0.298 0.293
vn -0.872 0.353 0.340
vn -0.652 0.516 0.555
vn 0.244 0.817 0.522
vn 0.109 -0.975 -0.193
vn 0.911 -0.400 -0.103
vn -0.830 -0.430 0.356
vn -0.876 0.278 0.395
vn -0.886 0.296 0.357
vn -0.829 0.345 0.441
vn 0.758 0.424 0.496
vn 0.711 0.552 0.436
vn 0.228 0.749 0.622
vn -0.849 -0.527 -0.034
vn 0.889 0.215 0.404
vn 0.821 0.387 0.419
vn -0.516 0.658 0.549
vn -0.014 0.810 0.586
vn 0.147 -0.902 0.405
vn -0.356 -0.716 -0.601
vn 0.458 -0.344 -0.820
vn -0.936 -0.345 0.074
vn 0.791 -0.481 0.378
vn 0.800 0.168 0.577
vn -0.758 0.421 0.499
vn 0.669 0.462 0.582
vn 0.286 0.605 0.743
vn -0.003 0.643 0.766
vn -0.023 -0.453 -0.891
vn -0.003 -0.999 0.051
vn -0.840 -0.501 -0.207
vn -0.833 -0.321 0.450
vn 0.872 -0.238 0.427
vn -0.878 -0.107 0.467
vn 0.842 -0.040 0.538
vn -0.886 0.053 0.461
vn -0.543 0.492 0.681
vn 0.578 -0.816 -0.009
vn 0.884 -0.430 -0.184
vn -0.971 0.055 -0.235
vn 0.953 0.023 0.303
vn 0.836 0.305 0.456
vn -0.726 0.389 0.567
vn 0.495 0.579 0.648
vn -0.326 -0.328 -0.887
vn 0.539 -0.271 -0.798
vn -0.547 -0.506 -0.667
vn -0.695 -0.235 -0.679
vn 0.246 -0.954 0.170
vn -0.302 -0.881 0.364
vn 0.896 -0.006 -0.444
vn -0.916 0.121 0.383
vn -0.339 0.602 0.723
vn 0.056 -0.461 -0.885
vn -0.027 -0.996 -0.091
vn 0.753 -0.230 0.617
vn -0.780 0.259 0.570
vn 0.763 0.347 0.545
vn -0.647 0.375 0.664
vn -0.307 0.487 0.818
vn -0.254 0.602 0.757
vn 0.212 0.519 0.828
vn 0.697 -0.231 -0.679
vn -0.759 -0.100 -0.643
vn 0.539 -0.702 -0.466
vn -0.827 -0.145 -0.543
vn -0.286 -0.919 0.270
vn 0.945 0.312 0.098
vn 0.374 -0.813 -0.445
vn -0.824 -0.556 0.105
vn -0.767 -0.203 0.609
vn -0.785 0.037 0.619
vn -0.567 0.450 0.690
vn 0.425 0.494 0.758
vn 0.079 -0.602 -0.794
vn 0.842 -0.465 -0.273
vn 0.057 -0.823 -0.565
vn -0.894 -0.145 0.423
vn 0.867 -0.066 0.494
vn 0.106 -0.680 0.726
vn 0.589 0.069 0.805
vn 0.735 0.020 0.678
vn -0.648 0.275 0.710
vn 0.694 0.344 0.633
vn -0.507 0.420 0.753
vn 0.396 0.452 0.799
vn 0.253 0.460 0.851
vn 0.036 0.485 0.874
vn 0.939 0.022 -0.343
vn -0.955 -0.280 -0.095
vn 0.946 -0.053 0.320
vn -0.157 -0.479 -0.864
vn -0.378 -0.720 -0.582
vn -0.731 0.457 0.507
vn -0.602 -0.103 0.792
vn -0.571 0.056 0.819
vn -0.777 -0.274 0.567
vn -0.705 0.177 0.687
vn 0.661 0.231 0.714
vn -0.446 0.376 0.812
vn 0.517 0.380 0.767
vn -0.381 -0.722 -0.577
vn 0.468 -0.607 -0.642
vn 0.955 0.126 -0.270
vn 0.299 -0.453 -0.840
vn 0.585 -0.501 -0.638
vn -0.743 -0.588 -0.319
vn 0.731 0.088 0.677
vn 0.429 0.293 0.854
vn -0.897 -0.441 -0.018
vn -0.671 0.182 0.719
vn 0.893 -0.440 -0.098
vn 0.976 -0.174 0.130
vn 0.824 -0.224 0.520
vn 0.763 -0.115 0.636
vn 0.632 0.232 0.739
vn 0.415 0.405 0.815
vn 0.040 0.486 0.873
vn -0.569 0.011 -0.822
vn 0.229 -0.415 -0.880
vn 0.087 0.148 -0.985
vn 0.047 0.247 -0.968
vn -0.788 -0.540 -0.295
vn 0.497 -0.556 -0.666
vn 0.878 -0.137 -0.459
vn 0.975 -0.219 0.046
vn 0.189 -0.198 -0.962
vn -0.973 0.181 -0.141
vn 0.762 0.451 0.465
vn 0.568 0.450 0.689
vn -0.049 0.317 0.947
vn 0.689 -0.664 -0.290
vn -0.441 0.455 0.774
vn 0.223 0.480 0.849
vn 0.727 -0.091 -0.680
vn 0.525 0.121 -0.842
vn -0.204 -0.598 -0.775
vn -0.958 -0.231 0.172
vn -0.019 -0.160 -0.987
vn 0.426 -0.278 -0.861
vn 0.341 0.639 0.690
vn 0.264 0.489 0.831
vn -0.812 0.108 0.573
vn 0.735 -0.305 -0.606
vn -0.875 -0.239 0.422
vn -0.777 -0.090 0.623
vn 0.787 -0.031 0.616
vn -0.144 0.489 0.860
vn -0.195 0.445 0.874
vn 0.633 -0.503 -0.588
vn -0.378 -0.626 -0.682
vn -0.124 -0.051 -0.991
vn -0.497 0.161 -0.852
vn 0.190 0.184 -0.964
vn -0.663 -0.421 -0.618
vn 0.088 -0.158 -0.983
vn 0.039 -0.205 -0.978
vn -0.474 -0.116 -0.873
vn -0.968 0.201 -0.148
vn -0.601 0.179 0.779
vn -0.969 -0.133 0.208
vn 0.862 -0.167 0.479
vn -0.508 0.362 0.781
vn 0.056 -0.758 -0.650
vn -0.504 -0.243 -0.829
vn -0.718 0.077 -0.692
vn 0.407 -0.012 -0.913
vn -0.287 0.144 -0.947
vn -0.128 0.032 -0.991
vn 0.558 0.022 -0.830
vn 0.135 0.027 -0.991
vn -0.117 0.101 -0.988
vn -0.180 -0.003 -0.984
vn 0.801 0.059 -0.595
vn 0.296 -0.063 -0.953
vn -0.201 -0.081 -0.976
vn 0.698 -0.061 -0.714
vn -0.003 -0.101 -0.995
vn 0.525 -0.494 -0.693
vn -0.689 -0.357 -0.630
vn 0.832 -0.553 -0.043
vn 0.910 -0.104 0.401
vn -0.752 0.214 0.623
vn 0.593 -0.130 -0.794
vn -0.558 0.619 0.553
vn -0.494 -0.288 -0.820
vn -0.893 0.417 0.172
vn -0.834 -0.239 -0.497
vn 0.264 0.427 0.865
vn -0.206 0.509 0.835
vn 0.921 -0.146 -0.362
vn -0.807 -0.017 0.590
vn -0.729 0.109 0.676
vn 0.615 0.169 0.770
vn -0.603 -0.595 -0.531
vn 0.387 -0.077 -0.919
vn 0.620 -0.220 -0.753
vn -0.817 -0.069 -0.573
vn 0.008 0.144 -0.989
vn -0.180 0.100 -0.978
vn -0.188 0.078 -0.979
vn -0.212 0.010 -0.977
vn -0.502 0.018 -0.864
vn 0.070 -0.136 -0.988
vn 0.025 -0.737 -0.675
vn -0.777 -0.093 -0.623
vn -0.929 -0.314 0.195
vn 0.925 -0.070 -0.373
vn -0.946 0.053 -0.320
vn 0.947 0.321 -0.011
vn 0.732 0.197 0.652
vn -0.143 0.681 0.719
vn 0.266 0.554 0.789
vn -0.956 -0.272 0.106
vn 0.979 -0.155 -0.130
vn 0.709 0.104 0.697
vn -0.566 0.259 0.783
vn -0.975 0.029 -0.221
vn 0.678 -0.033 -0.734
vn -0.985 0.063 -0.162
vn 0.954 0.068 -0.293
vn -0.438 -0.074 -0.896
vn -0.830 0.050 -0.556
vn -0.529 -0.089 -0.844
vn 0.783 -0.200 -0.589
vn -0.803 -0.582 -0.129
vn -0.978 -0.016 -0.207
vn 0.694 0.603 0.393
vn -0.531 0.435 0.727
vn -0.331 0.438 0.835
vn -0.954 -0.049 0.294
vn 0.979 0.045 0.197
vn 0.445 0.349 0.825
vn -0.211 0.515 0.831
vn -0.953 -0.299 -0.056
vn 0.635 -0.147 -0.759
vn 0.938 0.020 -0.346
vn 0.993 0.061 -0.106
vn -0.967 0.056 -0.250
vn 0.947 0.032 -0.321
vn 0.019 -0.739 -0.673
vn 0.481 -0.755 -0.445
vn 0.948 -0.272 0.165
vn 0.940 0.005 -0.340
vn -0.958 -0.083 -0.273
vn -0.885 0.039 0.464
vn 0.936 0.017 0.350
vn 0.279 0.348 0.895
vn 0.062 0.512 0.857
vn -0.153 0.470 0.870
vn -0.216 -0.755 -0.619
vn 0.324 -0.683 -0.655
vn 0.400 -0.607 -0.687
vn -0.509 -0.705 -0.494
vn -0.609 -0.716 -0.340
vn 0.689 -0.518 -0.507
vn 0.973 -0.200 -0.118
vn -0.990 0.023 -0.141
vn -0.877 -0.020 -0.480
vn 0.903 -0.028 -0.429
vn -0.928 0.086 -0.363
vn 0.644 0.353 0.678
vn -0.814 0.546 0.197
vn -0.394 0.724 0.566
vn 0.994 -0.058 -0.094
vn -0.661 0.160 0.733
vn -0.750 -0.576 -0.326
vn 0.908 -0.418 -0.036
vn -0.947 0.080 -0.311
vn 0.918 -0.027 -0.396
vn -0.895 -0.009 -0.446
vn -0.440 -0.519 -0.733
vn -0.460 -0.737 -0.496
vn 0.928 0.360 -0.092
vn 0.529 0.712 0.461
vn -0.986 -0.129 -0.102
vn -0.431 0.276 0.859
vn 0.026 0.380 0.925
vn 0.756 -0.537 -0.373
vn -0.959 -0.258 0.120
vn 0.998 -0.057 0.036
vn -0.999 -0.040 0.026
vn 0.994 0.103 -0.046
vn -0.875 0.037 -0.483
vn 0.163 -0.666 -0.728
vn 0.338 -0.844 -0.417
vn -0.998 -0.018 0.055
vn 0.675 -0.650 -0.349
vn -0.999 -0.037 -0.032
vn -0.911 0.163 0.380
vn 0.889 0.226 0.397
vn -0.594 0.256 0.763
vn 0.959 -0.192 0.211
vn 0.920 -0.043 0.390
vn -0.989 -0.094 -0.115
vn -0.948 0.097 -0.303
vn 0.941 -0.166 -0.296
vn -0.993 0.054 -0.109
vn -0.362 -0.789 -0.497
vn 0.537 -0.691 -0.484
vn -0.862 -0.492 -0.118
vn 0.907 0.099 0.410
vn -0.849 0.067 0.524
vn -0.533 0.450 0.716
vn 0.945 0.022 0.327
vn 0.731 0.189 0.656
vn -0.254 0.311 0.916
vn 0.083 0.324 0.942
vn -0.956 -0.279 0.096
vn 0.896 -0.428 -0.115
vn 0.793 -0.210 0.572
vn 0.907 -0.091 0.412
vn -0.863 -0.260 -0.433
vn 0.896 -0.391 0.210
vn 0.945 -0.001 -0.328
vn -0.906 0.399 -0.138
vn -0.924 -0.007 0.383
vn -0.991 0.084 -0.102
vn 0.985 0.002 -0.175
vn 0.648 0.718 0.253
vn 0.095 0.764 0.639
vn -0.003 0.678 0.735
vn 0.625 0.311 0.716
vn -0.786 0.174 0.593
vn 0.416 0.280 0.865
vn -0.593 0.312 0.743
vn -0.230 -0.703 -0.673
vn 0.440 -0.831 -0.340
vn -0.896 -0.442 0.055
vn -0.868 -0.298 0.396
vn -0.986 -0.097 0.134
vn 0.993 -0.092 0.079
vn -0.289 -0.918 -0.273
vn -0.793 -0.609 0.036
vn 0.807 0.105 0.581
vn 0.704 0.404 0.584
vn -0.767 0.627 0.137
vn 0.146 0.655 0.742
vn 0.294 0.313 0.903
vn -0.150 0.356 0.922
vn 0.922 -0.076 0.381
vn -0.773 -0.172 0.610
vn 0.709 -0.047 0.704
vn -0.952 -0.197 0.234
vn -0.967 -0.127 0.222
vn 0.706 -0.020 0.708
vn 0.658 0.044 0.752
vn 0.794 0.057 0.606
vn 0.938 0.091 0.333
vn -0.987 0.018 0.162
vn 0.089 -0.967 0.238
vn -0.579 -0.694 -0.428
vn -0.113 -0.205 0.972
vn -0.076 0.067 0.995
vn 0.580 -0.083 0.811
vn -0.898 -0.116 0.424
vn -0.855 -0.094 0.510
vn -0.815 -0.125 0.566
vn 0.862 -0.097 0.497
vn 0.852 0.016 0.524
vn 0.311 -0.924 -0.223
vn -0.995 0.097 0.039
vn 0.858 0.290 0.424
vn 0.859 0.084 0.505
vn -0.984 0.037 0.172
vn -0.915 0.058 0.399
vn -0.751 0.222 0.622
vn 0.583 0.213 0.784
vn 0.280 0.392 0.876
vn -0.155 0.315 0.936
vn 0.887 -0.325 0.329
vn -0.390 0.308 0.868
vn 0.850 0.072 0.523
vn -0.288 -0.275 0.917
vn -0.071 -0.351 0.934
vn -0.813 -0.073 0.578
vn 0.713 -0.332 0.617
vn -0.901 -0.150 0.407
vn -0.943 0.035 0.330
vn -0.773 -0.589 0.236
vn -0.782 0.152 0.604
vn -0.946 -0.194 0.261
vn -0.291 0.831 0.474
vn -0.408 0.379 0.830
vn -0.206 0.425 0.882
vn -0.424 -0.706 0.567
vn 0.465 0.115 0.878
vn -0.050 0.445 0.894
vn 0.351 0.041 0.936
vn -0.447 -0.426 0.787
vn -0.820 -0.077 0.567
vn 0.412 -0.159 0.897
vn 0.641 -0.153 0.752
vn 0.395 -0.435 0.809
vn -0.846 0.056 0.531
vn 0.892 -0.341 -0.296
vn -0.195 0.849 0.491
vn -0.644 0.108 0.758
vn -0.593 0.084 0.801
vn -0.275 0.061 0.959
vn 0.423 0.117 0.899
vn -0.390 0.199 0.899
vn 0.194 0.287 0.938
vn -0.857 -0.125 0.500
vn -0.861 0.063 0.504
vn -0.521 0.406 0.751
vn 0.046 -0.238 0.970
vn 0.183 -0.336 0.924
vn 0.322 -0.175 0.930
vn 0.302 -0.093 0.949
vn 0.378 -0.267 0.887
vn -0.939 -0.266 -0.216
vn -0.674 0.175 0.718
vn 0.697 0.040 0.716
vn -0.119 -0.981 -0.154
vn 0.954 0.010 -0.298
vn 0.364 0.920 0.145
vn -0.276 0.111 0.955
vn -0.054 0.118 0.992
vn -0.050 0.078 0.996
vn 0.352 -0.633 0.690
vn 0.083 0.331 0.940
vn -0.420 -0.252 0.872
vn -0.543 -0.212 0.812
vn -0.813 -0.207 0.544
vn 0.576 -0.433 0.694
vn 0.321 -0.612 0.723
vn -0.602 0.229 0.765
vn -0.470 0.206 0.858
vn -0.654 -0.693 -0.302
vn 0.801 -0.566 0.198
vn -0.263 0.276 0.925
vn -0.160 0.151 0.975
vn -0.289 0.164 0.943
vn -0.262 0.151 0.953
vn 0.623 0.164 0.765
vn 0.180 0.136 0.974
vn -0.115 -0.028 0.993
vn -0.019 -0.263 0.965
vn 0.160 -0.259 0.953
vn -0.440 0.041 0.897
vn 0.188 -0.342 0.921
vn 0.341 -0.477 0.810
vn -0.272 -0.856 0.439
vn 0.651 -0.307 0.694
vn -0.515 -0.786 -0.342
vn 0.267 0.182 0.947
vn 0.974 0.057 0.218
vn -0.114 0.966 0.233
vn 0.699 -0.707 -0.105
vn -0.154 0.119 0.981
vn -0.478 0.131 0.869
vn -0.314 -0.949 -0.014
vn 0.501 -0.864 0.041
vn -0.953 0.176 -0.247
vn 0.920 0.353 -0.171
vn -0.548 0.833 0.074
vn 0.208 -0.062 0.976
vn -0.054 -0.982 -0.181
vn 0.056 0.350 0.935
vn -0.152 -0.959 -0.237
vn -0.919 -0.034 0.392
vn 0.733 0.671 -0.111
vn 0.284 0.885 0.370
vn 0.604 -0.713 -0.357
vn -0.861 -0.343 -0.376
vn 0.247 0.968 -0.040
vn 0.329 -0.944 0.037
vn -0.941 0.171 0.292
vn -0.626 0.769 -0.127
vn -0.723 0.549 0.419
vn 0.610 0.744 0.272
vn -0.093 0.986 0.139
vn 0.966 -0.209 -0.149
vn -0.741 0.671 -0.002
vn 0.112 -0.994 0.015
vn -0.826 -0.529 0.193
vn -0.388 -0.885 0.259
vn -0.633 -0.745 0.212
vn 0.796 -0.548 0.256
vn -0.950 -0.295 -0.098
vn 0.691 0.669 -0.274
vn -0.061 0.930 -0.363
vn 0.882 -0.374 0.287
vn 0.881 -0.418 0.219
vn -0.983 0.181 -0.018
vn -0.749 -0.538 0.388
vn 0.609 0.755 -0.244
vn 0.445 -0.845 0.295
vn -0.841 -0.481 0.249
vn 0.982 0.187 -0.018
vn -0.005 0.945 -0.326
vn 0.192 -0.857 0.479
vn -0.954 0.286 -0.095
vn 0.996 0.004 0.084
vn -0.993 -0.038 0.115
vn -0.671 0.705 -0.230
vn 0.184 0.813 -0.552
vn 0.822 0.533 -0.201
vn 0.440 -0.781 0.443
vn -0.220 -0.868 0.445
vn 0.949 0.238 -0.208
vn -0.173 -0.852 0.493
vn -0.999 -0.033 -0.032
vn -0.704 0.544 -0.457
vn 0.065 -0.895 0.442
vn 0.548 -0.760 0.348
vn -0.828 -0.504 0.247
vn -0.772 -0.549 0.319
vn 0.364 0.750 -0.552
vn -0.355 -0.847 0.395
vn 0.919 -0.379 0.108
vn 0.977 0.214 -0.005
vn -0.344 0.842 -0.417
vn -0.485 0.633 -0.603
vn 0.865 -0.394 0.310
vn -0.747 -0.468 0.472
vn 0.672 0.228 -0.704
vn -0.168 0.471 -0.866
vn 0.753 -0.546 0.366
vn -0.985 -0.161 -0.065
vn -0.860 0.491 -0.137
vn 0.833 0.194 0.518
vn 0.970 -0.176 -0.169
vn 0.823 0.531 -0.201
vn -0.714 0.121 -0.689
vn 0.566 0.630 -0.532
vn -0.033 0.536 -0.844
vn -0.613 0.606 -0.507
vn 0.356 0.378 -0.854
vn 0.088 -0.716 0.693
vn -0.896 0.091 0.435
vn 0.903 -0.394 0.171
vn -0.866 -0.007 -0.500
vn 0.907 0.383 0.176
vn 0.899 -0.088 -0.428
vn -0.430 -0.659 0.617
vn 0.426 -0.516 0.743
vn -0.838 -0.455 0.301
vn -0.882 0.472 -0.024
vn 0.807 0.542 -0.234
vn 0.019 0.532 -0.847
vn 0.379 0.574 -0.726
vn -0.223 -0.469 0.855
vn -0.321 -0.253 0.913
vn 0.485 -0.139 0.863
vn -0.749 0.035 0.661
vn 0.760 0.032 0.649
vn -0.947 -0.283 -0.154
vn 0.927 -0.370 0.064
vn -0.888 -0.102 -0.448
vn -0.461 0.199 -0.865
vn -0.400 0.588 -0.703
vn -0.335 -0.284 0.898
vn -0.735 -0.496 0.462
vn 0.897 -0.271 -0.348
vn 0.731 0.529 -0.431
vn -0.708 -0.251 -0.660
vn 0.646 0.143 -0.750
vn 0.095 0.135 -0.986
vn 0.113 0.200 -0.973
vn -0.441 0.278 -0.853
vn 0.331 -0.225 -0.916
vn -0.000 -0.017 -1.000
vn -0.500 0.337 -0.798
vn 0.491 0.344 -0.800
vn 0.245 -0.071 -0.967
vn 0.707 0.654 -0.271
vn 0.822 0.184 -0.539
vn 0.062 -0.410 0.910
vn 0.426 -0.507 0.750
vn 0.854 -0.433 -0.288
vn 0.799 0.549 -0.245
vn 0.519 0.307 -0.798
vn -0.613 0.357 -0.705
vn -0.658 -0.414 -0.628
vn 0.733 0.562 -0.383
vn -0.883 -0.455 0.111
vn 0.774 -0.451 -0.444
vn -0.758 0.556 -0.342
vn -0.742 0.664 -0.098
vn -0.834 -0.337 -0.436
vn 0.791 0.604 -0.100
vn 0.017 0.139 -0.990
vn 0.940 -0.335 0.067
vn -0.449 0.787 0.423
vn -0.283 0.946 0.156
vn -0.044 -0.426 0.904
vn 0.491 -0.199 0.848
vn -0.757 0.019 0.653
vn -0.844 -0.489 0.223
vn 0.551 -0.548 0.629
vn 0.859 0.150 0.490
vn 0.852 -0.424 0.306
vn -0.901 0.432 -0.043
vn -0.882 -0.434 0.185
vn -0.628 0.555 0.546
vn 0.729 -0.343 0.593
vn 0.019 0.284 0.959
vn -0.022 -0.464 0.886
vn -0.830 0.092 0.550
vn 0.759 0.214 0.615
vn -0.737 -0.309 0.602
vn -0.566 -0.184 0.803
vn 0.650 -0.205 0.732
vn -0.770 0.636 -0.059
vn 0.218 0.103 0.971
vn 0.620 0.579 0.530
vn -0.105 0.126 0.986
vn -0.695 -0.303 0.652
vn 0.028 0.178 0.984
vn 0.033 0.146 0.989
vn 0.457 0.493 0.740
vn -0.234 0.219 0.947
vn -0.468 -0.372 0.801
vn -0.780 0.379 0.497
vn 0.376 -0.233 0.897
vn 0.275 0.084 0.958
vn -0.346 0.453 0.821
vn -0.144 0.148 0.978
vn -0.285 0.205 0.936
vn -0.288 -0.335 0.897
usemtl creature
f 1//1 2//2 3//3
f 6//6 2//2 1//1
f 2//2 6//6 4//4
f 9//9 13//13 3//3
f 2//2 8//8 3//3
f 1//1 3//3 13//13
f 1//1 13//13 6//6
f 10//10 2//2 5//5
f 4//4 5//5 2//2
f 8//8 9//9 3//3
f 2//2 10//10 8//8
f 10//10 5//5 17//17
f 7//7 11//11 6//6
f 4//4 15//15 5//5
f 6//6 11//11 4//4
f 4//4 11//11 15//15
f 15//15 17//17 5//5
f 15//15 11//11 16//16
f 10//10 12//12 8//8
f 12//12 9//9 8//8
f 7//7 6//6 13//13
f 17//17 14//14 10//10
f 24//24 11//11 7//7
f 21//21 15//15 16//16
f 9//9 22//22 13//13
f 10//10 14//14 12//12
f 22//22 7//7 13//13
f 17//17 23//23 14//14
f 17//17 15//15 19//19
f 18//18 11//11 24//24
f 18//18 16//16 11//11
f 21//21 19//19 15//15
f 25//25 21//21 16//16
f 25//25 16//16 18//18
f 20//20 9//9 12//12
f 20//20 22//22 9//9
f 7//7 22//22 24//24
f 23//23 17//17 19//19
f 35//35 21//21 25//25
f 20//20 12//12 14//14
f 22//22 20//20 27//27
f 22//22 26//26 24//24
f 26//26 22//22 27//27
f 21//21 51//51 19//19
f 18//18 30//30 25//25
f 35//35 31//31 21//21
f 14//14 41//41 20//20
f 41//41 27//27 20//20
f 23//23 41//41 14//14
f 28//28 41//41 23//23
f 34//34 24//24 26//26
f 28//28 23//23 19//19
f 34//34 18//18 24//24
f 28//28 19//19 42//42
f 51//51 42//42 19//19
f 29//29 18//18 34//34
f 29//29 30//30 18//18
f 40//40 32//32 26//26
f 40//40 26//26 27//27
f 27//27 41//41 33//33
f 27//27 33//33 40//40
f 32//32 34//34 26//26
f 43//43 34//34 32//32
f 30//30 60//60 25//25
f 32//32 40//40 37//37
f 33//33 41//41 39//39
f 28//28 39//39 41//41
f 42//42 61//61 28//28
f 43//43 37//37 38//38
f 32//32 37//37 43//43
f 86//86 29//29 34//34
f 34//34 43//43 86//86
f 31//31 51//51 21//21
f 31//31 35//35 77//77
f 25//25 87//87 35//35
f 60//60 87//87 25//25
f 46//46 44//44 40//40
f 40//40 44//44 37//37
f 44//44 45//45 37//37
f 45//45 81//81 37//37
f 38//38 37//37 81//81
f 40//40 36//36 46//46
f 28//28 61//61 39//39
f 39//39 62//62 33//33
f 33//33 62//62 36//36
f 33//33 36//36 40//40
f 64//64 61//61 42//42
f 48//48 38//38 54//54
f 56//56 64//64 42//42
f 47//47 56//56 42//42
f 43//43 38//38 48//48
f 49//49 50//50 47//47
f 42//42 49//49 47//47
f 49//49 42//42 51//51
f 51//51 59//59 49//49
f 29//29 52//52 30//30
f 29//29 86//86 52//52
f 35//35 87//87 77//77
f 44//44 46//46 45//45
f 45//45 46//46 81//81
f 39//39 61//61 62//62
f 53//53 38//38 81//81
f 46//46 36//36 66//66
f 38//38 53//53 54//54
f 64//64 65//65 61//61
f 54//54 55//55 57//57
f 57//57 48//48 54//54
f 47//47 58//58 56//56
f 48//48 57//57 70//70
f 47//47 50//50 58//58
f 43//43 48//48 70//70
f 71//71 43//43 70//70
f 86//86 43//43 71//71
f 49//49 73//73 50//50
f 86//86 74//74 52//52
f 59//59 51//51 75//75
f 31//31 75//75 51//51
f 77//77 75//75 31//31
f 60//60 30//30 52//52
f 62//62 61//61 79//79
f 79//79 66//66 62//62
f 58//58 63//63 56//56
f 56//56 63//63 64//64
f 80//80 65//65 64//64
f 66//66 36//36 62//62
f 67//67 58//58 69//69
f 58//58 50//50 69//69
f 50//50 67//67 69//69
f 50//50 72//72 67//67
f 73//73 72//72 50//50
f 49//49 59//59 73//73
f 59//59 76//76 153//153
f 75//75 76//76 59//59
f 61//61 78//78 79//79
f 53//53 92//92 106//106
f 88//88 89//89 63//63
f 65//65 78//78 61//61
f 66//66 91//91 46//46
f 46//46 91//91 81//81
f 53//53 106//106 55//55
f 89//89 64//64 63//63
f 64//64 89//89 80//80
f 65//65 80//80 78//78
f 54//54 53//53 55//55
f 63//63 58//58 82//82
f 67//67 82//82 58//58
f 84//84 68//68 83//83
f 57//57 55//55 95//95
f 57//57 95//95 68//68
f 57//57 68//68 70//70
f 84//84 70//70 68//68
f 72//72 97//97 67//67
f 84//84 71//71 70//70
f 71//71 84//84 85//85
f 72//72 73//73 97//97
f 86//86 71//71 98//98
f 74//74 86//86 240//240
f 73//73 153//153 152//152
f 59//59 153//153 73//73
f 52//52 74//74 99//99
f 75//75 77//77 112//112
f 52//52 99//99 60//60
f 87//87 127//127 77//77
f 87//87 60//60 99//99
f 80//80 89//89 78//78
f 78//78 89//89 104//104
f 78//78 104//104 90//90
f 78//78 90//90 79//79
f 79//79 90//90 66//66
f 66//66 90//90 91//91
f 91//91 90//90 100//100
f 53//53 105//105 92//92
f 91//91 105//105 81//81
f 81//81 105//105 53//53
f 95//95 106//106 93//93
f 123//123 83//83 94//94
f 55//55 106//106 95//95
f 95//95 93//93 94//94
f 68//68 95//95 94//94
f 83//83 68//68 94//94
f 83//83 123//123 84//84
f 107//107 82//82 67//67
f 96//96 107//107 67//67
f 97//97 96//96 67//67
f 97//97 110//110 149//149
f 73//73 110//110 97//97
f 73//73 152//152 110//110
f 98//98 240//240 86//86
f 75//75 112//112 76//76
f 128//128 127//127 87//87
f 87//87 99//99 128//128
f 105//105 91//91 101//101
f 89//89 88//88 103//103
f 89//89 103//103 104//104
f 101//101 92//92 105//105
f 100//100 119//119 91//91
f 93//93 102//102 94//94
f 122//122 88//88 63//63
f 82//82 122//122 63//63
f 123//123 94//94 102//102
f 140//140 122//122 82//82
f 107//107 140//140 82//82
f 145//145 84//84 123//123
f 96//96 124//124 107//107
f 126//126 84//84 145//145
f 97//97 149//149 96//96
f 126//126 85//85 84//84
f 110//110 109//109 149//149
f 98//98 71//71 85//85
f 111//111 110//110 152//152
f 152//152 153//153 241//241
f 240//240 216//216 74//74
f 74//74 216//216 99//99
f 76//76 154//154 153//153
f 154//154 76//76 180//180
f 180//180 76//76 112//112
f 112//112 77//77 127//127
f 113//113 130//130 162//162
f 100//100 167//167 115//115
f 115//115 119//119 100//100
f 116//116 138//138 102//102
f 104//104 103//103 118//118
f 91//91 120//120 210//210
f 91//91 210//210 101//101
f 93//93 121//121 116//116
f 103//103 88//88 137//137
f 104//104 118//118 90//90
f 90//90 118//118 167//167
f 90//90 167//167 100//100
f 119//119 120//120 91//91
f 106//106 134//134 121//121
f 93//93 116//116 102//102
f 140//140 139//139 132//132
f 137//137 88//88 122//122
f 134//134 92//92 101//101
f 92//92 134//134 106//106
f 106//106 121//121 93//93
f 123//123 102//102 138//138
f 140//140 171//171 122//122
f 124//124 139//139 140//140
f 107//107 124//124 140//140
f 123//123 172//172 145//145
f 142//142 124//124 96//96
f 96//96 125//125 142//142
f 126//126 145//145 148//148
f 96//96 149//149 125//125
f 85//85 126//126 108//108
f 109//109 150//150 149//149
f 108//108 98//98 85//85
f 108//108 239//239 98//98
f 127//127 128//128 129//129
f 113//113 131//131 130//130
f 163//163 113//113 162//162
f 121//121 114//114 116//116
f 114//114 165//165 116//116
f 117//117 113//113 163//163
f 119//119 115//115 120//120
f 134//134 101//101 210//210
f 165//165 138//138 116//116
f 135//135 113//113 117//117
f 171//171 201//201 122//122
f 122//122 201//201 202//202
f 137//137 233//233 103//103
f 118//118 133//133 167//167
f 138//138 113//113 135//135
f 134//134 164//164 121//121
f 171//171 140//140 132//132
f 122//122 202//202 137//137
f 138//138 135//135 123//123
f 172//172 135//135 117//117
f 141//141 136//136 139//139
f 135//135 172//172 123//123
f 124//124 141//141 139//139
f 145//145 172//172 174//174
f 125//125 144//144 173//173
f 142//142 125//125 173//173
f 142//142 141//141 124//124
f 142//142 173//173 141//141
f 148//148 146//146 143//143
f 125//125 147//147 144//144
f 149//149 147//147 125//125
f 126//126 148//148 143//143
f 149//149 176//176 147//147
f 177//177 108//108 126//126
f 177//177 126//126 143//143
f 149//149 150//150 176//176
f 109//109 178//178 150//150
f 108//108 177//177 239//239
f 151//151 110//110 111//111
f 152//152 151//151 111//111
f 98//98 239//239 240//240
f 179//179 241//241 153//153
f 153//153 154//154 179//179
f 179//179 154//154 180//180
f 127//127 269//269 112//112
f 127//127 155//155 269//269
f 180//180 112//112 269//269
f 129//129 155//155 127//127
f 188//188 158//158 183//183
f 159//159 158//158 188//188
f 188//188 183//183 186//186
f 187//187 159//159 188//188
f 188//188 160//160 187//187
f 194//194 162//162 130//130
f 163//163 162//162 194//194
f 114//114 164//164 190//190
f 114//114 190//190 161//161
f 161//161 165//165 114//114
f 194//194 130//130 204//204
f 204//204 130//130 131//131
f 171//171 197//197 169//169
f 118//118 229//229 166//166
f 121//121 164//164 114//114
f 132//132 230//230 197//197
f 197//197 171//171 132//132
f 103//103 233//233 229//229
f 103//103 229//229 118//118
f 166//166 133//133 118//118
f 168//168 120//120 115//115
f 195//195 134//134 206//206
f 196//196 230//230 139//139
f 132//132 139//139 230//230
f 171//171 169//169 201//201
f 137//137 202//202 233//233
f 133//133 234//234 167//167
f 167//167 168//168 115//115
f 210//210 211//211 206//206
f 210//210 206//206 134//134
f 164//164 134//134 195//195
f 138//138 165//165 170//170
f 170//170 131//131 138//138
f 131//131 113//113 138//138
f 136//136 196//196 139//139
f 117//117 163//163 207//207
f 136//136 141//141 196//196
f 117//117 207//207 172//172
f 172//172 207//207 174//174
f 146//146 213//213 143//143
f 174//174 146//146 148//148
f 174//174 148//148 145//145
f 144//144 147//147 175//175
f 177//177 143//143 266//266
f 178//178 176//176 150//150
f 241//241 151//151 152//152
f 267//267 298//298 240//240
f 298//298 216//216 240//240
f 299//299 99//99 216//216
f 299//299 128//128 99//99
f 129//129 268//268 155//155
f 157//157 244//244 217//217
f 157//157 217//217 156//156
f 156//156 217//217 219//219
f 220//220 157//157 156//156
f 182//182 157//157 220//220
f 158//158 182//182 183//183
f 182//182 220//220 183//183
f 183//183 220//220 186//186
f 184//184 158//158 159//159
f 159//159 185//185 184//184
f 223//223 185//185 159//159
f 188//188 186//186 189//189
f 186//186 252//252 189//189
f 225//225 223//223 159//159
f 159//159 187//187 225//225
f 192//192 160//160 188//188
f 189//189 192//192 188//188
f 161//161 190//190 223//223
f 161//161 223//223 225//225
f 192//192 191//191 160//160
f 200//200 192//192 189//189
f 189//189 284//284 200//200
f 191//191 192//192 194//194
f 164//164 193//193 190//190
f 161//161 225//225 165//165
f 194//194 192//192 207//207
f 207//207 192//192 200//200
f 225//225 226//226 170//170
f 195//195 193//193 164//164
f 199//199 163//163 194//194
f 199//199 194//194 207//207
f 196//196 205//205 253//253
f 165//165 225//225 170//170
f 199//199 207//207 163//163
f 169//169 202//202 201//201
f 233//233 202//202 232//232
f 166//166 231//231 234//234
f 195//195 206//206 235//235
f 131//131 170//170 204//204
f 207//207 200//200 203//203
f 133//133 166//166 234//234
f 198//198 167//167 234//234
f 167//167 198//198 168//168
f 120//120 168//168 285//285
f 205//205 196//196 208//208
f 209//209 210//210 120//120
f 212//212 207//207 203//203
f 210//210 209//209 211//211
f 141//141 208//208 196//196
f 146//146 207//207 213//213
f 207//207 212//212 213//213
f 213//213 212//212 237//237
f 141//141 173//173 208//208
f 144//144 263//263 173//173
f 146//146 174//174 207//207
f 175//175 263//263 144//144
f 213//213 237//237 143//143
f 265//265 143//143 237//237
f 143//143 265//265 266//266
f 147//147 176//176 175//175
f 214//214 176//176 178//178
f 151//151 109//109 110//110
f 267//267 240//240 239//239
f 241//241 215//215 151//151
f 179//179 242//242 241//241
f 298//298 299//299 216//216
f 268//268 129//129 128//128
f 244//244 301//301 217//217
f 218//218 245//245 157//157
f 157//157 245//245 244//244
f 246//246 217//217 301//301
f 181//181 218//218 157//157
f 182//182 181//181 157//157
f 182//182 221//221 181//181
f 219//219 220//220 156//156
f 158//158 221//221 182//182
f 158//158 184//184 221//221
f 185//185 221//221 184//184
f 222//222 186//186 220//220
f 185//185 223//223 250//250
f 222//222 252//252 186//186
f 223//223 190//190 224//224
f 226//226 225//225 187//187
f 191//191 187//187 160//160
f 191//191 226//226 187//187
f 252//252 284//284 189//189
f 193//193 224//224 190//190
f 170//170 226//226 191//191
f 195//195 235//235 193//193
f 253//253 227//227 196//196
f 228//228 169//169 230//230
f 197//197 230//230 169//169
f 233//233 232//232 229//229
f 229//229 371//371 259//259
f 262//262 198//198 234//234
f 204//204 170//170 191//191
f 194//194 204//204 191//191
f 203//203 200//200 284//284
f 196//196 227//227 230//230
f 228//228 232//232 169//169
f 166//166 229//229 259//259
f 166//166 259//259 231//231
f 231//231 257//257 234//234
f 257//257 262//262 234//234
f 198//198 285//285 168//168
f 232//232 202//202 169//169
f 285//285 261//261 120//120
f 235//235 211//211 261//261
f 211//211 235//235 206//206
f 236//236 205//205 208//208
f 261//261 209//209 120//120
f 209//209 261//261 211//211
f 237//237 212//212 203//203
f 287//287 237//237 203//203
f 173//173 263//263 208//208
f 175//175 238//238 263//263
f 175//175 176//176 238//238
f 176//176 353//353 295//295
f 176//176 214//214 353//353
f 109//109 214//214 178//178
f 239//239 177//177 296//296
f 151//151 214//214 109//109
f 151//151 215//215 325//325
f 354//354 267//267 239//239
f 128//128 299//299 328//328
f 242//242 179//179 180//180
f 328//328 299//299 383//383
f 268//268 269//269 155//155
f 243//243 301//301 244//244
f 245//245 243//243 244//244
f 246//246 219//219 217//217
f 270//270 219//219 246//246
f 271//271 219//219 270//270
f 181//181 221//221 218//218
f 218//218 221//221 248//248
f 271//271 220//220 219//219
f 222//222 220//220 271//271
f 221//221 250//250 248//248
f 249//249 222//222 271//271
f 185//185 250//250 221//221
f 251//251 250//250 223//223
f 224//224 251//251 223//223
f 222//222 249//249 273//273
f 273//273 252//252 222//222
f 273//273 284//284 252//252
f 193//193 256//256 224//224
f 205//205 282//282 253//253
f 255//255 232//232 228//228
f 254//254 371//371 229//229
f 230//230 227//227 283//283
f 232//232 255//255 229//229
f 193//193 235//235 256//256
f 205//205 236//236 282//282
f 230//230 283//283 258//258
f 258//258 228//228 230//230
f 259//259 257//257 231//231
f 285//285 198//198 260//260
f 287//287 203//203 284//284
f 198//198 262//262 260//260
f 261//261 278//278 235//235
f 288//288 236//236 208//208
f 208//208 263//263 288//288
f 263//263 289//289 288//288
f 238//238 289//289 263//263
f 287//287 264//264 237//237
f 264//264 265//265 237//237
f 320//320 265//265 264//264
f 176//176 292//292 238//238
f 320//320 266//266 265//265
f 295//295 292//292 176//176
f 323//323 177//177 266//266
f 177//177 323//323 296//296
f 151//151 325//325 214//214
f 324//324 354//354 239//239
f 297//297 325//325 215//215
f 241//241 297//297 215//215
f 410//410 297//297 241//241
f 410//410 241//241 242//242
f 128//128 328//328 355//355
f 269//269 411//411 180//180
f 268//268 128//128 355//355
f 218//218 247//247 245//245
f 218//218 248//248 247//247
f 250//250 304//304 248//248
f 303//303 249//249 271//271
f 251//251 304//304 250//250
f 304//304 251//251 272//272
f 249//249 303//303 309//309
f 224//224 272//272 251//251
f 309//309 273//273 249//249
f 277//277 273//273 309//309
f 253//253 275//275 274//274
f 282//282 275//275 253//253
f 274//274 276//276 253//253
f 280//280 279//279 278//278
f 255//255 307//307 254//254
f 308//308 224//224 256//256
f 228//228 283//283 342//342
f 228//228 342//342 255//255
f 276//276 283//283 227//227
f 229//229 255//255 254//254
f 254//254 312//312 371//371
f 227//227 253//253 276//276
f 261//261 285//285 278//278
f 235//235 278//278 279//279
f 235//235 279//279 256//256
f 287//287 284//284 273//273
f 314//314 282//282 236//236
f 228//228 258//258 283//283
f 259//259 315//315 257//257
f 285//285 260//260 405//405
f 313//313 273//273 277//277
f 257//257 315//315 286//286
f 286//286 262//262 257//257
f 262//262 286//286 260//260
f 287//287 273//273 313//313
f 287//287 313//313 290//290
f 289//289 238//238 291//291
f 290//290 264//264 287//287
f 238//238 292//292 319//319
f 320//320 264//264 290//290
f 295//295 294//294 292//292
f 320//320 323//323 266//266
f 320//320 293//293 323//323
f 433//433 239//239 296//296
f 214//214 352//352 353//353
f 325//325 352//352 214//214
f 354//354 326//326 267//267
f 382//382 298//298 267//267
f 382//382 267//267 326//326
f 180//180 385//385 242//242
f 269//269 329//329 411//411
f 436//436 268//268 355//355
f 436//436 269//269 268//268
f 245//245 300//300 356//356
f 245//245 356//356 412//412
f 245//245 412//412 243//243
f 247//247 300//300 245//245
f 301//301 357//357 246//246
f 270//270 246//246 357//357
f 270//270 330//330 271//271
f 248//248 418//418 247//247
f 248//248 302//302 418//418
f 330//330 303//303 271//271
f 309//309 303//303 305//305
f 272//272 333//333 304//304
f 224//224 308//308 272//272
f 274//274 275//275 306//306
f 363//363 334//334 309//309
f 335//335 274//274 306//306
f 309//309 334//334 277//277
f 335//335 276//276 274//274
f 276//276 335//335 332//332
f 276//276 332//332 311//311
f 307//307 255//255 342//342
f 254//254 307//307 310//310
f 374//374 277//277 334//334
f 310//310 312//312 254//254
f 276//276 311//311 283//283
f 281//281 283//283 311//311
f 311//311 283//283 281//281
f 283//283 311//311 342//342
f 312//312 370//370 371//371
f 278//278 344//344 280//280
f 256//256 279//279 308//308
f 278//278 285//285 344//344
f 277//277 374//374 313//313
f 282//282 314//314 316//316
f 259//259 371//371 315//315
f 286//286 405//405 260//260
f 236//236 316//316 314//314
f 289//289 317//317 316//316
f 289//289 316//316 288//288
f 288//288 316//316 236//236
f 291//291 317//317 289//289
f 290//290 313//313 346//346
f 291//291 319//319 317//317
f 322//322 290//290 346//346
f 319//319 291//291 238//238
f 318//318 319//319 292//292
f 322//322 320//320 290//290
f 318//318 350//350 321//321
f 320//320 322//322 293//293
f 292//292 350//350 318//318
f 350//350 292//292 294//294
f 433//433 296//296 323//323
f 432//432 433//433 323//323
f 299//299 298//298 382//382
f 327//327 383//383 299//299
f 385//385 410//410 242//242
f 385//385 180//180 411//411
f 328//328 383//383 384//384
f 436//436 329//329 269//269
f 243//243 412//412 386//386
f 386//386 301//301 243//243
f 386//386 357//357 301//301
f 416//416 300//300 247//247
f 247//247 418//418 416//416
f 304//304 302//302 248//248
f 330//330 305//305 303//303
f 442//442 305//305 330//330
f 333//333 302//302 304//304
f 389//389 365//365 306//306
f 275//275 389//389 306//306
f 363//363 309//309 305//305
f 335//335 306//306 365//365
f 272//272 341//341 333//333
f 275//275 340//340 389//389
f 307//307 336//336 331//331
f 338//338 307//307 331//331
f 308//308 341//341 272//272
f 342//342 337//337 307//307
f 307//307 337//337 336//336
f 307//307 338//338 310//310
f 282//282 340//340 275//275
f 338//338 343//343 310//310
f 344//344 367//367 280//280
f 341//341 279//279 280//280
f 367//367 341//341 280//280
f 282//282 316//316 340//340
f 332//332 368//368 311//311
f 312//312 343//343 370//370
f 279//279 341//341 308//308
f 334//334 339//339 374//374
f 311//311 368//368 342//342
f 310//310 343//343 312//312
f 371//371 375//375 315//315
f 285//285 405//405 344//344
f 345//345 313//313 374//374
f 315//315 375//375 372//372
f 347//347 400//400 317//317
f 317//317 400//400 316//316
f 286//286 315//315 372//372
f 424//424 286//286 372//372
f 424//424 405//405 286//286
f 346//346 345//345 374//374
f 345//345 346//346 313//313
f 319//319 348//348 317//317
f 378//378 322//322 346//346
f 318//318 380//380 319//319
f 380//380 348//348 319//319
f 321//321 380//380 318//318
f 349//349 293//293 322//322
f 349//349 351//351 293//293
f 351//351 323//323 293//293
f 351//351 432//432 323//323
f 294//294 295//295 352//352
f 353//353 352//352 295//295
f 239//239 433//433 324//324
f 452//452 324//324 433//433
f 452//452 354//354 324//324
f 382//382 326//326 354//354
f 525//525 299//299 382//382
f 525//525 327//327 299//299
f 437//437 436//436 355//355
f 388//388 300//300 416//416
f 358//358 270//270 357//357
f 330//330 270//270 358//358
f 393//393 418//418 302//302
f 393//393 302//302 333//333
f 365//365 390//390 359//359
f 389//389 390//390 365//365
f 333//333 394//394 393//393
f 365//365 359//359 360//360
f 368//368 365//365 360//360
f 337//337 360//360 392//392
f 336//336 364//364 331//331
f 333//333 399//399 394//394
f 335//335 365//365 332//332
f 368//368 360//360 337//337
f 336//336 369//369 364//364
f 331//331 364//364 338//338
f 340//340 361//361 389//389
f 368//368 332//332 365//365
f 338//338 364//364 366//366
f 367//367 398//398 394//394
f 394//394 399//399 367//367
f 333//333 341//341 399//399
f 340//340 395//395 361//361
f 316//316 395//395 340//340
f 446//446 334//334 363//363
f 337//337 369//369 336//336
f 334//334 446//446 339//339
f 395//395 316//316 400//400
f 342//342 368//368 337//337
f 338//338 366//366 343//343
f 343//343 366//366 401//401
f 398//398 367//367 344//344
f 399//399 341//341 367//367
f 343//343 401//401 370//370
f 403//403 371//371 370//370
f 446//446 404//404 339//339
f 404//404 374//374 339//339
f 405//405 373//373 344//344
f 423//423 375//375 371//371
f 347//347 377//377 400//400
f 405//405 424//424 425//425
f 376//376 346//346 374//374
f 376//376 427//427 346//346
f 317//317 377//377 347//347
f 380//380 379//379 406//406
f 348//348 380//380 406//406
f 378//378 349//349 322//322
f 350//350 408//408 321//321
f 430//430 351//351 349//349
f 294//294 408//408 350//350
f 351//351 430//430 432//432
f 352//352 325//325 409//409
f 381//381 354//354 452//452
f 381//381 382//382 354//354
f 501//501 325//325 297//297
f 410//410 501//501 297//297
f 481//481 383//383 327//327
f 454//454 355//355 328//328
f 387//387 357//357 386//386
f 358//358 357//357 483//483
f 508//508 358//358 483//483
f 358//358 508//508 330//330
f 418//418 459//459 416//416
f 442//442 330//330 508//508
f 390//390 417//417 360//360
f 360//360 417//417 392//392
f 390//390 389//389 419//419
f 361//361 419//419 389//389
f 359//359 390//390 360//360
f 305//305 442//442 391//391
f 396//396 393//393 394//394
f 421//421 364//364 362//362
f 391//391 363//363 305//305
f 364//364 421//421 366//366
f 402//402 422//422 395//395
f 392//392 397//397 337//337
f 364//364 397//397 362//362
f 398//398 396//396 394//394
f 369//369 397//397 364//364
f 445//445 366//366 421//421
f 446//446 363//363 391//391
f 397//397 369//369 337//337
f 395//395 400//400 402//402
f 366//366 445//445 401//401
f 370//370 401//401 403//403
f 373//373 398//398 344//344
f 423//423 371//371 403//403
f 404//404 475//475 374//374
f 400//400 377//377 448//448
f 375//375 424//424 372//372
f 475//475 376//376 374//374
f 427//427 378//378 346//346
f 317//317 426//426 377//377
f 348//348 426//426 317//317
f 406//406 379//379 407//407
f 378//378 427//427 449//449
f 380//380 407//407 379//379
f 348//348 406//406 426//426
f 321//321 407//407 380//380
f 378//378 449//449 349//349
f 321//321 408//408 407//407
f 294//294 352//352 409//409
f 501//501 410//410 434//434
f 385//385 434//434 410//410
f 384//384 455//455 328//328
f 455//455 454//454 328//328
f 482//482 356//356 300//300
f 412//412 356//356 482//482
f 483//483 357//357 387//387
f 416//416 413//413 388//388
f 417//417 414//414 415//415
f 441//441 414//414 417//417
f 417//417 419//419 441//441
f 419//419 417//417 390//390
f 465//465 442//442 460//460
f 417//417 420//420 392//392
f 465//465 391//391 442//442
f 395//395 419//419 361//361
f 397//397 392//392 420//420
f 420//420 461//461 362//362
f 461//461 421//421 362//362
f 362//362 397//397 420//420
f 402//402 448//448 422//422
f 403//403 401//401 445//445
f 400//400 448//448 402//402
f 474//474 375//375 423//423
f 474//474 424//424 375//375
f 405//405 425//425 373//373
f 475//475 427//427 376//376
f 476//476 377//377 426//426
f 407//407 428//428 406//406
f 406//406 428//428 426//426
f 429//429 349//349 449//449
f 430//430 349//349 429//429
f 294//294 431//431 408//408
f 294//294 524//524 431//431
f 430//430 498//498 432//432
f 325//325 479//479 409//409
f 381//381 525//525 382//382
f 525//525 481//481 327//327
f 481//481 384//384 383//383
f 385//385 435//435 434//434
f 503//503 385//385 411//411
f 503//503 411//411 329//329
f 526//526 503//503 329//329
f 436//436 505//505 329//329
f 437//437 505//505 436//436
f 454//454 437//437 355//355
f 388//388 482//482 300//300
f 386//386 456//456 387//387
f 413//413 507//507 388//388
f 414//414 457//457 438//438
f 415//415 414//414 438//438
f 441//441 439//439 414//414
f 414//414 439//439 457//457
f 416//416 459//459 413//413
f 440//440 417//417 415//415
f 439//439 441//441 419//419
f 508//508 460//460 442//442
f 419//419 443//443 439//439
f 417//417 440//440 420//420
f 418//418 556//556 459//459
f 486//486 556//556 418//418
f 440//440 461//461 420//420
f 393//393 486//486 418//418
f 395//395 443//443 419//419
f 393//393 466//466 486//486
f 395//395 422//422 443//443
f 421//421 461//461 463//463
f 463//463 464//464 421//421
f 396//396 466//466 393//393
f 421//421 464//464 467//467
f 466//466 396//396 471//471
f 465//465 470//470 391//391
f 445//445 421//421 467//467
f 470//470 446//446 391//391
f 471//471 398//398 447//447
f 471//471 396//396 398//398
f 445//445 467//467 403//403
f 373//373 447//447 398//398
f 467//467 423//423 403//403
f 446//446 470//470 475//475
f 446//446 475//475 404//404
f 425//425 447//447 373//373
f 377//377 476//476 448//448
f 473//473 424//424 474//474
f 473//473 495//495 424//424
f 425//425 424//424 495//495
f 428//428 476//476 426//426
f 450//450 428//428 407//407
f 449//449 427//427 477//477
f 450//450 407//407 408//408
f 429//429 498//498 430//430
f 294//294 409//409 524//524
f 498//498 499//499 432//432
f 479//479 451//451 409//409
f 433//433 480//480 452//452
f 480//480 381//381 452//452
f 501//501 479//479 325//325
f 547//547 525//525 381//381
f 453//453 501//501 434//434
f 435//435 385//385 503//503
f 526//526 329//329 505//505
f 506//506 386//386 412//412
f 438//438 457//457 549//549
f 415//415 438//438 528//528
f 457//457 439//439 458//458
f 415//415 509//509 440//440
f 460//460 508//508 510//510
f 465//465 460//460 510//510
f 466//466 469//469 486//486
f 462//462 443//443 422//422
f 466//466 444//444 469//469
f 487//487 469//469 444//444
f 471//471 487//487 466//466
f 444//444 466//466 487//487
f 448//448 468//468 422//422
f 490//490 467//467 464//464
f 471//471 472//472 487//487
f 471//471 447//447 472//472
f 423//423 467//467 490//490
f 473//473 474//474 423//423
f 490//490 473//473 423//423
f 494//494 447//447 425//425
f 496//496 427//427 475//475
f 449//449 477//477 522//522
f 522//522 429//429 449//449
f 408//408 497//497 450//450
f 408//408 431//431 497//497
f 431//431 524//524 478//478
f 499//499 433//433 432//432
f 455//455 384//384 570//570
f 504//504 505//505 437//437
f 437//437 454//454 504//504
f 482//482 506//506 412//412
f 456//456 386//386 506//506
f 457//457 551//551 549//549
f 388//388 507//507 482//482
f 549//549 552//552 438//438
f 528//528 438//438 552//552
f 484//484 458//458 439//439
f 509//509 415//415 528//528
f 459//459 556//556 413//413
f 462//462 511//511 443//443
f 443//443 511//511 439//439
f 440//440 599//599 461//461
f 599//599 463//463 461//461
f 463//463 599//599 464//464
f 599//599 485//485 464//464
f 468//468 462//462 422//422
f 468//468 531//531 462//462
f 512//512 470//470 465//465
f 486//486 469//469 487//487
f 488//488 489//489 468//468
f 464//464 485//485 490//490
f 535//535 470//470 512//512
f 493//493 489//489 488//488
f 448//448 488//488 468//468
f 492//492 472//472 447//447
f 494//494 492//492 447//447
f 470//470 535//535 475//475
f 491//491 473//473 490//490
f 491//491 538//538 473//473
f 448//448 476//476 488//488
f 495//495 473//473 538//538
f 496//496 475//475 535//535
f 495//495 494//494 425//425
f 428//428 541//541 476//476
f 428//428 520//520 541//541
f 477//477 427//427 496//496
f 450//450 520//520 428//428
f 450//450 497//497 520//520
f 519//519 522//522 477//477
f 431//431 478//478 497//497
f 545//545 498//498 429//429
f 451//451 524//524 409//409
f 479//479 501//501 500//500
f 381//381 480//480 547//547
f 501//501 453//453 615//615
f 502//502 434//434 435//435
f 570//570 384//384 481//481
f 502//502 435//435 503//503
f 506//506 527//527 456//456
f 387//387 456//456 596//596
f 458//458 551//551 457//457
f 597//597 509//509 528//528
f 556//556 507//507 413//413
f 511//511 484//484 439//439
f 599//599 440//440 509//509
f 462//462 531//531 511//511
f 557//557 465//465 510//510
f 557//557 512//512 465//465
f 513//513 531//531 468//468
f 489//489 513//513 468//468
f 490//490 485//485 533//533
f 489//489 514//514 513//513
f 493//493 514//514 489//489
f 472//472 492//492 534//534
f 491//491 490//490 515//515
f 518//518 517//517 516//516
f 517//517 515//515 516//516
f 517//517 491//491 515//515
f 493//493 488//488 514//514
f 518//518 539//539 517//517
f 538//538 491//491 517//517
f 539//539 538//538 517//517
f 476//476 541//541 488//488
f 563//563 541//541 520//520
f 542//542 477//477 496//496
f 519//519 477//477 542//542
f 521//521 522//522 519//519
f 544//544 523//523 497//497
f 545//545 429//429 522//522
f 478//478 544//544 497//497
f 498//498 545//545 589//589
f 590//590 433//433 499//499
f 500//500 451//451 479//479
f 570//570 481//481 525//525
f 616//616 454//454 455//455
f 652//652 503//503 526//526
f 652//652 592//592 503//503
f 548//548 526//526 505//505
f 482//482 550//550 506//506
f 632//632 552//552 549//549
f 530//530 483//483 387//387
f 484//484 551//551 458//458
f 530//530 508//508 483//483
f 484//484 511//511 598//598
f 556//556 486//486 637//637
f 532//532 485//485 599//599
f 513//513 575//575 531//531
f 487//487 560//560 486//486
f 533//533 485//485 532//532
f 512//512 557//557 558//558
f 472//472 534//534 487//487
f 537//537 515//515 536//536
f 515//515 533//533 536//536
f 515//515 490//490 533//533
f 579//579 537//537 536//536
f 609//609 534//534 492//492
f 537//537 516//516 515//515
f 518//518 516//516 537//537
f 579//579 518//518 537//537
f 494//494 609//609 492//492
f 579//579 539//539 518//518
f 538//538 539//539 579//579
f 538//538 540//540 495//495
f 488//488 541//541 514//514
f 494//494 495//495 540//540
f 562//562 496//496 535//535
f 542//542 496//496 562//562
f 520//520 565//565 563//563
f 521//521 519//519 542//542
f 497//497 565//565 520//520
f 497//497 523//523 565//565
f 543//543 522//522 521//521
f 565//565 523//523 544//544
f 543//543 545//545 522//522
f 544//544 478//478 588//588
f 589//589 499//499 498//498
f 451//451 546//546 524//524
f 433//433 590//590 480//480
f 591//591 547//547 567//567
f 614//614 500//500 501//501
f 614//614 501//501 615//615
f 547//547 568//568 525//525
f 502//502 453//453 434//434
f 503//503 592//592 502//502
f 455//455 570//570 650//650
f 651//651 455//455 650//650
f 504//504 454//454 616//616
f 526//526 548//548 652//652
f 504//504 548//548 505//505
f 593//593 594//594 549//549
f 551//551 593//593 549//549
f 632//632 549//549 594//594
f 482//482 553//553 550//550
f 456//456 527//527 596//596
f 632//632 595//595 552//552
f 529//529 482//482 507//507
f 553//553 482//482 529//529
f 596//596 530//530 387//387
f 597//597 528//528 552//552
f 598//598 572//572 484//484
f 556//556 554//554 507//507
f 530//530 510//510 508//508
f 574//574 509//509 597//597
f 556//556 619//619 554//554
f 556//556 555//555 619//619
f 531//531 575//575 511//511
f 560//560 637//637 486//486
f 576//576 533//533 532//532
f 558//558 535//535 512//512
f 579//579 533//533 576//576
f 487//487 534//534 560//560
f 514//514 559//559 513//513
f 514//514 561//561 559//559
f 609//609 560//560 534//534
f 579//579 536//536 533//533
f 580//580 535//535 558//558
f 579//579 606//606 538//538
f 605//605 609//609 494//494
f 581//581 605//605 494//494
f 541//541 561//561 514//514
f 606//606 581//581 538//538
f 538//538 581//581 540//540
f 494//494 540//540 581//581
f 580//580 562//562 535//535
f 541//541 563//563 561//561
f 611//611 542//542 562//562
f 611//611 564//564 542//542
f 521//521 542//542 564//564
f 543//543 521//521 564//564
f 585//585 545//545 543//543
f 566//566 589//589 545//545
f 524//524 588//588 478//478
f 546//546 588//588 524//524
f 590//590 499//499 589//589
f 590//590 567//567 480//480
f 567//567 547//547 480//480
f 614//614 666//666 500//500
f 569//569 615//615 453//453
f 502//502 569//569 453//453
f 568//568 570//570 525//525
f 651//651 616//616 455//455
f 548//548 504//504 670//670
f 616//616 670//670 504//504
f 597//597 552//552 595//595
f 571//571 551//551 484//484
f 571//571 484//484 572//572
f 554//554 619//619 507//507
f 600//600 510//510 530//530
f 599//599 509//509 574//574
f 532//532 599//599 574//574
f 555//555 556//556 636//636
f 576//576 532//532 601//601
f 557//557 621//621 558//558
f 513//513 559//559 575//575
f 577//577 576//576 601//601
f 577//577 579//579 576//576
f 561//561 582//582 559//559
f 609//609 608//608 560//560
f 623//623 580//580 558//558
f 580//580 610//610 562//562
f 563//563 582//582 561//561
f 611//611 562//562 610//610
f 583//583 564//564 611//611
f 583//583 612//612 564//564
f 565//565 584//584 626//626
f 544//544 584//584 565//565
f 544//544 586//586 584//584
f 543//543 564//564 613//613
f 585//585 543//543 613//613
f 544//544 588//588 586//586
f 585//585 566//566 545//545
f 587//587 566//566 585//585
f 692//692 566//566 587//587
f 693//693 451//451 500//500
f 500//500 666//666 693//693
f 547//547 649//649 568//568
f 547//547 591//591 649//649
f 569//569 502//502 615//615
f 696//696 502//502 592//592
f 550//550 672//672 506//506
f 550//550 553//553 635//635
f 672//672 527//527 506//506
f 571//571 654//654 551//551
f 618//618 597//597 595//595
f 656//656 553//553 529//529
f 598//598 573//573 572//572
f 511//511 620//620 598//598
f 555//555 636//636 619//619
f 659//659 532//532 574//574
f 620//620 511//511 575//575
f 621//621 510//510 600//600
f 557//557 510//510 621//621
f 636//636 556//556 637//637
f 559//559 602//602 575//575
f 560//560 578//578 637//637
f 577//577 601//601 639//639
f 577//577 639//639 603//603
f 608//608 578//578 560//560
f 604//604 623//623 558//558
f 579//579 577//577 603//603
f 579//579 603//603 606//606
f 607//607 605//605 581//581
f 609//609 605//605 608//608
f 581//581 606//606 603//603
f 623//623 610//610 580//580
f 583//583 610//610 625//625
f 611//611 610//610 583//583
f 612//612 583//583 625//625
f 565//565 644//644 563//563
f 626//626 644//644 565//565
f 588//588 647//647 586//586
f 566//566 692//692 589//589
f 589//589 692//692 590//590
f 693//693 546//546 451//451
f 591//591 567//567 667//667
f 615//615 502//502 668//668
f 696//696 668//668 502//502
f 650//650 570//570 568//568
f 629//629 696//696 592//592
f 631//631 652//652 548//548
f 548//548 670//670 631//631
f 654//654 593//593 551//551
f 550//550 635//635 633//633
f 672//672 634//634 527//527
f 527//527 634//634 596//596
f 656//656 635//635 553//553
f 634//634 617//617 596//596
f 617//617 530//530 596//596
f 572//572 655//655 571//571
f 619//619 529//529 507//507
f 618//618 574//574 597//597
f 600//600 530//530 617//617
f 659//659 601//601 532//532
f 638//638 558//558 621//621
f 659//659 639//639 601//601
f 559//559 641//641 602//602
f 603//603 639//639 640//640
f 559//559 661//661 641//641
f 638//638 604//604 558//558
f 582//582 661//661 559//559
f 607//607 603//603 640//640
f 642//642 578//578 608//608
f 622//622 605//605 607//607
f 608//608 605//605 622//622
f 607//607 581//581 603//603
f 623//623 604//604 643//643
f 624//624 623//623 643//643
f 624//624 610//610 623//623
f 563//563 644//644 582//582
f 610//610 624//624 625//625
f 625//625 624//624 612//612
f 645//645 613//613 564//564
f 613//613 645//645 627//627
f 585//585 613//613 627//627
f 586//586 646//646 584//584
f 627//627 587//587 585//585
f 587//587 627//627 692//692
f 546//546 665//665 588//588
f 693//693 665//665 546//546
f 667//667 567//567 590//590
f 651//651 650//650 628//628
f 629//629 592//592 630//630
f 651//651 716//716 616//616
f 616//616 716//716 670//670
f 593//593 653//653 594//594
f 550//550 633//633 672//672
f 634//634 720//720 617//617
f 572//572 573//573 655//655
f 619//619 656//656 529//529
f 658//658 574//574 618//618
f 699//699 656//656 619//619
f 620//620 573//573 598//598
f 659//659 574//574 658//658
f 674//674 619//619 636//636
f 575//575 602//602 620//620
f 636//636 660//660 674//674
f 621//621 600//600 675//675
f 677//677 621//621 675//675
f 701//701 640//640 659//659
f 639//639 659//659 640//640
f 638//638 621//621 677//677
f 578//578 660//660 637//637
f 607//607 640//640 662//662
f 638//638 643//643 604//604
f 642//642 622//622 607//607
f 662//662 642//642 607//607
f 622//622 642//642 608//608
f 682//682 624//624 643//643
f 684//684 612//612 624//624
f 684//684 685//685 612//612
f 626//626 663//663 644//644
f 685//685 564//564 612//612
f 685//685 645//645 564//564
f 626//626 646//646 663//663
f 646//646 626//626 584//584
f 690//690 627//627 645//645
f 664//664 692//692 627//627
f 647//647 588//588 665//665
f 667//667 590//590 694//694
f 756//756 591//591 667//667
f 649//649 591//591 756//756
f 668//668 715//715 615//615
f 650//650 568//568 649//649
f 670//670 818//818 631//631
f 594//594 653//653 632//632
f 593//593 654//654 671//671
f 653//653 595//595 632//632
f 618//618 595//595 760//760
f 760//760 658//658 618//618
f 657//657 617//617 720//720
f 700//700 617//617 657//657
f 617//617 700//700 600//600
f 619//619 723//723 699//699
f 674//674 723//723 619//619
f 700//700 675//675 600//600
f 641//641 705//705 602//602
f 637//637 660//660 636//636
f 642//642 660//660 578//578
f 661//661 705//705 641//641
f 704//704 662//662 640//640
f 682//682 643//643 638//638
f 644//644 661//661 582//582
f 682//682 684//684 624//624
f 644//644 686//686 683//683
f 663//663 686//686 644//644
f 688//688 645//645 685//685
f 688//688 690//690 645//645
f 664//664 627//627 690//690
f 729//729 692//692 664//664
f 648//648 590//590 692//692
f 694//694 590//590 648//648
f 755//755 693//693 666//666
f 776//776 666//666 614//614
f 629//629 669//669 696//696
f 734//734 630//630 592//592
f 652//652 734//734 592//592
f 734//734 652//652 631//631
f 654//654 571//571 671//671
f 671//671 571//571 718//718
f 672//672 633//633 697//697
f 571//571 655//655 718//718
f 634//634 672//672 697//697
f 573//573 719//719 655//655
f 656//656 699//699 721//721
f 620//620 698//698 573//573
f 673//673 659//659 658//658
f 602//602 765//765 620//620
f 701//701 659//659 673//673
f 705//705 765//765 602//602
f 675//675 676//676 677//677
f 678//678 674//674 660//660
f 701//701 704//704 640//640
f 679//679 660//660 642//642
f 678//678 660//660 679//679
f 677//677 676//676 680//680
f 680//680 638//638 677//677
f 680//680 682//682 638//638
f 702//702 662//662 704//704
f 683//683 705//705 661//661
f 662//662 702//702 707//707
f 662//662 681//681 642//642
f 679//679 642//642 681//681
f 644//644 683//683 661//661
f 681//681 662//662 707//707
f 682//682 687//687 684//684
f 687//687 685//685 684//684
f 752//752 685//685 687//687
f 752//752 688//688 685//685
f 646//646 689//689 663//663
f 586//586 712//712 646//646
f 647//647 712//712 586//586
f 713//713 664//664 690//690
f 713//713 729//729 664//664
f 647//647 665//665 691//691
f 730//730 665//665 693//693
f 666//666 776//776 755//755
f 756//756 695//695 649//649
f 650//650 649//649 695//695
f 650//650 695//695 732//732
f 630//630 734//734 629//629
f 735//735 818//818 670//670
f 717//717 735//735 670//670
f 717//717 670//670 716//716
f 593//593 736//736 653//653
f 760//760 595//595 653//653
f 697//697 633//633 635//635
f 697//697 720//720 634//634
f 721//721 635//635 656//656
f 573//573 698//698 719//719
f 700//700 657//657 720//720
f 676//676 675//675 700//700
f 678//678 703//703 674//674
f 701//701 673//673 702//702
f 704//704 701//701 702//702
f 706//706 678//678 679//679
f 680//680 676//676 709//709
f 683//683 708//708 705//705
f 681//681 706//706 679//679
f 709//709 682//682 680//680
f 710//710 682//682 709//709
f 710//710 687//687 682//682
f 683//683 686//686 711//711
f 710//710 752//752 687//687
f 663//663 711//711 686//686
f 663//663 689//689 711//711
f 754//754 688//688 752//752
f 646//646 712//712 689//689
f 690//690 688//688 713//713
f 691//691 712//712 647//647
f 648//648 692//692 729//729
f 756//756 667//667 694//694
f 614//614 615//615 731//731
f 731//731 615//615 715//715
f 696//696 715//715 668//668
f 797//797 715//715 696//696
f 628//628 650//650 732//732
f 669//669 797//797 696//696
f 651//651 628//628 732//732
f 733//733 651//651 732//732
f 778//778 669//669 629//629
f 778//778 629//629 734//734
f 671//671 736//736 593//593
f 653//653 737//737 759//759
f 653//653 759//759 760//760
f 761//761 720//720 697//697
f 738//738 700//700 720//720
f 762//762 739//739 658//658
f 699//699 723//723 721//721
f 739//739 673//673 658//658
f 738//738 722//722 700//700
f 674//674 741//741 723//723
f 676//676 700//700 722//722
f 676//676 722//722 740//740
f 769//769 702//702 673//673
f 705//705 725//725 765//765
f 724//724 676//676 740//740
f 745//745 678//678 706//706
f 703//703 678//678 745//745
f 705//705 708//708 725//725
f 724//724 709//709 676//676
f 743//743 709//709 724//724
f 746//746 702//702 744//744
f 707//707 702//702 746//746
f 747//747 681//681 726//726
f 706//706 681//681 747//747
f 707//707 746//746 749//749
f 726//726 707//707 749//749
f 707//707 726//726 681//681
f 711//711 708//708 683//683
f 750//750 710//710 709//709
f 752//752 710//710 750//750
f 711//711 689//689 727//727
f 728//728 688//688 754//754
f 728//728 713//713 688//688
f 794//794 713//713 728//728
f 712//712 814//814 689//689
f 729//729 713//713 794//794
f 691//691 665//665 774//774
f 775//775 694//694 714//714
f 755//755 730//730 693//693
f 756//756 694//694 775//775
f 797//797 839//839 715//715
f 716//716 651//651 733//733
f 736//736 737//737 653//653
f 671//671 718//718 780//780
f 655//655 719//719 718//718
f 721//721 697//697 635//635
f 721//721 763//763 697//697
f 697//697 763//763 761//761
f 764//764 720//720 761//761
f 764//764 738//738 720//720
f 767//767 721//721 723//723
f 698//698 620//620 765//765
f 741//741 766//766 723//723
f 802//802 740//740 722//722
f 703//703 741//741 674//674
f 769//769 744//744 702//702
f 790//790 741//741 703//703
f 743//743 724//724 740//740
f 742//742 745//745 706//706
f 745//745 790//790 703//703
f 708//708 792//792 725//725
f 747//747 742//742 706//706
f 747//747 748//748 742//742
f 743//743 750//750 709//709
f 770//770 750//750 743//743
f 711//711 792//792 708//708
f 752//752 750//750 751//751
f 711//711 727//727 753//753
f 753//753 727//727 689//689
f 751//751 754//754 752//752
f 754//754 794//794 728//728
f 712//712 691//691 814//814
f 665//665 730//730 774//774
f 714//714 694//694 648//648
f 731//731 776//776 614//614
f 695//695 756//756 777//777
f 869//869 732//732 695//695
f 733//733 717//717 716//716
f 818//818 734//734 631//631
f 818//818 842//842 734//734
f 962//962 941//941 735//735
f 962//962 735//735 717//717
f 757//757 779//779 736//736
f 736//736 779//779 737//737
f 780//780 736//736 671//671
f 759//759 737//737 758//758
f 719//719 781//781 718//718
f 760//760 762//762 658//658
f 783//783 764//764 761//761
f 767//767 763//763 721//721
f 763//763 821//821 761//761
f 802//802 738//738 764//764
f 738//738 802//802 722//722
f 723//723 766//766 767//767
f 762//762 673//673 739//739
f 673//673 762//762 769//769
f 767//767 766//766 784//784
f 784//784 766//766 741//741
f 802//802 768//768 740//740
f 765//765 725//725 803//803
f 856//856 743//743 740//740
f 785//785 744//744 769//769
f 742//742 810//810 745//745
f 790//790 745//745 810//810
f 787//787 746//746 744//744
f 811//811 746//746 787//787
f 742//742 748//748 810//810
f 856//856 770//770 743//743
f 809//809 747//747 726//726
f 748//748 747//747 809//809
f 811//811 749//749 746//746
f 771//771 750//750 770//770
f 772//772 792//792 711//711
f 750//750 771//771 793//793
f 793//793 751//751 750//750
f 753//753 772//772 711//711
f 830//830 751//751 793//793
f 689//689 773//773 753//753
f 830//830 754//754 751//751
f 834//834 794//794 754//754
f 689//689 814//814 773//773
f 714//714 648//648 729//729
f 755//755 815//815 730//730
f 755//755 796//796 815//815
f 775//775 817//817 756//756
f 796//796 755//755 776//776
f 777//777 756//756 817//817
f 869//869 695//695 777//777
f 669//669 897//897 797//797
f 778//778 798//798 669//669
f 941//941 818//818 735//735
f 737//737 779//779 758//758
f 736//736 780//780 757//757
f 781//781 780//780 718//718
f 759//759 758//758 800//800
f 760//760 759//759 800//800
f 781//781 719//719 698//698
f 783//783 761//761 821//821
f 763//763 804//804 821//821
f 763//763 767//767 804//804
f 783//783 802//802 764//764
f 803//803 725//725 824//824
f 784//784 741//741 807//807
f 856//856 740//740 768//768
f 886//886 741//741 790//790
f 807//807 741//741 886//886
f 785//785 787//787 744//744
f 749//749 791//791 788//788
f 749//749 788//788 809//809
f 748//748 789//789 810//810
f 792//792 786//786 725//725
f 749//749 811//811 791//791
f 726//726 749//749 809//809
f 748//748 809//809 789//789
f 790//790 810//810 829//829
f 790//790 829//829 886//886
f 834//834 754//754 830//830
f 867//867 729//729 794//794
f 774//774 795//795 691//691
f 730//730 815//815 774//774
f 837//837 796//796 776//776
f 837//837 776//776 731//731
f 896//896 715//715 839//839
f 798//798 897//897 669//669
f 757//757 780//780 799//799
f 799//799 780//780 781//781
f 800//800 819//819 760//760
f 819//819 762//762 760//760
f 765//765 782//782 698//698
f 762//762 899//899 801//801
f 765//765 803//803 782//782
f 801//801 848//848 762//762
f 767//767 806//806 804//804
f 821//821 804//804 820//820
f 802//802 783//783 821//821
f 784//784 806//806 767//767
f 823//823 768//768 802//802
f 848//848 769//769 762//762
f 769//769 848//848 805//805
f 768//768 823//823 854//854
f 805//805 785//785 769//769
f 805//805 855//855 785//785
f 856//856 768//768 854//854
f 825//825 785//785 855//855
f 725//725 828//828 824//824
f 786//786 828//828 725//725
f 785//785 825//825 787//787
f 809//809 788//788 857//857
f 886//886 808//808 807//807
f 811//811 787//787 825//825
f 788//788 791//791 857//857
f 857//857 791//791 825//825
f 789//789 809//809 812//812
f 789//789 859//859 810//810
f 886//886 860//860 808//808
f 791//791 811//811 825//825
f 792//792 828//828 786//786
f 828//828 792//792 813//813
f 863//863 771//771 770//770
f 772//772 813//813 792//792
f 863//863 793//793 771//771
f 773//773 831//831 753//753
f 833//833 834//834 830//830
f 814//814 831//831 773//773
f 867//867 794//794 834//834
f 795//795 814//814 691//691
f 795//795 774//774 814//814
f 936//936 714//714 729//729
f 816//816 714//714 936//936
f 775//775 714//714 816//816
f 836//836 817//817 816//816
f 731//731 715//715 837//837
f 896//896 837//837 715//715
f 840//840 869//869 777//777
f 839//839 797//797 897//897
f 732//732 869//869 841//841
f 733//733 732//732 841//841
f 960//960 717//717 733//733
f 842//842 778//778 734//734
f 757//757 799//799 871//871
f 779//779 872//872 758//758
f 781//781 844//844 799//799
f 758//758 819//819 800//800
f 845//845 781//781 698//698
f 698//698 782//782 845//845
f 873//873 762//762 819//819
f 873//873 899//899 762//762
f 803//803 847//847 782//782
f 822//822 802//802 821//821
f 822//822 823//823 802//802
f 875//875 806//806 878//878
f 806//806 850//850 878//878
f 806//806 784//784 850//850
f 807//807 850//850 784//784
f 823//823 853//853 854//854
f 850//850 807//807 851//851
f 808//808 851//851 807//807
f 805//805 904//904 855//855
f 854//854 826//826 856//856
f 857//857 812//812 809//809
f 859//859 789//789 812//812
f 827//827 770//770 856//856
f 863//863 770//770 827//827
f 772//772 832//832 813//813
f 863//863 830//830 793//793
f 772//772 753//753 832//832
f 831//831 832//832 753//753
f 832//832 831//831 866//866
f 814//814 868//868 831//831
f 814//814 835//835 868//868
f 774//774 835//835 814//814
f 774//774 911//911 835//835
f 815//815 911//911 774//774
f 817//817 775//775 816//816
f 838//838 777//777 817//817
f 897//897 798//798 870//870
f 841//841 960//960 733//733
f 842//842 798//798 778//778
f 757//757 843//843 779//779
f 871//871 843//843 757//757
f 779//779 843//843 872//872
f 872//872 819//819 758//758
f 781//781 845//845 844//844
f 846//846 845//845 782//782
f 782//782 847//847 846//846
f 822//822 821//821 820//820
f 801//801 901//901 848//848
f 806//806 875//875 804//804
f 875//875 820//820 804//804
f 820//820 876//876 822//822
f 848//848 901//901 849//849
f 823//823 822//822 852//852
f 849//849 805//805 848//848
f 824//824 881//881 803//803
f 852//852 853//853 823//823
f 904//904 805//805 849//849
f 808//808 860//860 851//851
f 828//828 881//881 824//824
f 853//853 826//826 854//854
f 904//904 825//825 855//855
f 904//904 884//884 825//825
f 859//859 924//924 810//810
f 924//924 829//829 810//810
f 861//861 856//856 826//826
f 861//861 827//827 856//856
f 859//859 812//812 862//862
f 886//886 829//829 924//924
f 826//826 858//858 861//861
f 826//826 853//853 858//858
f 825//825 884//884 857//857
f 906//906 863//863 827//827
f 864//864 828//828 813//813
f 832//832 864//864 813//813
f 830//830 863//863 865//865
f 865//865 833//833 830//830
f 892//892 866//866 910//910
f 907//907 834//834 833//833
f 868//868 866//866 831//831
f 867//867 936//936 729//729
f 796//796 837//837 893//893
f 817//817 938//938 838//838
f 777//777 838//838 938//938
f 897//897 896//896 839//839
f 960//960 841//841 898//898
f 842//842 870//870 798//798
f 962//962 717//717 960//960
f 818//818 964//964 842//842
f 845//845 871//871 844//844
f 844//844 871//871 799//799
f 872//872 873//873 819//819
f 915//915 871//871 845//845
f 803//803 900//900 847//847
f 801//801 874//874 901//901
f 875//875 876//876 820//820
f 902//902 822//822 876//876
f 850//850 875//875 878//878
f 879//879 876//876 875//875
f 876//876 879//879 880//880
f 876//876 880//880 902//902
f 852//852 822//822 902//902
f 881//881 900//900 803//803
f 850//850 851//851 877//877
f 877//877 851//851 860//860
f 882//882 904//904 849//849
f 828//828 890//890 881//881
f 853//853 852//852 902//902
f 853//853 905//905 858//858
f 883//883 884//884 904//904
f 859//859 885//885 924//924
f 859//859 862//862 885//885
f 857//857 884//884 888//888
f 888//888 812//812 857//857
f 812//812 888//888 862//862
f 924//924 887//887 886//886
f 887//887 860//860 886//886
f 861//861 906//906 827//827
f 864//864 890//890 828//828
f 858//858 930//930 861//861
f 889//889 863//863 906//906
f 891//891 863//863 889//889
f 832//832 932//932 864//864
f 932//932 890//890 864//864
f 866//866 932//932 832//832
f 891//891 865//865 863//863
f 932//932 866//866 892//892
f 865//865 891//891 833//833
f 833//833 891//891 907//907
f 909//909 834//834 907//907
f 867//867 834//834 909//909
f 868//868 910//910 866//866
f 989//989 867//867 909//909
f 989//989 936//936 867//867
f 815//815 893//893 911//911
f 796//796 893//893 815//815
f 893//893 837//837 894//894
f 938//938 817//817 836//836
f 896//896 895//895 837//837
f 840//840 777//777 938//938
f 940//940 964//964 818//818
f 843//843 914//914 872//872
f 914//914 873//873 872//872
f 846//846 915//915 845//845
f 843//843 871//871 914//914
f 914//914 871//871 915//915
f 847//847 917//917 846//846
f 914//914 899//899 873//873
f 874//874 899//899 914//914
f 899//899 874//874 801//801
f 918//918 847//847 900//900
f 917//917 847//847 918//918
f 850//850 877//877 875//875
f 849//849 901//901 882//882
f 879//879 903//903 880//880
f 880//880 903//903 902//902
f 881//881 919//919 900//900
f 929//929 877//877 860//860
f 890//890 919//919 881//881
f 905//905 853//853 902//902
f 903//903 879//879 921//921
f 925//925 884//884 883//883
f 887//887 929//929 860//860
f 885//885 862//862 926//926
f 925//925 888//888 884//884
f 862//862 888//888 926//926
f 858//858 905//905 930//930
f 930//930 889//889 861//861
f 889//889 906//906 861//861
f 892//892 908//908 932//932
f 891//891 955//955 907//907
f 910//910 908//908 892//892
f 835//835 910//910 868//868
f 911//911 935//935 835//835
f 938//938 836//836 937//937
f 840//840 938//938 913//913
f 939//939 840//840 913//913
f 897//897 958//958 896//896
f 869//869 840//840 939//939
f 939//939 898//898 869//869
f 958//958 897//897 991//991
f 898//898 841//841 869//869
f 897//897 870//870 991//991
f 964//964 870//870 842//842
f 940//940 818//818 941//941
f 941//941 962//962 994//994
f 846//846 917//917 915//915
f 915//915 942//942 914//914
f 916//916 874//874 914//914
f 917//917 970//970 915//915
f 919//919 918//918 900//900
f 971//971 901//901 874//874
f 971//971 973//973 901//901
f 920//920 875//875 877//877
f 920//920 879//879 875//875
f 877//877 929//929 920//920
f 879//879 920//920 923//923
f 903//903 949//949 902//902
f 882//882 883//883 904//904
f 920//920 929//929 922//922
f 923//923 921//921 879//879
f 905//905 902//902 949//949
f 921//921 923//923 903//903
f 947//947 924//924 885//885
f 949//949 927//927 905//905
f 919//919 890//890 928//928
f 929//929 952//952 922//922
f 885//885 926//926 947//947
f 947//947 887//887 924//924
f 888//888 925//925 926//926
f 903//903 979//979 949//949
f 887//887 947//947 951//951
f 951//951 929//929 887//887
f 927//927 930//930 905//905
f 890//890 954//954 928//928
f 927//927 953//953 930//930
f 931//931 889//889 953//953
f 930//930 953//953 889//889
f 954//954 890//890 932//932
f 908//908 986//986 932//932
f 907//907 955//955 933//933
f 933//933 909//909 907//907
f 934//934 908//908 910//910
f 909//909 933//933 989//989
f 835//835 934//934 910//910
f 835//835 988//988 934//934
f 988//988 835//835 935//935
f 989//989 990//990 936//936
f 937//937 836//836 816//816
f 956//956 894//894 895//895
f 894//894 837//837 895//895
f 958//958 895//895 896//896
f 959//959 991//991 870//870
f 961//961 960//960 898//898
f 992//992 962//962 960//960
f 914//914 966//966 916//916
f 914//914 942//942 966//966
f 968//968 874//874 916//916
f 943//943 970//970 917//917
f 916//916 966//966 968//968
f 918//918 943//943 917//917
f 971//971 874//874 968//968
f 943//943 918//918 919//919
f 943//943 919//919 944//944
f 882//882 901//901 973//973
f 882//882 945//945 997//997
f 883//883 882//882 997//997
f 944//944 980//980 974//974
f 925//925 883//883 1023//1023
f 923//923 920//920 922//922
f 928//928 944//944 919//919
f 944//944 928//928 980//980
f 946//946 926//926 925//925
f 952//952 976//976 922//922
f 923//923 975//975 948//948
f 923//923 948//948 903//903
f 948//948 979//979 903//903
f 951//951 977//977 929//929
f 977//977 952//952 929//929
f 979//979 1007//1007 949//949
f 1007//1007 927//927 949//949
f 950//950 951//951 947//947
f 1007//1007 1032//1032 927//927
f 980//980 928//928 954//954
f 953//953 927//927 1032//1032
f 953//953 984//984 931//931
f 984//984 889//889 931//931
f 984//984 891//891 889//889
f 932//932 986//986 954//954
f 891//891 1051//1051 955//955
f 1035//1035 933//933 955//955
f 934//934 987//987 908//908
f 988//988 987//987 934//934
f 912//912 911//911 893//893
f 912//912 893//893 956//956
f 894//894 956//956 893//893
f 1072//1072 913//913 938//938
f 991//991 1052//1052 958//958
f 898//898 939//939 957//957
f 992//992 960//960 961//961
f 993//993 870//870 964//964
f 993//993 964//964 963//963
f 995//995 940//940 941//941
f 970//970 942//942 915//915
f 942//942 965//965 966//966
f 972//972 968//968 966//966
f 972//972 966//966 967//967
f 943//943 969//969 970//970
f 966//966 965//965 996//996
f 967//967 966//966 996//996
f 971//971 968//968 973//973
f 943//943 974//974 969//969
f 944//944 974//974 943//943
f 998//998 969//969 974//974
f 882//882 973//973 945//945
f 1023//1023 883//883 997//997
f 1026//1026 925//925 1023//1023
f 980//980 978//978 974//974
f 1026//1026 946//946 925//925
f 946//946 999//999 926//926
f 947//947 926//926 999//999
f 999//999 950//950 947//947
f 922//922 975//975 923//923
f 948//948 975//975 1004//1004
f 977//977 1030//1030 952//952
f 1030//1030 976//976 952//952
f 981//981 978//978 980//980
f 981//981 980//980 954//954
f 1032//1032 982//982 953//953
f 984//984 953//953 1009//1009
f 986//986 983//983 954//954
f 1009//1009 891//891 984//984
f 891//891 1009//1009 1051//1051
f 1051//1051 985//985 955//955
f 1035//1035 955//955 985//985
f 987//987 986//986 908//908
f 986//986 987//987 983//983
f 1123//1123 988//988 935//935
f 937//937 936//936 990//990
f 937//937 816//816 936//936
f 937//937 1072//1072 938//938
f 1012//1012 958//958 1052//1052
f 939//939 913//913 957//957
f 1013//1013 961//961 898//898
f 993//993 959//959 870//870
f 994//994 962//962 992//992
f 963//963 964//964 940//940
f 995//995 963//963 940//940
f 995//995 941//941 994//994
f 1015//1015 965//965 942//942
f 942//942 970//970 1015//1015
f 1015//1015 996//996 965//965
f 967//967 996//996 1014//1014
f 972//972 967//967 1014//1014
f 969//969 998//998 970//970
f 1017//1017 972//972 1014//1014
f 1017//1017 968//968 972//972
f 968//968 1017//1017 1022//1022
f 1022//1022 1041//1041 968//968
f 968//968 1041//1041 973//973
f 1041//1041 945//945 973//973
f 945//945 1041//1041 1019//1019
f 1019//1019 997//997 945//945
f 974//974 978//978 1000//1000
f 998//998 974//974 1000//1000
f 997//997 1019//1019 1023//1023
f 999//999 946//946 1001//1001
f 950//950 999//999 1044//1044
f 1044//1044 1002//1002 950//950
f 1003//1003 922//922 976//976
f 922//922 1003//1003 975//975
f 976//976 1027//1027 1003//1003
f 1004//1004 975//975 1003//1003
f 1002//1002 951//951 950//950
f 1002//1002 977//977 951//951
f 1024//1024 977//977 1002//1002
f 1005//1005 948//948 1004//1004
f 1024//1024 1030//1030 977//977
f 1005//1005 979//979 948//948
f 979//979 1006//1006 1007//1007
f 979//979 1005//1005 1006//1006
f 1034//1034 978//978 981//981
f 981//981 954//954 1034//1034
f 954//954 1008//1008 1034//1034
f 982//982 1009//1009 953//953
f 983//983 1008//1008 954//954
f 985//985 1051//1051 1035//1035
f 987//987 1010//1010 983//983
f 987//987 1036//1036 1010//1010
f 1035//1035 1011//1011 933//933
f 1036//1036 987//987 988//988
f 988//988 1123//1123 1036//1036
f 1011//1011 989//989 933//933
f 1011//1011 990//990 989//989
f 911//911 1123//1123 935//935
f 937//937 990//990 1070//1070
f 1053//1053 963//963 995//995
f 1090//1090 995//995 994//994
f 1018//1018 970//970 998//998
f 970//970 1018//1018 1015//1015
f 1015//1015 1040//1040 996//996
f 996//996 1040//1040 1014//1014
f 1014//1014 1040//1040 1016//1016
f 1014//1014 1016//1016 1017//1017
f 1040//1040 1021//1021 1016//1016
f 1021//1021 1020//1020 1016//1016
f 1016//1016 1043//1043 1017//1017
f 1043//1043 1022//1022 1017//1017
f 1028//1028 1018//1018 998//998
f 1016//1016 1020//1020 1043//1043
f 1019//1019 1041//1041 1042//1042
f 1021//1021 1046//1046 1020//1020
f 1023//1023 1019//1019 1026//1026
f 1000//1000 1028//1028 998//998
f 1001//1001 946//946 1026//1026
f 1001//1001 1044//1044 999//999
f 1027//1027 1004//1004 1003//1003
f 1000//1000 1033//1033 1028//1028
f 1030//1030 1029//1029 976//976
f 976//976 1029//1029 1027//1027
f 1004//1004 1045//1045 1005//1005
f 978//978 1033//1033 1000//1000
f 1045//1045 1031//1031 1005//1005
f 1006//1006 1005//1005 1031//1031
f 1032//1032 1007//1007 1006//1006
f 1047//1047 978//978 1034//1034
f 982//982 1081//1081 1009//1009
f 1081//1081 1067//1067 1009//1009
f 1009//1009 1067//1067 1049//1049
f 983//983 1010//1010 1008//1008
f 1009//1009 1049//1049 1051//1051
f 1049//1049 1050//1050 1051//1051
f 911//911 1037//1037 1123//1123
f 912//912 1037//1037 911//911
f 912//912 956//956 1110//1110
f 1072//1072 937//937 1124//1124
f 895//895 958//958 1012//1012
f 1073//1073 913//913 1072//1072
f 1013//1013 898//898 957//957
f 1052//1052 991//991 1038//1038
f 991//991 959//959 1126//1126
f 1039//1039 1126//1126 959//959
f 993//993 963//963 959//959
f 959//959 963//963 1089//1089
f 994//994 992//992 1090//1090
f 1018//1018 1040//1040 1015//1015
f 1040//1040 1018//1018 1025//1025
f 1040//1040 1025//1025 1076//1076
f 1076//1076 1021//1021 1040//1040
f 1028//1028 1025//1025 1018//1018
f 1075//1075 1019//1019 1042//1042
f 1046//1046 1043//1043 1020//1020
f 1057//1057 1022//1022 1043//1043
f 1022//1022 1056//1056 1041//1041
f 1022//1022 1057//1057 1056//1056
f 1019//1019 1075//1075 1026//1026
f 1058//1058 1074//1074 1002//1002
f 1058//1058 1002//1002 1044//1044
f 1024//1024 1002//1002 1074//1074
f 1075//1075 1001//1001 1026//1026
f 1021//1021 1076//1076 1060//1060
f 1033//1033 1025//1025 1028//1028
f 1076//1076 1025//1025 1033//1033
f 1029//1029 1030//1030 1024//1024
f 1045//1045 1004//1004 1027//1027
f 1031//1031 1061//1061 1006//1006
f 1021//1021 1060//1060 1046//1046
f 1027//1027 1029//1029 1062//1062
f 1027//1027 1062//1062 1045//1045
f 1061//1061 1032//1032 1006//1006
f 1080//1080 1032//1032 1061//1061
f 1066//1066 1033//1033 978//978
f 1066//1066 978//978 1047//1047
f 1032//1032 1080//1080 1081//1081
f 1047//1047 1034//1034 1048//1048
f 1032//1032 1081//1081 982//982
f 1066//1066 1047//1047 1082//1082
f 1008//1008 1048//1048 1034//1034
f 1051//1051 1050//1050 1035//1035
f 1086//1086 1011//1011 1035//1035
f 1069//1069 1070//1070 990//990
f 1124//1124 937//937 1070//1070
f 1110//1110 1037//1037 912//912
f 1071//1071 895//895 1012//1012
f 1125//1125 1013//1013 957//957
f 1038//1038 991//991 1126//1126
f 992//992 961//961 1013//1013
f 1089//1089 1039//1039 959//959
f 1053//1053 1089//1089 963//963
f 1055//1055 1042//1042 1041//1041
f 1056//1056 1054//1054 1041//1041
f 1041//1041 1054//1054 1055//1055
f 1075//1075 1042//1042 1055//1055
f 1058//1058 1095//1095 1074//1074
f 1043//1043 1078//1078 1057//1057
f 1095//1095 1101//1101 1074//1074
f 1074//1074 1101//1101 1024//1024
f 1075//1075 1097//1097 1001//1001
f 1044//1044 1001//1001 1058//1058
f 1046//1046 1078//1078 1043//1043
f 1046//1046 1099//1099 1078//1078
f 1061//1061 1031//1031 1080//1080
f 1064//1064 1059//1059 1033//1033
f 1033//1033 1059//1059 1076//1076
f 1060//1060 1077//1077 1099//1099
f 1103//1103 1045//1045 1062//1062
f 1031//1031 1079//1079 1080//1080
f 1046//1046 1060//1060 1099//1099
f 1103//1103 1063//1063 1045//1045
f 1045//1045 1079//1079 1031//1031
f 1045//1045 1063//1063 1079//1079
f 1065//1065 1064//1064 1033//1033
f 1033//1033 1066//1066 1065//1065
f 1066//1066 1082//1082 1065//1065
f 1047//1047 1048//1048 1082//1082
f 1008//1008 1083//1083 1048//1048
f 1010//1010 1036//1036 1008//1008
f 1050//1050 1049//1049 1085//1085
f 1085//1085 1035//1035 1050//1050
f 1086//1086 1035//1035 1085//1085
f 1011//1011 1086//1086 1139//1139
f 1123//1123 1068//1068 1036//1036
f 1069//1069 990//990 1011//1011
f 1087//1087 1072//1072 1124//1124
f 1174//1174 895//895 1071//1071
f 956//956 895//895 1174//1174
f 1052//1052 1157//1157 1012//1012
f 1038//1038 1175//1175 1052//1052
f 1127//1127 1053//1053 995//995
f 1054//1054 1056//1056 1145//1145
f 1094//1094 1058//1058 1098//1098
f 1057//1057 1078//1078 1056//1056
f 1097//1097 1098//1098 1001//1001
f 1058//1058 1001//1001 1098//1098
f 1105//1105 1059//1059 1064//1064
f 1105//1105 1076//1076 1059//1059
f 1060//1060 1105//1105 1077//1077
f 1101//1101 1029//1029 1024//1024
f 1105//1105 1060//1060 1076//1076
f 1079//1079 1116//1116 1080//1080
f 1065//1065 1106//1106 1064//1064
f 1080//1080 1119//1119 1081//1081
f 1081//1081 1107//1107 1067//1067
f 1107//1107 1084//1084 1067//1067
f 1084//1084 1049//1049 1067//1067
f 1068//1068 1083//1083 1036//1036
f 1108//1108 1086//1086 1085//1085
f 1037//1037 1109//1109 1123//1123
f 1156//1156 1070//1070 1069//1069
f 1070//1070 1156//1156 1124//1124
f 1073//1073 1072//1072 1087//1087
f 1071//1071 1012//1012 1157//1157
f 1088//1088 913//913 1073//1073
f 913//913 1088//1088 957//957
f 957//957 1088//1088 1111//1111
f 957//957 1111//1111 1125//1125
f 992//992 1013//1013 1125//1125
f 1112//1112 1090//1090 992//992
f 1159//1159 1089//1089 1053//1053
f 1127//1127 1142//1142 1053//1053
f 1127//1127 995//995 1090//1090
f 1192//1192 1127//1127 1090//1090
f 1093//1093 1092//1092 1055//1055
f 1145//1145 1091//1091 1054//1054
f 1091//1091 1055//1055 1054//1054
f 1091//1091 1093//1093 1055//1055
f 1092//1092 1075//1075 1055//1055
f 1113//1113 1075//1075 1092//1092
f 1058//1058 1094//1094 1095//1095
f 1078//1078 1100//1100 1096//1096
f 1075//1075 1113//1113 1097//1097
f 1113//1113 1098//1098 1097//1097
f 1100//1100 1078//1078 1099//1099
f 1130//1130 1101//1101 1095//1095
f 1117//1117 1064//1064 1106//1106
f 1101//1101 1102//1102 1029//1029
f 1114//1114 1079//1079 1063//1063
f 1116//1116 1079//1079 1114//1114
f 1105//1105 1064//1064 1104//1104
f 1102//1102 1062//1062 1029//1029
f 1062//1062 1102//1102 1103//1103
f 1103//1103 1102//1102 1063//1063
f 1080//1080 1116//1116 1118//1118
f 1118//1118 1119//1119 1080//1080
f 1065//1065 1082//1082 1106//1106
f 1081//1081 1119//1119 1120//1120
f 1121//1121 1106//1106 1082//1082
f 1107//1107 1081//1081 1120//1120
f 1121//1121 1082//1082 1048//1048
f 1048//1048 1083//1083 1121//1121
f 1083//1083 1008//1008 1036//1036
f 1084//1084 1085//1085 1049//1049
f 1084//1084 1108//1108 1085//1085
f 1108//1108 1139//1139 1086//1086
f 1139//1139 1069//1069 1011//1011
f 1109//1109 1140//1140 1123//1123
f 1037//1037 1110//1110 1109//1109
f 1141//1141 1109//1109 1110//1110
f 1110//1110 1173//1173 1141//1141
f 956//956 1174//1174 1110//1110
f 1175//1175 1157//1157 1052//1052
f 992//992 1125//1125 1112//1112
f 1039//1039 1089//1089 1176//1176
f 1112//1112 1192//1192 1090//1090
f 1142//1142 1159//1159 1053//1053
f 1078//1078 1145//1145 1056//1056
f 1096//1096 1145//1145 1078//1078
f 1092//1092 1128//1128 1113//1113
f 1098//1098 1129//1129 1094//1094
f 1094//1094 1147//1147 1095//1095
f 1095//1095 1147//1147 1130//1130
f 1129//1129 1098//1098 1113//1113
f 1146//1146 1099//1099 1077//1077
f 1146//1146 1100//1100 1099//1099
f 1115//1115 1146//1146 1105//1105
f 1105//1105 1146//1146 1077//1077
f 1101//1101 1130//1130 1102//1102
f 1131//1131 1114//1114 1063//1063
f 1064//1064 1117//1117 1132//1132
f 1102//1102 1131//1131 1063//1063
f 1132//1132 1104//1104 1064//1064
f 1105//1105 1104//1104 1150//1150
f 1115//1115 1105//1105 1150//1150
f 1153//1153 1117//1117 1106//1106
f 1153//1153 1106//1106 1121//1121
f 1119//1119 1107//1107 1120//1120
f 1119//1119 1122//1122 1107//1107
f 1083//1083 1168//1168 1121//1121
f 1122//1122 1084//1084 1107//1107
f 1122//1122 1135//1135 1084//1084
f 1123//1123 1138//1138 1068//1068
f 1174//1174 1173//1173 1110//1110
f 1174//1174 1071//1071 1157//1157
f 1190//1190 1111//1111 1088//1088
f 1038//1038 1158//1158 1175//1175
f 1125//1125 1111//1111 1191//1191
f 1126//1126 1039//1039 1176//1176
f 1159//1159 1176//1176 1089//1089
f 1092//1092 1093//1093 1143//1143
f 1129//1129 1144//1144 1094//1094
f 1129//1129 1113//1113 1161//1161
f 1144//1144 1147//1147 1094//1094
f 1161//1161 1113//1113 1128//1128
f 1133//1133 1114//1114 1131//1131
f 1148//1148 1131//1131 1102//1102
f 1114//1114 1133//1133 1116//1116
f 1133//1133 1151//1151 1116//1116
f 1117//1117 1153//1153 1132//1132
f 1151//1151 1118//1118 1116//1116
f 1118//1118 1151//1151 1119//1119
f 1134//1134 1153//1153 1121//1121
f 1134//1134 1121//1121 1168//1168
f 1083//1083 1155//1155 1168//1168
f 1068//1068 1155//1155 1083//1083
f 1170//1170 1084//1084 1135//1135
f 1170//1170 1108//1108 1084//1084
f 1136//1136 1155//1155 1068//1068
f 1068//1068 1138//1138 1136//1136
f 1139//1139 1137//1137 1171//1171
f 1139//1139 1108//1108 1137//1137
f 1123//1123 1140//1140 1138//1138
f 1220//1220 1069//1069 1171//1171
f 1220//1220 1156//1156 1069//1069
f 1189//1189 1124//1124 1156//1156
f 1189//1189 1087//1087 1124//1124
f 1172//1172 1073//1073 1087//1087
f 1088//1088 1073//1073 1172//1172
f 1038//1038 1126//1126 1158//1158
f 1176//1176 1158//1158 1126//1126
f 1142//1142 1211//1211 1159//1159
f 1091//1091 1143//1143 1093//1093
f 1092//1092 1161//1161 1128//1128
f 1143//1143 1161//1161 1092//1092
f 1161//1161 1180//1180 1129//1129
f 1146//1146 1096//1096 1100//1100
f 1145//1145 1096//1096 1183//1183
f 1147//1147 1149//1149 1130//1130
f 1130//1130 1149//1149 1163//1163
f 1130//1130 1163//1163 1102//1102
f 1102//1102 1163//1163 1148//1148
f 1148//1148 1133//1133 1131//1131
f 1153//1153 1165//1165 1132//1132
f 1165//1165 1104//1104 1132//1132
f 1165//1165 1150//1150 1104//1104
f 1119//1119 1151//1151 1166//1166
f 1166//1166 1122//1122 1119//1119
f 1166//1166 1154//1154 1122//1122
f 1134//1134 1168//1168 1167//1167
f 1135//1135 1122//1122 1154//1154
f 1154//1154 1170//1170 1135//1135
f 1171//1171 1069//1069 1139//1139
f 1109//1109 1253//1253 1140//1140
f 1189//1189 1156//1156 1220//1220
f 1189//1189 1172//1172 1087//1087
f 1190//1190 1088//1088 1172//1172
f 1112//1112 1125//1125 1209//1209
f 1142//1142 1127//1127 1178//1178
f 1091//1091 1179//1179 1143//1143
f 1129//1129 1180//1180 1144//1144
f 1179//1179 1160//1160 1143//1143
f 1161//1161 1193//1193 1180//1180
f 1194//1194 1147//1147 1144//1144
f 1096//1096 1146//1146 1183//1183
f 1145//1145 1183//1183 1196//1196
f 1091//1091 1145//1145 1196//1196
f 1146//1146 1162//1162 1183//1183
f 1133//1133 1148//1148 1152//1152
f 1133//1133 1152//1152 1151//1151
f 1153//1153 1164//1164 1165//1165
f 1134//1134 1164//1164 1153//1153
f 1167//1167 1187//1187 1134//1134
f 1168//1168 1187//1187 1167//1167
f 1155//1155 1136//1136 1169//1169
f 1137//1137 1108//1108 1170//1170
f 1220//1220 1208//1208 1189//1189
f 1141//1141 1253//1253 1109//1109
f 1173//1173 1221//1221 1141//1141
f 1222//1222 1157//1157 1175//1175
f 1222//1222 1175//1175 1223//1223
f 1177//1177 1211//1211 1142//1142
f 1177//1177 1142//1142 1178//1178
f 1091//1091 1196//1196 1179//1179
f 1161//1161 1143//1143 1160//1160
f 1193//1193 1161//1161 1182//1182
f 1180//1180 1194//1194 1144//1144
f 1181//1181 1147//1147 1194//1194
f 1147//1147 1181//1181 1149//1149
f 1163//1163 1198//1198 1148//1148
f 1197//1197 1198//1198 1163//1163
f 1196//1196 1183//1183 1184//1184
f 1197//1197 1163//1163 1215//1215
f 1146//1146 1115//1115 1162//1162
f 1162//1162 1115//1115 1199//1199
f 1149//1149 1215//1215 1163//1163
f 1152//1152 1148//1148 1198//1198
f 1150//1150 1199//1199 1115//1115
f 1152//1152 1198//1198 1185//1185
f 1165//1165 1164//1164 1201//1201
f 1150//1150 1165//1165 1201//1201
f 1186//1186 1151//1151 1152//1152
f 1166//1166 1151//1151 1186//1186
f 1134//1134 1187//1187 1164//1164
f 1166//1166 1186//1186 1203//1203
f 1166//1166 1203//1203 1154//1154
f 1203//1203 1218//1218 1154//1154
f 1218//1218 1205//1205 1154//1154
f 1154//1154 1205//1205 1170//1170
f 1169//1169 1168//1168 1155//1155
f 1169//1169 1204//1204 1168//1168
f 1137//1137 1170//1170 1232//1232
f 1188//1188 1136//1136 1138//1138
f 1219//1219 1171//1171 1137//1137
f 1188//1188 1138//1138 1140//1140
f 1206//1206 1171//1171 1219//1219
f 1206//1206 1220//1220 1171//1171
f 1253//1253 1207//1207 1140//1140
f 1234//1234 1208//1208 1220//1220
f 1141//1141 1254//1254 1253//1253
f 1254//1254 1141//1141 1221//1221
f 1208//1208 1172//1172 1189//1189
f 1222//1222 1173//1173 1174//1174
f 1222//1222 1174//1174 1157//1157
f 1223//1223 1175//1175 1158//1158
f 1191//1191 1111//1111 1190//1190
f 1209//1209 1125//1125 1191//1191
f 1257//1257 1158//1158 1176//1176
f 1112//1112 1209//1209 1277//1277
f 1211//1211 1176//1176 1159//1159
f 1192//1192 1112//1112 1277//1277
f 1259//1259 1177//1177 1178//1178
f 1178//1178 1127//1127 1192//1192
f 1182//1182 1161//1161 1160//1160
f 1195//1195 1194//1194 1180//1180
f 1214//1214 1179//1179 1196//1196
f 1214//1214 1160//1160 1179//1179
f 1182//1182 1160//1160 1212//1212
f 1194//1194 1195//1195 1181//1181
f 1214//1214 1212//1212 1160//1160
f 1227//1227 1149//1149 1181//1181
f 1149//1149 1227//1227 1215//1215
f 1150//1150 1200//1200 1199//1199
f 1201//1201 1200//1200 1150//1150
f 1200//1200 1164//1164 1202//1202
f 1164//1164 1200//1200 1201//1201
f 1229//1229 1152//1152 1185//1185
f 1187//1187 1202//1202 1164//1164
f 1186//1186 1152//1152 1229//1229
f 1168//1168 1204//1204 1187//1187
f 1205//1205 1232//1232 1170//1170
f 1232//1232 1249//1249 1137//1137
f 1140//1140 1207//1207 1188//1188
f 1290//1290 1172//1172 1208//1208
f 1190//1190 1172//1172 1256//1256
f 1222//1222 1223//1223 1236//1236
f 1158//1158 1257//1257 1223//1223
f 1257//1257 1176//1176 1258//1258
f 1176//1176 1211//1211 1210//1210
f 1192//1192 1277//1277 1319//1319
f 1182//1182 1226//1226 1193//1193
f 1213//1213 1226//1226 1182//1182
f 1193//1193 1226//1226 1180//1180
f 1226//1226 1195//1195 1180//1180
f 1162//1162 1184//1184 1183//1183
f 1216//1216 1184//1184 1162//1162
f 1184//1184 1264//1264 1196//1196
f 1264//1264 1214//1214 1196//1196
f 1214//1214 1238//1238 1212//1212
f 1227//1227 1268//1268 1215//1215
f 1215//1215 1198//1198 1197//1197
f 1199//1199 1216//1216 1162//1162
f 1199//1199 1243//1243 1216//1216
f 1185//1185 1198//1198 1241//1241
f 1200//1200 1243//1243 1199//1199
f 1244//1244 1200//1200 1202//1202
f 1202//1202 1187//1187 1217//1217
f 1245//1245 1203//1203 1186//1186
f 1245//1245 1218//1218 1203//1203
f 1231//1231 1187//1187 1204//1204
f 1205//1205 1218//1218 1230//1230
f 1204//1204 1169//1169 1231//1231
f 1249//1249 1219//1219 1137//1137
f 1290//1290 1208//1208 1234//1234
f 1221//1221 1173//1173 1236//1236
f 1290//1290 1256//1256 1172//1172
f 1173//1173 1222//1222 1236//1236
f 1191//1191 1190//1190 1209//1209
f 1224//1224 1223//1223 1257//1257
f 1210//1210 1258//1258 1176//1176
f 1295//1295 1210//1210 1211//1211
f 1319//1319 1178//1178 1192//1192
f 1227//1227 1181//1181 1311//1311
f 1225//1225 1184//1184 1240//1240
f 1213//1213 1212//1212 1238//1238
f 1212//1212 1213//1213 1182//1182
f 1195//1195 1311//1311 1181//1181
f 1216//1216 1240//1240 1184//1184
f 1225//1225 1264//1264 1184//1184
f 1215//1215 1228//1228 1198//1198
f 1198//1198 1228//1228 1241//1241
f 1270//1270 1243//1243 1200//1200
f 1185//1185 1241//1241 1229//1229
f 1200//1200 1244//1244 1270//1270
f 1245//1245 1186//1186 1229//1229
f 1187//1187 1246//1246 1217//1217
f 1245//1245 1285//1285 1218//1218
f 1231//1231 1246//1246 1187//1187
f 1218//1218 1285//1285 1230//1230
f 1205//1205 1230//1230 1248//1248
f 1169//1169 1247//1247 1231//1231
f 1248//1248 1232//1232 1205//1205
f 1233//1233 1169//1169 1136//1136
f 1233//1233 1247//1247 1169//1169
f 1188//1188 1233//1233 1136//1136
f 1206//1206 1219//1219 1249//1249
f 1220//1220 1206//1206 1234//1234
f 1254//1254 1317//1317 1253//1253
f 1259//1259 1260//1260 1177//1177
f 1319//1319 1259//1259 1178//1178
f 1213//1213 1237//1237 1226//1226
f 1226//1226 1311//1311 1195//1195
f 1311//1311 1278//1278 1227//1227
f 1214//1214 1265//1265 1238//1238
f 1239//1239 1216//1216 1243//1243
f 1215//1215 1268//1268 1228//1228
f 1239//1239 1243//1243 1269//1269
f 1244//1244 1242//1242 1270//1270
f 1244//1244 1272//1272 1242//1242
f 1241//1241 1306//1306 1229//1229
f 1229//1229 1306//1306 1245//1245
f 1244//1244 1202//1202 1217//1217
f 1273//1273 1244//1244 1217//1217
f 1217//1217 1246//1246 1273//1273
f 1285//1285 1248//1248 1230//1230
f 1231//1231 1287//1287 1246//1246
f 1247//1247 1287//1287 1231//1231
f 1232//1232 1248//1248 1249//1249
f 1188//1188 1250//1250 1233//1233
f 1249//1249 1251//1251 1206//1206
f 1207//1207 1250//1250 1188//1188
f 1206//1206 1252//1252 1234//1234
f 1289//1289 1254//1254 1221//1221
f 1255//1255 1290//1290 1234//1234
f 1236//1236 1291//1291 1221//1221
f 1256//1256 1290//1290 1235//1235
f 1310//1310 1190//1190 1256//1256
f 1310//1310 1276//1276 1190//1190
f 1292//1292 1223//1223 1224//1224
f 1277//1277 1209//1209 1293//1293
f 1177//1177 1295//1295 1211//1211
f 1238//1238 1263//1263 1213//1213
f 1237//1237 1311//1311 1226//1226
f 1279//1279 1225//1225 1240//1240
f 1261//1261 1264//1264 1225//1225
f 1264//1264 1296//1296 1262//1262
f 1214//1214 1264//1264 1262//1262
f 1214//1214 1262//1262 1265//1265
f 1265//1265 1262//1262 1263//1263
f 1278//1278 1266//1266 1227//1227
f 1227//1227 1266//1266 1268//1268
f 1279//1279 1240//1240 1216//1216
f 1265//1265 1263//1263 1238//1238
f 1266//1266 1267//1267 1268//1268
f 1279//1279 1216//1216 1239//1239
f 1270//1270 1242//1242 1305//1305
f 1268//1268 1282//1282 1228//1228
f 1228//1228 1282//1282 1241//1241
f 1270//1270 1281//1281 1243//1243
f 1269//1269 1243//1243 1281//1281
f 1282//1282 1271//1271 1241//1241
f 1242//1242 1272//1272 1305//1305
f 1271//1271 1306//1306 1241//1241
f 1283//1283 1245//1245 1306//1306
f 1245//1245 1283//1283 1285//1285
f 1287//1287 1273//1273 1246//1246
f 1275//1275 1233//1233 1250//1250
f 1233//1233 1275//1275 1274//1274
f 1207//1207 1275//1275 1250//1250
f 1251//1251 1252//1252 1206//1206
f 1309//1309 1252//1252 1251//1251
f 1292//1292 1236//1236 1223//1223
f 1336//1336 1224//1224 1257//1257
f 1294//1294 1257//1257 1258//1258
f 1338//1338 1319//1319 1277//1277
f 1319//1319 1357//1357 1259//1259
f 1260//1260 1295//1295 1177//1177
f 1298//1298 1213//1213 1263//1263
f 1213//1213 1298//1298 1237//1237
f 1298//1298 1311//1311 1237//1237
f 1261//1261 1225//1225 1279//1279
f 1296//1296 1264//1264 1261//1261
f 1268//1268 1267//1267 1302//1302
f 1280//1280 1279//1279 1239//1239
f 1269//1269 1280//1280 1239//1239
f 1302//1302 1303//1303 1268//1268
f 1268//1268 1303//1303 1282//1282
f 1305//1305 1281//1281 1270//1270
f 1314//1314 1272//1272 1244//1244
f 1244//1244 1284//1284 1314//1314
f 1273//1273 1284//1284 1244//1244
f 1287//1287 1286//1286 1273//1273
f 1286//1286 1284//1284 1273//1273
f 1288//1288 1248//1248 1285//1285
f 1247//1247 1307//1307 1287//1287
f 1249//1249 1248//1248 1308//1308
f 1233//1233 1274//1274 1247//1247
f 1247//1247 1274//1274 1307//1307
f 1253//1253 1316//1316 1207//1207
f 1253//1253 1317//1317 1316//1316
f 1318//1318 1289//1289 1221//1221
f 1221//1221 1291//1291 1318//1318
f 1373//1373 1256//1256 1235//1235
f 1310//1310 1256//1256 1373//1373
f 1291//1291 1236//1236 1292//1292
f 1190//1190 1276//1276 1293//1293
f 1293//1293 1209//1209 1190//1190
f 1294//1294 1336//1336 1257//1257
f 1210//1210 1294//1294 1258//1258
f 1294//1294 1210//1210 1295//1295
f 1358//1358 1260//1260 1259//1259
f 1263//1263 1297//1297 1298//1298
f 1261//1261 1300//1300 1296//1296
f 1296//1296 1299//1299 1262//1262
f 1297//1297 1263//1263 1262//1262
f 1261//1261 1279//1279 1300//1300
f 1299//1299 1341//1341 1262//1262
f 1311//1311 1340//1340 1278//1278
f 1278//1278 1301//1301 1266//1266
f 1267//1267 1266//1266 1301//1301
f 1313//1313 1282//1282 1303//1303
f 1282//1282 1313//1313 1271//1271
f 1313//1313 1304//1304 1271//1271
f 1304//1304 1306//1306 1271//1271
f 1272//1272 1314//1314 1305//1305
f 1283//1283 1288//1288 1285//1285
f 1287//1287 1307//1307 1286//1286
f 1315//1315 1248//1248 1288//1288
f 1308//1308 1251//1251 1249//1249
f 1308//1308 1309//1309 1251//1251
f 1316//1316 1275//1275 1207//1207
f 1335//1335 1234//1234 1252//1252
f 1335//1335 1255//1255 1234//1234
f 1291//1291 1405//1405 1318//1318
f 1277//1277 1293//1293 1338//1338
f 1358//1358 1295//1295 1260//1260
f 1259//1259 1357//1357 1358//1358
f 1339//1339 1311//1311 1298//1298
f 1361//1361 1296//1296 1300//1300
f 1300//1300 1342//1342 1361//1361
f 1361//1361 1299//1299 1296//1296
f 1278//1278 1321//1321 1301//1301
f 1340//1340 1321//1321 1278//1278
f 1300//1300 1279//1279 1342//1342
f 1279//1279 1312//1312 1342//1342
f 1279//1279 1280//1280 1312//1312
f 1281//1281 1324//1324 1269//1269
f 1280//1280 1269//1269 1324//1324
f 1313//1313 1326//1326 1304//1304
f 1327//1327 1306//1306 1304//1304
f 1327//1327 1283//1283 1306//1306
f 1283//1283 1327//1327 1347//1347
f 1284//1284 1348//1348 1314//1314
f 1329//1329 1283//1283 1347//1347
f 1329//1329 1288//1288 1283//1283
f 1348//1348 1284//1284 1330//1330
f 1284//1284 1286//1286 1330//1330
f 1329//1329 1315//1315 1288//1288
f 1330//1330 1286//1286 1307//1307
f 1330//1330 1307//1307 1332//1332
f 1274//1274 1332//1332 1307//1307
f 1315//1315 1308//1308 1248//1248
f 1333//1333 1274//1274 1275//1275
f 1316//1316 1351//1351 1275//1275
f 1335//1335 1252//1252 1309//1309
f 1290//1290 1255//1255 1403//1403
f 1403//1403 1235//1235 1290//1290
f 1291//1291 1292//1292 1374//1374
f 1292//1292 1224//1224 1336//1336
f 1293//1293 1276//1276 1375//1375
f 1338//1338 1357//1357 1319//1319
f 1358//1358 1377//1377 1295//1295
f 1359//1359 1339//1339 1297//1297
f 1339//1339 1340//1340 1311//1311
f 1297//1297 1320//1320 1359//1359
f 1339//1339 1298//1298 1297//1297
f 1341//1341 1299//1299 1361//1361
f 1322//1322 1262//1262 1341//1341
f 1322//1322 1297//1297 1262//1262
f 1297//1297 1322//1322 1320//1320
f 1344//1344 1312//1312 1280//1280
f 1301//1301 1323//1323 1267//1267
f 1302//1302 1267//1267 1323//1323
f 1324//1324 1344//1344 1280//1280
f 1303//1303 1302//1302 1323//1323
f 1281//1281 1305//1305 1324//1324
f 1303//1303 1323//1323 1325//1325
f 1325//1325 1345//1345 1303//1303
f 1345//1345 1313//1313 1303//1303
f 1326//1326 1313//1313 1345//1345
f 1304//1304 1326//1326 1327//1327
f 1305//1305 1314//1314 1346//1346
f 1314//1314 1328//1328 1346//1346
f 1314//1314 1348//1348 1328//1328
f 1349//1349 1315//1315 1329//1329
f 1332//1332 1368//1368 1330//1330
f 1315//1315 1331//1331 1308//1308
f 1332//1332 1274//1274 1333//1333
f 1308//1308 1331//1331 1371//1371
f 1309//1309 1308//1308 1371//1371
f 1371//1371 1372//1372 1309//1309
f 1334//1334 1333//1333 1275//1275
f 1275//1275 1351//1351 1334//1334
f 1335//1335 1309//1309 1372//1372
f 1317//1317 1351//1351 1316//1316
f 1318//1318 1353//1353 1289//1289
f 1373//1373 1420//1420 1310//1310
f 1276//1276 1310//1310 1354//1354
f 1375//1375 1276//1276 1354//1354
f 1336//1336 1374//1374 1292//1292
f 1293//1293 1375//1375 1337//1337
f 1355//1355 1336//1336 1294//1294
f 1338//1338 1293//1293 1337//1337
f 1445//1445 1357//1357 1338//1338
f 1320//1320 1322//1322 1378//1378
f 1340//1340 1379//1379 1321//1321
f 1344//1344 1342//1342 1312//1312
f 1301//1301 1343//1343 1323//1323
f 1344//1344 1324//1324 1362//1362
f 1323//1323 1345//1345 1325//1325
f 1326//1326 1345//1345 1384//1384
f 1305//1305 1346//1346 1324//1324
f 1384//1384 1327//1327 1326//1326
f 1366//1366 1347//1347 1327//1327
f 1367//1367 1329//1329 1347//1347
f 1367//1367 1315//1315 1349//1349
f 1331//1331 1315//1315 1367//1367
f 1368//1368 1332//1332 1350//1350
f 1367//1367 1371//1371 1331//1331
f 1388//1388 1335//1335 1372//1372
f 1254//1254 1289//1289 1317//1317
f 1289//1289 1353//1353 1317//1317
f 1373//1373 1235//1235 1403//1403
f 1419//1419 1353//1353 1405//1405
f 1353//1353 1318//1318 1405//1405
f 1374//1374 1405//1405 1291//1291
f 1376//1376 1374//1374 1336//1336
f 1390//1390 1336//1336 1355//1355
f 1294//1294 1295//1295 1355//1355
f 1377//1377 1355//1355 1295//1295
f 1338//1338 1356//1356 1445//1445
f 1358//1358 1357//1357 1445//1445
f 1340//1340 1339//1339 1394//1394
f 1359//1359 1320//1320 1409//1409
f 1359//1359 1394//1394 1339//1339
f 1394//1394 1360//1360 1340//1340
f 1321//1321 1379//1379 1380//1380
f 1344//1344 1382//1382 1342//1342
f 1381//1381 1361//1361 1342//1342
f 1383//1383 1341//1341 1361//1361
f 1322//1322 1341//1341 1383//1383
f 1321//1321 1410//1410 1301//1301
f 1410//1410 1343//1343 1301//1301
f 1343//1343 1363//1363 1323//1323
f 1363//1363 1432//1432 1323//1323
f 1432//1432 1345//1345 1323//1323
f 1362//1362 1324//1324 1364//1364
f 1364//1364 1324//1324 1346//1346
f 1327//1327 1398//1398 1366//1366
f 1346//1346 1328//1328 1365//1365
f 1384//1384 1398//1398 1327//1327
f 1329//1329 1367//1367 1349//1349
f 1330//1330 1386//1386 1348//1348
f 1330//1330 1368//1368 1386//1386
f 1369//1369 1371//1371 1367//1367
f 1333//1333 1350//1350 1332//1332
f 1333//1333 1334//1334 1370//1370
f 1403//1403 1255//1255 1352//1352
f 1457//1457 1374//1374 1376//1376
f 1354//1354 1310//1310 1420//1420
f 1422//1422 1337//1337 1375//1375
f 1337//1337 1356//1356 1338//1338
f 1406//1406 1356//1356 1337//1337
f 1425//1425 1355//1355 1377//1377
f 1391//1391 1377//1377 1358//1358
f 1446//1446 1391//1391 1358//1358
f 1445//1445 1446//1446 1358//1358
f 1320//1320 1378//1378 1409//1409
f 1360//1360 1427//1427 1340//1340
f 1392//1392 1322//1322 1383//1383
f 1378//1378 1322//1322 1392//1392
f 1427//1427 1379//1379 1340//1340
f 1380//1380 1379//1379 1427//1427
f 1410//1410 1321//1321 1380//1380
f 1381//1381 1342//1342 1382//1382
f 1361//1361 1381//1381 1383//1383
f 1344//1344 1362//1362 1382//1382
f 1343//1343 1410//1410 1363//1363
f 1345//1345 1432//1432 1397//1397
f 1384//1384 1345//1345 1397//1397
f 1346//1346 1365//1365 1364//1364
f 1366//1366 1398//1398 1400//1400
f 1366//1366 1400//1400 1347//1347
f 1367//1367 1347//1347 1400//1400
f 1367//1367 1400//1400 1385//1385
f 1348//1348 1401//1401 1328//1328
f 1386//1386 1401//1401 1348//1348
f 1350//1350 1386//1386 1368//1368
f 1440//1440 1369//1369 1367//1367
f 1333//1333 1387//1387 1350//1350
f 1370//1370 1387//1387 1333//1333
f 1388//1388 1371//1371 1369//1369
f 1388//1388 1372//1372 1371//1371
f 1335//1335 1388//1388 1416//1416
f 1351//1351 1418//1418 1334//1334
f 1352//1352 1255//1255 1335//1335
f 1353//1353 1389//1389 1317//1317
f 1455//1455 1373//1373 1403//1403
f 1373//1373 1404//1404 1420//1420
f 1405//1405 1374//1374 1457//1457
f 1457//1457 1376//1376 1421//1421
f 1376//1376 1336//1336 1458//1458
f 1337//1337 1422//1422 1459//1459
f 1390//1390 1423//1423 1336//1336
f 1445//1445 1356//1356 1406//1406
f 1391//1391 1425//1425 1377//1377
f 1409//1409 1378//1378 1393//1393
f 1378//1378 1392//1392 1393//1393
f 1359//1359 1409//1409 1394//1394
f 1392//1392 1383//1383 1395//1395
f 1450//1450 1380//1380 1427//1427
f 1450//1450 1410//1410 1380//1380
f 1381//1381 1382//1382 1411//1411
f 1381//1381 1428//1428 1383//1383
f 1431//1431 1382//1382 1362//1362
f 1363//1363 1410//1410 1432//1432
f 1365//1365 1396//1396 1364//1364
f 1384//1384 1397//1397 1413//1413
f 1365//1365 1399//1399 1396//1396
f 1413//1413 1398//1398 1384//1384
f 1328//1328 1401//1401 1399//1399
f 1328//1328 1399//1399 1365//1365
f 1440//1440 1385//1385 1438//1438
f 1367//1367 1385//1385 1440//1440
f 1350//1350 1387//1387 1386//1386
f 1370//1370 1453//1453 1387//1387
f 1388//1388 1369//1369 1415//1415
f 1334//1334 1402//1402 1370//1370
f 1417//1417 1402//1402 1334//1334
f 1416//1416 1352//1352 1335//1335
f 1351//1351 1317//1317 1418//1418
f 1353//1353 1419//1419 1389//1389
f 1404//1404 1373//1373 1455//1455
f 1354//1354 1420//1420 1443//1443
f 1354//1354 1422//1422 1375//1375
f 1421//1421 1376//1376 1458//1458
f 1423//1423 1458//1458 1336//1336
f 1423//1423 1390//1390 1355//1355
f 1425//1425 1391//1391 1407//1407
f 1394//1394 1408//1408 1360//1360
f 1447//1447 1393//1393 1392//1392
f 1409//1409 1426//1426 1394//1394
f 1408//1408 1394//1394 1426//1426
f 1408//1408 1427//1427 1360//1360
f 1450//1450 1427//1427 1429//1429
f 1381//1381 1411//1411 1428//1428
f 1395//1395 1383//1383 1428//1428
f 1431//1431 1411//1411 1382//1382
f 1410//1410 1451//1451 1432//1432
f 1362//1362 1364//1364 1431//1431
f 1397//1397 1432//1432 1434//1434
f 1364//1364 1396//1396 1412//1412
f 1364//1364 1412//1412 1431//1431
f 1434//1434 1435//1435 1397//1397
f 1435//1435 1413//1413 1397//1397
f 1437//1437 1398//1398 1413//1413
f 1400//1400 1398//1398 1437//1437
f 1400//1400 1437//1437 1414//1414
f 1414//1414 1385//1385 1400//1400
f 1401//1401 1386//1386 1441//1441
f 1385//1385 1414//1414 1438//1438
f 1415//1415 1369//1369 1440//1440
f 1416//1416 1388//1388 1415//1415
f 1370//1370 1402//1402 1453//1453
f 1418//1418 1417//1417 1334//1334
f 1389//1389 1418//1418 1317//1317
f 1455//1455 1403//1403 1352//1352
f 1405//1405 1457//1457 1419//1419
f 1354//1354 1443//1443 1422//1422
f 1459//1459 1424//1424 1406//1406
f 1459//1459 1406//1406 1337//1337
f 1461//1461 1447//1447 1392//1392
f 1460//1460 1409//1409 1393//1393
f 1426//1426 1409//1409 1460//1460
f 1408//1408 1426//1426 1448//1448
f 1395//1395 1461//1461 1392//1392
f 1428//1428 1461//1461 1395//1395
f 1450//1450 1451//1451 1410//1410
f 1411//1411 1431//1431 1430//1430
f 1451//1451 1434//1434 1432//1432
f 1433//1433 1431//1431 1412//1412
f 1436//1436 1412//1412 1396//1396
f 1437//1437 1413//1413 1435//1435
f 1399//1399 1452//1452 1396//1396
f 1436//1436 1396//1396 1452//1452
f 1437//1437 1468//1468 1414//1414
f 1399//1399 1467//1467 1452//1452
f 1401//1401 1467//1467 1399//1399
f 1401//1401 1441//1441 1439//1439
f 1414//1414 1440//1440 1438//1438
f 1441//1441 1386//1386 1387//1387
f 1440//1440 1489//1489 1415//1415
f 1453//1453 1441//1441 1387//1387
f 1418//1418 1454//1454 1417//1417
f 1352//1352 1416//1416 1471//1471
f 1505//1505 1455//1455 1352//1352
f 1389//1389 1442//1442 1418//1418
f 1419//1419 1494//1494 1389//1389
f 1420//1420 1404//1404 1556//1556
f 1588//1588 1423//1423 1355//1355
f 1407//1407 1444//1444 1425//1425
f 1407//1407 1391//1391 1446//1446
f 1448//1448 1427//1427 1408//1408
f 1449//1449 1461//1461 1428//1428
f 1427//1427 1448//1448 1429//1429
f 1411//1411 1480//1480 1428//1428
f 1429//1429 1448//1448 1450//1450
f 1463//1463 1430//1430 1431//1431
f 1451//1451 1450//1450 1498//1498
f 1498//1498 1464//1464 1451//1451
f 1464//1464 1434//1434 1451//1451
f 1465//1465 1434//1434 1484//1484
f 1465//1465 1435//1435 1434//1434
f 1412//1412 1485//1485 1433//1433
f 1465//1465 1466//1466 1435//1435
f 1466//1466 1437//1437 1435//1435
f 1468//1468 1470//1470 1414//1414
f 1401//1401 1439//1439 1469//1469
f 1440//1440 1414//1414 1470//1470
f 1440//1440 1470//1470 1489//1489
f 1490//1490 1441//1441 1453//1453
f 1504//1504 1416//1416 1415//1415
f 1402//1402 1491//1491 1453//1453
f 1402//1402 1417//1417 1491//1491
f 1505//1505 1352//1352 1471//1471
f 1418//1418 1473//1473 1454//1454
f 1442//1442 1389//1389 1494//1494
f 1493//1493 1404//1404 1455//1455
f 1404//1404 1493//1493 1556//1556
f 1457//1457 1456//1456 1419//1419
f 1556//1556 1443//1443 1420//1420
f 1422//1422 1443//1443 1475//1475
f 1541//1541 1474//1474 1421//1421
f 1541//1541 1421//1421 1458//1458
f 1476//1476 1459//1459 1422//1422
f 1476//1476 1422//1422 1475//1475
f 1406//1406 1542//1542 1445//1445
f 1542//1542 1406//1406 1424//1424
f 1508//1508 1425//1425 1444//1444
f 1477//1477 1446//1446 1445//1445
f 1447//1447 1478//1478 1393//1393
f 1426//1426 1496//1496 1448//1448
f 1480//1480 1449//1449 1428//1428
f 1447//1447 1461//1461 1495//1495
f 1393//1393 1478//1478 1460//1460
f 1426//1426 1460//1460 1496//1496
f 1448//1448 1496//1496 1511//1511
f 1430//1430 1463//1463 1411//1411
f 1463//1463 1480//1480 1411//1411
f 1511//1511 1462//1462 1448//1448
f 1462//1462 1450//1450 1448//1448
f 1462//1462 1498//1498 1450//1450
f 1484//1484 1434//1434 1464//1464
f 1463//1463 1431//1431 1433//1433
f 1436//1436 1486//1486 1412//1412
f 1466//1466 1500//1500 1437//1437
f 1468//1468 1437//1437 1500//1500
f 1436//1436 1452//1452 1467//1467
f 1401//1401 1469//1469 1467//1467
f 1441//1441 1490//1490 1439//1439
f 1489//1489 1502//1502 1415//1415
f 1491//1491 1490//1490 1453//1453
f 1502//1502 1504//1504 1415//1415
f 1492//1492 1491//1491 1417//1417
f 1471//1471 1416//1416 1504//1504
f 1417//1417 1472//1472 1492//1492
f 1454//1454 1472//1472 1417//1417
f 1493//1493 1455//1455 1505//1505
f 1456//1456 1494//1494 1419//1419
f 1528//1528 1443//1443 1556//1556
f 1457//1457 1421//1421 1456//1456
f 1456//1456 1421//1421 1474//1474
f 1475//1475 1443//1443 1528//1528
f 1571//1571 1424//1424 1459//1459
f 1557//1557 1355//1355 1425//1425
f 1477//1477 1445//1445 1542//1542
f 1447//1447 1495//1495 1513//1513
f 1478//1478 1447//1447 1513//1513
f 1480//1480 1479//1479 1449//1449
f 1449//1449 1479//1479 1461//1461
f 1495//1495 1461//1461 1479//1479
f 1478//1478 1496//1496 1460//1460
f 1497//1497 1480//1480 1463//1463
f 1511//1511 1534//1534 1462//1462
f 1462//1462 1534//1534 1498//1498
f 1498//1498 1534//1534 1481//1481
f 1548//1548 1464//1464 1498//1498
f 1483//1483 1484//1484 1464//1464
f 1486//1486 1517//1517 1412//1412
f 1485//1485 1412//1412 1517//1517
f 1485//1485 1482//1482 1433//1433
f 1433//1433 1482//1482 1463//1463
f 1499//1499 1466//1466 1465//1465
f 1466//1466 1499//1499 1500//1500
f 1486//1486 1436//1436 1467//1467
f 1500//1500 1487//1487 1468//1468
f 1470//1470 1468//1468 1487//1487
f 1487//1487 1488//1488 1470//1470
f 1470//1470 1488//1488 1489//1489
f 1439//1439 1522//1522 1469//1469
f 1582//1582 1471//1471 1504//1504
f 1418//1418 1442//1442 1473//1473
f 1526//1526 1456//1456 1474//1474
f 1507//1507 1458//1458 1423//1423
f 1507//1507 1423//1423 1588//1588
f 1557//1557 1588//1588 1355//1355
f 1530//1530 1542//1542 1424//1424
f 1557//1557 1425//1425 1508//1508
f 1495//1495 1512//1512 1532//1532
f 1513//1513 1561//1561 1478//1478
f 1498//1498 1481//1481 1548//1548
f 1548//1548 1483//1483 1464//1464
f 1465//1465 1484//1484 1549//1549
f 1517//1517 1482//1482 1485//1485
f 1549//1549 1518//1518 1465//1465
f 1518//1518 1499//1499 1465//1465
f 1517//1517 1486//1486 1550//1550
f 1501//1501 1487//1487 1500//1500
f 1522//1522 1520//1520 1469//1469
f 1489//1489 1488//1488 1502//1502
f 1490//1490 1522//1522 1439//1439
f 1504//1504 1502//1502 1523//1523
f 1492//1492 1490//1490 1491//1491
f 1503//1503 1490//1490 1492//1492
f 1582//1582 1505//1505 1471//1471
f 1555//1555 1493//1493 1505//1505
f 1555//1555 1524//1524 1493//1493
f 1494//1494 1506//1506 1442//1442
f 1494//1494 1456//1456 1527//1527
f 1525//1525 1528//1528 1556//1556
f 1529//1529 1474//1474 1541//1541
f 1476//1476 1571//1571 1459//1459
f 1509//1509 1444//1444 1407//1407
f 1532//1532 1513//1513 1495//1495
f 1510//1510 1511//1511 1496//1496
f 1495//1495 1479//1479 1512//1512
f 1496//1496 1561//1561 1533//1533
f 1478//1478 1561//1561 1496//1496
f 1533//1533 1510//1510 1496//1496
f 1546//1546 1481//1481 1534//1534
f 1497//1497 1514//1514 1480//1480
f 1463//1463 1514//1514 1497//1497
f 1480//1480 1515//1515 1479//1479
f 1549//1549 1484//1484 1483//1483
f 1463//1463 1482//1482 1514//1514
f 1483//1483 1548//1548 1549//1549
f 1517//1517 1516//1516 1482//1482
f 1518//1518 1519//1519 1499//1499
f 1500//1500 1499//1499 1519//1519
f 1501//1501 1500//1500 1519//1519
f 1486//1486 1467//1467 1538//1538
f 1538//1538 1467//1467 1551//1551
f 1467//1467 1520//1520 1551//1551
f 1539//1539 1487//1487 1501//1501
f 1467//1467 1469//1469 1520//1520
f 1539//1539 1488//1488 1487//1487
f 1521//1521 1520//1520 1522//1522
f 1552//1552 1502//1502 1488//1488
f 1502//1502 1552//1552 1523//1523
f 1490//1490 1503//1503 1522//1522
f 1472//1472 1503//1503 1492//1492
f 1523//1523 1582//1582 1504//1504
f 1505//1505 1582//1582 1555//1555
f 1442//1442 1506//1506 1473//1473
f 1556//1556 1493//1493 1524//1524
f 1494//1494 1527//1527 1506//1506
f 1527//1527 1456//1456 1526//1526
f 1526//1526 1474//1474 1603//1603
f 1476//1476 1475//1475 1540//1540
f 1458//1458 1507//1507 1541//1541
f 1530//1530 1424//1424 1571//1571
f 1509//1509 1508//1508 1444//1444
f 1509//1509 1407//1407 1446//1446
f 1477//1477 1509//1509 1446//1446
f 1531//1531 1510//1510 1544//1544
f 1531//1531 1511//1511 1510//1510
f 1511//1511 1531//1531 1534//1534
f 1561//1561 1513//1513 1532//1532
f 1533//1533 1545//1545 1510//1510
f 1510//1510 1545//1545 1544//1544
f 1535//1535 1562//1562 1514//1514
f 1480//1480 1514//1514 1562//1562
f 1479//1479 1536//1536 1512//1512
f 1537//1537 1535//1535 1514//1514
f 1480//1480 1562//1562 1515//1515
f 1515//1515 1536//1536 1479//1479
f 1516//1516 1537//1537 1482//1482
f 1514//1514 1482//1482 1537//1537
f 1548//1548 1481//1481 1577//1577
f 1518//1518 1549//1549 1547//1547
f 1516//1516 1517//1517 1550//1550
f 1486//1486 1538//1538 1550//1550
f 1552//1552 1488//1488 1539//1539
f 1521//1521 1551//1551 1520//1520
f 1523//1523 1552//1552 1580//1580
f 1553//1553 1503//1503 1472//1472
f 1554//1554 1582//1582 1523//1523
f 1454//1454 1583//1583 1472//1472
f 1473//1473 1602//1602 1454//1454
f 1474//1474 1529//1529 1603//1603
f 1528//1528 1540//1540 1475//1475
f 1571//1571 1476//1476 1540//1540
f 1589//1589 1530//1530 1571//1571
f 1543//1543 1477//1477 1542//1542
f 1531//1531 1544//1544 1560//1560
f 1531//1531 1560//1560 1534//1534
f 1560//1560 1546//1546 1534//1534
f 1532//1532 1512//1512 1561//1561
f 1481//1481 1546//1546 1577//1577
f 1564//1564 1535//1535 1537//1537
f 1595//1595 1518//1518 1547//1547
f 1519//1519 1539//1539 1501//1501
f 1519//1519 1598//1598 1539//1539
f 1539//1539 1598//1598 1552//1552
f 1568//1568 1551//1551 1521//1521
f 1522//1522 1568//1568 1521//1521
f 1503//1503 1553//1553 1522//1522
f 1583//1583 1553//1553 1472//1472
f 1600//1600 1582//1582 1554//1554
f 1506//1506 1602//1602 1473//1473
f 1670//1670 1524//1524 1555//1555
f 1524//1524 1670//1670 1556//1556
f 1527//1527 1570//1570 1506//1506
f 1528//1528 1525//1525 1586//1586
f 1526//1526 1603//1603 1585//1585
f 1571//1571 1540//1540 1587//1587
f 1604//1604 1541//1541 1507//1507
f 1588//1588 1604//1604 1507//1507
f 1542//1542 1530//1530 1589//1589
f 1508//1508 1559//1559 1557//1557
f 1543//1543 1542//1542 1558//1558
f 1559//1559 1508//1508 1509//1509
f 1544//1544 1545//1545 1572//1572
f 1572//1572 1560//1560 1544//1544
f 1560//1560 1575//1575 1546//1546
f 1561//1561 1573//1573 1533//1533
f 1533//1533 1573//1573 1545//1545
f 1575//1575 1577//1577 1546//1546
f 1594//1594 1562//1562 1535//1535
f 1562//1562 1563//1563 1515//1515
f 1515//1515 1563//1563 1536//1536
f 1536//1536 1563//1563 1512//1512
f 1548//1548 1577//1577 1576//1576
f 1576//1576 1549//1549 1548//1548
f 1549//1549 1593//1593 1547//1547
f 1565//1565 1537//1537 1516//1516
f 1565//1565 1516//1516 1550//1550
f 1595//1595 1613//1613 1518//1518
f 1518//1518 1613//1613 1519//1519
f 1566//1566 1538//1538 1551//1551
f 1613//1613 1598//1598 1519//1519
f 1567//1567 1566//1566 1551//1551
f 1568//1568 1567//1567 1551//1551
f 1553//1553 1568//1568 1522//1522
f 1523//1523 1580//1580 1600//1600
f 1600//1600 1554//1554 1523//1523
f 1569//1569 1555//1555 1582//1582
f 1670//1670 1555//1555 1569//1569
f 1584//1584 1556//1556 1670//1670
f 1584//1584 1525//1525 1556//1556
f 1585//1585 1527//1527 1526//1526
f 1619//1619 1528//1528 1586//1586
f 1540//1540 1528//1528 1619//1619
f 1603//1603 1529//1529 1541//1541
f 1541//1541 1604//1604 1603//1603
f 1647//1647 1587//1587 1540//1540
f 1559//1559 1588//1588 1557//1557
f 1590//1590 1559//1559 1509//1509
f 1558//1558 1590//1590 1509//1509
f 1558//1558 1509//1509 1477//1477
f 1477//1477 1543//1543 1558//1558
f 1512//1512 1591//1591 1561//1561
f 1563//1563 1591//1591 1512//1512
f 1575//1575 1560//1560 1572//1572
f 1562//1562 1612//1612 1609//1609
f 1609//1609 1563//1563 1562//1562
f 1572//1572 1574//1574 1575//1575
f 1562//1562 1594//1594 1612//1612
f 1612//1612 1594//1594 1611//1611
f 1575//1575 1576//1576 1577//1577
f 1576//1576 1593//1593 1549//1549
f 1564//1564 1610//1610 1535//1535
f 1535//1535 1610//1610 1594//1594
f 1595//1595 1547//1547 1593//1593
f 1537//1537 1565//1565 1564//1564
f 1550//1550 1538//1538 1596//1596
f 1566//1566 1596//1596 1538//1538
f 1567//1567 1578//1578 1566//1566
f 1568//1568 1579//1579 1567//1567
f 1567//1567 1579//1579 1578//1578
f 1598//1598 1614//1614 1552//1552
f 1614//1614 1580//1580 1552//1552
f 1580//1580 1581//1581 1599//1599
f 1580//1580 1599//1599 1600//1600
f 1600//1600 1569//1569 1582//1582
f 1602//1602 1583//1583 1454//1454
f 1570//1570 1602//1602 1506//1506
f 1571//1571 1587//1587 1589//1589
f 1542//1542 1589//1589 1606//1606
f 1606//1606 1558//1558 1542//1542
f 1655//1655 1607//1607 1545//1545
f 1572//1572 1545//1545 1607//1607
f 1591//1591 1573//1573 1561//1561
f 1573//1573 1655//1655 1545//1545
f 1574//1574 1572//1572 1607//1607
f 1575//1575 1621//1621 1622//1622
f 1592//1592 1575//1575 1622//1622
f 1574//1574 1621//1621 1575//1575
f 1575//1575 1592//1592 1576//1576
f 1610//1610 1564//1564 1565//1565
f 1596//1596 1624//1624 1550//1550
f 1565//1565 1550//1550 1624//1624
f 1566//1566 1597//1597 1596//1596
f 1578//1578 1597//1597 1566//1566
f 1598//1598 1613//1613 1640//1640
f 1579//1579 1641//1641 1578//1578
f 1642//1642 1614//1614 1598//1598
f 1580//1580 1614//1614 1581//1581
f 1553//1553 1615//1615 1568//1568
f 1583//1583 1617//1617 1553//1553
f 1687//1687 1569//1569 1600//1600
f 1602//1602 1645//1645 1583//1583
f 1629//1629 1602//1602 1570//1570
f 1585//1585 1570//1570 1527//1527
f 1584//1584 1671//1671 1525//1525
f 1647//1647 1540//1540 1619//1619
f 1589//1589 1620//1620 1606//1606
f 1620//1620 1589//1589 1649//1649
f 1559//1559 1605//1605 1588//1588
f 1651//1651 1559//1559 1590//1590
f 1608//1608 1609//1609 1635//1635
f 1609//1609 1591//1591 1563//1563
f 1608//1608 1591//1591 1609//1609
f 1607//1607 1621//1621 1574//1574
f 1609//1609 1612//1612 1635//1635
f 1661//1661 1576//1576 1592//1592
f 1576//1576 1661//1661 1623//1623
f 1593//1593 1576//1576 1623//1623
f 1611//1611 1594//1594 1610//1610
f 1635//1635 1612//1612 1611//1611
f 1610//1610 1565//1565 1660//1660
f 1624//1624 1660//1660 1565//1565
f 1593//1593 1638//1638 1595//1595
f 1638//1638 1665//1665 1595//1595
f 1665//1665 1613//1613 1595//1595
f 1597//1597 1578//1578 1641//1641
f 1640//1640 1642//1642 1598//1598
f 1579//1579 1568//1568 1615//1615
f 1642//1642 1581//1581 1614//1614
f 1616//1616 1599//1599 1581//1581
f 1600//1600 1599//1599 1616//1616
f 1583//1583 1627//1627 1617//1617
f 1616//1616 1687//1687 1600//1600
f 1602//1602 1629//1629 1628//1628
f 1525//1525 1671//1671 1586//1586
f 1586//1586 1646//1646 1619//1619
f 1649//1649 1589//1589 1587//1587
f 1588//1588 1673//1673 1604//1604
f 1673//1673 1588//1588 1605//1605
f 1606//1606 1650//1650 1558//1558
f 1633//1633 1591//1591 1608//1608
f 1573//1573 1652//1652 1655//1655
f 1678//1678 1592//1592 1622//1622
f 1678//1678 1622//1622 1636//1636
f 1610//1610 1637//1637 1611//1611
f 1675//1675 1635//1635 1611//1611
f 1678//1678 1661//1661 1592//1592
f 1593//1593 1623//1623 1638//1638
f 1625//1625 1639//1639 1596//1596
f 1597//1597 1625//1625 1596//1596
f 1640//1640 1613//1613 1665//1665
f 1625//1625 1597//1597 1641//1641
f 1640//1640 1682//1682 1642//1642
f 1579//1579 1615//1615 1626//1626
f 1579//1579 1626//1626 1641//1641
f 1615//1615 1617//1617 1644//1644
f 1553//1553 1617//1617 1615//1615
f 1581//1581 1642//1642 1697//1697
f 1668//1668 1616//1616 1581//1581
f 1583//1583 1601//1601 1627//1627
f 1687//1687 1616//1616 1668//1668
f 1583//1583 1645//1645 1601//1601
f 1687//1687 1670//1670 1569//1569
f 1602//1602 1628//1628 1645//1645
f 1586//1586 1671//1671 1759//1759
f 1585//1585 1603//1603 1630//1630
f 1630//1630 1603//1603 1672//1672
f 1604//1604 1672//1672 1603//1603
f 1619//1619 1631//1631 1647//1647
f 1649//1649 1587//1587 1647//1647
f 1673//1673 1648//1648 1604//1604
f 1559//1559 1632//1632 1605//1605
f 1651//1651 1632//1632 1559//1559
f 1651//1651 1590//1590 1558//1558
f 1705//1705 1651//1651 1558//1558
f 1607//1607 1655//1655 1656//1656
f 1634//1634 1633//1633 1608//1608
f 1633//1633 1652//1652 1591//1591
f 1591//1591 1652//1652 1573//1573
f 1621//1621 1607//1607 1656//1656
f 1608//1608 1635//1635 1634//1634
f 1656//1656 1657//1657 1621//1621
f 1621//1621 1657//1657 1622//1622
f 1657//1657 1658//1658 1622//1622
f 1622//1622 1658//1658 1636//1636
f 1610//1610 1660//1660 1637//1637
f 1637//1637 1675//1675 1611//1611
f 1665//1665 1638//1638 1663//1663
f 1681//1681 1682//1682 1640//1640
f 1644//1644 1626//1626 1615//1615
f 1697//1697 1642//1642 1643//1643
f 1617//1617 1627//1627 1644//1644
f 1686//1686 1687//1687 1668//1668
f 1601//1601 1645//1645 1627//1627
f 1648//1648 1672//1672 1604//1604
f 1649//1649 1647//1647 1700//1700
f 1650//1650 1705//1705 1558//1558
f 1652//1652 1653//1653 1655//1655
f 1652//1652 1633//1633 1654//1654
f 1634//1634 1654//1654 1633//1633
f 1634//1634 1635//1635 1675//1675
f 1690//1690 1675//1675 1637//1637
f 1657//1657 1677//1677 1658//1658
f 1690//1690 1637//1637 1659//1659
f 1637//1637 1660//1660 1659//1659
f 1678//1678 1636//1636 1658//1658
f 1661//1661 1662//1662 1623//1623
f 1623//1623 1662//1662 1663//1663
f 1623//1623 1663//1663 1638//1638
f 1624//1624 1679//1679 1660//1660
f 1693//1693 1665//1665 1663//1663
f 1693//1693 1664//1664 1665//1665
f 1666//1666 1639//1639 1625//1625
f 1681//1681 1640//1640 1665//1665
f 1625//1625 1641//1641 1666//1666
f 1667//1667 1641//1641 1626//1626
f 1643//1643 1642//1642 1682//1682
f 1682//1682 1697//1697 1643//1643
f 1627//1627 1684//1684 1644//1644
f 1581//1581 1697//1697 1685//1685
f 1668//1668 1581//1581 1685//1685
f 1645//1645 1669//1669 1627//1627
f 1570//1570 1717//1717 1629//1629
f 1671//1671 1670//1670 1756//1756
f 1671//1671 1584//1584 1670//1670
f 1585//1585 1717//1717 1570//1570
f 1585//1585 1718//1718 1618//1618
f 1585//1585 1630//1630 1718//1718
f 1760//1760 1646//1646 1586//1586
f 1647//1647 1631//1631 1741//1741
f 1700//1700 1647//1647 1741//1741
f 1701//1701 1620//1620 1649//1649
f 1721//1721 1605//1605 1632//1632
f 1721//1721 1673//1673 1605//1605
f 1763//1763 1632//1632 1651//1651
f 1674//1674 1653//1653 1652//1652
f 1652//1652 1654//1654 1688//1688
f 1674//1674 1655//1655 1653//1653
f 1634//1634 1706//1706 1654//1654
f 1689//1689 1675//1675 1690//1690
f 1634//1634 1675//1675 1676//1676
f 1656//1656 1677//1677 1657//1657
f 1677//1677 1728//1728 1658//1658
f 1678//1678 1658//1658 1728//1728
f 1678//1678 1710//1710 1661//1661
f 1662//1662 1710//1710 1692//1692
f 1662//1662 1661//1661 1710//1710
f 1662//1662 1692//1692 1663//1663
f 1693//1693 1663//1663 1692//1692
f 1596//1596 1680//1680 1624//1624
f 1639//1639 1680//1680 1596//1596
f 1665//1665 1664//1664 1681//1681
f 1681//1681 1694//1694 1682//1682
f 1683//1683 1667//1667 1626//1626
f 1683//1683 1626//1626 1644//1644
f 1697//1697 1682//1682 1696//1696
f 1644//1644 1684//1684 1683//1683
f 1627//1627 1716//1716 1684//1684
f 1755//1755 1686//1686 1668//1668
f 1669//1669 1716//1716 1627//1627
f 1671//1671 1699//1699 1759//1759
f 1586//1586 1759//1759 1760//1760
f 1646//1646 1760//1760 1619//1619
f 1741//1741 1631//1631 1619//1619
f 1720//1720 1672//1672 1648//1648
f 1820//1820 1720//1720 1648//1648
f 1701//1701 1649//1649 1700//1700
f 1648//1648 1702//1702 1820//1820
f 1702//1702 1648//1648 1673//1673
f 1701//1701 1703//1703 1620//1620
f 1722//1722 1721//1721 1632//1632
f 1763//1763 1722//1722 1632//1632
f 1705//1705 1763//1763 1651//1651
f 1688//1688 1674//1674 1652//1652
f 1688//1688 1654//1654 1706//1706
f 1656//1656 1655//1655 1674//1674
f 1676//1676 1691//1691 1634//1634
f 1634//1634 1691//1691 1706//1706
f 1674//1674 1707//1707 1656//1656
f 1676//1676 1675//1675 1689//1689
f 1707//1707 1677//1677 1656//1656
f 1660//1660 1708//1708 1659//1659
f 1725//1725 1708//1708 1660//1660
f 1690//1690 1659//1659 1708//1708
f 1707//1707 1727//1727 1677//1677
f 1727//1727 1728//1728 1677//1677
f 1728//1728 1710//1710 1678//1678
f 1679//1679 1624//1624 1711//1711
f 1711//1711 1624//1624 1680//1680
f 1712//1712 1680//1680 1639//1639
f 1666//1666 1712//1712 1639//1639
f 1681//1681 1664//1664 1714//1714
f 1694//1694 1681//1681 1714//1714
f 1641//1641 1695//1695 1666//1666
f 1694//1694 1696//1696 1682//1682
f 1667//1667 1695//1695 1641//1641
f 1697//1697 1782//1782 1755//1755
f 1755//1755 1685//1685 1697//1697
f 1669//1669 1698//1698 1716//1716
f 1686//1686 1755//1755 1687//1687
f 1645//1645 1698//1698 1669//1669
f 1628//1628 1698//1698 1645//1645
f 1756//1756 1670//1670 1687//1687
f 1756//1756 1699//1699 1671//1671
f 1585//1585 1618//1618 1717//1717
f 1619//1619 1760//1760 1719//1719
f 1719//1719 1741//1741 1619//1619
f 1701//1701 1700//1700 1761//1761
f 1704//1704 1650//1650 1606//1606
f 1704//1704 1606//1606 1620//1620
f 1723//1723 1706//1706 1771//1771
f 1723//1723 1688//1688 1706//1706
f 1726//1726 1690//1690 1708//1708
f 1690//1690 1726//1726 1689//1689
f 1691//1691 1771//1771 1706//1706
f 1724//1724 1707//1707 1674//1674
f 1676//1676 1689//1689 1691//1691
f 1707//1707 1750//1750 1727//1727
f 1729//1729 1751//1751 1728//1728
f 1710//1710 1728//1728 1751//1751
f 1679//1679 1725//1725 1660//1660
f 1679//1679 1731//1731 1725//1725
f 1710//1710 1730//1730 1752//1752
f 1710//1710 1752//1752 1692//1692
f 1709//1709 1711//1711 1680//1680
f 1679//1679 1711//1711 1731//1731
f 1752//1752 1733//1733 1692//1692
f 1693//1693 1692//1692 1733//1733
f 1680//1680 1712//1712 1709//1709
f 1733//1733 1713//1713 1693//1693
f 1713//1713 1664//1664 1693//1693
f 1666//1666 1695//1695 1712//1712
f 1715//1715 1696//1696 1694//1694
f 1684//1684 1667//1667 1683//1683
f 1735//1735 1697//1697 1696//1696
f 1782//1782 1697//1697 1735//1735
f 1755//1755 1668//1668 1685//1685
f 1755//1755 1816//1816 1687//1687
f 1629//1629 1757//1757 1628//1628
f 1717//1717 1757//1757 1629//1629
f 1720//1720 1630//1630 1672//1672
f 1721//1721 1702//1702 1673//1673
f 1620//1620 1703//1703 1785//1785
f 1785//1785 1704//1704 1620//1620
f 1822//1822 1705//1705 1650//1650
f 1822//1822 1650//1650 1704//1704
f 1723//1723 1745//1745 1688//1688
f 1688//1688 1724//1724 1674//1674
f 1771//1771 1691//1691 1747//1747
f 1725//1725 1746//1746 1708//1708
f 1708//1708 1746//1746 1726//1726
f 1747//1747 1691//1691 1689//1689
f 1750//1750 1707//1707 1724//1724
f 1728//1728 1727//1727 1750//1750
f 1749//1749 1743//1743 1709//1709
f 1743//1743 1731//1731 1709//1709
f 1751//1751 1730//1730 1710//1710
f 1711//1711 1709//1709 1731//1731
f 1730//1730 1775//1775 1752//1752
f 1732//1732 1733//1733 1752//1752
f 1712//1712 1749//1749 1709//1709
f 1713//1713 1714//1714 1664//1664
f 1734//1734 1714//1714 1713//1713
f 1714//1714 1734//1734 1694//1694
f 1694//1694 1734//1734 1715//1715
f 1735//1735 1696//1696 1715//1715
f 1667//1667 1736//1736 1753//1753
f 1684//1684 1736//1736 1667//1667
f 1737//1737 1736//1736 1716//1716
f 1716//1716 1736//1736 1684//1684
f 1698//1698 1737//1737 1716//1716
f 1816//1816 1738//1738 1687//1687
f 1756//1756 1687//1687 1738//1738
f 1618//1618 1758//1758 1717//1717
f 1740//1740 1741//1741 1719//1719
f 1739//1739 1740//1740 1719//1719
f 1854//1854 1784//1784 1720//1720
f 1700//1700 1741//1741 1740//1740
f 1703//1703 1701//1701 1761//1761
f 1798//1798 1764//1764 1767//1767
f 1743//1743 1768//1768 1725//1725
f 1771//1771 1742//1742 1723//1723
f 1745//1745 1869//1869 1688//1688
f 1725//1725 1768//1768 1746//1746
f 1726//1726 1744//1744 1689//1689
f 1747//1747 1689//1689 1744//1744
f 1688//1688 1869//1869 1748//1748
f 1724//1724 1688//1688 1748//1748
f 1750//1750 1724//1724 1806//1806
f 1750//1750 1802//1802 1773//1773
f 1731//1731 1743//1743 1725//1725
f 1728//1728 1750//1750 1773//1773
f 1728//1728 1773//1773 1729//1729
f 1729//1729 1773//1773 1751//1751
f 1772//1772 1730//1730 1751//1751
f 1772//1772 1775//1775 1730//1730
f 1732//1732 1752//1752 1775//1775
f 1810//1810 1733//1733 1732//1732
f 1695//1695 1778//1778 1712//1712
f 1734//1734 1713//1713 1777//1777
f 1734//1734 1777//1777 1780//1780
f 1734//1734 1780//1780 1715//1715
f 1695//1695 1667//1667 1753//1753
f 1780//1780 1754//1754 1715//1715
f 1735//1735 1715//1715 1754//1754
f 1735//1735 1754//1754 1814//1814
f 1814//1814 1782//1782 1735//1735
f 1628//1628 1757//1757 1698//1698
f 1816//1816 1850//1850 1738//1738
f 1756//1756 1738//1738 1850//1850
f 1717//1717 1758//1758 1757//1757
f 1618//1618 1851//1851 1758//1758
f 1881//1881 1759//1759 1699//1699
f 1718//1718 1630//1630 1784//1784
f 1784//1784 1630//1630 1720//1720
f 1820//1820 1854//1854 1720//1720
f 1740//1740 1761//1761 1700//1700
f 1820//1820 1702//1702 1762//1762
f 1762//1762 1702//1702 1721//1721
f 1855//1855 1721//1721 1722//1722
f 1722//1722 1763//1763 1943//1943
f 1910//1910 1763//1763 1705//1705
f 1822//1822 1910//1910 1705//1705
f 1798//1798 1765//1765 1764//1764
f 1766//1766 1764//1764 1789//1789
f 1766//1766 1767//1767 1764//1764
f 1767//1767 1766//1766 1798//1798
f 1768//1768 1766//1766 1769//1769
f 1804//1804 1768//1768 1743//1743
f 1746//1746 1768//1768 1769//1769
f 1749//1749 1804//1804 1743//1743
f 1726//1726 1801//1801 1744//1744
f 1747//1747 1744//1744 1801//1801
f 1770//1770 1747//1747 1801//1801
f 1771//1771 1747//1747 1770//1770
f 1808//1808 1746//1746 1769//1769
f 1805//1805 1801//1801 1726//1726
f 1724//1724 1748//1748 1806//1806
f 1750//1750 1806//1806 1802//1802
f 1751//1751 1773//1773 1772//1772
f 1726//1726 1808//1808 1774//1774
f 1726//1726 1746//1746 1808//1808
f 1774//1774 1805//1805 1726//1726
f 1749//1749 1776//1776 1804//1804
f 1842//1842 1713//1713 1810//1810
f 1776//1776 1749//1749 1712//1712
f 1733//1733 1810//1810 1713//1713
f 1777//1777 1713//1713 1842//1842
f 1695//1695 1753//1753 1778//1778
f 1813//1813 1753//1753 1736//1736
f 1736//1736 1781//1781 1813//1813
f 1754//1754 1779//1779 1814//1814
f 1737//1737 1781//1781 1736//1736
f 1814//1814 1755//1755 1782//1782
f 1815//1815 1755//1755 1814//1814
f 1815//1815 1816//1816 1755//1755
f 1698//1698 1757//1757 1737//1737
f 1757//1757 1879//1879 1849//1849
f 1817//1817 1699//1699 1756//1756
f 1881//1881 1699//1699 1817//1817
f 1618//1618 1718//1718 1851//1851
f 1719//1719 1760//1760 1759//1759
f 1819//1819 1761//1761 1740//1740
f 1855//1855 1762//1762 1721//1721
f 1785//1785 1822//1822 1704//1704
f 1943//1943 1855//1855 1722//1722
f 1788//1788 1786//1786 1824//1824
f 1786//1786 1788//1788 1787//1787
f 1789//1789 1788//1788 1828//1828
f 1791//1791 1789//1789 1828//1828
f 1794//1794 1789//1789 1791//1791
f 1764//1764 1830//1830 1790//1790
f 1791//1791 1828//1828 1792//1792
f 1792//1792 1794//1794 1791//1791
f 1764//1764 1765//1765 1830//1830
f 1789//1789 1764//1764 1790//1790
f 1769//1769 1789//1789 1794//1794
f 1795//1795 1794//1794 1792//1792
f 1798//1798 1796//1796 1765//1765
f 1797//1797 1794//1794 1795//1795
f 1766//1766 1789//1789 1769//1769
f 1797//1797 1769//1769 1794//1794
f 1799//1799 1798//1798 1766//1766
f 1766//1766 1768//1768 1799//1799
f 1774//1774 1769//1769 1797//1797
f 1768//1768 1804//1804 1799//1799
f 1770//1770 1871//1871 1771//1771
f 1771//1771 1871//1871 1742//1742
f 1871//1871 1723//1723 1742//1742
f 1869//1869 1745//1745 1868//1868
f 1805//1805 1834//1834 1801//1801
f 1868//1868 1745//1745 1723//1723
f 1773//1773 1803//1803 1772//1772
f 1769//1769 1774//1774 1808//1808
f 1869//1869 1809//1809 1748//1748
f 1748//1748 1840//1840 1806//1806
f 1809//1809 1840//1840 1748//1748
f 1772//1772 1838//1838 1775//1775
f 1712//1712 1839//1839 1807//1807
f 1838//1838 1732//1732 1775//1775
f 1712//1712 1778//1778 1839//1839
f 1776//1776 1712//1712 1807//1807
f 1842//1842 1810//1810 1841//1841
f 1732//1732 1811//1811 1810//1810
f 1810//1810 1811//1811 1841//1841
f 1812//1812 1778//1778 1753//1753
f 1777//1777 1842//1842 1844//1844
f 1813//1813 1812//1812 1753//1753
f 1780//1780 1777//1777 1844//1844
f 1754//1754 1780//1780 1779//1779
f 1781//1781 1845//1845 1813//1813
f 1737//1737 1846//1846 1781//1781
f 1815//1815 1908//1908 1816//1816
f 1757//1757 1849//1849 1737//1737
f 1880//1880 1756//1756 1850//1850
f 1817//1817 1756//1756 1880//1880
f 1759//1759 1881//1881 1937//1937
f 1937//1937 1939//1939 1759//1759
f 1718//1718 1852//1852 1851//1851
f 1852//1852 1718//1718 1784//1784
f 1739//1739 1719//1719 1759//1759
f 1821//1821 1820//1820 1762//1762
f 1819//1819 1785//1785 1703//1703
f 1703//1703 1761//1761 1819//1819
f 1822//1822 1785//1785 1883//1883
f 1763//1763 1945//1945 1943//1943
f 1824//1824 1825//1825 1826//1826
f 1827//1827 1823//1823 1824//1824
f 1786//1786 1827//1827 1824//1824
f 1786//1786 1787//1787 1827//1827
f 1826//1826 1788//1788 1824//1824
f 1826//1826 1828//1828 1788//1788
f 1788//1788 1790//1790 1787//1787
f 1830//1830 1787//1787 1790//1790
f 1790//1790 1788//1788 1789//1789
f 1829//1829 1828//1828 1859//1859
f 1861//1861 1828//1828 1829//1829
f 1828//1828 1861//1861 1792//1792
f 1863//1863 1831//1831 1793//1793
f 1831//1831 1830//1830 1793//1793
f 1765//1765 1793//1793 1830//1830
f 1795//1795 1792//1792 1861//1861
f 1765//1765 1796//1796 1793//1793
f 1832//1832 1863//1863 1793//1793
f 1832//1832 1793//1793 1796//1796
f 1833//1833 1797//1797 1795//1795
f 1834//1834 1833//1833 1795//1795
f 1799//1799 1796//1796 1798//1798
f 1833//1833 1774//1774 1797//1797
f 1796//1796 1799//1799 1804//1804
f 1774//1774 1833//1833 1834//1834
f 1800//1800 1770//1770 1836//1836
f 1772//1772 1803//1803 1835//1835
f 1835//1835 1838//1838 1772//1772
f 1805//1805 1774//1774 1834//1834
f 1801//1801 1834//1834 1836//1836
f 1801//1801 1836//1836 1770//1770
f 1770//1770 1800//1800 1871//1871
f 1871//1871 1868//1868 1723//1723
f 1804//1804 1839//1839 1796//1796
f 1837//1837 1802//1802 1806//1806
f 1837//1837 1865//1865 1802//1802
f 1866//1866 1773//1773 1802//1802
f 1773//1773 1870//1870 1803//1803
f 1866//1866 1870//1870 1773//1773
f 1839//1839 1804//1804 1807//1807
f 1776//1776 1807//1807 1804//1804
f 1806//1806 1840//1840 1837//1837
f 1812//1812 1843//1843 1839//1839
f 1811//1811 1732//1732 1838//1838
f 1778//1778 1812//1812 1839//1839
f 1902//1902 1842//1842 1841//1841
f 1902//1902 1844//1844 1842//1842
f 1845//1845 1843//1843 1812//1812
f 1812//1812 1813//1813 1845//1845
f 1875//1875 1844//1844 1932//1932
f 1780//1780 1844//1844 1875//1875
f 1780//1780 1875//1875 1779//1779
f 1846//1846 1847//1847 1781//1781
f 1846//1846 1737//1737 1848//1848
f 1904//1904 1815//1815 1814//1814
f 1737//1737 1783//1783 1848//1848
f 1737//1737 1936//1936 1783//1783
f 1737//1737 1849//1849 1936//1936
f 1757//1757 1818//1818 1879//1879
f 1758//1758 1818//1818 1757//1757
f 1851//1851 1818//1818 1758//1758
f 1937//1937 1881//1881 1958//1958
f 1939//1939 1739//1739 1759//1759
f 1784//1784 1853//1853 1852//1852
f 1784//1784 1854//1854 1853//1853
f 1819//1819 1740//1740 1739//1739
f 1821//1821 1854//1854 1820//1820
f 1855//1855 1821//1821 1762//1762
f 1945//1945 1763//1763 1910//1910
f 1824//1824 1823//1823 1825//1825
f 1827//1827 1885//1885 1823//1823
f 1856//1856 1826//1826 1825//1825
f 1787//1787 1887//1887 1827//1827
f 1787//1787 1857//1857 1887//1887
f 1826//1826 1856//1856 1828//1828
f 1830//1830 1857//1857 1787//1787
f 1859//1859 1828//1828 1858//1858
f 1859//1859 1861//1861 1829//1829
f 1860//1860 1861//1861 1859//1859
f 1861//1861 1860//1860 1862//1862
f 1862//1862 1795//1795 1861//1861
f 1832//1832 1924//1924 1863//1863
f 1862//1862 1834//1834 1795//1795
f 1890//1890 1834//1834 1862//1862
f 1834//1834 1890//1890 1836//1836
f 1893//1893 1800//1800 1836//1836
f 1835//1835 1803//1803 1891//1891
f 1865//1865 1870//1870 1866//1866
f 1802//1802 1865//1865 1866//1866
f 1838//1838 1835//1835 1891//1891
f 1839//1839 1832//1832 1796//1796
f 1898//1898 1800//1800 1893//1893
f 1898//1898 1871//1871 1800//1800
f 1871//1871 1867//1867 1868//1868
f 1870//1870 1894//1894 1803//1803
f 1864//1864 1832//1832 1839//1839
f 1900//1900 1867//1867 1871//1871
f 1895//1895 1869//1869 1872//1872
f 1869//1869 1868//1868 1872//1872
f 1843//1843 1864//1864 1839//1839
f 1871//1871 1898//1898 1900//1900
f 1873//1873 1841//1841 1811//1811
f 1873//1873 1902//1902 1841//1841
f 1932//1932 1874//1874 1897//1897
f 1843//1843 1876//1876 1864//1864
f 1845//1845 1876//1876 1843//1843
f 1874//1874 1844//1844 1902//1902
f 1844//1844 1874//1874 1932//1932
f 1875//1875 1932//1932 1905//1905
f 1905//1905 1779//1779 1875//1875
f 1814//1814 1779//1779 1905//1905
f 1904//1904 1814//1814 1905//1905
f 1781//1781 1876//1876 1845//1845
f 1847//1847 1876//1876 1781//1781
f 1846//1846 1848//1848 1907//1907
f 1846//1846 1907//1907 1847//1847
f 1877//1877 1815//1815 1904//1904
f 1878//1878 1815//1815 1877//1877
f 1848//1848 1783//1783 1936//1936
f 1878//1878 1908//1908 1815//1815
f 1908//1908 1850//1850 1816//1816
f 1851//1851 1852//1852 1853//1853
f 1940//1940 1739//1739 1961//1961
f 1882//1882 1853//1853 1854//1854
f 1819//1819 1739//1739 1940//1940
f 1854//1854 1821//1821 1882//1882
f 1785//1785 1819//1819 1962//1962
f 1883//1883 1785//1785 1962//1962
f 1855//1855 1884//1884 1821//1821
f 1944//1944 1910//1910 1822//1822
f 1823//1823 1885//1885 1965//1965
f 1825//1825 1823//1823 1911//1911
f 1911//1911 1946//1946 1825//1825
f 1825//1825 1946//1946 1886//1886
f 1827//1827 1912//1912 1885//1885
f 1886//1886 1856//1856 1825//1825
f 1827//1827 1887//1887 1912//1912
f 1858//1858 1828//1828 1856//1856
f 1913//1913 1859//1859 1858//1858
f 1860//1860 1859//1859 1913//1913
f 1831//1831 1857//1857 1830//1830
f 1860//1860 1913//1913 1888//1888
f 1862//1862 1860//1860 1888//1888
f 1863//1863 1889//1889 1831//1831
f 1919//1919 1862//1862 1888//1888
f 1890//1890 1862//1862 1919//1919
f 1923//1923 1889//1889 1863//1863
f 1923//1923 1863//1863 1924//1924
f 1890//1890 1893//1893 1836//1836
f 1864//1864 1924//1924 1832//1832
f 1920//1920 1838//1838 1891//1891
f 1920//1920 1892//1892 1838//1838
f 1867//1867 1895//1895 1868//1868
f 1899//1899 1896//1896 1840//1840
f 1865//1865 1837//1837 1896//1896
f 1927//1927 1898//1898 1893//1893
f 1868//1868 1895//1895 1872//1872
f 1895//1895 1930//1930 1869//1869
f 1869//1869 1930//1930 1809//1809
f 1930//1930 1982//1982 1809//1809
f 1809//1809 1899//1899 1840//1840
f 1982//1982 1899//1899 1809//1809
f 1896//1896 1837//1837 1840//1840
f 1874//1874 1925//1925 1897//1897
f 1924//1924 1864//1864 1903//1903
f 1892//1892 1811//1811 1838//1838
f 1811//1811 1892//1892 1873//1873
f 1928//1928 1932//1932 1897//1897
f 1873//1873 1901//1901 1902//1902
f 1901//1901 1874//1874 1902//1902
f 1876//1876 1903//1903 1864//1864
f 1876//1876 1906//1906 1903//1903
f 1934//1934 1904//1904 1905//1905
f 1934//1934 1877//1877 1904//1904
f 1876//1876 1847//1847 1906//1906
f 1907//1907 1906//1906 1847//1847
f 1935//1935 1877//1877 1934//1934
f 1935//1935 1878//1878 1877//1877
f 1879//1879 1936//1936 1849//1849
f 1880//1880 1908//1908 2009//2009
f 1880//1880 1850//1850 1908//1908
f 1818//1818 1957//1957 1879//1879
f 1818//1818 1851//1851 1909//1909
f 1937//1937 1938//1938 1939//1939
f 1961//1961 1739//1739 1939//1939
f 1819//1819 2013//2013 1962//1962
f 1884//1884 1882//1882 1821//1821
f 1943//1943 1884//1884 1855//1855
f 1883//1883 1944//1944 1822//1822
f 1883//1883 2016//2016 1944//1944
f 1964//1964 1945//1945 1910//1910
f 1912//1912 1990//1990 1885//1885
f 1856//1856 2018//2018 1858//1858
f 1857//1857 1914//1914 1887//1887
f 1831//1831 1914//1914 1857//1857
f 1889//1889 1914//1914 1831//1831
f 1889//1889 1915//1915 1914//1914
f 1889//1889 1923//1923 1915//1915
f 1919//1919 1888//1888 1917//1917
f 1926//1926 1918//1918 1916//1916
f 1951//1951 1919//1919 1917//1917
f 1920//1920 1918//1918 1926//1926
f 1951//1951 1890//1890 1919//1919
f 1890//1890 1951//1951 1927//1927
f 1803//1803 1894//1894 1921//1921
f 1921//1921 1974//1974 1803//1803
f 1974//1974 1891//1891 1803//1803
f 1920//1920 1891//1891 1974//1974
f 1892//1892 1920//1920 1926//1926
f 1927//1927 1893//1893 1890//1890
f 1865//1865 1894//1894 1870//1870
f 1873//1873 1926//1926 1901//1901
f 1927//1927 1922//1922 1867//1867
f 1895//1895 1867//1867 1922//1922
f 1892//1892 1926//1926 1873//1873
f 1925//1925 1901//1901 1950//1950
f 1928//1928 1897//1897 1925//1925
f 1867//1867 1900//1900 1927//1927
f 1903//1903 1923//1923 1924//1924
f 1898//1898 1927//1927 1900//1900
f 1901//1901 1925//1925 1874//1874
f 1903//1903 1933//1933 1923//1923
f 1929//1929 1932//1932 1928//1928
f 1934//1934 1905//1905 1932//1932
f 1933//1933 1903//1903 1906//1906
f 1907//1907 1848//1848 1906//1906
f 1908//1908 1878//1878 1955//1955
f 1879//1879 1956//1956 1936//1936
f 1955//1955 2009//2009 1908//1908
f 1958//1958 1817//1817 1880//1880
f 1958//1958 1881//1881 1817//1817
f 1909//1909 1959//1959 1818//1818
f 1961//1961 1939//1939 1938//1938
f 1851//1851 1853//1853 1960//1960
f 1941//1941 1853//1853 1882//1882
f 1819//1819 1940//1940 2013//2013
f 1986//1986 1941//1941 1882//1882
f 1986//1986 1882//1882 1884//1884
f 1883//1883 1962//1962 1942//1942
f 1964//1964 1910//1910 1944//1944
f 1823//1823 1965//1965 1911//1911
f 1856//1856 1886//1886 1966//1966
f 1966//1966 2040//2040 1856//1856
f 1887//1887 1991//1991 1912//1912
f 2018//2018 1913//1913 1858//1858
f 2044//2044 1913//1913 2018//2018
f 1913//1913 2044//2044 1967//1967
f 1914//1914 1994//1994 1887//1887
f 1967//1967 1888//1888 1913//1913
f 1916//1916 1968//1968 1970//1970
f 1918//1918 1968//1968 1916//1916
f 1967//1967 1917//1917 1888//1888
f 1971//1971 1917//1917 1967//1967
f 1948//1948 1918//1918 1920//1920
f 1975//1975 1916//1916 1970//1970
f 1979//1979 1949//1949 1915//1915
f 1975//1975 1926//1926 1916//1916
f 1923//1923 1979//1979 1915//1915
f 1951//1951 1917//1917 1922//1922
f 1922//1922 1917//1917 2001//2001
f 1917//1917 1971//1971 2001//2001
f 1952//1952 1974//1974 1921//1921
f 1894//1894 1952//1952 1921//1921
f 1977//1977 1952//1952 1894//1894
f 1953//1953 1977//1977 1894//1894
f 1927//1927 1951//1951 1922//1922
f 1865//1865 1953//1953 1894//1894
f 1975//1975 1901//1901 1926//1926
f 1901//1901 1975//1975 1950//1950
f 2001//2001 1895//1895 1922//1922
f 1931//1931 1925//1925 1950//1950
f 2029//2029 1895//1895 2001//2001
f 1899//1899 1980//1980 1981//1981
f 1981//1981 1896//1896 1899//1899
f 1953//1953 1896//1896 1981//1981
f 1896//1896 1953//1953 1865//1865
f 1931//1931 1928//1928 1925//1925
f 1933//1933 1979//1979 1923//1923
f 1982//1982 1895//1895 2029//2029
f 1899//1899 1982//1982 1980//1980
f 1930//1930 1895//1895 1982//1982
f 1931//1931 1929//1929 1928//1928
f 1931//1931 2003//2003 1929//1929
f 1983//1983 1929//1929 2003//2003
f 1932//1932 1929//1929 1983//1983
f 1983//1983 1934//1934 1932//1932
f 1983//1983 1984//1984 1934//1934
f 1906//1906 2005//2005 1933//1933
f 1934//1934 1984//1984 1985//1985
f 1935//1935 1934//1934 1985//1985
f 1954//1954 2005//2005 1848//1848
f 1848//1848 2005//2005 1906//1906
f 1848//1848 1936//1936 1954//1954
f 2008//2008 1935//1935 1985//1985
f 2008//2008 1878//1878 1935//1935
f 1955//1955 1878//1878 2008//2008
f 2009//2009 1955//1955 2008//2008
f 2011//2011 1880//1880 2009//2009
f 1879//1879 1957//1957 1956//1956
f 1938//1938 1937//1937 1958//1958
f 2012//2012 1961//1961 1938//1938
f 2014//2014 1853//1853 1941//1941
f 1963//1963 1986//1986 1884//1884
f 1945//1945 2036//2036 1943//1943
f 2037//2037 1911//1911 1965//1965
f 1987//1987 1946//1946 1911//1911
f 1965//1965 1885//1885 1990//1990
f 1966//1966 1886//1886 1946//1946
f 2040//2040 2018//2018 1856//1856
f 1887//1887 1994//1994 1991//1991
f 1915//1915 1994//1994 1914//1914
f 1918//1918 1947//1947 1968//1968
f 1994//1994 1915//1915 1969//1969
f 1949//1949 1969//1969 1915//1915
f 1918//1918 1948//1948 1947//1947
f 1952//1952 1972//1972 1974//1974
f 1974//1974 1972//1972 1948//1948
f 1920//1920 1974//1974 1948//1948
f 1950//1950 1975//1975 1973//1973
f 1979//1979 1976//1976 1949//1949
f 1978//1978 1977//1977 1953//1953
f 1973//1973 2003//2003 1950//1950
f 1981//1981 1978//1978 1953//1953
f 2003//2003 1931//1931 1950//1950
f 2029//2029 2002//2002 1982//1982
f 1980//1980 1982//1982 2030//2030
f 2003//2003 2000//2000 1983//1983
f 1954//1954 1936//1936 2010//2010
f 2010//2010 1936//1936 1956//1956
f 2034//2034 2009//2009 2008//2008
f 1959//1959 1957//1957 1818//1818
f 1851//1851 1960//1960 1909//1909
f 1940//1940 1961//1961 2013//2013
f 1942//1942 1962//1962 2063//2063
f 2036//2036 1884//1884 1943//1943
f 1944//1944 2111//2111 1964//1964
f 1964//1964 2064//2064 1945//1945
f 1911//1911 2037//2037 1987//1987
f 1965//1965 1988//1988 2037//2037
f 1987//1987 1989//1989 1946//1946
f 1989//1989 1966//1966 1946//1946
f 1965//1965 2038//2038 1988//1988
f 1912//1912 1991//1991 1990//1990
f 1947//1947 1993//1993 1992//1992
f 2047//2047 1967//1967 2044//2044
f 1996//1996 1993//1993 1947//1947
f 1968//1968 1947//1947 1970//1970
f 1970//1970 1947//1947 1992//1992
f 1969//1969 1998//1998 2051//2051
f 1995//1995 1971//1971 1967//1967
f 1948//1948 1996//1996 1947//1947
f 2020//2020 1975//1975 1970//1970
f 1998//1998 1969//1969 1949//1949
f 1972//1972 1997//1997 1996//1996
f 1948//1948 1972//1972 1996//1996
f 1973//1973 1975//1975 2020//2020
f 2023//2023 1971//1971 1995//1995
f 1977//1977 1997//1997 1972//1972
f 1952//1952 1977//1977 1972//1972
f 2026//2026 1971//1971 2023//2023
f 1973//1973 2020//2020 2021//2021
f 1976//1976 1998//1998 1949//1949
f 1978//1978 1999//1999 1977//1977
f 2001//2001 1971//1971 2026//2026
f 2003//2003 1973//1973 2021//2021
f 1933//1933 1976//1976 1979//1979
f 1933//1933 2004//2004 1976//1976
f 2001//2001 2026//2026 2028//2028
f 2029//2029 2001//2001 2028//2028
f 1981//1981 1980//1980 2030//2030
f 2003//2003 2021//2021 2000//2000
f 2029//2029 2058//2058 2002//2002
f 2002//2002 2060//2060 1982//1982
f 1982//1982 2060//2060 2030//2030
f 2000//2000 2024//2024 1983//1983
f 2024//2024 2056//2056 1983//1983
f 2005//2005 2004//2004 1933//1933
f 2006//2006 1983//1983 2056//2056
f 1983//1983 2006//2006 1984//1984
f 2007//2007 2005//2005 1954//1954
f 2006//2006 1985//1985 1984//1984
f 1985//1985 2006//2006 2008//2008
f 1954//1954 2010//2010 2007//2007
f 2009//2009 2033//2033 2011//2011
f 1956//1956 2035//2035 2010//2010
f 1957//1957 2035//2035 1956//1956
f 1958//1958 1880//1880 2134//2134
f 2012//2012 1938//1938 1958//1958
f 1960//1960 2107//2107 1909//1909
f 1960//1960 1853//1853 2014//2014
f 2013//2013 2015//2015 1962//1962
f 1942//1942 2016//2016 1883//1883
f 2016//2016 2111//2111 1944//1944
f 2064//2064 2036//2036 1945//1945
f 1990//1990 2038//2038 1965//1965
f 1992//1992 2017//2017 2045//2045
f 2019//2019 2017//2017 1992//1992
f 1993//1993 2019//2019 1992//1992
f 2043//2043 1991//1991 1994//1994
f 1996//1996 2019//2019 1993//1993
f 2045//2045 1970//1970 1992//1992
f 1970//1970 2045//2045 2020//2020
f 1969//1969 2043//2043 1994//1994
f 1967//1967 2047//2047 1995//1995
f 2023//2023 1995//1995 2073//2073
f 2022//2022 2020//2020 2049//2049
f 2021//2021 2020//2020 2022//2022
f 1999//1999 2052//2052 1997//1997
f 2021//2021 2022//2022 2024//2024
f 1977//1977 1999//1999 1997//1997
f 2024//2024 2022//2022 2025//2025
f 2024//2024 2000//2000 2021//2021
f 1976//1976 2004//2004 1998//1998
f 1978//1978 2052//2052 1999//1999
f 2056//2056 2024//2024 2025//2025
f 1978//1978 1981//1981 2027//2027
f 2078//2078 1981//1981 2030//2030
f 2059//2059 2002//2002 2058//2058
f 2002//2002 2059//2059 2060//2060
f 2031//2031 2004//2004 2005//2005
f 2031//2031 2005//2005 2007//2007
f 2057//2057 2032//2032 2006//2006
f 2008//2008 2006//2006 2032//2032
f 2010//2010 2104//2104 2007//2007
f 2034//2034 2008//2008 2033//2033
f 2033//2033 2009//2009 2034//2034
f 2084//2084 2010//2010 2035//2035
f 2086//2086 2011//2011 2033//2033
f 2011//2011 2086//2086 1880//1880
f 2179//2179 2134//2134 1880//1880
f 1957//1957 2088//2088 2087//2087
f 1959//1959 2088//2088 1957//1957
f 2134//2134 2012//2012 1958//1958
f 1959//1959 1909//1909 2088//2088
f 2013//2013 1961//1961 2135//2135
f 1960//1960 2014//2014 2062//2062
f 2063//2063 1962//1962 2136//2136
f 2108//2108 1941//1941 1986//1986
f 1963//1963 2108//2108 1986//1986
f 1963//1963 1884//1884 2036//2036
f 2064//2064 1964//1964 2111//2111
f 1989//1989 1987//1987 2091//2091
f 2040//2040 1966//1966 2065//2065
f 2042//2042 2038//2038 1990//1990
f 2017//2017 2041//2041 2039//2039
f 2069//2069 2017//2017 2039//2039
f 2017//2017 2069//2069 2045//2045
f 1991//1991 2042//2042 1990//1990
f 2046//2046 2041//2041 2017//2017
f 2017//2017 2019//2019 2046//2046
f 2142//2142 2018//2018 2040//2040
f 2018//2018 2142//2142 2044//2044
f 2142//2142 2047//2047 2044//2044
f 2020//2020 2045//2045 2071//2071
f 1996//1996 2046//2046 2019//2019
f 2047//2047 2073//2073 1995//1995
f 2048//2048 2046//2046 1997//1997
f 1997//1997 2046//2046 1996//1996
f 2049//2049 2020//2020 2071//2071
f 2072//2072 2048//2048 1997//1997
f 2052//2052 2053//2053 2050//2050
f 2052//2052 2050//2050 2072//2072
f 2122//2122 2022//2022 2075//2075
f 2075//2075 2022//2022 2049//2049
f 2096//2096 2023//2023 2073//2073
f 1997//1997 2052//2052 2072//2072
f 2122//2122 2025//2025 2022//2022
f 1998//1998 2004//2004 2054//2054
f 2027//2027 2052//2052 1978//1978
f 2099//2099 2056//2056 2055//2055
f 1981//1981 2078//2078 2027//2027
f 2099//2099 2006//2006 2056//2056
f 2028//2028 2058//2058 2029//2029
f 2099//2099 2057//2057 2006//2006
f 2058//2058 2079//2079 2059//2059
f 2030//2030 2060//2060 2078//2078
f 2104//2104 2082//2082 2007//2007
f 2010//2010 2084//2084 2104//2104
f 2032//2032 2033//2033 2008//2008
f 1957//1957 2085//2085 2035//2035
f 2179//2179 1880//1880 2086//2086
f 2089//2089 2012//2012 2134//2134
f 2159//2159 1961//1961 2012//2012
f 2159//2159 2135//2135 1961//1961
f 2135//2135 2061//2061 2013//2013
f 2061//2061 2136//2136 2013//2013
f 2015//2015 2013//2013 2136//2136
f 1941//1941 2062//2062 2014//2014
f 2136//2136 1962//1962 2015//2015
f 2063//2063 2016//2016 1942//1942
f 2109//2109 2111//2111 2016//2016
f 2037//2037 2091//2091 1987//1987
f 1988//1988 2139//2139 2037//2037
f 1966//1966 1989//1989 2065//2065
f 2041//2041 2068//2068 2066//2066
f 2041//2041 2066//2066 2039//2039
f 2116//2116 2040//2040 2065//2065
f 2067//2067 2068//2068 2041//2041
f 2041//2041 2070//2070 2067//2067
f 2142//2142 2040//2040 2116//2116
f 2041//2041 2046//2046 2070//2070
f 2094//2094 2045//2045 2069//2069
f 2043//2043 2042//2042 1991//1991
f 2094//2094 2071//2071 2045//2045
f 2049//2049 2071//2071 2094//2094
f 2051//2051 2043//2043 1969//1969
f 2144//2144 2047//2047 2142//2142
f 2093//2093 2072//2072 2050//2050
f 2072//2072 2093//2093 2048//2048
f 2053//2053 2097//2097 2050//2050
f 2075//2075 2049//2049 2119//2119
f 2122//2122 2075//2075 2119//2119
f 2122//2122 2119//2119 2074//2074
f 1998//1998 2054//2054 2051//2051
f 2053//2053 2076//2076 2097//2097
f 2096//2096 2026//2026 2023//2023
f 2052//2052 2076//2076 2053//2053
f 2077//2077 2025//2025 2122//2122
f 2123//2123 2055//2055 2077//2077
f 2004//2004 2100//2100 2054//2054
f 2123//2123 2099//2099 2055//2055
f 2027//2027 2076//2076 2052//2052
f 2077//2077 2056//2056 2025//2025
f 2056//2056 2077//2077 2055//2055
f 2102//2102 2026//2026 2096//2096
f 2127//2127 2057//2057 2099//2099
f 2031//2031 2081//2081 2004//2004
f 2102//2102 2028//2028 2026//2026
f 2028//2028 2102//2102 2058//2058
f 2102//2102 2079//2079 2058//2058
f 2080//2080 2078//2078 2060//2060
f 2080//2080 2059//2059 2079//2079
f 2060//2060 2059//2059 2080//2080
f 2032//2032 2057//2057 2127//2127
f 2031//2031 2007//2007 2081//2081
f 2082//2082 2081//2081 2007//2007
f 2156//2156 2032//2032 2131//2131
f 2084//2084 2083//2083 2104//2104
f 2132//2132 2033//2033 2032//2032
f 2220//2220 2033//2033 2132//2132
f 2035//2035 2085//2085 2084//2084
f 2086//2086 2033//2033 2204//2204
f 1909//1909 2107//2107 2088//2088
f 2089//2089 2159//2159 2012//2012
f 2062//2062 2107//2107 1960//1960
f 2090//2090 2062//2062 1941//1941
f 2209//2209 2108//2108 1963//1963
f 2064//2064 2110//2110 2036//2036
f 2111//2111 2109//2109 2184//2184
f 2038//2038 2139//2139 1988//1988
f 2065//2065 1989//1989 2113//2113
f 2066//2066 2140//2140 2039//2039
f 2068//2068 2067//2067 2066//2066
f 2069//2069 2039//2039 2140//2140
f 2042//2042 2114//2114 2038//2038
f 2094//2094 2069//2069 2092//2092
f 2046//2046 2117//2117 2070//2070
f 2046//2046 2093//2093 2117//2117
f 2048//2048 2093//2093 2046//2046
f 2118//2118 2049//2049 2094//2094
f 2050//2050 2095//2095 2093//2093
f 2050//2050 2097//2097 2095//2095
f 2144//2144 2073//2073 2047//2047
f 2027//2027 2098//2098 2076//2076
f 2081//2081 2100//2100 2004//2004
f 2125//2125 2101//2101 2027//2027
f 2027//2027 2078//2078 2125//2125
f 2078//2078 2126//2126 2125//2125
f 2129//2129 2103//2103 2080//2080
f 2079//2079 2129//2129 2080//2080
f 2082//2082 2130//2130 2081//2081
f 2154//2154 2131//2131 2032//2032
f 2156//2156 2132//2132 2032//2032
f 2236//2236 2086//2086 2204//2204
f 1957//1957 2087//2087 2085//2085
f 2160//2160 2062//2062 2090//2090
f 1941//1941 2137//2137 2090//2090
f 2137//2137 1941//1941 2108//2108
f 2063//2063 2138//2138 2016//2016
f 2109//2109 2016//2016 2138//2138
f 2243//2243 1963//1963 2036//2036
f 2139//2139 2112//2112 2037//2037
f 2112//2112 2091//2091 2037//2037
f 2091//2091 2113//2113 1989//1989
f 2114//2114 2139//2139 2038//2038
f 2115//2115 2163//2163 2066//2066
f 2067//2067 2115//2115 2066//2066
f 2115//2115 2067//2067 2070//2070
f 2188//2188 2092//2092 2069//2069
f 2118//2118 2119//2119 2049//2049
f 2097//2097 2121//2121 2095//2095
f 2119//2119 2118//2118 2074//2074
f 2051//2051 2120//2120 2043//2043
f 2096//2096 2073//2073 2144//2144
f 2097//2097 2146//2146 2121//2121
f 2076//2076 2146//2146 2097//2097
f 2147//2147 2077//2077 2122//2122
f 2054//2054 2120//2120 2051//2051
f 2120//2120 2054//2054 2100//2100
f 2146//2146 2076//2076 2098//2098
f 2123//2123 2077//2077 2147//2147
f 2100//2100 2151//2151 2120//2120
f 2100//2100 2124//2124 2151//2151
f 2096//2096 2195//2195 2102//2102
f 2101//2101 2098//2098 2027//2027
f 2123//2123 2127//2127 2099//2099
f 2081//2081 2124//2124 2100//2100
f 2102//2102 2152//2152 2079//2079
f 2129//2129 2079//2079 2152//2152
f 2126//2126 2078//2078 2080//2080
f 2103//2103 2126//2126 2080//2080
f 2154//2154 2127//2127 2128//2128
f 2154//2154 2032//2032 2127//2127
f 2081//2081 2130//2130 2124//2124
f 2104//2104 2130//2130 2082//2082
f 2157//2157 2132//2132 2156//2156
f 2083//2083 2133//2133 2104//2104
f 2033//2033 2220//2220 2204//2204
f 2083//2083 2084//2084 2133//2133
f 2085//2085 2133//2133 2084//2084
f 2179//2179 2086//2086 2236//2236
f 2088//2088 2105//2105 2087//2087
f 2205//2205 2089//2089 2134//2134
f 2106//2106 2088//2088 2107//2107
f 2160//2160 2107//2107 2062//2062
f 2061//2061 2135//2135 2240//2240
f 2061//2061 2240//2240 2136//2136
f 2063//2063 2136//2136 2161//2161
f 2036//2036 2110//2110 2243//2243
f 2184//2184 2109//2109 2138//2138
f 2184//2184 2186//2186 2111//2111
f 2244//2244 2110//2110 2064//2064
f 2185//2185 2244//2244 2064//2064
f 2064//2064 2111//2111 2185//2185
f 2185//2185 2111//2111 2186//2186
f 2188//2188 2069//2069 2140//2140
f 2070//2070 2141//2141 2115//2115
f 2043//2043 2167//2167 2042//2042
f 2095//2095 2117//2117 2093//2093
f 2094//2094 2248//2248 2249//2249
f 2094//2094 2249//2249 2118//2118
f 2212//2212 2144//2144 2142//2142
f 2167//2167 2043//2043 2143//2143
f 2120//2120 2143//2143 2043//2043
f 2146//2146 2145//2145 2121//2121
f 2074//2074 2118//2118 2147//2147
f 2148//2148 2145//2145 2146//2146
f 2147//2147 2122//2122 2074//2074
f 2150//2150 2148//2148 2098//2098
f 2098//2098 2148//2148 2146//2146
f 2151//2151 2149//2149 2120//2120
f 2195//2195 2096//2096 2144//2144
f 2098//2098 2101//2101 2150//2150
f 2123//2123 2147//2147 2172//2172
f 2175//2175 2151//2151 2124//2124
f 2152//2152 2102//2102 2195//2195
f 2125//2125 2153//2153 2101//2101
f 2172//2172 2127//2127 2123//2123
f 2126//2126 2176//2176 2153//2153
f 2125//2125 2126//2126 2153//2153
f 2154//2154 2128//2128 2172//2172
f 2174//2174 2129//2129 2152//2152
f 2128//2128 2127//2127 2172//2172
f 2103//2103 2176//2176 2126//2126
f 2201//2201 2129//2129 2174//2174
f 2103//2103 2129//2129 2201//2201
f 2103//2103 2201//2201 2176//2176
f 2155//2155 2124//2124 2130//2130
f 2178//2178 2131//2131 2154//2154
f 2104//2104 2155//2155 2130//2130
f 2178//2178 2156//2156 2131//2131
f 2157//2157 2156//2156 2178//2178
f 2132//2132 2157//2157 2178//2178
f 2132//2132 2178//2178 2220//2220
f 2158//2158 2133//2133 2085//2085
f 2087//2087 2158//2158 2085//2085
f 2205//2205 2134//2134 2179//2179
f 2107//2107 2160//2160 2106//2106
f 2159//2159 2180//2180 2135//2135
f 2160//2160 2090//2090 2181//2181
f 2138//2138 2063//2063 2161//2161
f 2138//2138 2161//2161 2183//2183
f 2243//2243 2110//2110 2244//2244
f 2164//2164 2165//2165 2066//2066
f 2165//2165 2140//2140 2066//2066
f 2139//2139 2114//2114 2162//2162
f 2211//2211 2188//2188 2140//2140
f 2247//2247 2116//2116 2065//2065
f 2227//2227 2042//2042 2166//2166
f 2189//2189 2248//2248 2092//2092
f 2248//2248 2094//2094 2092//2092
f 2247//2247 2142//2142 2116//2116
f 2070//2070 2168//2168 2141//2141
f 2042//2042 2167//2167 2166//2166
f 2117//2117 2168//2168 2070//2070
f 2095//2095 2168//2168 2117//2117
f 2190//2190 2167//2167 2143//2143
f 2169//2169 2095//2095 2121//2121
f 2143//2143 2120//2120 2214//2214
f 2191//2191 2144//2144 2212//2212
f 2169//2169 2121//2121 2145//2145
f 2118//2118 2213//2213 2147//2147
f 2150//2150 2170//2170 2148//2148
f 2231//2231 2147//2147 2213//2213
f 2195//2195 2144//2144 2191//2191
f 2150//2150 2101//2101 2170//2170
f 2151//2151 2171//2171 2149//2149
f 2172//2172 2147//2147 2231//2231
f 2151//2151 2175//2175 2171//2171
f 2154//2154 2172//2172 2218//2218
f 2217//2217 2174//2174 2152//2152
f 2173//2173 2153//2153 2176//2176
f 2124//2124 2200//2200 2175//2175
f 2155//2155 2200//2200 2124//2124
f 2154//2154 2177//2177 2178//2178
f 2177//2177 2203//2203 2178//2178
f 2104//2104 2219//2219 2155//2155
f 2220//2220 2178//2178 2203//2203
f 2262//2262 2236//2236 2204//2204
f 2222//2222 2158//2158 2087//2087
f 2206//2206 2089//2089 2205//2205
f 2206//2206 2159//2159 2089//2089
f 2106//2106 2207//2207 2088//2088
f 2160//2160 2265//2265 2106//2106
f 2240//2240 2135//2135 2223//2223
f 2181//2181 2265//2265 2160//2160
f 2182//2182 2136//2136 2240//2240
f 2090//2090 2137//2137 2241//2241
f 2161//2161 2136//2136 2182//2182
f 2268//2268 2137//2137 2108//2108
f 2209//2209 2268//2268 2108//2108
f 2139//2139 2187//2187 2112//2112
f 2066//2066 2163//2163 2164//2164
f 2140//2140 2165//2165 2211//2211
f 2189//2189 2092//2092 2188//2188
f 2227//2227 2114//2114 2042//2042
f 2212//2212 2142//2142 2247//2247
f 2213//2213 2118//2118 2249//2249
f 2214//2214 2190//2190 2143//2143
f 2192//2192 2169//2169 2145//2145
f 2149//2149 2214//2214 2120//2120
f 2145//2145 2148//2148 2192//2192
f 2149//2149 2193//2193 2214//2214
f 2170//2170 2192//2192 2148//2148
f 2194//2194 2195//2195 2191//2191
f 2149//2149 2171//2171 2193//2193
f 2101//2101 2196//2196 2170//2170
f 2198//2198 2171//2171 2175//2175
f 2153//2153 2197//2197 2196//2196
f 2101//2101 2153//2153 2196//2196
f 2175//2175 2199//2199 2198//2198
f 2172//2172 2231//2231 2218//2218
f 2195//2195 2217//2217 2152//2152
f 2173//2173 2197//2197 2153//2153
f 2199//2199 2175//2175 2200//2200
f 2177//2177 2154//2154 2218//2218
f 2201//2201 2261//2261 2176//2176
f 2155//2155 2234//2234 2200//2200
f 2155//2155 2285//2285 2234//2234
f 2155//2155 2219//2219 2285//2285
f 2104//2104 2202//2202 2219//2219
f 2133//2133 2202//2202 2104//2104
f 2088//2088 2207//2207 2105//2105
f 2159//2159 2206//2206 2180//2180
f 2180//2180 2223//2223 2135//2135
f 2181//2181 2090//2090 2241//2241
f 2241//2241 2137//2137 2208//2208
f 2137//2137 2268//2268 2208//2208
f 2183//2183 2161//2161 2267//2267
f 2138//2138 2183//2183 2267//2267
f 2138//2138 2310//2310 2184//2184
f 2243//2243 2209//2209 1963//1963
f 2310//2310 2186//2186 2184//2184
f 2270//2270 2337//2337 2244//2244
f 2270//2270 2244//2244 2185//2185
f 2245//2245 2270//2270 2185//2185
f 2186//2186 2245//2245 2185//2185
f 2187//2187 2139//2139 2162//2162
f 2112//2112 2187//2187 2091//2091
f 2187//2187 2226//2226 2091//2091
f 2164//2164 2163//2163 2210//2210
f 2226//2226 2113//2113 2091//2091
f 2065//2065 2113//2113 2247//2247
f 2227//2227 2296//2296 2114//2114
f 2274//2274 2248//2248 2189//2189
f 2168//2168 2312//2312 2141//2141
f 2228//2228 2168//2168 2095//2095
f 2169//2169 2228//2228 2095//2095
f 2230//2230 2169//2169 2192//2192
f 2251//2251 2231//2231 2213//2213
f 2192//2192 2170//2170 2215//2215
f 2191//2191 2229//2229 2194//2194
f 2216//2216 2193//2193 2171//2171
f 2170//2170 2257//2257 2215//2215
f 2198//2198 2216//2216 2171//2171
f 2196//2196 2257//2257 2170//2170
f 2217//2217 2195//2195 2194//2194
f 2198//2198 2199//2199 2216//2216
f 2196//2196 2197//2197 2173//2173
f 2232//2232 2218//2218 2231//2231
f 2199//2199 2200//2200 2234//2234
f 2176//2176 2261//2261 2173//2173
f 2174//2174 2261//2261 2201//2201
f 2174//2174 2303//2303 2261//2261
f 2203//2203 2177//2177 2218//2218
f 2133//2133 2289//2289 2202//2202
f 2262//2262 2204//2204 2220//2220
f 2289//2289 2133//2133 2221//2221
f 2133//2133 2158//2158 2221//2221
f 2237//2237 2179//2179 2236//2236
f 2207//2207 2222//2222 2087//2087
f 2105//2105 2207//2207 2087//2087
f 2106//2106 2238//2238 2207//2207
f 2106//2106 2265//2265 2238//2238
f 2182//2182 2240//2240 2291//2291
f 2267//2267 2224//2224 2138//2138
f 2138//2138 2224//2224 2310//2310
f 2225//2225 2268//2268 2209//2209
f 2243//2243 2225//2225 2209//2209
f 2163//2163 2115//2115 2272//2272
f 2295//2295 2188//2188 2211//2211
f 2295//2295 2189//2189 2188//2188
f 2296//2296 2162//2162 2114//2114
f 2272//2272 2115//2115 2141//2141
f 2113//2113 2273//2273 2247//2247
f 2248//2248 2274//2274 2249//2249
f 2276//2276 2212//2212 2247//2247
f 2250//2250 2166//2166 2167//2167
f 2190//2190 2250//2250 2167//2167
f 2214//2214 2250//2250 2190//2190
f 2228//2228 2169//2169 2230//2230
f 2251//2251 2213//2213 2249//2249
f 2214//2214 2253//2253 2252//2252
f 2193//2193 2253//2253 2214//2214
f 2192//2192 2215//2215 2230//2230
f 2279//2279 2231//2231 2251//2251
f 2229//2229 2280//2280 2194//2194
f 2216//2216 2253//2253 2193//2193
f 2255//2255 2217//2217 2194//2194
f 2173//2173 2257//2257 2196//2196
f 2234//2234 2233//2233 2199//2199
f 2303//2303 2217//2217 2255//2255
f 2261//2261 2260//2260 2173//2173
f 2303//2303 2174//2174 2217//2217
f 2286//2286 2218//2218 2284//2284
f 2219//2219 2235//2235 2285//2285
f 2202//2202 2235//2235 2219//2219
f 2202//2202 2263//2263 2235//2235
f 2288//2288 2220//2220 2203//2203
f 2262//2262 2220//2220 2288//2288
f 2289//2289 2263//2263 2202//2202
f 2158//2158 2308//2308 2221//2221
f 2158//2158 2222//2222 2308//2308
f 2207//2207 2308//2308 2222//2222
f 2264//2264 2206//2206 2205//2205
f 2238//2238 2265//2265 2239//2239
f 2161//2161 2182//2182 2242//2242
f 2267//2267 2161//2161 2242//2242
f 2245//2245 2186//2186 2269//2269
f 2269//2269 2186//2186 2310//2310
f 2293//2293 2270//2270 2245//2245
f 2210//2210 2163//2163 2294//2294
f 2271//2271 2295//2295 2211//2211
f 2226//2226 2273//2273 2113//2113
f 2272//2272 2141//2141 2246//2246
f 2312//2312 2246//2246 2141//2141
f 2313//2313 2276//2276 2247//2247
f 2168//2168 2228//2228 2275//2275
f 2368//2368 2249//2249 2274//2274
f 2250//2250 2214//2214 2252//2252
f 2229//2229 2191//2191 2212//2212
f 2230//2230 2215//2215 2228//2228
f 2257//2257 2282//2282 2215//2215
f 2232//2232 2231//2231 2279//2279
f 2254//2254 2253//2253 2216//2216
f 2280//2280 2255//2255 2194//2194
f 2199//2199 2254//2254 2216//2216
f 2233//2233 2254//2254 2199//2199
f 2256//2256 2218//2218 2232//2232
f 2283//2283 2303//2303 2255//2255
f 2260//2260 2258//2258 2173//2173
f 2256//2256 2284//2284 2218//2218
f 2234//2234 2285//2285 2233//2233
f 2259//2259 2261//2261 2303//2303
f 2286//2286 2203//2203 2218//2218
f 2288//2288 2203//2203 2286//2286
f 2262//2262 2332//2332 2236//2236
f 2237//2237 2236//2236 2332//2332
f 2205//2205 2179//2179 2237//2237
f 2238//2238 2290//2290 2207//2207
f 2265//2265 2181//2181 2359//2359
f 2241//2241 2359//2359 2181//2181
f 2291//2291 2242//2242 2182//2182
f 2292//2292 2244//2244 2337//2337
f 2269//2269 2293//2293 2245//2245
f 2210//2210 2165//2165 2164//2164
f 2165//2165 2271//2271 2211//2211
f 2272//2272 2294//2294 2163//2163
f 2297//2297 2187//2187 2162//2162
f 2273//2273 2226//2226 2311//2311
f 2162//2162 2296//2296 2297//2297
f 2295//2295 2274//2274 2189//2189
f 2247//2247 2273//2273 2313//2313
f 2168//2168 2275//2275 2312//2312
f 2296//2296 2227//2227 2166//2166
f 2250//2250 2342//2342 2166//2166
f 2277//2277 2249//2249 2368//2368
f 2277//2277 2251//2251 2249//2249
f 2212//2212 2276//2276 2229//2229
f 2276//2276 2300//2300 2229//2229
f 2215//2215 2315//2315 2228//2228
f 2279//2279 2251//2251 2277//2277
f 2253//2253 2318//2318 2252//2252
f 2278//2278 2280//2280 2229//2229
f 2318//2318 2253//2253 2281//2281
f 2254//2254 2281//2281 2253//2253
f 2256//2256 2232//2232 2320//2320
f 2283//2283 2255//2255 2280//2280
f 2257//2257 2258//2258 2282//2282
f 2258//2258 2257//2257 2173//2173
f 2233//2233 2285//2285 2254//2254
f 2261//2261 2259//2259 2260//2260
f 2284//2284 2325//2325 2286//2286
f 2285//2285 2235//2235 2287//2287
f 2263//2263 2287//2287 2235//2235
f 2288//2288 2330//2330 2262//2262
f 2237//2237 2357//2357 2205//2205
f 2207//2207 2290//2290 2308//2308
f 2238//2238 2239//2239 2309//2309
f 2266//2266 2291//2291 2240//2240
f 2208//2208 2361//2361 2241//2241
f 2225//2225 2243//2243 2335//2335
f 2335//2335 2243//2243 2244//2244
f 2292//2292 2335//2335 2244//2244
f 2310//2310 2224//2224 2447//2447
f 2338//2338 2165//2165 2210//2210
f 2187//2187 2311//2311 2226//2226
f 2297//2297 2296//2296 2298//2298
f 2314//2314 2296//2296 2166//2166
f 2166//2166 2299//2299 2314//2314
f 2301//2301 2275//2275 2228//2228
f 2342//2342 2299//2299 2166//2166
f 2300//2300 2276//2276 2313//2313
f 2229//2229 2300//2300 2278//2278
f 2228//2228 2315//2315 2301//2301
f 2252//2252 2343//2343 2250//2250
f 2215//2215 2282//2282 2315//2315
f 2277//2277 2317//2317 2279//2279
f 2278//2278 2319//2319 2280//2280
f 2317//2317 2232//2232 2279//2279
f 2280//2280 2319//2319 2283//2283
f 2317//2317 2320//2320 2232//2232
f 2254//2254 2323//2323 2281//2281
f 2256//2256 2320//2320 2324//2324
f 2324//2324 2284//2284 2256//2256
f 2254//2254 2304//2304 2323//2323
f 2322//2322 2283//2283 2378//2378
f 2285//2285 2304//2304 2254//2254
f 2322//2322 2303//2303 2283//2283
f 2260//2260 2326//2326 2258//2258
f 2325//2325 2284//2284 2324//2324
f 2259//2259 2326//2326 2260//2260
f 2259//2259 2303//2303 2305//2305
f 2326//2326 2259//2259 2305//2305
f 2306//2306 2286//2286 2325//2325
f 2285//2285 2287//2287 2304//2304
f 2286//2286 2306//2306 2288//2288
f 2330//2330 2288//2288 2306//2306
f 2331//2331 2287//2287 2263//2263
f 2332//2332 2262//2262 2330//2330
f 2331//2331 2263//2263 2289//2289
f 2356//2356 2237//2237 2332//2332
f 2221//2221 2355//2355 2289//2289
f 2356//2356 2357//2357 2237//2237
f 2333//2333 2205//2205 2357//2357
f 2264//2264 2180//2180 2206//2206
f 2238//2238 2309//2309 2418//2418
f 2358//2358 2223//2223 2180//2180
f 2240//2240 2358//2358 2266//2266
f 2223//2223 2358//2358 2240//2240
f 2359//2359 2239//2239 2265//2265
f 2359//2359 2241//2241 2360//2360
f 2361//2361 2360//2360 2241//2241
f 2421//2421 2242//2242 2291//2291
f 2334//2334 2208//2208 2268//2268
f 2335//2335 2334//2334 2268//2268
f 2268//2268 2225//2225 2335//2335
f 2224//2224 2267//2267 2362//2362
f 2336//2336 2269//2269 2310//2310
f 2165//2165 2338//2338 2271//2271
f 2294//2294 2272//2272 2246//2246
f 2297//2297 2311//2311 2187//2187
f 2390//2390 2274//2274 2295//2295
f 2298//2298 2296//2296 2367//2367
f 2314//2314 2367//2367 2296//2296
f 2342//2342 2314//2314 2299//2299
f 2277//2277 2368//2368 2374//2374
f 2343//2343 2342//2342 2250//2250
f 2300//2300 2369//2369 2278//2278
f 2318//2318 2343//2343 2252//2252
f 2282//2282 2302//2302 2315//2315
f 2374//2374 2317//2317 2277//2277
f 2278//2278 2369//2369 2316//2316
f 2316//2316 2319//2319 2278//2278
f 2320//2320 2317//2317 2374//2374
f 2258//2258 2302//2302 2282//2282
f 2378//2378 2283//2283 2319//2319
f 2344//2344 2281//2281 2323//2323
f 2326//2326 2321//2321 2258//2258
f 2324//2324 2320//2320 2349//2349
f 2305//2305 2303//2303 2322//2322
f 2324//2324 2327//2327 2325//2325
f 2324//2324 2349//2349 2329//2329
f 2327//2327 2324//2324 2329//2329
f 2352//2352 2323//2323 2304//2304
f 2327//2327 2329//2329 2328//2328
f 2411//2411 2326//2326 2305//2305
f 2328//2328 2306//2306 2325//2325
f 2352//2352 2304//2304 2354//2354
f 2329//2329 2306//2306 2328//2328
f 2287//2287 2354//2354 2304//2304
f 2306//2306 2329//2329 2382//2382
f 2331//2331 2354//2354 2287//2287
f 2289//2289 2355//2355 2331//2331
f 2221//2221 2383//2383 2355//2355
f 2308//2308 2383//2383 2221//2221
f 2383//2383 2308//2308 2307//2307
f 2205//2205 2333//2333 2443//2443
f 2264//2264 2205//2205 2443//2443
f 2307//2307 2308//2308 2290//2290
f 2238//2238 2418//2418 2290//2290
f 2264//2264 2358//2358 2180//2180
f 2291//2291 2266//2266 2421//2421
f 2421//2421 2386//2386 2242//2242
f 2361//2361 2208//2208 2334//2334
f 2242//2242 2362//2362 2267//2267
f 2292//2292 2388//2388 2335//2335
f 2424//2424 2337//2337 2270//2270
f 2424//2424 2270//2270 2293//2293
f 2210//2210 2294//2294 2338//2338
f 2339//2339 2271//2271 2338//2338
f 2271//2271 2425//2425 2295//2295
f 2298//2298 2311//2311 2297//2297
f 2298//2298 2365//2365 2311//2311
f 2311//2311 2340//2340 2273//2273
f 2365//2365 2340//2340 2311//2311
f 2366//2366 2298//2298 2367//2367
f 2340//2340 2313//2313 2273//2273
f 2301//2301 2427//2427 2275//2275
f 2428//2428 2313//2313 2340//2340
f 2428//2428 2300//2300 2313//2313
f 2342//2342 2341//2341 2314//2314
f 2371//2371 2374//2374 2368//2368
f 2300//2300 2428//2428 2369//2369
f 2318//2318 2373//2373 2343//2343
f 2302//2302 2376//2376 2315//2315
f 2374//2374 2371//2371 2399//2399
f 2281//2281 2344//2344 2318//2318
f 2319//2319 2316//2316 2401//2401
f 2377//2377 2319//2319 2401//2401
f 2345//2345 2320//2320 2374//2374
f 2377//2377 2378//2378 2319//2319
f 2323//2323 2350//2350 2344//2344
f 2344//2344 2350//2350 2346//2346
f 2347//2347 2302//2302 2258//2258
f 2321//2321 2347//2347 2258//2258
f 2320//2320 2345//2345 2348//2348
f 2326//2326 2351//2351 2321//2321
f 2348//2348 2349//2349 2320//2320
f 2380//2380 2322//2322 2378//2378
f 2323//2323 2352//2352 2350//2350
f 2380//2380 2305//2305 2322//2322
f 2407//2407 2305//2305 2380//2380
f 2349//2349 2348//2348 2327//2327
f 2328//2328 2382//2382 2327//2327
f 2327//2327 2382//2382 2349//2349
f 2348//2348 2325//2325 2327//2327
f 2411//2411 2305//2305 2407//2407
f 2348//2348 2328//2328 2325//2325
f 2353//2353 2328//2328 2348//2348
f 2328//2328 2353//2353 2382//2382
f 2382//2382 2329//2329 2349//2349
f 2382//2382 2330//2330 2306//2306
f 2331//2331 2413//2413 2354//2354
f 2355//2355 2413//2413 2331//2331
f 2330//2330 2356//2356 2332//2332
f 2383//2383 2416//2416 2355//2355
f 2441//2441 2417//2417 2357//2357
f 2417//2417 2333//2333 2357//2357
f 2290//2290 2418//2418 2307//2307
f 2443//2443 2491//2491 2264//2264
f 2419//2419 2239//2239 2359//2359
f 2384//2384 2421//2421 2266//2266
f 2242//2242 2386//2386 2387//2387
f 2362//2362 2242//2242 2387//2387
f 2447//2447 2224//2224 2362//2362
f 2388//2388 2334//2334 2335//2335
f 2422//2422 2447//2447 2362//2362
f 2293//2293 2363//2363 2424//2424
f 2363//2363 2293//2293 2269//2269
f 2294//2294 2389//2389 2338//2338
f 2389//2389 2294//2294 2364//2364
f 2246//2246 2364//2364 2294//2294
f 2339//2339 2425//2425 2271//2271
f 2364//2364 2246//2246 2391//2391
f 2295//2295 2425//2425 2390//2390
f 2391//2391 2246//2246 2312//2312
f 2275//2275 2391//2391 2312//2312
f 2365//2365 2298//2298 2366//2366
f 2392//2392 2368//2368 2274//2274
f 2341//2341 2429//2429 2367//2367
f 2341//2341 2367//2367 2314//2314
f 2371//2371 2368//2368 2396//2396
f 2343//2343 2341//2341 2342//2342
f 2315//2315 2376//2376 2301//2301
f 2341//2341 2343//2343 2370//2370
f 2316//2316 2369//2369 2372//2372
f 2318//2318 2375//2375 2373//2373
f 2373//2373 2375//2375 2343//2343
f 2344//2344 2375//2375 2318//2318
f 2370//2370 2343//2343 2375//2375
f 2346//2346 2375//2375 2344//2344
f 2379//2379 2375//2375 2346//2346
f 2350//2350 2379//2379 2346//2346
f 2321//2321 2406//2406 2347//2347
f 2377//2377 2404//2404 2378//2378
f 2406//2406 2321//2321 2351//2351
f 2404//2404 2380//2380 2378//2378
f 2380//2380 2404//2404 2410//2410
f 2326//2326 2437//2437 2351//2351
f 2352//2352 2381//2381 2350//2350
f 2354//2354 2381//2381 2352//2352
f 2409//2409 2326//2326 2411//2411
f 2356//2356 2330//2330 2414//2414
f 2355//2355 2416//2416 2413//2413
f 2357//2357 2356//2356 2441//2441
f 2358//2358 2264//2264 2491//2491
f 2309//2309 2557//2557 2418//2418
f 2239//2239 2557//2557 2309//2309
f 2239//2239 2419//2419 2557//2557
f 2266//2266 2445//2445 2384//2384
f 2387//2387 2422//2422 2362//2362
f 2310//2310 2447//2447 2336//2336
f 2336//2336 2449//2449 2269//2269
f 2424//2424 2292//2292 2337//2337
f 2363//2363 2269//2269 2449//2449
f 2391//2391 2451//2451 2364//2364
f 2392//2392 2274//2274 2390//2390
f 2393//2393 2365//2365 2366//2366
f 2394//2394 2365//2365 2393//2393
f 2396//2396 2368//2368 2392//2392
f 2394//2394 2340//2340 2365//2365
f 2366//2366 2429//2429 2393//2393
f 2394//2394 2428//2428 2340//2340
f 2367//2367 2429//2429 2366//2366
f 2341//2341 2430//2430 2429//2429
f 2376//2376 2395//2395 2301//2301
f 2371//2371 2396//2396 2431//2431
f 2341//2341 2397//2397 2430//2430
f 2370//2370 2397//2397 2341//2341
f 2398//2398 2369//2369 2428//2428
f 2398//2398 2455//2455 2369//2369
f 2372//2372 2369//2369 2455//2455
f 2371//2371 2431//2431 2399//2399
f 2400//2400 2456//2456 2370//2370
f 2372//2372 2401//2401 2316//2316
f 2302//2302 2403//2403 2376//2376
f 2433//2433 2374//2374 2399//2399
f 2402//2402 2400//2400 2370//2370
f 2375//2375 2402//2402 2370//2370
f 2347//2347 2403//2403 2302//2302
f 2433//2433 2345//2345 2374//2374
f 2375//2375 2379//2379 2402//2402
f 2434//2434 2377//2377 2401//2401
f 2406//2406 2403//2403 2347//2347
f 2433//2433 2348//2348 2345//2345
f 2434//2434 2404//2404 2377//2377
f 2351//2351 2405//2405 2406//2406
f 2405//2405 2351//2351 2437//2437
f 2461//2461 2379//2379 2350//2350
f 2326//2326 2409//2409 2437//2437
f 2353//2353 2348//2348 2433//2433
f 2407//2407 2380//2380 2412//2412
f 2412//2412 2380//2380 2410//2410
f 2408//2408 2411//2411 2407//2407
f 2409//2409 2411//2411 2408//2408
f 2439//2439 2353//2353 2433//2433
f 2439//2439 2382//2382 2353//2353
f 2354//2354 2463//2463 2381//2381
f 2439//2439 2484//2484 2382//2382
f 2463//2463 2354//2354 2415//2415
f 2484//2484 2330//2330 2382//2382
f 2413//2413 2415//2415 2354//2354
f 2414//2414 2330//2330 2484//2484
f 2415//2415 2416//2416 2440//2440
f 2413//2413 2416//2416 2415//2415
f 2356//2356 2414//2414 2441//2441
f 2417//2417 2443//2443 2333//2333
f 2307//2307 2418//2418 2490//2490
f 2266//2266 2358//2358 2445//2445
f 2359//2359 2360//2360 2419//2419
f 2360//2360 2420//2420 2419//2419
f 2361//2361 2420//2420 2360//2360
f 2384//2384 2386//2386 2421//2421
f 2493//2493 2386//2386 2384//2384
f 2423//2423 2388//2388 2292//2292
f 2471//2471 2423//2423 2424//2424
f 2423//2423 2292//2292 2424//2424
f 2426//2426 2451//2451 2391//2391
f 2426//2426 2391//2391 2275//2275
f 2427//2427 2426//2426 2275//2275
f 2301//2301 2395//2395 2427//2427
f 2394//2394 2453//2453 2428//2428
f 2499//2499 2396//2396 2496//2496
f 2499//2499 2431//2431 2396//2396
f 2456//2456 2397//2397 2370//2370
f 2399//2399 2431//2431 2531//2531
f 2376//2376 2403//2403 2457//2457
f 2432//2432 2401//2401 2372//2372
f 2433//2433 2399//2399 2531//2531
f 2402//2402 2435//2435 2400//2400
f 2401//2401 2432//2432 2434//2434
f 2379//2379 2435//2435 2402//2402
f 2403//2403 2406//2406 2436//2436
f 2406//2406 2405//2405 2436//2436
f 2461//2461 2435//2435 2379//2379
f 2436//2436 2405//2405 2437//2437
f 2513//2513 2404//2404 2434//2434
f 2513//2513 2410//2410 2404//2404
f 2381//2381 2461//2461 2350//2350
f 2408//2408 2407//2407 2412//2412
f 2409//2409 2462//2462 2437//2437
f 2438//2438 2409//2409 2408//2408
f 2486//2486 2412//2412 2410//2410
f 2412//2412 2438//2438 2408//2408
f 2462//2462 2409//2409 2438//2438
f 2433//2433 2459//2459 2439//2439
f 2463//2463 2461//2461 2381//2381
f 2442//2442 2416//2416 2383//2383
f 2307//2307 2442//2442 2383//2383
f 2489//2489 2491//2491 2443//2443
f 2492//2492 2358//2358 2491//2491
f 2445//2445 2358//2358 2492//2492
f 2519//2519 2384//2384 2445//2445
f 2361//2361 2334//2334 2494//2494
f 2386//2386 2468//2468 2387//2387
f 2422//2422 2387//2387 2446//2446
f 2469//2469 2385//2385 2334//2334
f 2446//2446 2448//2448 2422//2422
f 2388//2388 2469//2469 2334//2334
f 2448//2448 2447//2447 2422//2422
f 2495//2495 2336//2336 2447//2447
f 2423//2423 2469//2469 2388//2388
f 2449//2449 2336//2336 2495//2495
f 2470//2470 2423//2423 2471//2471
f 2560//2560 2424//2424 2363//2363
f 2338//2338 2389//2389 2450//2450
f 2339//2339 2338//2338 2450//2450
f 2389//2389 2364//2364 2451//2451
f 2521//2521 2389//2389 2451//2451
f 2339//2339 2450//2450 2425//2425
f 2396//2396 2392//2392 2390//2390
f 2395//2395 2472//2472 2427//2427
f 2393//2393 2429//2429 2500//2500
f 2500//2500 2452//2452 2393//2393
f 2473//2473 2393//2393 2452//2452
f 2473//2473 2394//2394 2393//2393
f 2430//2430 2500//2500 2429//2429
f 2376//2376 2454//2454 2395//2395
f 2394//2394 2473//2473 2453//2453
f 2475//2475 2428//2428 2453//2453
f 2453//2453 2473//2473 2475//2475
f 2475//2475 2398//2398 2428//2428
f 2430//2430 2397//2397 2500//2500
f 2398//2398 2475//2475 2455//2455
f 2499//2499 2531//2531 2431//2431
f 2376//2376 2457//2457 2454//2454
f 2455//2455 2432//2432 2372//2372
f 2435//2435 2458//2458 2400//2400
f 2456//2456 2400//2400 2458//2458
f 2432//2432 2455//2455 2479//2479
f 2403//2403 2460//2460 2457//2457
f 2479//2479 2434//2434 2432//2432
f 2480//2480 2434//2434 2479//2479
f 2403//2403 2436//2436 2460//2460
f 2531//2531 2459//2459 2433//2433
f 2461//2461 2482//2482 2435//2435
f 2437//2437 2460//2460 2436//2436
f 2480//2480 2513//2513 2434//2434
f 2437//2437 2462//2462 2460//2460
f 2513//2513 2486//2486 2410//2410
f 2464//2464 2439//2439 2459//2459
f 2484//2484 2439//2439 2464//2464
f 2412//2412 2465//2465 2438//2438
f 2412//2412 2487//2487 2465//2465
f 2488//2488 2463//2463 2415//2415
f 2488//2488 2415//2415 2440//2440
f 2489//2489 2443//2443 2417//2417
f 2442//2442 2307//2307 2490//2490
f 2669//2669 2492//2492 2491//2491
f 2419//2419 2520//2520 2557//2557
f 2419//2419 2467//2467 2520//2520
f 2467//2467 2419//2419 2420//2420
f 2494//2494 2420//2420 2361//2361
f 2334//2334 2385//2385 2494//2494
f 2493//2493 2468//2468 2386//2386
f 2468//2468 2446//2446 2387//2387
f 2495//2495 2447//2447 2448//2448
f 2423//2423 2470//2470 2469//2469
f 2449//2449 2560//2560 2363//2363
f 2389//2389 2561//2561 2450//2450
f 2523//2523 2425//2425 2450//2450
f 2425//2425 2523//2523 2390//2390
f 2523//2523 2396//2396 2390//2390
f 2427//2427 2472//2472 2426//2426
f 2496//2496 2396//2396 2523//2523
f 2454//2454 2472//2472 2395//2395
f 2452//2452 2474//2474 2473//2473
f 2473//2473 2474//2474 2475//2475
f 2397//2397 2476//2476 2500//2500
f 2475//2475 2474//2474 2477//2477
f 2475//2475 2477//2477 2478//2478
f 2478//2478 2455//2455 2475//2475
f 2501//2501 2531//2531 2499//2499
f 2457//2457 2502//2502 2454//2454
f 2478//2478 2479//2479 2455//2455
f 2456//2456 2528//2528 2397//2397
f 2478//2478 2503//2503 2479//2479
f 2435//2435 2482//2482 2458//2458
f 2479//2479 2507//2507 2480//2480
f 2481//2481 2459//2459 2531//2531
f 2481//2481 2531//2531 2505//2505
f 2505//2505 2459//2459 2481//2481
f 2505//2505 2464//2464 2459//2459
f 2538//2538 2464//2464 2505//2505
f 2510//2510 2460//2460 2462//2462
f 2513//2513 2480//2480 2483//2483
f 2463//2463 2482//2482 2461//2461
f 2463//2463 2512//2512 2482//2482
f 2513//2513 2485//2485 2486//2486
f 2516//2516 2484//2484 2464//2464
f 2488//2488 2512//2512 2463//2463
f 2462//2462 2438//2438 2465//2465
f 2462//2462 2465//2465 2515//2515
f 2512//2512 2488//2488 2514//2514
f 2487//2487 2412//2412 2486//2486
f 2487//2487 2486//2486 2485//2485
f 2487//2487 2550//2550 2465//2465
f 2414//2414 2484//2484 2516//2516
f 2517//2517 2414//2414 2516//2516
f 2517//2517 2441//2441 2414//2414
f 2416//2416 2466//2466 2440//2440
f 2554//2554 2553//2553 2442//2442
f 2418//2418 2557//2557 2444//2444
f 2385//2385 2589//2589 2494//2494
f 2385//2385 2469//2469 2589//2589
f 2590//2590 2448//2448 2446//2446
f 2629//2629 2449//2449 2495//2495
f 2560//2560 2449//2449 2629//2629
f 2561//2561 2389//2389 2521//2521
f 2426//2426 2522//2522 2451//2451
f 2565//2565 2499//2499 2496//2496
f 2497//2497 2452//2452 2500//2500
f 2474//2474 2452//2452 2497//2497
f 2454//2454 2498//2498 2566//2566
f 2525//2525 2474//2474 2497//2497
f 2500//2500 2476//2476 2497//2497
f 2525//2525 2477//2477 2474//2474
f 2502//2502 2498//2498 2454//2454
f 2525//2525 2526//2526 2477//2477
f 2528//2528 2476//2476 2397//2397
f 2526//2526 2478//2478 2477//2477
f 2478//2478 2526//2526 2532//2532
f 2504//2504 2456//2456 2458//2458
f 2478//2478 2532//2532 2503//2503
f 2510//2510 2457//2457 2460//2460
f 2536//2536 2457//2457 2510//2510
f 2531//2531 2597//2597 2505//2505
f 2482//2482 2504//2504 2458//2458
f 2503//2503 2507//2507 2479//2479
f 2534//2534 2505//2505 2640//2640
f 2482//2482 2539//2539 2504//2504
f 2508//2508 2510//2510 2511//2511
f 2506//2506 2508//2508 2509//2509
f 2541//2541 2480//2480 2507//2507
f 2509//2509 2508//2508 2511//2511
f 2480//2480 2541//2541 2543//2543
f 2483//2483 2480//2480 2543//2543
f 2510//2510 2462//2462 2511//2511
f 2464//2464 2538//2538 2516//2516
f 2483//2483 2485//2485 2513//2513
f 2483//2483 2543//2543 2485//2485
f 2515//2515 2548//2548 2462//2462
f 2511//2511 2462//2462 2548//2548
f 2546//2546 2514//2514 2488//2488
f 2581//2581 2487//2487 2485//2485
f 2515//2515 2579//2579 2548//2548
f 2550//2550 2515//2515 2465//2465
f 2550//2550 2487//2487 2581//2581
f 2515//2515 2550//2550 2579//2579
f 2553//2553 2466//2466 2416//2416
f 2518//2518 2441//2441 2517//2517
f 2442//2442 2553//2553 2416//2416
f 2518//2518 2417//2417 2441//2441
f 2622//2622 2554//2554 2442//2442
f 2490//2490 2622//2622 2442//2442
f 2418//2418 2444//2444 2490//2490
f 2520//2520 2586//2586 2557//2557
f 2588//2588 2384//2384 2519//2519
f 2493//2493 2446//2446 2468//2468
f 2629//2629 2495//2495 2627//2627
f 2628//2628 2470//2470 2471//2471
f 2672//2672 2471//2471 2424//2424
f 2560//2560 2672//2672 2424//2424
f 2451//2451 2561//2561 2521//2521
f 2563//2563 2496//2496 2523//2523
f 2472//2472 2564//2564 2426//2426
f 2522//2522 2426//2426 2564//2564
f 2567//2567 2496//2496 2563//2563
f 2567//2567 2565//2565 2496//2496
f 2564//2564 2472//2472 2524//2524
f 2566//2566 2472//2472 2454//2454
f 2565//2565 2501//2501 2499//2499
f 2497//2497 2571//2571 2525//2525
f 2572//2572 2526//2526 2525//2525
f 2527//2527 2532//2532 2526//2526
f 2476//2476 2529//2529 2497//2497
f 2476//2476 2528//2528 2529//2529
f 2526//2526 2572//2572 2527//2527
f 2571//2571 2497//2497 2529//2529
f 2528//2528 2456//2456 2504//2504
f 2529//2529 2533//2533 2535//2535
f 2503//2503 2532//2532 2607//2607
f 2597//2597 2640//2640 2505//2505
f 2536//2536 2502//2502 2457//2457
f 2607//2607 2540//2540 2503//2503
f 2539//2539 2606//2606 2504//2504
f 2535//2535 2533//2533 2537//2537
f 2536//2536 2510//2510 2508//2508
f 2536//2536 2508//2508 2506//2506
f 2503//2503 2540//2540 2541//2541
f 2541//2541 2507//2507 2503//2503
f 2533//2533 2576//2576 2537//2537
f 2505//2505 2534//2534 2538//2538
f 2482//2482 2512//2512 2539//2539
f 2539//2539 2512//2512 2542//2542
f 2514//2514 2542//2542 2512//2512
f 2514//2514 2544//2544 2542//2542
f 2509//2509 2511//2511 2545//2545
f 2547//2547 2516//2516 2538//2538
f 2514//2514 2546//2546 2544//2544
f 2543//2543 2541//2541 2578//2578
f 2578//2578 2485//2485 2543//2543
f 2548//2548 2545//2545 2511//2511
f 2578//2578 2694//2694 2485//2485
f 2694//2694 2581//2581 2485//2485
f 2549//2549 2546//2546 2488//2488
f 2581//2581 2582//2582 2550//2550
f 2551//2551 2516//2516 2547//2547
f 2440//2440 2466//2466 2488//2488
f 2583//2583 2488//2488 2466//2466
f 2518//2518 2516//2516 2551//2551
f 2518//2518 2517//2517 2516//2516
f 2552//2552 2417//2417 2518//2518
f 2552//2552 2489//2489 2417//2417
f 2555//2555 2489//2489 2552//2552
f 2554//2554 2622//2622 2584//2584
f 2585//2585 2489//2489 2555//2555
f 2491//2491 2489//2489 2585//2585
f 2585//2585 2669//2669 2491//2491
f 2669//2669 2445//2445 2492//2492
f 2519//2519 2445//2445 2587//2587
f 2467//2467 2624//2624 2520//2520
f 2624//2624 2467//2467 2420//2420
f 2558//2558 2420//2420 2494//2494
f 2558//2558 2624//2624 2420//2420
f 2384//2384 2559//2559 2493//2493
f 2590//2590 2446//2446 2493//2493
f 2727//2727 2589//2589 2626//2626
f 2626//2626 2589//2589 2469//2469
f 2671//2671 2495//2495 2448//2448
f 2672//2672 2628//2628 2471//2471
f 2563//2563 2450//2450 2561//2561
f 2563//2563 2561//2561 2591//2591
f 2522//2522 2561//2561 2451//2451
f 2563//2563 2523//2523 2450//2450
f 2522//2522 2562//2562 2561//2561
f 2522//2522 2564//2564 2562//2562
f 2472//2472 2566//2566 2524//2524
f 2567//2567 2595//2595 2565//2565
f 2498//2498 2568//2568 2566//2566
f 2597//2597 2565//2565 2595//2595
f 2570//2570 2572//2572 2569//2569
f 2597//2597 2501//2501 2565//2565
f 2525//2525 2571//2571 2569//2569
f 2525//2525 2569//2569 2572//2572
f 2570//2570 2527//2527 2572//2572
f 2570//2570 2532//2532 2527//2527
f 2570//2570 2530//2530 2532//2532
f 2498//2498 2574//2574 2568//2568
f 2597//2597 2531//2531 2501//2501
f 2528//2528 2602//2602 2529//2529
f 2535//2535 2571//2571 2529//2529
f 2530//2530 2570//2570 2573//2573
f 2498//2498 2502//2502 2574//2574
f 2504//2504 2602//2602 2528//2528
f 2571//2571 2535//2535 2599//2599
f 2575//2575 2599//2599 2535//2535
f 2530//2530 2607//2607 2532//2532
f 2602//2602 2504//2504 2606//2606
f 2603//2603 2529//2529 2602//2602
f 2506//2506 2502//2502 2536//2536
f 2502//2502 2506//2506 2574//2574
f 2603//2603 2533//2533 2529//2529
f 2530//2530 2604//2604 2607//2607
f 2506//2506 2610//2610 2574//2574
f 2575//2575 2535//2535 2537//2537
f 2506//2506 2509//2509 2610//2610
f 2640//2640 2577//2577 2534//2534
f 2539//2539 2544//2544 2606//2606
f 2607//2607 2604//2604 2646//2646
f 2577//2577 2538//2538 2534//2534
f 2542//2542 2544//2544 2539//2539
f 2614//2614 2540//2540 2607//2607
f 2577//2577 2547//2547 2538//2538
f 2610//2610 2509//2509 2616//2616
f 2540//2540 2614//2614 2541//2541
f 2614//2614 2613//2613 2541//2541
f 2613//2613 2650//2650 2541//2541
f 2509//2509 2545//2545 2616//2616
f 2578//2578 2541//2541 2650//2650
f 2546//2546 2549//2549 2544//2544
f 2548//2548 2580//2580 2545//2545
f 2548//2548 2579//2579 2618//2618
f 2581//2581 2694//2694 2717//2717
f 2579//2579 2550//2550 2699//2699
f 2580//2580 2548//2548 2618//2618
f 2617//2617 2551//2551 2547//2547
f 2581//2581 2717//2717 2582//2582
f 2699//2699 2550//2550 2582//2582
f 2583//2583 2549//2549 2488//2488
f 2617//2617 2518//2518 2551//2551
f 2553//2553 2583//2583 2466//2466
f 2552//2552 2518//2518 2620//2620
f 2552//2552 2666//2666 2555//2555
f 2554//2554 2584//2584 2553//2553
f 2490//2490 2444//2444 2623//2623
f 2587//2587 2445//2445 2669//2669
f 2557//2557 2586//2586 2556//2556
f 2519//2519 2587//2587 2588//2588
f 2624//2624 2670//2670 2520//2520
f 2588//2588 2559//2559 2384//2384
f 2494//2494 2589//2589 2558//2558
f 2470//2470 2626//2626 2469//2469
f 2627//2627 2495//2495 2671//2671
f 2628//2628 2730//2730 2470//2470
f 2629//2629 2708//2708 2560//2560
f 2562//2562 2591//2591 2561//2561
f 2630//2630 2563//2563 2591//2591
f 2564//2564 2592//2592 2562//2562
f 2591//2591 2562//2562 2592//2592
f 2633//2633 2563//2563 2630//2630
f 2633//2633 2567//2567 2563//2563
f 2593//2593 2592//2592 2564//2564
f 2592//2592 2593//2593 2631//2631
f 2566//2566 2594//2594 2524//2524
f 2524//2524 2594//2594 2564//2564
f 2564//2564 2594//2594 2593//2593
f 2633//2633 2596//2596 2567//2567
f 2633//2633 2632//2632 2596//2596
f 2635//2635 2594//2594 2566//2566
f 2635//2635 2566//2566 2568//2568
f 2596//2596 2595//2595 2567//2567
f 2601//2601 2597//2597 2595//2595
f 2595//2595 2596//2596 2601//2601
f 2598//2598 2570//2570 2569//2569
f 2571//2571 2599//2599 2569//2569
f 2599//2599 2600//2600 2569//2569
f 2569//2569 2600//2600 2598//2598
f 2570//2570 2600//2600 2573//2573
f 2598//2598 2600//2600 2570//2570
f 2600//2600 2530//2530 2573//2573
f 2601//2601 2640//2640 2597//2597
f 2575//2575 2605//2605 2599//2599
f 2610//2610 2639//2639 2574//2574
f 2530//2530 2600//2600 2604//2604
f 2602//2602 2606//2606 2603//2603
f 2537//2537 2605//2605 2575//2575
f 2603//2603 2606//2606 2611//2611
f 2642//2642 2646//2646 2604//2604
f 2641//2641 2576//2576 2533//2533
f 2641//2641 2533//2533 2603//2603
f 2537//2537 2609//2609 2605//2605
f 2606//2606 2544//2544 2611//2611
f 2576//2576 2609//2609 2537//2537
f 2646//2646 2608//2608 2607//2607
f 2612//2612 2609//2609 2576//2576
f 2608//2608 2614//2614 2607//2607
f 2681//2681 2648//2648 2577//2577
f 2641//2641 2612//2612 2576//2576
f 2616//2616 2689//2689 2610//2610
f 2615//2615 2614//2614 2608//2608
f 2544//2544 2641//2641 2611//2611
f 2549//2549 2641//2641 2544//2544
f 2641//2641 2660//2660 2612//2612
f 2614//2614 2615//2615 2613//2613
f 2651//2651 2578//2578 2650//2650
f 2616//2616 2658//2658 2689//2689
f 2617//2617 2547//2547 2577//2577
f 2617//2617 2577//2577 2648//2648
f 2651//2651 2694//2694 2578//2578
f 2545//2545 2580//2580 2616//2616
f 2549//2549 2619//2619 2641//2641
f 2641//2641 2619//2619 2660//2660
f 2549//2549 2583//2583 2619//2619
f 2699//2699 2618//2618 2579//2579
f 2695//2695 2580//2580 2618//2618
f 2617//2617 2620//2620 2518//2518
f 2553//2553 2619//2619 2583//2583
f 2619//2619 2553//2553 2664//2664
f 2666//2666 2552//2552 2620//2620
f 2584//2584 2668//2668 2553//2553
f 2553//2553 2668//2668 2664//2664
f 2621//2621 2585//2585 2555//2555
f 2623//2623 2622//2622 2490//2490
f 2557//2557 2556//2556 2444//2444
f 2558//2558 2589//2589 2727//2727
f 2625//2625 2493//2493 2559//2559
f 2590//2590 2493//2493 2625//2625
f 2590//2590 2625//2625 2707//2707
f 2590//2590 2729//2729 2448//2448
f 2448//2448 2729//2729 2671//2671
f 2708//2708 2709//2709 2560//2560
f 2709//2709 2672//2672 2560//2560
f 2592//2592 2673//2673 2591//2591
f 2673//2673 2630//2630 2591//2591
f 2592//2592 2674//2674 2673//2673
f 2673//2673 2632//2632 2630//2630
f 2632//2632 2633//2633 2630//2630
f 2594//2594 2631//2631 2593//2593
f 2632//2632 2634//2634 2596//2596
f 2601//2601 2596//2596 2636//2636
f 2574//2574 2635//2635 2568//2568
f 2636//2636 2596//2596 2634//2634
f 2635//2635 2574//2574 2637//2637
f 2636//2636 2634//2634 2638//2638
f 2574//2574 2639//2639 2637//2637
f 2600//2600 2599//2599 2605//2605
f 2636//2636 2640//2640 2601//2601
f 2636//2636 2638//2638 2680//2680
f 2605//2605 2642//2642 2600//2600
f 2636//2636 2680//2680 2640//2640
f 2642//2642 2604//2604 2600//2600
f 2680//2680 2681//2681 2640//2640
f 2610//2610 2685//2685 2639//2639
f 2681//2681 2577//2577 2640//2640
f 2609//2609 2642//2642 2605//2605
f 2611//2611 2641//2641 2603//2603
f 2681//2681 2680//2680 2648//2648
f 2643//2643 2648//2648 2681//2681
f 2689//2689 2685//2685 2610//2610
f 2609//2609 2612//2612 2642//2642
f 2642//2642 2653//2653 2646//2646
f 2645//2645 2648//2648 2680//2680
f 2612//2612 2653//2653 2642//2642
f 2654//2654 2646//2646 2653//2653
f 2608//2608 2646//2646 2654//2654
f 2645//2645 2617//2617 2648//2648
f 2608//2608 2688//2688 2615//2615
f 2651//2651 2650//2650 2613//2613
f 2615//2615 2688//2688 2613//2613
f 2655//2655 2651//2651 2613//2613
f 2660//2660 2656//2656 2612//2612
f 2612//2612 2656//2656 2653//2653
f 2645//2645 2652//2652 2617//2617
f 2691//2691 2653//2653 2656//2656
f 2613//2613 2688//2688 2697//2697
f 2580//2580 2658//2658 2616//2616
f 2649//2649 2661//2661 2652//2652
f 2652//2652 2661//2661 2617//2617
f 2655//2655 2613//2613 2697//2697
f 2659//2659 2651//2651 2655//2655
f 2659//2659 2694//2694 2651//2651
f 2692//2692 2658//2658 2580//2580
f 2695//2695 2692//2692 2580//2580
f 2649//2649 2696//2696 2661//2661
f 2717//2717 2739//2739 2582//2582
f 2618//2618 2699//2699 2662//2662
f 2661//2661 2663//2663 2617//2617
f 2619//2619 2664//2664 2660//2660
f 2656//2656 2660//2660 2664//2664
f 2661//2661 2696//2696 2663//2663
f 2620//2620 2617//2617 2663//2663
f 2663//2663 2696//2696 2702//2702
f 2663//2663 2666//2666 2620//2620
f 2668//2668 2667//2667 2664//2664
f 2622//2622 2668//2668 2584//2584
f 2723//2723 2668//2668 2622//2622
f 2621//2621 2724//2724 2585//2585
f 2622//2622 2623//2623 2723//2723
f 2703//2703 2669//2669 2585//2585
f 2556//2556 2623//2623 2444//2444
f 2520//2520 2670//2670 2586//2586
f 2559//2559 2588//2588 2725//2725
f 2707//2707 2729//2729 2590//2590
f 2730//2730 2626//2626 2470//2470
f 2708//2708 2629//2629 2627//2627
f 2777//2777 2708//2708 2627//2627
f 2678//2678 2631//2631 2594//2594
f 2674//2674 2592//2592 2631//2631
f 2676//2676 2632//2632 2673//2673
f 2674//2674 2631//2631 2675//2675
f 2594//2594 2635//2635 2678//2678
f 2675//2675 2631//2631 2678//2678
f 2635//2635 2637//2637 2678//2678
f 2676//2676 2634//2634 2632//2632
f 2677//2677 2678//2678 2637//2637
f 2634//2634 2711//2711 2638//2638
f 2639//2639 2679//2679 2637//2637
f 2712//2712 2680//2680 2638//2638
f 2685//2685 2679//2679 2639//2639
f 2713//2713 2684//2684 2680//2680
f 2644//2644 2682//2682 2647//2647
f 2643//2643 2681//2681 2648//2648
f 2684//2684 2645//2645 2680//2680
f 2647//2647 2649//2649 2644//2644
f 2644//2644 2649//2649 2687//2687
f 2686//2686 2685//2685 2689//2689
f 2645//2645 2684//2684 2687//2687
f 2682//2682 2649//2649 2647//2647
f 2654//2654 2657//2657 2608//2608
f 2657//2657 2688//2688 2608//2608
f 2689//2689 2715//2715 2686//2686
f 2652//2652 2687//2687 2649//2649
f 2687//2687 2652//2652 2645//2645
f 2691//2691 2654//2654 2653//2653
f 2690//2690 2649//2649 2682//2682
f 2690//2690 2696//2696 2649//2649
f 2691//2691 2719//2719 2654//2654
f 2700//2700 2689//2689 2658//2658
f 2686//2686 2696//2696 2690//2690
f 2656//2656 2665//2665 2691//2691
f 2719//2719 2657//2657 2654//2654
f 2693//2693 2659//2659 2655//2655
f 2715//2715 2689//2689 2700//2700
f 2657//2657 2716//2716 2688//2688
f 2688//2688 2716//2716 2697//2697
f 2697//2697 2693//2693 2655//2655
f 2695//2695 2700//2700 2692//2692
f 2692//2692 2700//2700 2658//2658
f 2693//2693 2698//2698 2659//2659
f 2698//2698 2694//2694 2659//2659
f 2698//2698 2717//2717 2694//2694
f 2699//2699 2582//2582 2739//2739
f 2695//2695 2618//2618 2662//2662
f 2718//2718 2695//2695 2662//2662
f 2665//2665 2719//2719 2691//2691
f 2699//2699 2748//2748 2662//2662
f 2695//2695 2718//2718 2700//2700
f 2666//2666 2663//2663 2702//2702
f 2696//2696 2701//2701 2702//2702
f 2665//2665 2656//2656 2664//2664
f 2667//2667 2665//2665 2664//2664
f 2721//2721 2665//2665 2667//2667
f 2722//2722 2666//2666 2702//2702
f 2722//2722 2555//2555 2666//2666
f 2555//2555 2722//2722 2621//2621
f 2667//2667 2668//2668 2723//2723
f 2585//2585 2724//2724 2703//2703
f 2556//2556 2704//2704 2623//2623
f 2762//2762 2587//2587 2669//2669
f 2624//2624 2558//2558 2670//2670
f 2625//2625 2559//2559 2706//2706
f 2728//2728 2727//2727 2626//2626
f 2730//2730 2628//2628 2672//2672
f 2673//2673 2674//2674 2731//2731
f 2710//2710 2673//2673 2731//2731
f 2675//2675 2731//2731 2674//2674
f 2710//2710 2676//2676 2673//2673
f 2747//2747 2732//2732 2676//2676
f 2732//2732 2634//2634 2676//2676
f 2675//2675 2678//2678 2677//2677
f 2679//2679 2677//2677 2637//2637
f 2732//2732 2735//2735 2634//2634
f 2711//2711 2634//2634 2735//2735
f 2712//2712 2638//2638 2711//2711
f 2677//2677 2679//2679 2736//2736
f 2713//2713 2680//2680 2712//2712
f 2685//2685 2683//2683 2679//2679
f 2714//2714 2737//2737 2644//2644
f 2644//2644 2737//2737 2682//2682
f 2687//2687 2714//2714 2644//2644
f 2714//2714 2687//2687 2684//2684
f 2683//2683 2690//2690 2682//2682
f 2685//2685 2686//2686 2683//2683
f 2683//2683 2686//2686 2690//2690
f 2715//2715 2696//2696 2686//2686
f 2716//2716 2693//2693 2697//2697
f 2699//2699 2739//2739 2748//2748
f 2742//2742 2696//2696 2715//2715
f 2719//2719 2751//2751 2657//2657
f 2657//2657 2751//2751 2716//2716
f 2693//2693 2716//2716 2738//2738
f 2700//2700 2718//2718 2720//2720
f 2700//2700 2741//2741 2715//2715
f 2742//2742 2701//2701 2696//2696
f 2702//2702 2701//2701 2722//2722
f 2752//2752 2721//2721 2667//2667
f 2722//2722 2743//2743 2621//2621
f 2621//2621 2743//2743 2724//2724
f 2704//2704 2723//2723 2623//2623
f 2762//2762 2669//2669 2703//2703
f 2556//2556 2705//2705 2704//2704
f 2765//2765 2587//2587 2762//2762
f 2587//2587 2725//2725 2588//2588
f 2727//2727 2726//2726 2558//2558
f 2707//2707 2625//2625 2706//2706
f 2626//2626 2730//2730 2728//2728
f 2627//2627 2671//2671 2777//2777
f 2710//2710 2747//2747 2676//2676
f 2731//2731 2675//2675 2746//2746
f 2677//2677 2746//2746 2675//2675
f 2732//2732 2734//2734 2735//2735
f 2733//2733 2746//2746 2677//2677
f 2735//2735 2712//2712 2711//2711
f 2733//2733 2677//2677 2736//2736
f 2735//2735 2714//2714 2712//2712
f 2733//2733 2736//2736 2683//2683
f 2733//2733 2737//2737 2734//2734
f 2733//2733 2683//2683 2737//2737
f 2734//2734 2714//2714 2735//2735
f 2714//2714 2713//2713 2712//2712
f 2679//2679 2683//2683 2736//2736
f 2737//2737 2714//2714 2734//2734
f 2683//2683 2682//2682 2737//2737
f 2684//2684 2713//2713 2714//2714
f 2739//2739 2717//2717 2698//2698
f 2740//2740 2718//2718 2662//2662
f 2751//2751 2749//2749 2716//2716
f 2716//2716 2749//2749 2738//2738
f 2720//2720 2718//2718 2740//2740
f 2757//2757 2700//2700 2720//2720
f 2741//2741 2742//2742 2715//2715
f 2741//2741 2700//2700 2757//2757
f 2665//2665 2751//2751 2719//2719
f 2721//2721 2751//2751 2665//2665
f 2742//2742 2769//2769 2701//2701
f 2723//2723 2752//2752 2667//2667
f 2724//2724 2762//2762 2703//2703
f 2586//2586 2705//2705 2556//2556
f 2765//2765 2725//2725 2587//2587
f 2558//2558 2726//2726 2670//2670
f 2706//2706 2559//2559 2725//2725
f 2706//2706 2725//2725 2766//2766
f 2726//2726 2727//2727 2745//2745
f 2727//2727 2754//2754 2745//2745
f 2707//2707 2775//2775 2729//2729
f 2767//2767 2728//2728 2730//2730
f 2730//2730 2672//2672 2786//2786
f 2788//2788 2672//2672 2709//2709
f 2747//2747 2710//2710 2731//2731
f 2731//2731 2746//2746 2747//2747
f 2746//2746 2732//2732 2747//2747
f 2746//2746 2734//2734 2732//2732
f 2734//2734 2746//2746 2733//2733
f 2756//2756 2693//2693 2738//2738
f 2698//2698 2693//2693 2756//2756
f 2758//2758 2738//2738 2749//2749
f 2698//2698 2756//2756 2739//2739
f 2662//2662 2768//2768 2740//2740
f 2768//2768 2720//2720 2740//2740
f 2757//2757 2759//2759 2741//2741
f 2759//2759 2742//2742 2741//2741
f 2759//2759 2750//2750 2742//2742
f 2750//2750 2769//2769 2742//2742
f 2769//2769 2722//2722 2701//2701
f 2723//2723 2770//2770 2752//2752
f 2704//2704 2705//2705 2772//2772
f 2762//2762 2753//2753 2765//2765
f 2670//2670 2705//2705 2586//2586
f 2670//2670 2744//2744 2705//2705
f 2744//2744 2670//2670 2726//2726
f 2725//2725 2765//2765 2764//2764
f 2745//2745 2754//2754 2795//2795
f 2706//2706 2766//2766 2755//2755
f 2755//2755 2707//2707 2706//2706
f 2727//2727 2811//2811 2754//2754
f 2728//2728 2811//2811 2727//2727
f 2786//2786 2767//2767 2730//2730
f 2777//2777 2671//2671 2785//2785
f 2788//2788 2786//2786 2672//2672
f 2709//2709 2708//2708 2778//2778
f 2748//2748 2807//2807 2662//2662
f 2807//2807 2768//2768 2662//2662
f 2738//2738 2758//2758 2756//2756
f 2768//2768 2757//2757 2720//2720
f 2751//2751 2782//2782 2749//2749
f 2760//2760 2751//2751 2721//2721
f 2721//2721 2752//2752 2760//2760
f 2773//2773 2724//2724 2743//2743
f 2704//2704 2770//2770 2723//2723
f 2773//2773 2762//2762 2724//2724
f 2705//2705 2761//2761 2772//2772
f 2765//2765 2753//2753 2764//2764
f 2810//2810 2725//2725 2764//2764
f 2725//2725 2810//2810 2766//2766
f 2745//2745 2795//2795 2726//2726
f 2707//2707 2755//2755 2775//2775
f 2767//2767 2811//2811 2728//2728
f 2671//2671 2729//2729 2775//2775
f 2778//2778 2788//2788 2709//2709
f 2756//2756 2779//2779 2739//2739
f 2739//2739 2779//2779 2780//2780
f 2780//2780 2748//2748 2739//2739
f 2780//2780 2807//2807 2748//2748
f 2768//2768 2781//2781 2757//2757
f 2757//2757 2781//2781 2759//2759
f 2758//2758 2749//2749 2799//2799
f 2760//2760 2782//2782 2751//2751
f 2791//2791 2760//2760 2752//2752
f 2770//2770 2791//2791 2752//2752
f 2743//2743 2722//2722 2771//2771
f 2771//2771 2773//2773 2743//2743
f 2704//2704 2772//2772 2770//2770
f 2753//2753 2762//2762 2773//2773
f 2705//2705 2774//2774 2763//2763
f 2744//2744 2774//2774 2705//2705
f 2744//2744 2726//2726 2774//2774
f 2726//2726 2795//2795 2793//2793
f 2775//2775 2776//2776 2671//2671
f 2776//2776 2785//2785 2671//2671
f 2821//2821 2786//2786 2788//2788
f 2708//2708 2777//2777 2778//2778
f 2797//2797 2788//2788 2778//2778
f 2779//2779 2789//2789 2780//2780
f 2756//2756 2758//2758 2799//2799
f 2779//2779 2756//2756 2799//2799
f 2768//2768 2798//2798 2781//2781
f 2759//2759 2781//2781 2800//2800
f 2782//2782 2801//2801 2749//2749
f 2799//2799 2749//2749 2801//2801
f 2759//2759 2790//2790 2750//2750
f 2769//2769 2750//2750 2790//2790
f 2791//2791 2783//2783 2760//2760
f 2769//2769 2790//2790 2722//2722
f 2790//2790 2771//2771 2722//2722
f 2772//2772 2791//2791 2770//2770
f 2773//2773 2771//2771 2803//2803
f 2803//2803 2784//2784 2773//2773
f 2773//2773 2819//2819 2753//2753
f 2705//2705 2804//2804 2761//2761
f 2753//2753 2792//2792 2764//2764
f 2792//2792 2810//2810 2764//2764
f 2793//2793 2774//2774 2726//2726
f 2795//2795 2827//2827 2793//2793
f 2805//2805 2755//2755 2766//2766
f 2811//2811 2767//2767 2812//2812
f 2812//2812 2767//2767 2786//2786
f 2777//2777 2785//2785 2787//2787
f 2778//2778 2777//2777 2787//2787
f 2780//2780 2789//2789 2807//2807
f 2779//2779 2799//2799 2789//2789
f 2807//2807 2798//2798 2768//2768
f 2782//2782 2760//2760 2783//2783
f 2800//2800 2790//2790 2759//2759
f 2771//2771 2790//2790 2803//2803
f 2819//2819 2773//2773 2784//2784
f 2763//2763 2804//2804 2705//2705
f 2810//2810 2794//2794 2766//2766
f 2805//2805 2766//2766 2794//2794
f 2811//2811 2795//2795 2754//2754
f 2805//2805 2775//2775 2755//2755
f 2805//2805 2820//2820 2775//2775
f 2776//2776 2775//2775 2820//2820
f 2796//2796 2821//2821 2788//2788
f 2797//2797 2796//2796 2788//2788
f 2813//2813 2798//2798 2807//2807
f 2781//2781 2798//2798 2800//2800
f 2783//2783 2791//2791 2802//2802
f 2772//2772 2802//2802 2791//2791
f 2772//2772 2808//2808 2802//2802
f 2761//2761 2804//2804 2772//2772
f 2774//2774 2804//2804 2763//2763
f 2809//2809 2792//2792 2753//2753
f 2776//2776 2820//2820 2785//2785
f 2806//2806 2812//2812 2786//2786
f 2787//2787 2785//2785 2820//2820
f 2823//2823 2807//2807 2789//2789
f 2789//2789 2799//2799 2814//2814
f 2789//2789 2814//2814 2823//2823
f 2813//2813 2815//2815 2798//2798
f 2801//2801 2851//2851 2799//2799
f 2798//2798 2815//2815 2800//2800
f 2782//2782 2783//2783 2801//2801
f 2842//2842 2790//2790 2800//2800
f 2790//2790 2835//2835 2803//2803
f 2803//2803 2835//2835 2817//2817
f 2803//2803 2817//2817 2784//2784
f 2804//2804 2808//2808 2772//2772
f 2819//2819 2784//2784 2826//2826
f 2819//2819 2809//2809 2753//2753
f 2774//2774 2793//2793 2818//2818
f 2811//2811 2827//2827 2795//2795
f 2811//2811 2845//2845 2832//2832
f 2811//2811 2812//2812 2845//2845
f 2786//2786 2821//2821 2806//2806
f 2813//2813 2807//2807 2829//2829
f 2851//2851 2814//2814 2799//2799
f 2851//2851 2801//2801 2816//2816
f 2815//2815 2842//2842 2800//2800
f 2835//2835 2790//2790 2842//2842
f 2825//2825 2783//2783 2802//2802
f 2825//2825 2836//2836 2783//2783
f 2808//2808 2825//2825 2802//2802
f 2774//2774 2818//2818 2804//2804
f 2838//2838 2793//2793 2827//2827
f 2805//2805 2794//2794 2839//2839
f 2811//2811 2832//2832 2827//2827
f 2832//2832 2855//2855 2827//2827
f 2833//2833 2820//2820 2805//2805
f 2848//2848 2796//2796 2797//2797
f 2834//2834 2848//2848 2797//2797
f 2834//2834 2797//2797 2778//2778
f 2778//2778 2787//2787 2834//2834
f 2814//2814 2822//2822 2823//2823
f 2823//2823 2829//2829 2807//2807
f 2829//2829 2850//2850 2813//2813
f 2813//2813 2850//2850 2815//2815
f 2816//2816 2801//2801 2836//2836
f 2842//2842 2815//2815 2824//2824
f 2801//2801 2783//2783 2836//2836
f 2830//2830 2784//2784 2817//2817
f 2806//2806 2845//2845 2812//2812
f 2828//2828 2787//2787 2820//2820
f 2787//2787 2872//2872 2856//2856
f 2822//2822 2829//2829 2823//2823
f 2850//2850 2824//2824 2815//2815
f 2843//2843 2836//2836 2825//2825
f 2817//2817 2835//2835 2830//2830
f 2784//2784 2830//2830 2826//2826
f 2808//2808 2844//2844 2825//2825
f 2831//2831 2844//2844 2808//2808
f 2804//2804 2831//2831 2808//2808
f 2859//2859 2819//2819 2826//2826
f 2793//2793 2837//2837 2818//2818
f 2869//2869 2792//2792 2809//2809
f 2793//2793 2838//2838 2837//2837
f 2792//2792 2794//2794 2810//2810
f 2862//2862 2805//2805 2839//2839
f 2805//2805 2862//2862 2833//2833
f 2832//2832 2845//2845 2855//2855
f 2828//2828 2820//2820 2833//2833
f 2787//2787 2828//2828 2833//2833
f 2847//2847 2806//2806 2821//2821
f 2847//2847 2821//2821 2796//2796
f 2848//2848 2847//2847 2796//2796
f 2814//2814 2851//2851 2822//2822
f 2824//2824 2853//2853 2842//2842
f 2825//2825 2844//2844 2843//2843
f 2818//2818 2831//2831 2804//2804
f 2819//2819 2859//2859 2809//2809
f 2792//2792 2869//2869 2868//2868
f 2792//2792 2868//2868 2794//2794
f 2855//2855 2838//2838 2827//2827
f 2872//2872 2787//2787 2833//2833
f 2848//2848 2882//2882 2847//2847
f 2822//2822 2851//2851 2849//2849
f 2816//2816 2840//2840 2851//2851
f 2816//2816 2836//2836 2841//2841
f 2877//2877 2826//2826 2830//2830
f 2869//2869 2809//2809 2859//2859
f 2868//2868 2880//2880 2839//2839
f 2868//2868 2839//2839 2794//2794
f 2862//2862 2839//2839 2880//2880
f 2847//2847 2846//2846 2806//2806
f 2787//2787 2856//2856 2834//2834
f 2873//2873 2850//2850 2822//2822
f 2849//2849 2873//2873 2822//2822
f 2822//2822 2850//2850 2829//2829
f 2816//2816 2852//2852 2840//2840
f 2850//2850 2866//2866 2824//2824
f 2876//2876 2836//2836 2843//2843
f 2835//2835 2842//2842 2875//2875
f 2885//2885 2830//2830 2835//2835
f 2844//2844 2854//2854 2843//2843
f 2831//2831 2858//2858 2844//2844
f 2861//2861 2837//2837 2838//2838
f 2869//2869 2880//2880 2868//2868
f 2855//2855 2861//2861 2838//2838
f 2894//2894 2861//2861 2855//2855
f 2833//2833 2871//2871 2872//2872
f 2882//2882 2846//2846 2847//2847
f 2896//2896 2882//2882 2848//2848
f 2896//2896 2848//2848 2834//2834
f 2840//2840 2865//2865 2851//2851
f 2865//2865 2849//2849 2851//2851
f 2816//2816 2841//2841 2852//2852
f 2836//2836 2857//2857 2841//2841
f 2876//2876 2857//2857 2836//2836
f 2866//2866 2853//2853 2824//2824
f 2853//2853 2875//2875 2842//2842
f 2854//2854 2876//2876 2843//2843
f 2875//2875 2885//2885 2835//2835
f 2877//2877 2859//2859 2826//2826
f 2837//2837 2831//2831 2818//2818
f 2893//2893 2860//2860 2837//2837
f 2833//2833 2862//2862 2871//2871
f 2845//2845 2890//2890 2855//2855
f 2846//2846 2845//2845 2806//2806
f 2864//2864 2872//2872 2895//2895
f 2891//2891 2846//2846 2882//2882
f 2856//2856 2864//2864 2834//2834
f 2864//2864 2856//2856 2872//2872
f 2865//2865 2873//2873 2849//2849
f 2874//2874 2850//2850 2873//2873
f 2874//2874 2866//2866 2850//2850
f 2901//2901 2876//2876 2854//2854
f 2854//2854 2844//2844 2901//2901
f 2837//2837 2860//2860 2831//2831
f 2837//2837 2861//2861 2893//2893
f 2893//2893 2861//2861 2894//2894
f 2855//2855 2889//2889 2894//2894
f 2870//2870 2889//2889 2855//2855
f 2855//2855 2890//2890 2870//2870
f 2881//2881 2871//2871 2862//2862
f 2864//2864 2896//2896 2834//2834
f 2898//2898 2892//2892 2875//2875
f 2876//2876 2901//2901 2884//2884
f 2875//2875 2892//2892 2885//2885
f 2830//2830 2885//2885 2877//2877
f 2877//2877 2867//2867 2859//2859
f 2867//2867 2869//2869 2859//2859
f 2886//2886 2878//2878 2869//2869
f 2887//2887 2869//2869 2878//2878
f 2887//2887 2880//2880 2879//2879
f 2869//2869 2887//2887 2879//2879
f 2879//2879 2880//2880 2869//2869
f 2903//2903 2862//2862 2880//2880
f 2846//2846 2890//2890 2845//2845
f 2895//2895 2872//2872 2871//2871
f 2891//2891 2863//2863 2846//2846
f 2840//2840 2852//2852 2865//2865
f 2897//2897 2873//2873 2865//2865
f 2874//2874 2853//2853 2866//2866
f 2852//2852 2841//2841 2883//2883
f 2857//2857 2883//2883 2841//2841
f 2898//2898 2875//2875 2853//2853
f 2876//2876 2884//2884 2857//2857
f 2892//2892 2900//2900 2885//2885
f 2910//2910 2885//2885 2900//2900
f 2911//2911 2844//2844 2858//2858
f 2911//2911 2901//2901 2844//2844
f 2831//2831 2911//2911 2858//2858
f 2831//2831 2860//2860 2911//2911
f 2886//2886 2869//2869 2867//2867
f 2887//2887 2878//2878 2886//2886
f 2886//2886 2880//2880 2887//2887
f 2886//2886 2888//2888 2880//2880
f 2904//2904 2870//2870 2890//2890
f 2903//2903 2881//2881 2862//2862
f 2895//2895 2871//2871 2881//2881
f 2846//2846 2922//2922 2890//2890
f 2882//2882 2896//2896 2891//2891
f 2852//2852 2883//2883 2897//2897
f 2865//2865 2852//2852 2897//2897
f 2897//2897 2945//2945 2873//2873
f 2874//2874 2945//2945 2928//2928
f 2873//2873 2945//2945 2874//2874
f 2874//2874 2943//2943 2853//2853
f 2943//2943 2898//2898 2853//2853
f 2877//2877 2885//2885 2910//2910
f 2911//2911 2860//2860 2913//2913
f 2867//2867 2877//2877 2912//2912
f 2913//2913 2860//2860 2893//2893
f 2914//2914 2886//2886 2867//2867
f 2888//2888 2886//2886 2921//2921
f 2888//2888 2903//2903 2880//2880
f 2903//2903 2921//2921 2881//2881
f 2863//2863 2922//2922 2846//2846
f 2896//2896 2906//2906 2891//2891
f 2906//2906 2905//2905 2891//2891
f 2874//2874 2928//2928 2943//2943
f 2919//2919 2884//2884 2901//2901
f 2912//2912 2877//2877 2910//2910
f 2914//2914 2867//2867 2912//2912
f 2902//2902 2913//2913 2893//2893
f 2894//2894 2920//2920 2893//2893
f 2935//2935 2886//2886 2914//2914
f 2889//2889 2936//2936 2894//2894
f 2870//2870 2904//2904 2889//2889
f 2915//2915 2895//2895 2881//2881
f 2915//2915 2931//2931 2895//2895
f 2863//2863 2905//2905 2922//2922
f 2891//2891 2905//2905 2863//2863
f 2906//2906 2864//2864 2931//2931
f 2931//2931 2864//2864 2895//2895
f 2906//2906 2896//2896 2864//2864
f 2908//2908 2897//2897 2883//2883
f 2908//2908 2927//2927 2897//2897
f 2897//2897 2933//2933 2945//2945
f 2900//2900 2930//2930 2910//2910
f 2921//2921 2886//2886 2935//2935
f 2888//2888 2921//2921 2903//2903
f 2890//2890 2922//2922 2904//2904
f 2939//2939 2906//2906 2931//2931
f 2897//2897 2927//2927 2933//2933
f 2908//2908 2909//2909 2916//2916
f 2911//2911 2919//2919 2901//2901
f 2934//2934 2919//2919 2911//2911
f 2910//2910 2949//2949 2912//2912
f 2913//2913 2934//2934 2911//2911
f 2950//2950 2914//2914 2912//2912
f 2935//2935 2914//2914 2950//2950
f 2902//2902 2893//2893 2920//2920
f 2894//2894 2936//2936 2920//2920
f 2921//2921 2915//2915 2881//2881
f 2905//2905 2940//2940 2922//2922
f 2906//2906 2940//2940 2905//2905
f 2916//2916 2927//2927 2908//2908
f 2909//2909 2948//2948 2916//2916
f 2910//2910 2930//2930 2949//2949
f 2949//2949 2950//2950 2912//2912
f 2937//2937 2921//2921 2935//2935
f 2951//2951 2921//2921 2937//2937
f 2889//2889 2904//2904 2979//2979
f 2915//2915 2921//2921 2951//2951
f 2952//2952 2904//2904 2922//2922
f 2938//2938 2931//2931 2915//2915
f 2966//2966 2906//2906 2939//2939
f 2947//2947 2927//2927 2916//2916
f 2945//2945 2985//2985 2928//2928
f 2930//2930 2989//2989 2949//2949
f 2934//2934 2986//2986 2919//2919
f 2920//2920 2936//2936 2902//2902
f 2952//2952 2979//2979 2904//2904
f 2951//2951 2938//2938 2915//2915
f 2952//2952 2922//2922 2940//2940
f 2940//2940 2906//2906 2966//2966
f 2939//2939 2931//2931 2938//2938
f 2947//2947 2955//2955 2927//2927
f 2927//2927 2955//2955 2933//2933
f 2933//2933 2971//2971 2945//2945
f 2955//2955 2971//2971 2933//2933
f 2986//2986 2934//2934 2993//2993
f 2950//2950 2949//2949 3024//3024
f 2913//2913 2993//2993 2934//2934
f 2993//2993 2913//2913 2960//2960
f 2913//2913 2902//2902 2960//2960
f 2962//2962 2977//2977 2902//2902
f 2936//2936 2962//2962 2902//2902
f 2961//2961 2937//2937 2935//2935
f 2978//2978 2937//2937 2961//2961
f 2889//2889 2962//2962 2936//2936
f 2979//2979 2962//2962 2889//2889
f 2963//2963 2951//2951 2937//2937
f 2996//2996 2940//2940 2966//2966
f 2966//2966 2939//2939 2938//2938
f 2970//2970 2955//2955 2983//2983
f 2916//2916 2984//2984 2947//2947
f 2916//2916 2948//2948 3010//3010
f 2957//2957 2985//2985 2958//2958
f 2975//2975 2989//2989 2974//2974
f 2989//2989 2975//2975 2949//2949
f 2950//2950 2961//2961 2935//2935
f 2964//2964 2979//2979 2952//2952
f 2965//2965 2964//2964 2952//2952
f 2963//2963 2938//2938 2951//2951
f 2940//2940 2965//2965 2952//2952
f 2996//2996 2965//2965 2940//2940
f 2955//2955 2947//2947 2984//2984
f 2955//2955 2984//2984 2983//2983
f 2955//2955 2970//2970 2971//2971
f 2985//2985 2945//2945 2971//2971
f 3010//3010 2984//2984 2916//2916
f 3010//3010 2956//2956 2990//2990
f 2985//2985 2988//2988 2958//2958
f 2959//2959 2986//2986 2992//2992
f 2975//2975 2974//2974 3023//3023
f 2975//2975 3024//3024 2949//2949
f 2976//2976 2961//2961 2950//2950
f 2977//2977 2960//2960 2902//2902
f 2977//2977 2962//2962 2979//2979
f 2978//2978 2963//2963 2937//2937
f 2965//2965 2979//2979 2964//2964
f 2978//2978 2938//2938 2963//2963
f 3027//3027 2938//2938 2978//2978
f 2996//2996 2966//2966 2938//2938
f 2988//2988 3092//3092 2973//2973
f 2959//2959 2991//2991 3009//3009
f 2974//2974 2973//2973 3092//3092
f 3092//3092 3023//3023 2974//2974
f 3071//3071 2950//2950 3024//3024
f 2960//2960 2994//2994 2993//2993
f 2976//2976 2950//2950 3071//3071
f 2977//2977 2994//2994 2960//2960
f 2979//2979 2994//2994 2977//2977
f 3041//3041 2978//2978 2961//2961
f 3041//3041 3027//3027 2978//2978
f 2965//2965 2995//2995 2979//2979
f 3012//3012 2965//2965 2996//2996
f 2938//2938 3027//3027 2996//2996
f 2999//2999 2998//2998 2997//2997
f 2970//2970 3005//3005 3064//3064
f 2983//2983 3005//3005 2970//2970
f 2970//2970 3064//3064 2971//2971
f 3064//3064 2985//2985 2971//2971
f 3154//3154 2988//2988 2985//2985
f 3040//3040 2991//2991 2959//2959
f 2959//2959 2992//2992 3040//3040
f 3024//3024 2975//2975 3023//3023
f 2993//2993 3025//3025 2992//2992
f 2993//2993 2992//2992 2986//2986
f 3041//3041 2961//2961 2976//2976
f 2995//2995 2994//2994 2979//2979
f 3012//3012 2995//2995 2965//2965
f 3026//3026 3027//3027 3011//3011
f 3011//3011 3027//3027 3041//3041
f 3043//3043 2997//2997 2998//2998
f 2999//2999 3014//3014 2998//2998
f 3031//3031 2997//2997 3043//3043
f 3031//3031 2999//2999 2997//2997
f 3014//3014 2999//2999 3000//3000
f 2999//2999 3031//3031 3000//3000
f 3064//3064 3005//3005 3017//3017
f 2983//2983 3018//3018 3005//3005
f 2984//2984 3018//3018 2983//2983
f 3010//3010 3022//3022 2984//2984
f 3066//3066 2985//2985 3064//3064
f 3154//3154 2985//2985 3066//3066
f 3010//3010 2990//2990 3022//3022
f 3009//3009 2991//2991 2990//2990
f 3039//3039 3023//3023 3092//3092
f 2992//2992 3025//3025 3040//3040
f 3070//3070 3024//3024 3023//3023
f 3070//3070 3071//3071 3024//3024
f 2994//2994 3025//3025 2993//2993
f 3041//3041 2976//2976 3071//3071
f 3042//3042 2998//2998 3028//3028
f 3043//3043 3029//3029 3030//3030
f 3013//3013 2998//2998 3014//3014
f 3044//3044 3030//3030 3076//3076
f 3043//3043 3030//3030 3031//3031
f 3045//3045 3013//3013 3014//3014
f 3046//3046 3000//3000 3031//3031
f 3000//3000 3032//3032 3014//3014
f 3032//3032 3000//3000 3046//3046
f 3017//3017 3035//3035 3082//3082
f 3017//3017 3082//3082 3036//3036
f 3034//3034 3054//3054 3035//3035
f 3034//3034 3035//3035 3005//3005
f 3005//3005 3035//3035 3017//3017
f 3017//3017 3036//3036 3064//3064
f 3062//3062 3018//3018 2984//2984
f 3022//3022 3062//3062 2984//2984
f 3092//3092 2988//2988 3154//3154
f 2990//2990 3093//3093 3022//3022
f 2991//2991 3093//3093 2990//2990
f 3094//3094 3040//3040 3025//3025
f 3095//3095 3071//3071 3070//3070
f 3072//3072 3025//3025 2994//2994
f 3127//3127 3012//3012 2996//2996
f 3127//3127 2996//2996 3027//3027
f 3127//3127 3027//3027 3026//3026
f 3042//3042 3043//3043 2998//2998
f 3029//3029 3043//3043 3042//3042
f 3013//3013 3028//3028 2998//2998
f 3029//3029 3132//3132 3030//3030
f 3075//3075 3028//3028 3013//3013
f 3073//3073 3076//3076 3030//3030
f 3077//3077 3030//3030 3044//3044
f 3032//3032 3045//3045 3014//3014
f 3077//3077 3044//3044 3117//3117
f 3047//3047 3045//3045 3032//3032
f 3047//3047 3049//3049 3045//3045
f 3047//3047 3032//3032 3050//3050
f 3046//3046 3050//3050 3032//3032
f 3049//3049 3048//3048 3045//3045
f 3080//3080 3050//3050 3046//3046
f 3052//3052 3048//3048 3049//3049
f 3047//3047 3050//3050 3051//3051
f 3049//3049 3047//3047 3051//3051
f 3051//3051 3050//3050 3080//3080
f 3053//3053 3052//3052 3049//3049
f 3054//3054 3049//3049 3051//3051
f 3102//3102 3051//3051 3080//3080
f 3053//3053 3049//3049 3054//3054
f 3051//3051 3056//3056 3054//3054
f 3034//3034 3055//3055 3053//3053
f 3082//3082 3051//3051 3102//3102
f 3054//3054 3034//3034 3053//3053
f 3102//3102 3036//3036 3082//3082
f 3035//3035 3056//3056 3082//3082
f 3054//3054 3056//3056 3035//3035
f 3036//3036 3102//3102 3084//3084
f 3005//3005 3055//3055 3034//3034
f 3005//3005 3062//3062 3055//3055
f 3018//3018 3062//3062 3005//3005
f 3084//3084 3064//3064 3036//3036
f 3064//3064 3084//3084 3066//3066
f 3062//3062 3022//3022 3069//3069
f 3022//3022 3093//3093 3069//3069
f 3040//3040 3125//3125 2991//2991
f 3094//3094 3025//3025 3072//3072
f 3095//3095 3041//3041 3071//3071
f 3111//3111 2994//2994 2995//2995
f 3112//3112 3011//3011 3095//3095
f 3095//3095 3011//3011 3041//3041
f 3012//3012 3111//3111 2995//2995
f 3112//3112 3026//3026 3011//3011
f 3111//3111 3012//3012 3127//3127
f 3029//3029 3042//3042 3129//3129
f 3075//3075 3131//3131 3028//3028
f 3132//3132 3073//3073 3030//3030
f 3075//3075 3045//3045 3074//3074
f 3013//3013 3045//3045 3075//3075
f 3147//3147 3044//3044 3076//3076
f 3097//3097 3074//3074 3045//3045
f 3031//3031 3030//3030 3078//3078
f 3044//3044 3147//3147 3117//3117
f 3078//3078 3046//3046 3031//3031
f 3077//3077 3078//3078 3030//3030
f 3048//3048 3097//3097 3045//3045
f 3079//3079 3078//3078 3077//3077
f 3077//3077 3117//3117 3098//3098
f 3078//3078 3080//3080 3046//3046
f 3079//3079 3077//3077 3101//3101
f 3077//3077 3098//3098 3101//3101
f 3080//3080 3078//3078 3079//3079
f 3080//3080 3079//3079 3100//3100
f 3100//3100 3102//3102 3080//3080
f 3102//3102 3100//3100 3081//3081
f 3053//3053 3055//3055 3052//3052
f 3082//3082 3056//3056 3051//3051
f 3062//3062 3086//3086 3055//3055
f 3086//3086 3062//3062 3069//3069
f 3066//3066 3084//3084 3123//3123
f 2991//2991 3110//3110 3093//3093
f 3125//3125 3110//3110 2991//2991
f 3070//3070 3023//3023 3039//3039
f 3125//3125 3040//3040 3094//3094
f 3095//3095 3070//3070 3144//3144
f 3111//3111 3072//3072 2994//2994
f 3026//3026 3112//3112 3127//3127
f 3028//3028 3131//3131 3042//3042
f 3129//3129 3132//3132 3029//3029
f 3132//3132 3133//3133 3073//3073
f 3133//3133 3113//3113 3073//3073
f 3073//3073 3113//3113 3076//3076
f 3075//3075 3074//3074 3114//3114
f 3076//3076 3113//3113 3096//3096
f 3097//3097 3114//3114 3074//3074
f 3096//3096 3147//3147 3076//3076
f 3115//3115 3114//3114 3097//3097
f 3115//3115 3097//3097 3099//3099
f 3048//3048 3099//3099 3097//3097
f 3052//3052 3099//3099 3048//3048
f 3081//3081 3079//3079 3101//3101
f 3081//3081 3100//3100 3079//3079
f 3084//3084 3105//3105 3123//3123
f 3143//3143 3086//3086 3069//3069
f 3154//3154 3066//3066 3123//3123
f 3039//3039 3092//3092 3154//3154
f 3109//3109 3124//3124 3039//3039
f 3124//3124 3070//3070 3039//3039
f 3144//3144 3070//3070 3124//3124
f 3155//3155 3112//3112 3095//3095
f 3129//3129 3042//3042 3131//3131
f 3145//3145 3132//3132 3129//3129
f 3134//3134 3157//3157 3131//3131
f 3114//3114 3134//3134 3075//3075
f 3075//3075 3134//3134 3131//3131
f 3160//3160 3096//3096 3113//3113
f 3160//3160 3147//3147 3096//3096
f 3099//3099 3116//3116 3115//3115
f 3136//3136 3098//3098 3117//3117
f 3052//3052 3118//3118 3099//3099
f 3136//3136 3101//3101 3098//3098
f 3055//3055 3138//3138 3052//3052
f 3101//3101 3137//3137 3081//3081
f 3137//3137 3102//3102 3081//3081
f 3137//3137 3084//3084 3102//3102
f 3138//3138 3055//3055 3086//3086
f 3105//3105 3084//3084 3137//3137
f 3086//3086 3143//3143 3122//3122
f 3167//3167 3123//3123 3105//3105
f 3069//3069 3093//3093 3143//3143
f 3109//3109 3039//3039 3154//3154
f 3124//3124 3109//3109 3168//3168
f 3072//3072 3111//3111 3094//3094
f 3144//3144 3155//3155 3095//3095
f 3127//3127 3126//3126 3111//3111
f 3128//3128 3112//3112 3155//3155
f 3126//3126 3127//3127 3156//3156
f 3156//3156 3112//3112 3128//3128
f 3112//3112 3156//3156 3127//3127
f 3131//3131 3130//3130 3129//3129
f 3157//3157 3130//3130 3131//3131
f 3133//3133 3132//3132 3145//3145
f 3113//3113 3133//3133 3145//3145
f 3114//3114 3135//3135 3134//3134
f 3135//3135 3114//3114 3115//3115
f 3162//3162 3117//3117 3147//3147
f 3162//3162 3136//3136 3117//3117
f 3118//3118 3116//3116 3099//3099
f 3116//3116 3118//3118 3148//3148
f 3118//3118 3052//3052 3148//3148
f 3149//3149 3101//3101 3136//3136
f 3138//3138 3148//3148 3052//3052
f 3149//3149 3137//3137 3101//3101
f 3168//3168 3109//3109 3154//3154
f 3094//3094 3184//3184 3125//3125
f 3202//3202 3144//3144 3124//3124
f 3155//3155 3144//3144 3170//3170
f 3111//3111 3126//3126 3203//3203
f 3130//3130 3205//3205 3129//3129
f 3205//3205 3145//3145 3129//3129
f 3146//3146 3157//3157 3134//3134
f 3135//3135 3146//3146 3134//3134
f 3115//3115 3159//3159 3135//3135
f 3116//3116 3161//3161 3115//3115
f 3149//3149 3136//3136 3162//3162
f 3176//3176 3137//3137 3149//3149
f 3086//3086 3122//3122 3138//3138
f 3176//3176 3105//3105 3137//3137
f 3167//3167 3105//3105 3176//3176
f 3167//3167 3154//3154 3123//3123
f 3093//3093 3110//3110 3143//3143
f 3110//3110 3184//3184 3201//3201
f 3168//3168 3202//3202 3124//3124
f 3125//3125 3184//3184 3110//3110
f 3094//3094 3111//3111 3203//3203
f 3156//3156 3203//3203 3126//3126
f 3156//3156 3128//3128 3155//3155
f 3230//3230 3145//3145 3205//3205
f 3171//3171 3146//3146 3135//3135
f 3113//3113 3145//3145 3158//3158
f 3171//3171 3135//3135 3159//3159
f 3158//3158 3160//3160 3113//3113
f 3173//3173 3147//3147 3160//3160
f 3115//3115 3161//3161 3159//3159
f 3173//3173 3162//3162 3147//3147
f 3148//3148 3175//3175 3116//3116
f 3174//3174 3149//3149 3162//3162
f 3167//3167 3176//3176 3165//3165
f 3183//3183 3122//3122 3143//3143
f 3228//3228 3168//3168 3154//3154
f 3203//3203 3184//3184 3094//3094
f 3204//3204 3144//3144 3202//3202
f 3170//3170 3144//3144 3204//3204
f 3186//3186 3203//3203 3156//3156
f 3186//3186 3156//3156 3185//3185
f 3185//3185 3155//3155 3170//3170
f 3185//3185 3156//3156 3155//3155
f 3130//3130 3206//3206 3205//3205
f 3188//3188 3130//3130 3157//3157
f 3146//3146 3188//3188 3157//3157
f 3158//3158 3145//3145 3187//3187
f 3159//3159 3190//3190 3171//3171
f 3161//3161 3190//3190 3159//3159
f 3116//3116 3172//3172 3161//3161
f 3175//3175 3172//3172 3116//3116
f 3174//3174 3162//3162 3173//3173
f 3148//3148 3197//3197 3210//3210
f 3174//3174 3176//3176 3149//3149
f 3138//3138 3197//3197 3148//3148
f 3122//3122 3197//3197 3138//3138
f 3122//3122 3180//3180 3197//3197
f 3167//3167 3165//3165 3196//3196
f 3243//3243 3167//3167 3196//3196
f 3183//3183 3180//3180 3122//3122
f 3228//3228 3167//3167 3244//3244
f 3110//3110 3183//3183 3143//3143
f 3110//3110 3227//3227 3183//3183
f 3228//3228 3154//3154 3167//3167
f 3169//3169 3227//3227 3110//3110
f 3169//3169 3110//3110 3201//3201
f 3168//3168 3204//3204 3202//3202
f 3204//3204 3185//3185 3170//3170
f 3188//3188 3206//3206 3130//3130
f 3230//3230 3207//3207 3187//3187
f 3145//3145 3230//3230 3187//3187
f 3189//3189 3188//3188 3146//3146
f 3171//3171 3189//3189 3146//3146
f 3208//3208 3158//3158 3187//3187
f 3222//3222 3158//3158 3208//3208
f 3209//3209 3173//3173 3235//3235
f 3174//3174 3173//3173 3209//3209
f 3210//3210 3175//3175 3148//3148
f 3196//3196 3176//3176 3174//3174
f 3176//3176 3196//3196 3165//3165
f 3243//3243 3244//3244 3167//3167
f 3245//3245 3168//3168 3228//3228
f 3217//3217 3201//3201 3184//3184
f 3217//3217 3184//3184 3203//3203
f 3218//3218 3185//3185 3204//3204
f 3218//3218 3186//3186 3185//3185
f 3230//3230 3205//3205 3206//3206
f 3188//3188 3189//3189 3219//3219
f 3220//3220 3208//3208 3187//3187
f 3189//3189 3171//3171 3190//3190
f 3160//3160 3158//3158 3222//3222
f 3234//3234 3173//3173 3160//3160
f 3161//3161 3172//3172 3190//3190
f 3223//3223 3173//3173 3234//3234
f 3235//3235 3173//3173 3223//3223
f 3172//3172 3175//3175 3210//3210
f 3257//3257 3174//3174 3209//3209
f 3237//3237 3210//3210 3213//3213
f 3257//3257 3196//3196 3174//3174
f 3210//3210 3197//3197 3213//3213
f 3197//3197 3225//3225 3213//3213
f 3225//3225 3197//3197 3180//3180
f 3183//3183 3242//3242 3180//3180
f 3169//3169 3201//3201 3246//3246
f 3245//3245 3204//3204 3168//3168
f 3201//3201 3247//3247 3246//3246
f 3186//3186 3217//3217 3203//3203
f 3217//3217 3186//3186 3218//3218
f 3206//3206 3229//3229 3230//3230
f 3189//3189 3221//3221 3219//3219
f 3190//3190 3233//3233 3189//3189
f 3189//3189 3233//3233 3221//3221
f 3208//3208 3220//3220 3222//3222
f 3222//3222 3234//3234 3160//3160
f 3190//3190 3172//3172 3233//3233
f 3172//3172 3224//3224 3233//3233
f 3224//3224 3172//3172 3271//3271
f 3172//3172 3237//3237 3271//3271
f 3210//3210 3237//3237 3172//3172
f 3209//3209 3235//3235 3257//3257
f 3240//3240 3196//3196 3257//3257
f 3243//3243 3196//3196 3240//3240
f 3180//3180 3242//3242 3225//3225
f 3183//3183 3227//3227 3246//3246
f 3204//3204 3245//3245 3262//3262
f 3247//3247 3201//3201 3217//3217
f 3247//3247 3217//3217 3218//3218
f 3248//3248 3218//3218 3262//3262
f 3262//3262 3218//3218 3204//3204
f 3249//3249 3206//3206 3188//3188
f 3219//3219 3249//3249 3188//3188
f 3220//3220 3187//3187 3283//3283
f 3231//3231 3268//3268 3220//3220
f 3234//3234 3220//3220 3268//3268
f 3222//3222 3220//3220 3234//3234
f 3267//3267 3221//3221 3233//3233
f 3254//3254 3223//3223 3234//3234
f 3235//3235 3223//3223 3254//3254
f 3271//3271 3233//3233 3224//3224
f 3235//3235 3269//3269 3236//3236
f 3236//3236 3257//3257 3235//3235
f 3236//3236 3256//3256 3257//3257
f 3259//3259 3243//3243 3240//3240
f 3225//3225 3242//3242 3213//3213
f 3226//3226 3242//3242 3183//3183
f 3183//3183 3246//3246 3226//3226
f 3277//3277 3228//3228 3244//3244
f 3245//3245 3228//3228 3277//3277
f 3169//3169 3246//3246 3227//3227
f 3281//3281 3246//3246 3247//3247
f 3247//3247 3218//3218 3248//3248
f 3229//3229 3264//3264 3230//3230
f 3206//3206 3299//3299 3229//3229
f 3230//3230 3264//3264 3207//3207
f 3299//3299 3206//3206 3249//3249
f 3219//3219 3251//3251 3249//3249
f 3283//3283 3250//3250 3220//3220
f 3221//3221 3251//3251 3219//3219
f 3250//3250 3231//3231 3220//3220
f 3221//3221 3267//3267 3251//3251
f 3250//3250 3232//3232 3231//3231
f 3253//3253 3232//3232 3252//3252
f 3254//3254 3269//3269 3235//3235
f 3237//3237 3255//3255 3271//3271
f 3238//3238 3255//3255 3237//3237
f 3213//3213 3238//3238 3237//3237
f 3256//3256 3240//3240 3257//3257
f 3273//3273 3240//3240 3256//3256
f 3213//3213 3242//3242 3238//3238
f 3259//3259 3240//3240 3273//3273
f 3243//3243 3276//3276 3244//3244
f 3277//3277 3244//3244 3276//3276
f 3226//3226 3246//3246 3279//3279
f 3280//3280 3245//3245 3277//3277
f 3262//3262 3245//3245 3280//3280
f 3263//3263 3281//3281 3247//3247
f 3263//3263 3247//3247 3262//3262
f 3247//3247 3248//3248 3262//3262
f 3229//3229 3299//3299 3264//3264
f 3282//3282 3187//3187 3207//3207
f 3251//3251 3267//3267 3265//3265
f 3265//3265 3267//3267 3266//3266
f 3284//3284 3266//3266 3250//3250
f 3267//3267 3232//3232 3266//3266
f 3266//3266 3232//3232 3250//3250
f 3267//3267 3252//3252 3232//3232
f 3267//3267 3285//3285 3252//3252
f 3285//3285 3253//3253 3252//3252
f 3253//3253 3286//3286 3232//3232
f 3233//3233 3288//3288 3267//3267
f 3232//3232 3286//3286 3301//3301
f 3301//3301 3231//3231 3232//3232
f 3231//3231 3301//3301 3268//3268
f 3301//3301 3234//3234 3268//3268
f 3288//3288 3285//3285 3267//3267
f 3301//3301 3254//3254 3234//3234
f 3301//3301 3269//3269 3254//3254
f 3270//3270 3288//3288 3233//3233
f 3271//3271 3270//3270 3233//3233
f 3270//3270 3271//3271 3272//3272
f 3272//3272 3271//3271 3255//3255
f 3236//3236 3273//3273 3256//3256
f 3236//3236 3290//3290 3273//3273
f 3259//3259 3273//3273 3276//3276
f 3259//3259 3276//3276 3243//3243
f 3226//3226 3292//3292 3242//3242
f 3279//3279 3314//3314 3226//3226
f 3278//3278 3280//3280 3277//3277
f 3281//3281 3279//3279 3246//3246
f 3281//3281 3263//3263 3280//3280
f 3263//3263 3262//3262 3280//3280
f 3207//3207 3264//3264 3282//3282
f 3249//3249 3265//3265 3299//3299
f 3251//3251 3265//3265 3249//3249
f 3283//3283 3282//3282 3284//3284
f 3283//3283 3187//3187 3282//3282
f 3250//3250 3283//3283 3284//3284
f 3266//3266 3284//3284 3300//3300
f 3285//3285 3286//3286 3253//3253
f 3286//3286 3317//3317 3301//3301
f 3285//3285 3287//3287 3286//3286
f 3317//3317 3286//3286 3287//3287
f 3285//3285 3288//3288 3287//3287
f 3269//3269 3301//3301 3302//3302
f 3288//3288 3289//3289 3287//3287
f 3270//3270 3289//3289 3288//3288
f 3269//3269 3290//3290 3236//3236
f 3303//3303 3290//3290 3269//3269
f 3304//3304 3321//3321 3272//3272
f 3321//3321 3270//3270 3272//3272
f 3255//3255 3238//3238 3272//3272
f 3238//3238 3304//3304 3272//3272
f 3303//3303 3273//3273 3290//3290
f 3291//3291 3273//3273 3303//3303
f 3307//3307 3273//3273 3291//3291
f 3307//3307 3276//3276 3273//3273
f 3242//3242 3292//3292 3238//3238
f 3307//3307 3312//3312 3276//3276
f 3312//3312 3296//3296 3276//3276
f 3226//3226 3314//3314 3292//3292
f 3296//3296 3277//3277 3276//3276
f 3278//3278 3277//3277 3296//3296
f 3279//3279 3297//3297 3314//3314
f 3297//3297 3279//3279 3298//3298
f 3298//3298 3280//3280 3278//3278
f 3279//3279 3281//3281 3298//3298
f 3298//3298 3281//3281 3280//3280
f 3316//3316 3264//3264 3299//3299
f 3316//3316 3282//3282 3264//3264
f 3316//3316 3284//3284 3282//3282
f 3300//3300 3284//3284 3316//3316
f 3300//3300 3265//3265 3266//3266
f 3317//3317 3302//3302 3301//3301
f 3318//3318 3287//3287 3289//3289
f 3302//3302 3303//3303 3269//3269
f 3270//3270 3305//3305 3289//3289
f 3321//3321 3305//3305 3270//3270
f 3304//3304 3292//3292 3321//3321
f 3238//3238 3292//3292 3304//3304
f 3291//3291 3306//3306 3307//3307
f 3310//3310 3311//3311 3312//3312
f 3313//3313 3315//3315 3297//3297
f 3313//3313 3297//3297 3311//3311
f 3314//3314 3315//3315 3292//3292
f 3311//3311 3296//3296 3312//3312
f 3311//3311 3297//3297 3296//3296
f 3315//3315 3314//3314 3297//3297
f 3297//3297 3278//3278 3296//3296
f 3297//3297 3298//3298 3278//3278
f 3265//3265 3316//3316 3299//3299
f 3265//3265 3300//3300 3316//3316
f 3317//3317 3287//3287 3318//3318
f 3318//3318 3302//3302 3317//3317
f 3322//3322 3289//3289 3305//3305
f 3289//3289 3322//3322 3320//3320
f 3320//3320 3318//3318 3289//3289
f 3319//3319 3303//3303 3302//3302
f 3292//3292 3323//3323 3321//3321
f 3305//3305 3321//3321 3323//3323
f 3305//3305 3323//3323 3322//3322
f 3319//3319 3291//3291 3303//3303
f 3319//3319 3306//3306 3291//3291
f 3319//3319 3307//3307 3306//3306
f 3312//3312 3307//3307 3319//3319
f 3325//3325 3313//3313 3311//3311
f 3318//3318 3319//3319 3302//3302
f 3318//3318 3329//3329 3319//3319
f 3320//3320 3329//3329 3318//3318
f 3328//3328 3322//3322 3323//3323
f 3330//3330 3320//3320 3322//3322
f 3320//3320 3330//3330 3329//3329
f 3292//3292 3325//3325 3323//3323
f 3330//3330 3310//3310 3329//3329
f 3312//3312 3329//3329 3310//3310
f 3329//3329 3312//3312 3319//3319
f 3311//3311 3330//3330 3325//3325
f 3330//3330 3311//3311 3310//3310
f 3315//3315 3325//3325 3292//3292
f 3325//3325 3315//3315 3313//3313
f 3336//3336 3322//3322 3328//3328
f 3336//3336 3330//3330 3322//3322
f 3323//3323 3336//3336 3328//3328
f 3338//3338 3330//3330 3336//3336
f 3323//3323 3325//3325 3336//3336
f 3325//3325 3338//3338 3336//3336
f 3330//3330 3338//3338 3325//3325
usemtl tusk
f 2884//2884 2899//2899 2857//2857
f 2898//2898 2926//2926 2892//2892
f 2926//2926 2900//2900 2892//2892
f 2926//2926 2918//2918 2900//2900
f 2899//2899 2924//2924 2932//2932
f 2899//2899 2932//2932 2857//2857
f 2932//2932 2883//2883 2857//2857
f 2898//2898 2907//2907 2926//2926
f 2943//2943 2907//2907 2898//2898
f 2899//2899 2929//2929 2924//2924
f 2884//2884 2929//2929 2899//2899
f 2919//2919 2929//2929 2884//2884
f 2883//2883 2932//2932 2925//2925
f 2925//2925 2908//2908 2883//2883
f 2909//2909 2908//2908 2925//2925
f 2917//2917 2943//2943 2928//2928
f 2930//2930 2900//2900 2918//2918
f 2907//2907 2923//2923 2926//2926
f 3006//3006 2926//2926 2942//2942
f 3006//3006 2918//2918 2926//2926
f 3006//3006 2930//2930 2918//2918
f 2941//2941 2932//2932 2924//2924
f 2923//2923 2942//2942 2926//2926
f 2909//2909 2925//2925 2968//2968
f 2968//2968 2948//2948 2909//2909
f 2929//2929 2919//2919 2946//2946
f 3006//3006 2972//2972 2930//2930
f 2953//2953 2925//2925 2932//2932
f 2923//2923 2907//2907 3015//3015
f 2942//2942 2923//2923 3015//3015
f 2941//2941 2953//2953 2932//2932
f 2907//2907 2943//2943 2981//2981
f 2924//2924 2929//2929 2941//2941
f 3004//3004 2943//2943 2917//2917
f 2942//2942 2944//2944 3006//3006
f 2928//2928 2957//2957 2917//2917
f 2928//2928 2985//2985 2957//2957
f 2972//2972 2989//2989 2930//2930
f 2925//2925 2953//2953 2980//2980
f 2925//2925 2980//2980 3001//3001
f 2907//2907 2981//2981 3015//3015
f 3015//3015 2944//2944 2942//2942
f 2954//2954 2981//2981 2943//2943
f 2967//2967 2941//2941 2982//2982
f 3004//3004 2954//2954 2943//2943
f 2929//2929 2982//2982 2941//2941
f 2917//2917 2969//2969 3004//3004
f 2917//2917 2957//2957 2969//2969
f 2956//2956 2948//2948 2968//2968
f 2956//2956 3010//3010 2948//2948
f 2946//2946 2919//2919 3007//3007
f 2953//2953 2941//2941 3002//3002
f 3033//3033 2944//2944 3015//3015
f 2968//2968 2925//2925 3001//3001
f 3037//3037 3006//3006 2944//2944
f 2929//2929 2946//2946 2982//2982
f 2986//2986 3007//3007 2919//2919
f 3015//3015 2981//2981 3120//3120
f 2981//2981 2954//2954 3120//3120
f 2968//2968 3016//3016 3021//3021
f 3021//3021 2956//2956 2968//2968
f 3089//3089 2957//2957 2987//2987
f 2958//2958 2987//2987 2957//2957
f 3008//3008 3007//3007 2986//2986
f 3038//3038 2990//2990 2956//2956
f 3038//3038 3009//3009 2990//2990
f 2987//2987 2958//2958 2988//2988
f 2973//2973 2987//2987 2988//2988
f 2987//2987 2973//2973 2974//2974
f 2953//2953 3002//3002 3119//3119
f 2953//2953 3119//3119 2980//2980
f 3120//3120 2954//2954 3059//3059
f 3003//3003 3002//3002 2941//2941
f 2967//2967 3003//3003 2941//2941
f 3037//3037 2944//2944 3087//3087
f 3087//3087 2944//2944 3033//3033
f 3016//3016 2968//2968 3001//3001
f 2957//2957 3089//3089 2969//2969
f 3038//3038 2956//2956 3021//3021
f 2986//2986 3020//3020 3008//3008
f 3020//3020 2959//2959 3009//3009
f 2987//2987 2974//2974 3068//3068
f 2959//2959 3020//3020 2986//2986
f 2974//2974 2989//2989 3068//3068
f 3068//3068 2989//2989 2972//2972
f 3104//3104 3001//3001 2980//2980
f 3033//3033 3058//3058 3087//3087
f 2967//2967 3088//3088 3003//3003
f 3088//3088 2967//2967 2982//2982
f 3065//3065 3006//3006 3037//3037
f 2946//2946 3007//3007 3106//3106
f 3007//3007 3019//3019 3106//3106
f 3006//3006 3065//3065 2972//2972
f 3020//3020 3019//3019 3007//3007
f 3008//3008 3020//3020 3007//3007
f 2987//2987 3068//3068 3067//3067
f 3151//3151 2980//2980 3119//3119
f 3083//3083 3015//3015 3120//3120
f 3015//3015 3083//3083 3033//3033
f 3033//3033 3083//3083 3058//3058
f 3002//3002 3003//3003 3057//3057
f 3104//3104 3085//3085 3001//3001
f 3085//3085 3016//3016 3001//3001
f 3061//3061 3021//3021 3016//3016
f 2946//2946 3088//3088 2982//2982
f 2946//2946 3106//3106 3088//3088
f 3089//3089 3004//3004 2969//2969
f 2972//2972 3065//3065 3063//3063
f 3108//3108 3021//3021 3061//3061
f 3038//3038 3021//3021 3108//3108
f 3067//3067 3089//3089 2987//2987
f 3020//3020 3009//3009 3108//3108
f 3108//3108 3009//3009 3038//3038
f 3063//3063 3068//3068 2972//2972
f 3057//3057 3119//3119 3002//3002
f 3104//3104 2980//2980 3151//3151
f 2954//2954 3060//3060 3059//3059
f 3065//3065 3037//3037 3087//3087
f 3004//3004 3060//3060 2954//2954
f 3107//3107 3108//3108 3061//3061
f 3019//3019 3020//3020 3108//3108
f 3181//3181 3016//3016 3085//3085
f 3181//3181 3061//3061 3016//3016
f 3065//3065 3087//3087 3141//3141
f 3089//3089 3060//3060 3004//3004
f 3107//3107 3061//3061 3181//3181
f 3141//3141 3063//3063 3065//3065
f 3091//3091 3067//3067 3068//3068
f 3091//3091 3068//3068 3090//3090
f 3068//3068 3063//3063 3090//3090
f 3058//3058 3083//3083 3150//3150
f 3103//3103 3057//3057 3003//3003
f 3088//3088 3152//3152 3003//3003
f 3091//3091 3089//3089 3067//3067
f 3059//3059 3121//3121 3120//3120
f 3087//3087 3058//3058 3139//3139
f 3060//3060 3121//3121 3059//3059
f 3003//3003 3152//3152 3103//3103
f 3152//3152 3088//3088 3106//3106
f 3060//3060 3089//3089 3140//3140
f 3200//3200 3106//3106 3019//3019
f 3090//3090 3063//3063 3142//3142
f 3019//3019 3108//3108 3200//3200
f 3083//3083 3120//3120 3166//3166
f 3139//3139 3058//3058 3150//3150
f 3141//3141 3142//3142 3063//3063
f 3091//3091 3140//3140 3089//3089
f 3200//3200 3108//3108 3107//3107
f 3164//3164 3150//3150 3083//3083
f 3103//3103 3163//3163 3057//3057
f 3057//3057 3163//3163 3119//3119
f 3119//3119 3163//3163 3151//3151
f 3083//3083 3166//3166 3164//3164
f 3104//3104 3151//3151 3179//3179
f 3121//3121 3166//3166 3120//3120
f 3139//3139 3141//3141 3087//3087
f 3152//3152 3106//3106 3153//3153
f 3216//3216 3091//3091 3090//3090
f 3216//3216 3090//3090 3142//3142
f 3211//3211 3151//3151 3163//3163
f 3150//3150 3164//3164 3177//3177
f 3177//3177 3191//3191 3150//3150
f 3103//3103 3178//3178 3163//3163
f 3191//3191 3139//3139 3150//3150
f 3107//3107 3181//3181 3182//3182
f 3106//3106 3200//3200 3153//3153
f 3216//3216 3140//3140 3091//3091
f 3151//3151 3211//3211 3179//3179
f 3103//3103 3193//3193 3178//3178
f 3103//3103 3152//3152 3193//3193
f 3194//3194 3139//3139 3191//3191
f 3085//3085 3104//3104 3195//3195
f 3181//3181 3085//3085 3195//3195
f 3152//3152 3153//3153 3198//3198
f 3060//3060 3214//3214 3121//3121
f 3060//3060 3140//3140 3214//3214
f 3200//3200 3199//3199 3153//3153
f 3200//3200 3107//3107 3182//3182
f 3178//3178 3211//3211 3163//3163
f 3179//3179 3211//3211 3212//3212
f 3121//3121 3192//3192 3166//3166
f 3104//3104 3179//3179 3195//3195
f 3182//3182 3181//3181 3195//3195
f 3141//3141 3139//3139 3215//3215
f 3199//3199 3198//3198 3153//3153
f 3142//3142 3141//3141 3275//3275
f 3178//3178 3193//3193 3274//3274
f 3164//3164 3166//3166 3192//3192
f 3308//3308 3191//3191 3177//3177
f 3179//3179 3212//3212 3260//3260
f 3195//3195 3179//3179 3260//3260
f 3215//3215 3139//3139 3194//3194
f 3275//3275 3141//3141 3215//3215
f 3211//3211 3178//3178 3239//3239
f 3164//3164 3293//3293 3177//3177
f 3334//3334 3274//3274 3193//3193
f 3152//3152 3334//3334 3193//3193
f 3140//3140 3216//3216 3214//3214
f 3199//3199 3200//3200 3182//3182
f 3261//3261 3199//3199 3182//3182
f 3216//3216 3142//3142 3275//3275
f 3239//3239 3178//3178 3274//3274
f 3293//3293 3308//3308 3177//3177
f 3164//3164 3192//3192 3332//3332
f 3333//3333 3191//3191 3308//3308
f 3121//3121 3241//3241 3192//3192
f 3334//3334 3152//3152 3198//3198
f 3214//3214 3241//3241 3121//3121
f 3261//3261 3182//3182 3195//3195
f 3199//3199 3295//3295 3198//3198
f 3239//3239 3331//3331 3211//3211
f 3212//3212 3211//3211 3258//3258
f 3164//3164 3332//3332 3293//3293
f 3333//3333 3194//3194 3191//3191
f 3194//3194 3335//3335 3215//3215
f 3214//3214 3216//3216 3275//3275
f 3335//3335 3275//3275 3215//3215
f 3337//3337 3331//3331 3239//3239
f 3331//3331 3258//3258 3211//3211
f 3340//3340 3195//3195 3260//3260
f 3335//3335 3194//3194 3333//3333
f 3349//3349 3261//3261 3195//3195
f 3261//3261 3295//3295 3199//3199
f 3308//3308 3293//3293 3339//3339
f 3212//3212 3258//3258 3260//3260
f 3274//3274 3334//3334 3294//3294
f 3295//3295 3334//3334 3198//3198
f 3340//3340 3349//3349 3195//3195
f 3214//3214 3342//3342 3241//3241
f 3261//3261 3327//3327 3295//3295
f 3275//3275 3342//3342 3214//3214
f 3335//3335 3342//3342 3275//3275
f 3332//3332 3339//3339 3293//3293
f 3339//3339 3324//3324 3308//3308
f 3274//3274 3343//3343 3239//3239
f 3192//3192 3309//3309 3332//3332
f 3344//3344 3308//3308 3324//3324
f 3344//3344 3333//3333 3308//3308
f 3241//3241 3326//3326 3192//3192
f 3342//3342 3350//3350 3241//3241
f 3327//3327 3345//3345 3295//3295
f 3349//3349 3327//3327 3261//3261
f 3343//3343 3274//3274 3294//3294
f 3258//3258 3340//3340 3260//3260
f 3348//3348 3335//3335 3333//3333
f 3295//3295 3341//3341 3334//3334
f 3343//3343 3337//3337 3239//3239
f 3258//3258 3331//3331 3355//3355
f 3341//3341 3294//3294 3334//3334
f 3345//3345 3341//3341 3295//3295
f 3351//3351 3342//3342 3335//3335
f 3258//3258 3355//3355 3340//3340
f 3192//3192 3326//3326 3309//3309
f 3347//3347 3349//3349 3340//3340
f 3354//3354 3337//3337 3343//3343
f 3337//3337 3355//3355 3331//3331
f 3347//3347 3340//3340 3355//3355
f 3241//3241 3350//3350 3326//3326
f 3351//3351 3350//3350 3342//3342
f 3335//3335 3348//3348 3351//3351
f 3354//3354 3343//3343 3367//3367
f 3346//3346 3339//3339 3332//3332
f 3332//3332 3309//3309 3346//3346
f 3359//3359 3344//3344 3324//3324
f 3294//3294 3352//3352 3343//3343
f 3359//3359 3333//3333 3344//3344
f 3364//3364 3348//3348 3333//3333
f 3346//3346 3324//3324 3339//3339
f 3343//3343 3352//3352 3367//3367
f 3337//3337 3354//3354 3357//3357
f 3357//3357 3355//3355 3337//3337
f 3309//3309 3358//3358 3346//3346
f 3356//3356 3359//3359 3324//3324
f 3294//3294 3369//3369 3352//3352
f 3364//3364 3333//3333 3359//3359
f 3369//3369 3294//3294 3341//3341
f 3347//3347 3353//3353 3349//3349
f 3345//3345 3366//3366 3341//3341
f 3327//3327 3349//3349 3353//3353
f 3346//3346 3356//3356 3324//3324
f 3375//3375 3370//3370 3348//3348
f 3348//3348 3364//3364 3375//3375
f 3353//3353 3345//3345 3327//3327
f 3370//3370 3350//3350 3351//3351
f 3351//3351 3348//3348 3370//3370
f 3352//3352 3362//3362 3367//3367
f 3347//3347 3355//3355 3368//3368
f 3309//3309 3326//3326 3358//3358
f 3369//3369 3362//3362 3352//3352
f 3372//3372 3353//3353 3347//3347
f 3360//3360 3326//3326 3350//3350
f 3361//3361 3366//3366 3345//3345
f 3353//3353 3361//3361 3345//3345
f 3370//3370 3360//3360 3350//3350
f 3346//3346 3358//3358 3371//3371
f 3346//3346 3371//3371 3356//3356
f 3355//3355 3357//3357 3368//3368
f 3326//3326 3363//3363 3358//3358
f 3365//3365 3364//3364 3359//3359
f 3372//3372 3347//3347 3368//3368
f 3341//3341 3366//3366 3369//3369
f 3354//3354 3381//3381 3357//3357
f 3358//3358 3363//3363 3371//3371
f 3356//3356 3371//3371 3365//3365
f 3356//3356 3365//3365 3359//3359
f 3376//3376 3366//3366 3361//3361
f 3367//3367 3381//3381 3354//3354
f 3381//3381 3368//3368 3357//3357
f 3366//3366 3373//3373 3369//3369
f 3377//3377 3373//3373 3366//3366
f 3367//3367 3362//3362 3378//3378
f 3369//3369 3373//3373 3362//3362
f 3360//3360 3380//3380 3326//3326
f 3375//3375 3364//3364 3374//3374
f 3362//3362 3373//3373 3378//3378
f 3385//3385 3371//3371 3363//3363
f 3364//3364 3365//3365 3374//3374
f 3380//3380 3363//3363 3326//3326
f 3383//3383 3353//3353 3372//3372
f 3361//3361 3353//3353 3383//3383
f 3376//3376 3377//3377 3366//3366
f 3381//3381 3367//3367 3378//3378
f 3371//3371 3379//3379 3365//3365
f 3382//3382 3383//3383 3372//3372
f 3388//3388 3360//3360 3370//3370
f 3372//3372 3368//3368 3382//3382
f 3387//3387 3374//3374 3365//3365
f 3380//3380 3360//3360 3388//3388
f 3383//3383 3376//3376 3361//3361
f 3392//3392 3388//3388 3370//3370
f 3392//3392 3370//3370 3375//3375
f 3385//3385 3379//3379 3371//3371
f 3365//3365 3379//3379 3387//3387
f 3377//3377 3376//3376 3403//3403
f 3381//3381 3378//3378 3389//3389
f 3378//3378 3384//3384 3389//3389
f 3381//3381 3389//3389 3368//3368
f 3380//3380 3390//3390 3363//3363
f 3374//3374 3400//3400 3375//3375
f 3400//3400 3392//3392 3375//3375
f 3373//3373 3394//3394 3378//3378
f 3389//3389 3386//3386 3368//3368
f 3386//3386 3382//3382 3368//3368
f 3377//3377 3403//3403 3373//3373
f 3399//3399 3383//3383 3382//3382
f 3393//3393 3388//3388 3392//3392
f 3415//3415 3389//3389 3384//3384
f 3416//3416 3378//3378 3394//3394
f 3378//3378 3416//3416 3384//3384
f 3363//3363 3390//3390 3385//3385
f 3399//3399 3382//3382 3386//3386
f 3373//3373 3403//3403 3391//3391
f 3388//3388 3396//3396 3380//3380
f 3393//3393 3392//3392 3400//3400
f 3376//3376 3383//3383 3397//3397
f 3379//3379 3395//3395 3387//3387
f 3415//3415 3386//3386 3389//3389
f 3374//3374 3387//3387 3395//3395
f 3391//3391 3394//3394 3373//3373
f 3380//3380 3402//3402 3390//3390
f 3399//3399 3412//3412 3383//3383
f 3396//3396 3402//3402 3380//3380
f 3405//3405 3403//3403 3376//3376
f 3383//3383 3412//3412 3397//3397
f 3406//3406 3396//3396 3388//3388
f 3388//3388 3393//3393 3406//3406
f 3385//3385 3398//3398 3409//3409
f 3379//3379 3385//3385 3409//3409
f 3379//3379 3409//3409 3395//3395
f 3390//3390 3398//3398 3385//3385
f 3402//3402 3398//3398 3390//3390
f 3410//3410 3374//3374 3395//3395
f 3410//3410 3400//3400 3374//3374
f 3403//3403 3401//3401 3391//3391
f 3412//3412 3404//3404 3397//3397
f 3406//3406 3408//3408 3396//3396
f 3407//3407 3406//3406 3393//3393
f 3405//3405 3376//3376 3397//3397
f 3384//3384 3416//3416 3415//3415
f 3399//3399 3386//3386 3415//3415
f 3401//3401 3394//3394 3391//3391
f 3399//3399 3415//3415 3417//3417
f 3411//3411 3398//3398 3402//3402
f 3417//3417 3412//3412 3399//3399
f 3427//3427 3412//3412 3417//3417
f 3410//3410 3418//3418 3400//3400
f 3403//3403 3413//3413 3401//3401
f 3418//3418 3393//3393 3400//3400
f 3413//3413 3403//3403 3405//3405
f 3427//3427 3404//3404 3412//3412
f 3402//3402 3396//3396 3414//3414
f 3408//3408 3414//3414 3396//3396
f 3418//3418 3407//3407 3393//3393
f 3420//3420 3397//3397 3404//3404
f 3395//3395 3409//3409 3423//3423
f 3401//3401 3416//3416 3394//3394
f 3449//3449 3409//3409 3398//3398
f 3416//3416 3401//3401 3424//3424
f 3411//3411 3449//3449 3398//3398
f 3413//3413 3424//3424 3401//3401
f 3414//3414 3411//3411 3402//3402
f 3419//3419 3413//3413 3405//3405
f 3429//3429 3404//3404 3427//3427
f 3414//3414 3408//3408 3437//3437
f 3397//3397 3420//3420 3405//3405
f 3406//3406 3431//3431 3408//3408
f 3407//3407 3431//3431 3406//3406
f 3405//3405 3420//3420 3419//3419
f 3437//3437 3408//3408 3431//3431
f 3416//3416 3422//3422 3415//3415
f 3423//3423 3409//3409 3449//3449
f 3449//3449 3432//3432 3423//3423
f 3423//3423 3410//3410 3395//3395
f 3422//3422 3416//3416 3424//3424
f 3415//3415 3422//3422 3417//3417
f 3422//3422 3433//3433 3417//3417
f 3425//3425 3418//3418 3410//3410
f 3425//3425 3410//3410 3423//3423
f 3413//3413 3426//3426 3424//3424
f 3433//3433 3427//3427 3417//3417
f 3413//3413 3419//3419 3426//3426
f 3414//3414 3428//3428 3411//3411
f 3428//3428 3414//3414 3437//3437
f 3420//3420 3404//3404 3429//3429
f 3418//3418 3431//3431 3407//3407
f 3435//3435 3419//3419 3420//3420
f 3420//3420 3421//3421 3435//3435
f 3420//3420 3430//3430 3421//3421
f 3420//3420 3429//3429 3430//3430
f 3448//3448 3422//3422 3424//3424
f 3422//3422 3448//3448 3433//3433
f 3428//3428 3449//3449 3411//3411
f 3449//3449 3466//3466 3432//3432
f 3432//3432 3425//3425 3423//3423
f 3433//3433 3429//3429 3427//3427
f 3426//3426 3419//3419 3471//3471
f 3469//3469 3429//3429 3433//3433
f 3425//3425 3468//3468 3418//3418
f 3437//3437 3434//3434 3428//3428
f 3435//3435 3471//3471 3419//3419
f 3436//3436 3429//3429 3469//3469
f 3418//3418 3473//3473 3431//3431
f 3418//3418 3468//3468 3473//3473
f 3436//3436 3430//3430 3429//3429
f 3430//3430 3436//3436 3439//3439
f 3438//3438 3437//3437 3431//3431
f 3421//3421 3430//3430 3439//3439
f 3460//3460 3442//3442 3454//3454
f 3443//3443 3441//3441 3440//3440
f 3443//3443 3445//3445 3441//3441
f 3462//3462 3442//3442 3460//3460
f 3444//3444 3442//3442 3462//3462
f 3444//3444 3462//3462 3446//3446
f 3464//3464 3446//3446 3462//3462
f 3424//3424 3426//3426 3448//3448
f 3448//3448 3426//3426 3467//3467
f 3470//3470 3449//3449 3428//3428
f 3471//3471 3467//3467 3426//3426
f 3433//3433 3478//3478 3469//3469
f 3468//3468 3425//3425 3432//3432
f 3434//3434 3470//3470 3428//3428
f 3471//3471 3435//3435 3451//3451
f 3434//3434 3437//3437 3438//3438
f 3435//3435 3421//3421 3451//3451
f 3438//3438 3450//3450 3434//3434
f 3473//3473 3484//3484 3431//3431
f 3421//3421 3439//3439 3451//3451
f 3442//3442 3439//3439 3436//3436
f 3484//3484 3438//3438 3431//3431
f 3439//3439 3452//3452 3451//3451
f 3441//3441 3450//3450 3438//3438
f 3440//3440 3441//3441 3438//3438
f 3453//3453 3440//3440 3438//3438
f 3453//3453 3438//3438 3484//3484
f 3442//3442 3452//3452 3439//3439
f 3450//3450 3441//3441 3457//3457
f 3442//3442 3436//3436 3454//3454
f 3453//3453 3458//3458 3440//3440
f 3455//3455 3452//3452 3442//3442
f 3455//3455 3442//3442 3461//3461
f 3456//3456 3460//3460 3454//3454
f 3441//3441 3445//3445 3457//3457
f 3458//3458 3443//3443 3440//3440
f 3461//3461 3442//3442 3444//3444
f 3463//3463 3457//3457 3445//3445
f 3458//3458 3459//3459 3443//3443
f 3463//3463 3445//3445 3447//3447
f 3461//3461 3444//3444 3446//3446
f 3459//3459 3445//3445 3443//3443
f 3464//3464 3462//3462 3460//3460
f 3463//3463 3447//3447 3465//3465
f 3447//3447 3445//3445 3465//3465
f 3445//3445 3459//3459 3465//3465
f 3467//3467 3478//3478 3448//3448
f 3478//3478 3433//3433 3448//3448
f 3470//3470 3466//3466 3449//3449
f 3468//3468 3466//3466 3500//3500
f 3468//3468 3432//3432 3466//3466
f 3478//3478 3493//3493 3469//3469
f 3434//3434 3472//3472 3470//3470
f 3473//3473 3468//3468 3479//3479
f 3450//3450 3472//3472 3434//3434
f 3474//3474 3436//3436 3469//3469
f 3454//3454 3436//3436 3474//3474
f 3457//3457 3476//3476 3450//3450
f 3452//3452 3455//3455 3451//3451
f 3455//3455 3486//3486 3451//3451
f 3458//3458 3453//3453 3484//3484
f 3458//3458 3484//3484 3475//3475
f 3474//3474 3456//3456 3454//3454
f 3474//3474 3488//3488 3456//3456
f 3461//3461 3486//3486 3455//3455
f 3461//3461 3491//3491 3486//3486
f 3476//3476 3457//3457 3463//3463
f 3458//3458 3475//3475 3459//3459
f 3492//3492 3460//3460 3456//3456
f 3492//3492 3456//3456 3488//3488
f 3477//3477 3476//3476 3463//3463
f 3446//3446 3492//3492 3461//3461
f 3492//3492 3491//3491 3461//3461
f 3477//3477 3459//3459 3475//3475
f 3492//3492 3446//3446 3464//3464
f 3492//3492 3464//3464 3460//3460
f 3463//3463 3465//3465 3477//3477
f 3477//3477 3465//3465 3459//3459
f 3500//3500 3466//3466 3470//3470
f 3467//3467 3471//3471 3478//3478
f 3479//3479 3468//3468 3500//3500
f 3480//3480 3471//3471 3451//3451
f 3481//3481 3469//3469 3493//3493
f 3474//3474 3469//3469 3481//3481
f 3494//3494 3473//3473 3479//3479
f 3483//3483 3472//3472 3450//3450
f 3473//3473 3494//3494 3484//3484
f 3480//3480 3451//3451 3486//3486
f 3481//3481 3482//3482 3474//3474
f 3476//3476 3483//3483 3450//3450
f 3485//3485 3483//3483 3476//3476
f 3497//3497 3475//3475 3484//3484
f 3482//3482 3487//3487 3474//3474
f 3497//3497 3489//3489 3475//3475
f 3489//3489 3485//3485 3476//3476
f 3487//3487 3488//3488 3474//3474
f 3476//3476 3490//3490 3489//3489
f 3491//3491 3487//3487 3486//3486
f 3489//3489 3490//3490 3475//3475
f 3477//3477 3490//3490 3476//3476
f 3490//3490 3477//3477 3475//3475
f 3487//3487 3491//3491 3492//3492
f 3492//3492 3488//3488 3487//3487
f 3496//3496 3493//3493 3478//3478
f 3495//3495 3500//3500 3470//3470
f 3480//3480 3496//3496 3478//3478
f 3480//3480 3478//3478 3471//3471
f 3472//3472 3495//3495 3470//3470
f 3483//3483 3495//3495 3472//3472
f 3479//3479 3500//3500 3494//3494
f 3494//3494 3500//3500 3499//3499
f 3498//3498 3481//3481 3493//3493
f 3496//3496 3480//3480 3486//3486
f 3498//3498 3496//3496 3486//3486
f 3498//3498 3482//3482 3481//3481
f 3483//3483 3497//3497 3495//3495
f 3499//3499 3497//3497 3494//3494
f 3497//3497 3484//3484 3494//3494
f 3485//3485 3489//3489 3483//3483
f 3483//3483 3489//3489 3497//3497
f 3498//3498 3486//3486 3487//3487
f 3498//3498 3487//3487 3482//3482
f 3495//3495 3499//3499 3500//3500
f 3496//3496 3498//3498 3493//3493
f 3497//3497 3499//3499 3495//3495
