# sdf_person: docs/prototypes/mammoth.html ‚Ì‹——£ŠÖ”‚©‚çÄ‚¢‚½–Ô–Ú
# —§‚¿pE–Ñ”ç‚İB‘O‚Í+ZiUnityjA‘«‚Ì— ‚Íy=0B’PˆÊ‚Íƒ[ƒgƒ‹‘Š“–
mtllib sdf_person.mtl
o sdf_person
v -0.0183 0.8464 -0.1354
v -0.0233 0.8855 -0.1423
v -0.0000 1.1026 -0.1381
v -0.0000 1.1026 -0.1381
v -0.0000 1.1026 -0.1381
v -0.0000 1.1026 -0.1381
v -0.0000 1.1026 -0.1381
v 0.0309 1.2623 -0.1428
v -0.0144 1.2596 -0.1440
v 0.0507 1.3036 -0.1380
v 0.0636 0.8215 -0.1247
v -0.0673 0.8194 -0.1236
v -0.0681 0.8279 -0.1294
v 0.0378 0.8502 -0.1351
v -0.0522 0.9643 -0.1239
v -0.0324 0.9562 -0.1294
v 0.0821 0.8752 -0.1318
v 0.0093 0.8991 -0.1409
v -0.0184 0.9706 -0.1294
v 0.0001 0.9970 -0.1296
v 0.0443 1.0670 -0.1335
v 0.0051 1.0822 -0.1377
v -0.0000 1.0926 -0.1379
v -0.0561 1.0572 -0.1298
v 0.0100 1.1026 -0.1379
v -0.0100 1.1026 -0.1379
v 0.0750 1.1200 -0.1271
v 0.0452 1.1029 -0.1361
v -0.0000 1.1126 -0.1379
v -0.0342 1.1253 -0.1357
v 0.0489 1.1145 -0.1341
v 0.0372 1.1793 -0.1334
v -0.0374 1.1839 -0.1340
v 0.0568 1.2014 -0.1319
v 0.1109 1.2660 -0.1255
v -0.0649 1.2868 -0.1367
v -0.0498 1.3148 -0.1319
v 0.0608 1.3459 -0.1114
v -0.0329 1.3220 -0.1324
v 0.0332 0.8091 -0.1177
v 0.1015 0.8419 -0.1244
v -0.0873 0.8450 -0.1316
v 0.1113 0.8731 -0.1224
v 0.0630 0.9464 -0.1238
v -0.0996 0.9038 -0.1207
v 0.1044 0.9477 -0.1062
v 0.0300 0.9926 -0.1274
v 0.0439 0.9976 -0.1253
v -0.0364 1.0029 -0.1268
v 0.0585 0.9995 -0.1216
v 0.0971 1.0867 -0.1204
v -0.0490 1.0858 -0.1361
v -0.1021 1.1852 -0.1152
v 0.0700 1.1826 -0.1268
v 0.0764 1.1822 -0.1249
v 0.0955 1.1922 -0.1193
v -0.1029 1.2534 -0.1258
v -0.0572 1.2674 -0.1407
v -0.1051 1.2973 -0.1234
v 0.1069 1.2926 -0.1234
v 0.0922 1.3003 -0.1282
v 0.1078 0.0313 -0.1100
v 0.1340 0.1330 -0.1048
v 0.1100 0.1754 -0.1100
v 0.1170 0.0460 -0.1097
v 0.1294 0.1335 -0.1069
v 0.0964 0.1122 -0.1084
v 0.1233 0.3004 -0.1086
v 0.0904 0.3580 -0.1080
v 0.0787 0.3545 -0.1030
v 0.1157 0.3584 -0.1103
v 0.1578 0.4318 -0.1082
v 0.1179 0.4252 -0.1222
v 0.1060 0.5261 -0.1098
v 0.1100 0.7523 -0.1079
v 0.0143 0.7817 -0.0962
v 0.1432 0.8286 -0.1071
v 0.1120 0.9439 -0.1021
v 0.0800 0.9626 -0.1156
v -0.0812 1.0149 -0.1165
v 0.0797 0.9961 -0.1150
v 0.1095 1.0590 -0.1114
v 0.1228 1.0950 -0.1084
v -0.1512 1.0727 -0.0862
v 0.1240 1.1273 -0.1060
v 0.1072 1.1667 -0.1125
v 0.1100 1.2126 -0.1158
v 0.1199 1.2243 -0.1136
v -0.1242 1.2802 -0.1207
v 0.0575 1.3304 -0.1228
v -0.1286 1.3442 -0.0878
v 0.1297 0.0447 -0.1056
v 0.0857 0.0394 -0.1044
v 0.1502 0.1793 -0.0943
v 0.1368 0.3366 -0.1046
v 0.1629 0.3556 -0.0867
v 0.1429 0.3557 -0.1022
v 0.0599 0.4151 -0.1068
v 0.1784 0.4483 -0.0841
v 0.1082 0.4587 -0.1197
v 0.1104 0.5074 -0.1108
v 0.1547 0.5094 -0.0950
v 0.0736 0.5425 -0.1022
v 0.1408 0.6546 -0.1008
v 0.0675 0.5795 -0.1001
v 0.1300 0.5669 -0.1061
v 0.1037 0.7277 -0.1088
v 0.0929 0.7735 -0.1102
v 0.1200 0.7626 -0.1066
v 0.1301 0.7709 -0.1044
v 0.0641 0.7588 -0.1031
v -0.0894 0.7615 -0.0972
v 0.1373 0.7839 -0.1022
v 0.0459 0.7725 -0.1010
v -0.0439 0.7847 -0.1019
v -0.0089 0.7520 -0.0652
v -0.1369 0.8197 -0.1081
v 0.1489 0.8558 -0.1088
v 0.1402 0.8909 -0.1037
v -0.1369 0.8607 -0.1133
v -0.1378 0.9269 -0.0914
v 0.1283 0.9924 -0.0878
v 0.1230 1.0136 -0.0954
v 0.1427 1.0595 -0.0922
v 0.1556 1.0849 -0.0832
v -0.1088 1.0601 -0.1127
v -0.1178 1.1369 -0.1091
v -0.1463 1.2429 -0.1028
v 0.1715 1.2571 -0.0896
v 0.1283 1.2940 -0.1153
v -0.1184 1.3227 -0.1080
v -0.0000 1.5526 -0.0981
v -0.0000 1.5526 -0.0981
v -0.0000 1.5526 -0.0981
v -0.0000 1.5526 -0.0981
v -0.0000 1.5526 -0.0981
v 0.1033 0.0074 -0.0941
v 0.1444 0.0467 -0.0974
v 0.0639 0.1159 -0.0861
v 0.0793 0.1589 -0.1015
v 0.1589 0.3839 -0.0964
v 0.1315 0.5139 -0.1088
v 0.0501 0.5894 -0.0878
v 0.1552 0.5739 -0.0934
v 0.1558 0.7392 -0.0918
v 0.0684 0.7549 -0.1041
v 0.1668 0.7718 -0.0832
v -0.1190 0.7699 -0.0971
v 0.1544 0.8491 -0.1032
v 0.1588 0.8994 -0.0847
v 0.1427 0.9554 -0.0731
v -0.1080 0.9535 -0.1033
v -0.1381 1.0074 -0.0819
v 0.1740 1.1636 -0.0600
v 0.1435 1.2004 -0.0933
v -0.1660 1.2165 -0.0784
v -0.1735 1.2592 -0.0889
v 0.1699 1.3108 -0.0905
v 0.1546 1.3453 -0.0729
v 0.0112 1.3953 -0.0685
v -0.0000 1.5426 -0.0977
v 0.0100 1.5526 -0.0975
v -0.0100 1.5526 -0.0975
v -0.0000 1.5626 -0.0977
v 0.0201 1.5737 -0.0955
v -0.0307 1.5921 -0.0888
v 0.0594 0.1894 -0.0819
v 0.1611 0.2444 -0.0835
v 0.0597 0.2412 -0.0845
v 0.1808 0.4224 -0.0785
v 0.0253 0.4343 -0.0469
v 0.1885 0.4885 -0.0475
v 0.0540 0.5059 -0.0884
v 0.1730 0.5811 -0.0753
v 0.1732 0.6410 -0.0754
v 0.1729 0.7153 -0.0763
v 0.0231 0.7491 -0.0784
v -0.0814 0.7289 -0.0833
v -0.1336 0.6673 -0.0655
v -0.0495 0.7530 -0.0818
v 0.1701 0.7876 -0.0811
v -0.1539 0.8137 -0.0946
v -0.1612 0.8280 -0.0946
v -0.1253 0.9885 -0.0926
v 0.1557 1.0337 -0.0710
v -0.1417 1.1564 -0.0913
v 0.1806 1.2830 -0.0886
v -0.1725 1.2748 -0.0923
v -0.2006 1.3094 -0.0783
v -0.1539 1.3368 -0.0796
v -0.0640 1.3907 -0.0453
v -0.0222 1.5175 -0.0941
v 0.0334 1.5003 -0.0834
v 0.0477 1.5398 -0.0875
v 0.0223 1.5884 -0.0943
v -0.0059 1.6238 -0.0806
v 0.1205 0.0000 -0.0462
v 0.1479 0.0202 -0.0798
v 0.0761 0.0085 -0.0547
v 0.0634 0.0383 -0.0814
v 0.1628 0.0483 -0.0696
v 0.0563 0.0848 -0.0629
v 0.0528 0.1590 -0.0627
v 0.1706 0.2989 -0.0683
v 0.0554 0.3613 -0.0859
v 0.0403 0.3739 -0.0598
v 0.1943 0.4365 -0.0450
v 0.0374 0.5180 -0.0672
v 0.0292 0.7084 -0.0730
v -0.1175 0.6090 -0.0554
v -0.1569 0.7399 -0.0701
v -0.0456 0.7388 -0.0715
v -0.1616 0.8871 -0.0879
v -0.1456 0.9475 -0.0717
v -0.1618 1.0525 -0.0715
v -0.1444 1.1025 -0.0937
v 0.1710 1.1982 -0.0696
v 0.2011 1.2288 -0.0664
v 0.2057 1.2612 -0.0736
v 0.2196 1.3128 -0.0711
v 0.2084 1.3095 -0.0751
v -0.2016 1.3411 -0.0680
v 0.2091 1.3505 -0.0588
v 0.1469 1.3366 -0.0868
v 0.0892 1.3755 -0.0581
v -0.0964 1.3715 -0.0631
v 0.0449 1.3869 -0.0635
v -0.0003 1.3841 -0.0800
v -0.0312 1.3846 -0.0740
v -0.0082 1.4136 -0.0631
v 0.0572 1.4767 -0.0561
v -0.0682 1.5608 -0.0650
v -0.0681 1.5898 -0.0593
v 0.0380 1.6098 -0.0771
v 0.1597 0.0345 -0.0420
v 0.1624 0.1062 -0.0733
v 0.1780 0.3417 -0.0488
v 0.1852 0.4132 -0.0708
v 0.1805 0.5531 -0.0636
v 0.1853 0.5772 -0.0514
v -0.0970 0.6065 -0.0550
v -0.0898 0.5626 -0.0433
v -0.0537 0.7239 -0.0705
v -0.1591 0.6876 -0.0555
v -0.0244 0.7321 -0.0528
v 0.1683 0.9376 -0.0433
v 0.1923 1.0721 -0.0402
v -0.1833 1.1415 -0.0511
v -0.1787 1.1728 -0.0580
v -0.2513 1.1892 -0.0374
v 0.2191 1.2354 -0.0619
v -0.2202 1.2427 -0.0633
v 0.2575 1.3209 -0.0359
v 0.2322 1.3507 -0.0476
v 0.0566 1.3883 -0.0546
v 0.0514 1.4213 -0.0393
v 0.0749 1.5329 -0.0520
v 0.0744 1.5733 -0.0520
v 0.0537 1.6114 -0.0654
v -0.0271 1.6353 -0.0647
v 0.1666 0.1237 -0.0504
v 0.0413 0.3553 -0.0565
v 0.1810 0.3687 -0.0503
v 0.0342 0.3896 -0.0587
v 0.0310 0.4158 -0.0596
v 0.1922 0.4238 -0.0233
v 0.0317 0.5047 -0.0492
v -0.0596 0.5951 -0.0389
v -0.0600 0.6626 -0.0570
v -0.1468 0.5879 -0.0399
v 0.1871 0.6819 -0.0527
v -0.0212 0.7092 -0.0376
v 0.0028 0.7247 -0.0467
v 0.1996 0.8101 -0.0500
v -0.2090 0.8287 -0.0427
v -0.2123 0.8545 -0.0392
v 0.2092 0.8480 -0.0441
v 0.1517 0.9483 -0.0635
v -0.1694 0.9622 -0.0228
v 0.1735 1.0160 -0.0375
v 0.1942 1.1495 -0.0490
v 0.1779 1.1767 -0.0591
v -0.2166 1.1968 -0.0542
v 0.2446 1.2263 -0.0476
v -0.2370 1.2611 -0.0560
v 0.2531 1.3102 -0.0397
v 0.1444 1.3685 -0.0433
v -0.1785 1.3558 -0.0578
v -0.0470 1.4158 -0.0415
v -0.0357 1.4442 -0.0613
v -0.0627 1.4591 -0.0376
v -0.0592 1.5295 -0.0744
v -0.0469 1.6415 -0.0453
v 0.0674 1.6201 -0.0384
v 0.1600 0.1056 -0.0323
v 0.1716 0.2163 -0.0461
v -0.0856 0.5271 -0.0329
v 0.0273 0.5417 -0.0378
v 0.1909 0.6418 -0.0335
v 0.0169 0.7139 -0.0573
v -0.0108 0.7337 -0.0488
v -0.1731 0.7656 -0.0629
v 0.1977 0.7628 -0.0448
v 0.2162 0.8990 -0.0310
v -0.2037 0.8888 -0.0365
v 0.1995 0.8907 -0.0409
v 0.1744 0.9484 -0.0256
v 0.1872 1.0469 -0.0394
v 0.2735 1.0636 -0.0290
v -0.1889 1.0599 -0.0406
v 0.2498 1.0450 -0.0369
v 0.1978 1.1168 -0.0428
v -0.1906 1.1253 -0.0472
v 0.2482 1.1655 -0.0380
v 0.2496 1.1116 -0.0338
v -0.2281 1.1929 -0.0502
v 0.2607 1.1846 -0.0287
v 0.2447 1.2918 -0.0512
v -0.2396 1.3516 -0.0405
v 0.0625 1.3984 -0.0349
v -0.0766 1.5118 -0.0412
v 0.0021 1.6677 -0.0388
v 0.0565 0.0737 -0.0476
v 0.1600 0.1591 -0.0235
v 0.1601 0.1986 -0.0170
v 0.0484 0.2197 -0.0476
v 0.0490 0.3018 -0.0182
v 0.1752 0.3553 -0.0204
v -0.1214 0.5257 -0.0341
v -0.1344 0.4992 -0.0240
v 0.1868 0.5260 -0.0296
v 0.0159 0.6547 -0.0368
v 0.1895 0.5876 -0.0186
v -0.0346 0.6086 -0.0182
v -0.1660 0.6271 -0.0351
v -0.0317 0.6840 -0.0398
v 0.0009 0.6957 -0.0198
v -0.1964 0.7410 -0.0202
v -0.2067 0.7839 -0.0383
v 0.2340 0.8179 -0.0256
v 0.2491 0.8761 -0.0170
v 0.1886 0.8982 -0.0472
v -0.2013 0.9216 -0.0270
v 0.1693 0.9595 -0.0265
v 0.2428 0.9910 -0.0288
v 0.2301 1.0423 -0.0373
v 0.1935 1.0364 -0.0330
v -0.1824 1.0183 -0.0307
v -0.2359 1.0353 -0.0374
v -0.2411 1.0786 -0.0386
v -0.2578 1.1604 -0.0324
v -0.2450 1.1737 -0.0404
v 0.1364 1.3670 -0.0403
v -0.1964 1.3698 -0.0345
v 0.0752 1.4704 -0.0026
v 0.0825 1.5005 -0.0161
v 0.0913 1.5750 0.0070
v 0.0482 1.6468 -0.0316
v -0.0660 1.6370 -0.0124
v 0.1098 0.0110 -0.0227
v 0.0789 0.0316 -0.0197
v 0.0623 0.0417 -0.0360
v 0.0531 0.2342 -0.0243
v 0.1703 0.2765 -0.0239
v 0.1716 0.3104 -0.0214
v 0.0479 0.2993 -0.0248
v 0.0465 0.3646 -0.0103
v 0.1795 0.4010 -0.0016
v -0.1118 0.4209 -0.0208
v -0.1207 0.4478 -0.0230
v 0.0303 0.4618 -0.0186
v -0.0985 0.4909 -0.0265
v -0.0943 0.4696 -0.0238
v -0.0699 0.4966 -0.0176
v -0.0800 0.5126 -0.0267
v 0.0289 0.5282 -0.0236
v -0.0601 0.4991 -0.0116
v -0.1534 0.5037 -0.0161
v -0.0625 0.5399 -0.0257
v 0.0266 0.5651 -0.0086
v -0.0384 0.5895 -0.0161
v -0.1724 0.5850 -0.0168
v 0.1876 0.6057 -0.0018
v -0.0379 0.6358 -0.0313
v -0.0114 0.6698 -0.0046
v -0.1864 0.6445 -0.0082
v -0.1874 0.7200 -0.0309
v 0.2107 0.7608 -0.0235
v -0.2318 0.7705 -0.0092
v 0.2390 0.7912 -0.0191
v -0.2382 0.8069 -0.0212
v -0.2380 0.8338 -0.0236
v 0.1736 0.9667 -0.0169
v -0.1740 0.9574 -0.0200
v 0.2352 0.9537 -0.0276
v 0.1773 0.9805 -0.0182
v -0.1873 0.9670 -0.0168
v -0.2228 0.9900 -0.0277
v -0.2408 0.9655 -0.0265
v 0.2261 0.9875 -0.0279
v 0.1854 0.9760 -0.0171
v -0.2619 1.0044 -0.0217
v 0.1912 1.0058 -0.0238
v -0.1797 0.9897 -0.0187
v -0.2644 1.0436 -0.0332
v -0.2643 1.1106 -0.0236
v 0.2641 1.1439 -0.0239
v -0.2730 1.1803 -0.0047
v -0.2446 1.3102 -0.0547
v -0.2589 1.2912 -0.0282
v 0.2664 1.2642 0.0008
v -0.2584 1.3226 -0.0181
v 0.2545 1.3407 0.0063
v -0.2435 1.3555 0.0006
v -0.2060 1.3741 -0.0213
v -0.1392 1.3727 0.0036
v -0.0940 1.3829 -0.0108
v 0.0875 1.5583 -0.0285
v 0.0914 0.0364 -0.0109
v -0.1097 0.0365 -0.0109
v -0.0860 0.1330 -0.0048
v -0.1035 0.0460 -0.0098
v -0.1100 0.1754 -0.0100
v 0.0811 0.1218 -0.0062
v 0.1442 0.0713 -0.0161
v 0.1502 0.1358 -0.0138
v 0.0704 0.1782 -0.0081
v -0.1000 0.1356 -0.0091
v 0.0600 0.1728 -0.0213
v 0.0558 0.2441 -0.0163
v -0.1000 0.2061 -0.0092
v -0.1236 0.1122 -0.0084
v 0.1550 0.2515 -0.0034
v -0.1000 0.2635 -0.0092
v 0.1593 0.3243 0.0018
v -0.1176 0.3505 -0.0099
v 0.0523 0.3570 -0.0033
v -0.1101 0.3578 -0.0112
v -0.1421 0.3537 -0.0027
v -0.0857 0.3734 -0.0083
v -0.1386 0.4350 -0.0188
v -0.0643 0.4611 -0.0104
v -0.1422 0.4424 -0.0159
v -0.1644 0.5128 -0.0071
v 0.1809 0.4897 -0.0010
v -0.0417 0.5314 -0.0025
v 0.1917 0.6617 -0.0104
v -0.0098 0.6849 -0.0134
v 0.1948 0.6708 -0.0184
v 0.1986 0.7420 0.0158
v -0.2406 0.7797 -0.0099
v 0.2554 0.8671 -0.0075
v -0.2525 0.9102 -0.0167
v -0.2588 0.8962 -0.0082
v -0.1812 0.9683 -0.0158
v -0.2564 0.9704 -0.0200
v 0.2757 1.0017 -0.0080
v 0.2920 1.0287 0.0108
v 0.2756 1.1090 -0.0117
v 0.2815 1.1186 0.0102
v 0.2745 1.1598 -0.0007
v 0.2724 1.1945 0.0043
v 0.2627 1.2298 -0.0240
v 0.2689 1.2199 0.0161
v -0.2585 1.3320 -0.0037
v -0.1481 1.3695 -0.0318
v -0.0625 1.4012 -0.0246
v 0.0613 1.4104 -0.0167
v 0.0592 1.4190 0.0040
v -0.0584 1.4168 -0.0062
v -0.0890 1.5495 -0.0212
v 0.0895 1.5526 -0.0081
v 0.0752 1.6237 0.0070
v 0.0304 1.6648 -0.0193
v -0.0442 1.6576 -0.0016
v -0.1069 0.0063 0.0106
v -0.1138 0.0176 0.0020
v -0.0903 0.0447 -0.0056
v -0.0764 0.0481 0.0015
v 0.1321 0.0316 -0.0121
v 0.1319 0.1077 -0.0045
v 0.0958 0.1159 -0.0009
v -0.1415 0.0511 0.0005
v 0.0779 0.1739 -0.0025
v -0.1288 0.0391 -0.0063
v -0.0871 0.2079 -0.0058
v -0.0698 0.1793 0.0057
v 0.1477 0.2580 0.0032
v -0.0900 0.2922 -0.0068
v -0.1340 0.2604 -0.0054
v -0.0727 0.3019 0.0019
v -0.0900 0.3274 -0.0069
v 0.0657 0.2900 0.0016
v -0.0824 0.3355 -0.0042
v -0.0771 0.3557 -0.0022
v 0.1619 0.3647 0.0061
v 0.1728 0.4103 0.0115
v -0.0692 0.3952 -0.0060
v 0.1814 0.4596 0.0026
v -0.0351 0.4570 0.0205
v 0.0333 0.4921 -0.0111
v -0.1757 0.5377 0.0013
v -0.1819 0.5684 0.0049
v 0.1844 0.5746 0.0001
v -0.0301 0.5836 -0.0013
v 0.2475 0.7808 0.0070
v -0.2472 0.7841 -0.0067
v 0.2533 0.8044 0.0053
v 0.2661 0.9096 0.0062
v 0.2626 0.9682 -0.0135
v -0.2777 0.9839 0.0104
v -0.2967 1.0493 0.0123
v -0.2847 1.0699 -0.0110
v 0.2925 1.0803 0.0141
v 0.2702 1.2176 0.0053
v -0.2599 1.3169 -0.0230
v 0.2444 1.3523 0.0054
v 0.2193 1.3721 -0.0101
v -0.0862 1.5152 -0.0083
v -0.0887 1.5326 0.0019
v 0.0897 1.5426 0.0019
v 0.0900 1.5526 0.0019
v 0.0900 1.5526 0.0019
v 0.0900 1.5526 0.0019
v 0.0900 1.5526 0.0019
v 0.0897 1.5626 0.0019
v -0.0758 1.6146 -0.0218
v 0.0439 1.6592 0.0065
v -0.1383 0.0167 0.0132
v -0.0650 0.0548 0.0150
v 0.1100 0.1155 0.0008
v -0.0732 0.0755 0.0045
v -0.1561 0.1158 0.0139
v 0.1179 0.1072 -0.0006
v 0.1308 0.1659 0.0029
v 0.0786 0.2290 0.0046
v -0.1444 0.1848 0.0009
v 0.1100 0.2500 0.0150
v 0.0955 0.2092 0.0090
v -0.1603 0.2235 0.0163
v -0.1416 0.3147 -0.0025
v 0.0771 0.2507 0.0057
v -0.0556 0.3544 0.0156
v 0.1398 0.2857 0.0114
v 0.0665 0.3485 0.0098
v -0.0564 0.3593 0.0149
v -0.1736 0.4160 0.0106
v 0.1613 0.4408 0.0289
v -0.0414 0.4538 0.0136
v -0.1631 0.4760 -0.0035
v 0.1712 0.4941 0.0127
v -0.0382 0.4858 0.0182
v -0.1614 0.4947 -0.0068
v 0.1833 0.5285 -0.0065
v -0.0191 0.6192 0.0170
v -0.1899 0.5857 0.0452
v 0.0086 0.6729 -0.0017
v -0.1907 0.6225 0.0415
v 0.1871 0.6453 0.0062
v 0.0014 0.6855 0.0004
v -0.1904 0.6668 -0.0004
v 0.2437 0.7804 0.0318
v 0.2436 0.7773 -0.0037
v -0.2178 0.7534 0.0020
v -0.2527 0.7915 0.0155
v -0.2505 0.8148 0.0340
v 0.2624 0.8750 0.0095
v -0.2651 0.8940 0.0105
v 0.2933 1.0426 0.0119
v -0.2872 1.0878 0.0044
v -0.2602 1.2751 0.0185
v 0.2550 1.3029 0.0228
v 0.2449 1.3327 0.0295
v 0.2211 1.3669 0.0100
v -0.2143 1.3708 0.0146
v -0.1914 1.3746 0.0028
v 0.1278 1.3728 -0.0186
v 0.0875 1.5286 0.0199
v 0.0900 1.5526 0.0019
v 0.0895 1.5526 0.0119
v -0.0888 1.5888 0.0011
v -0.0536 1.6516 0.0080
v 0.0054 1.6764 -0.0013
v -0.0698 0.0280 0.0172
v -0.1597 0.0434 0.0272
v -0.1609 0.1492 0.0212
v -0.0597 0.2201 0.0163
v 0.0847 0.2682 0.0117
v -0.0587 0.2529 0.0165
v 0.1254 0.2329 0.0114
v -0.1595 0.3144 0.0125
v 0.1033 0.3258 0.0240
v 0.1000 0.2725 0.0165
v 0.1394 0.3433 0.0187
v 0.1128 0.3574 0.0283
v 0.1447 0.3429 0.0163
v 0.0495 0.3616 -0.0035
v 0.0329 0.4198 -0.0059
v 0.0462 0.4806 0.0148
v -0.0385 0.5145 0.0081
v -0.0285 0.5215 0.0455
v 0.0305 0.5936 0.0118
v -0.0087 0.7190 0.0359
v 0.1866 0.7184 0.0227
v 0.2595 0.8584 0.0237
v -0.2576 0.8876 0.0421
v 0.2667 0.9158 0.0297
v 0.2689 0.9224 0.0235
v -0.2787 0.9862 0.0250
v 0.2958 1.0531 0.0328
v -0.2891 1.0717 0.0450
v 0.2742 1.1715 0.0114
v 0.2656 1.1982 0.0310
v -0.2455 1.3005 0.0379
v -0.2459 1.3395 0.0218
v 0.2329 1.3512 0.0252
v 0.2024 1.3762 -0.0004
v -0.0812 1.3817 0.0260
v 0.0946 1.3810 0.0123
v 0.0540 1.4008 0.0224
v -0.0646 1.4403 -0.0015
v -0.0702 1.4564 0.0086
v 0.0758 1.4780 0.0108
v -0.0998 0.0011 0.0394
v -0.0826 0.0086 0.0317
v -0.1439 0.0085 0.0453
v -0.1543 0.0373 0.0155
v -0.0574 0.0468 0.0451
v -0.0572 0.0446 0.0352
v -0.1637 0.0848 0.0371
v -0.1671 0.1515 0.0386
v -0.1697 0.2266 0.0366
v -0.0494 0.2989 0.0317
v -0.1684 0.3138 0.0252
v -0.1684 0.3673 0.0189
v 0.0822 0.3569 0.0219
v -0.0389 0.3670 0.0524
v 0.1041 0.4023 0.0411
v 0.0819 0.3805 0.0285
v -0.0461 0.3830 0.0216
v 0.1370 0.4070 0.0362
v 0.1587 0.3820 0.0178
v -0.1673 0.3725 0.0104
v 0.0630 0.4071 0.0259
v -0.0360 0.4481 0.0182
v 0.1595 0.4893 0.0248
v 0.1497 0.4954 0.0321
v 0.1605 0.5143 0.0258
v 0.1600 0.5535 0.0319
v -0.1886 0.5648 0.0318
v 0.1726 0.5849 0.0235
v 0.0426 0.5841 0.0269
v 0.0346 0.6202 0.0253
v 0.0400 0.6221 0.0319
v 0.0398 0.6227 0.0319
v -0.1849 0.6344 0.0607
v 0.0060 0.6964 0.0150
v 0.1785 0.6943 0.0326
v -0.1985 0.7361 0.0266
v -0.2342 0.7681 0.0222
v -0.2445 0.7880 0.0339
v 0.2585 0.8609 0.0284
v -0.2619 0.9113 0.0376
v -0.2698 0.9364 0.0266
v 0.2813 1.0744 0.0567
v -0.2808 1.1136 0.0080
v -0.2691 1.1930 0.0242
v -0.2557 1.3293 0.0131
v 0.2014 1.3518 0.0436
v 0.1353 1.3691 0.0186
v -0.1665 1.3590 0.0376
v -0.1444 1.3596 0.0421
v 0.0669 1.3804 0.0449
v 0.0414 1.3952 0.0442
v -0.0507 1.4254 0.0258
v 0.0630 1.4652 0.0358
v -0.0644 1.4747 0.0411
v 0.0872 1.5660 0.0357
v 0.0785 1.5997 0.0357
v -0.0677 1.6267 0.0334
v -0.0483 1.6392 0.0479
v 0.0486 1.6480 0.0349
v 0.0420 1.6530 0.0343
v -0.0649 0.0304 0.0631
v -0.0589 0.0675 0.0271
v -0.0557 0.1612 0.0266
v -0.0420 0.3417 0.0512
v -0.0308 0.3956 0.0552
v 0.1679 0.4309 0.0220
v 0.0640 0.4189 0.0292
v 0.0774 0.4253 0.0386
v -0.1867 0.4392 0.0277
v 0.1296 0.4426 0.0427
v 0.0673 0.4364 0.0349
v 0.1429 0.4913 0.0359
v 0.1139 0.4989 0.0442
v 0.1320 0.4996 0.0410
v -0.1809 0.5108 0.0193
v -0.0295 0.4990 0.0497
v 0.0516 0.5139 0.0229
v 0.1562 0.5869 0.0401
v 0.0500 0.6219 0.0419
v 0.0400 0.6226 0.0320
v 0.0499 0.6226 0.0419
v -0.0267 0.5804 0.0605
v -0.0257 0.6175 0.0597
v 0.0467 0.6380 0.0420
v -0.0182 0.6674 0.0475
v 0.0191 0.6538 0.0147
v 0.1650 0.6531 0.0425
v -0.2398 0.7827 0.0359
v 0.2502 0.8619 0.0420
v 0.2503 0.8867 0.0471
v -0.2693 0.9656 0.0398
v -0.1646 1.0066 0.0421
v 0.2742 0.9596 0.0165
v -0.2835 1.0168 0.0446
v 0.2700 1.1255 0.0432
v -0.2782 1.1185 0.0300
v -0.2641 1.1845 0.0371
v 0.2471 1.2485 0.0437
v -0.2442 1.3225 0.0331
v -0.2307 1.3487 0.0324
v 0.2192 1.3555 0.0327
v -0.1964 1.3515 0.0442
v 0.1168 1.3653 0.0431
v 0.0467 1.4378 0.0378
v 0.0526 1.4622 0.0486
v -0.0794 1.5825 0.0418
v -0.0227 1.6647 0.0320
v -0.0996 0.0011 0.0583
v -0.0544 0.1195 0.0509
v -0.0496 0.1994 0.0510
v -0.0338 0.3911 0.0795
v 0.1235 0.4353 0.0460
v -0.1932 0.4348 0.0630
v 0.0917 0.4604 0.0435
v 0.0827 0.4992 0.0402
v 0.0891 0.5240 0.0461
v -0.0330 0.5214 0.0732
v 0.1255 0.5850 0.0545
v 0.1417 0.5608 0.0453
v 0.0717 0.5343 0.0414
v 0.1654 0.6291 0.0384
v 0.0566 0.6049 0.0441
v 0.0500 0.6247 0.0424
v 0.1445 0.6048 0.0500
v 0.0664 0.6170 0.0524
v 0.0340 0.6971 0.0431
v 0.1856 0.7356 0.0354
v 0.0242 0.7244 0.0442
v 0.0042 0.7287 0.0371
v 0.1831 0.7713 0.0547
v 0.2344 0.7968 0.0455
v -0.2335 0.8300 0.0503
v 0.2337 0.8616 0.0544
v 0.2582 0.9702 0.0553
v 0.1870 0.9377 0.0468
v 0.1681 0.9648 0.0317
v 0.1664 0.9270 0.0513
v -0.1656 0.9433 0.0423
v 0.1642 0.9686 0.0324
v 0.2668 0.9809 0.0481
v -0.2694 0.9869 0.0469
v -0.1631 1.0118 0.0467
v -0.1901 1.0126 0.0565
v 0.2894 1.0830 0.0329
v 0.2535 1.1881 0.0490
v -0.2466 1.2028 0.0509
v -0.2441 1.2501 0.0463
v 0.2218 1.3115 0.0550
v 0.2163 1.3386 0.0466
v -0.2152 1.3373 0.0502
v 0.1367 1.3464 0.0625
v -0.0655 1.3826 0.0407
v -0.0155 1.4166 0.0514
v 0.0189 1.4078 0.0502
v 0.0532 1.4768 0.0580
v 0.0792 1.5190 0.0427
v -0.0785 1.5197 0.0476
v -0.0576 1.6069 0.0674
v -0.0199 1.6583 0.0473
v -0.0600 0.1056 0.0677
v -0.1734 0.2564 0.0518
v -0.0464 0.2507 0.0567
v -0.1865 0.4945 0.0570
v -0.0333 0.5059 0.0711
v 0.1090 0.5208 0.0476
v 0.0920 0.5945 0.0572
v -0.0355 0.6343 0.0778
v 0.0534 0.6961 0.0583
v 0.1402 0.6887 0.0642
v 0.1554 0.7390 0.0627
v -0.0095 0.7352 0.0461
v 0.1702 0.7544 0.0554
v -0.1912 0.7746 0.0593
v -0.2182 0.7941 0.0532
v -0.1926 0.8123 0.0613
v 0.2292 0.8006 0.0503
v 0.1946 0.8456 0.0627
v -0.1992 0.8791 0.0585
v 0.1866 0.9020 0.0553
v -0.2309 0.8711 0.0554
v 0.2135 0.8425 0.0582
v -0.2193 0.8949 0.0584
v -0.2400 0.8926 0.0541
v -0.1846 0.9125 0.0525
v -0.2102 0.9214 0.0596
v -0.2538 0.9494 0.0546
v 0.2139 0.9280 0.0601
v 0.2053 0.9162 0.0565
v 0.1609 0.9246 0.0558
v 0.1504 0.9191 0.0667
v -0.1468 0.9419 0.0577
v 0.2085 0.9824 0.0617
v -0.1835 0.9532 0.0430
v -0.2158 0.9840 0.0639
v 0.1865 1.0057 0.0515
v 0.2867 1.0374 0.0546
v 0.1674 1.0642 0.0601
v 0.2759 1.0472 0.0683
v -0.1736 1.0866 0.0616
v 0.1720 1.1215 0.0573
v -0.2746 1.0862 0.0580
v -0.2600 1.1099 0.0595
v -0.1784 1.0974 0.0597
v -0.2574 1.1262 0.0565
v 0.2406 1.1301 0.0644
v 0.2559 1.1236 0.0578
v -0.1747 1.1109 0.0578
v 0.2233 1.1772 0.0627
v -0.2122 1.1657 0.0640
v -0.2293 1.1904 0.0603
v 0.2567 1.1755 0.0481
v -0.1786 1.1927 0.0617
v -0.2536 1.1711 0.0517
v -0.2374 1.2282 0.0536
v 0.2124 1.2267 0.0619
v 0.2383 1.2220 0.0536
v 0.1893 1.2792 0.0705
v -0.2256 1.2773 0.0558
v -0.1974 1.3337 0.0570
v -0.1638 1.3296 0.0658
v 0.1522 1.3533 0.0494
v -0.1305 1.3584 0.0491
v 0.0947 1.3627 0.0614
v -0.0549 1.3949 0.0320
v -0.0050 1.3944 0.0573
v -0.0285 1.4302 0.0508
v 0.0215 1.4271 0.0524
v -0.0254 1.4474 0.0596
v -0.0458 1.4741 0.0631
v 0.0575 1.5433 0.0814
v 0.0630 1.5185 0.0676
v 0.0711 1.5427 0.0626
v -0.0732 1.5262 0.0569
v 0.0590 1.6262 0.0487
v -0.1603 0.1096 0.0676
v -0.1661 0.1182 0.0513
v -0.0600 0.1591 0.0765
v -0.0528 0.1309 0.0498
v -0.0599 0.1986 0.0830
v -0.1700 0.2412 0.0695
v -0.1731 0.3009 0.0729
v -0.1790 0.3549 0.0547
v -0.0444 0.3570 0.0790
v -0.1791 0.3650 0.0371
v -0.0335 0.4424 0.0950
v -0.0268 0.4378 0.0672
v 0.1079 0.5778 0.0562
v -0.1928 0.7167 0.0389
v 0.1256 0.6794 0.0678
v 0.0819 0.6916 0.0698
v 0.0700 0.6826 0.0644
v 0.1154 0.7447 0.0793
v -0.0396 0.7263 0.0788
v 0.0458 0.7364 0.0626
v -0.1857 0.7507 0.0544
v 0.1396 0.7412 0.0715
v -0.0144 0.7671 0.0709
v 0.0135 0.7988 0.0928
v 0.1837 0.8022 0.0624
v 0.1504 0.7605 0.0696
v 0.1339 0.9501 0.0673
v -0.1634 0.9634 0.0346
v -0.2480 0.9796 0.0622
v 0.2496 0.9890 0.0640
v 0.1589 1.0077 0.0487
v 0.2328 1.0435 0.0838
v -0.2149 1.0400 0.0792
v -0.2372 0.9846 0.0660
v 0.2260 0.9868 0.0677
v -0.2679 1.0127 0.0618
v 0.1464 1.0540 0.0707
v -0.1537 1.0391 0.0613
v -0.1550 1.0811 0.0688
v -0.1707 1.0659 0.0613
v -0.1837 1.0661 0.0641
v -0.2830 1.0480 0.0622
v 0.1738 1.0630 0.0603
v 0.1920 1.0958 0.0632
v 0.2236 1.1143 0.0689
v -0.2235 1.1211 0.0671
v -0.2420 1.1189 0.0661
v 0.2084 1.1294 0.0640
v 0.1815 1.1939 0.0614
v 0.2003 1.1796 0.0625
v 0.1713 1.2334 0.0698
v -0.1866 1.2373 0.0673
v -0.2058 1.2070 0.0631
v -0.2214 1.2376 0.0598
v -0.1788 1.2447 0.0712
v -0.2185 1.2537 0.0606
v 0.1938 1.2529 0.0676
v -0.2023 1.2698 0.0661
v -0.2103 1.2985 0.0608
v -0.1819 1.3086 0.0692
v 0.1688 1.3196 0.0699
v -0.1373 1.3405 0.0674
v 0.1060 1.3570 0.0654
v 0.0592 1.3734 0.0605
v -0.0999 1.3590 0.0648
v -0.0291 1.3881 0.0552
v -0.0503 1.3625 0.0772
v 0.0344 1.4675 0.0672
v -0.0868 1.5496 0.0363
v 0.0627 1.5748 0.0728
v -0.0477 1.6148 0.0697
v 0.0205 1.6590 0.0462
v -0.0002 1.6464 0.0650
v -0.1102 0.0110 0.0773
v -0.1411 0.0316 0.0803
v -0.1551 0.0373 0.0650
v -0.1582 0.0423 0.0638
v -0.1669 0.2343 0.0757
v -0.0497 0.2765 0.0761
v -0.1898 0.4026 0.0660
v -0.0385 0.4776 0.0935
v -0.1768 0.5345 0.0829
v -0.0462 0.6737 0.0876
v -0.1786 0.6830 0.0684
v 0.0950 0.7391 0.0790
v 0.0815 0.7558 0.0809
v -0.1663 0.7553 0.0752
v 0.1206 0.7668 0.0825
v 0.0292 0.7622 0.0682
v 0.0455 0.7588 0.0701
v -0.1784 0.7990 0.0684
v 0.1545 0.8348 0.0843
v -0.1840 0.8561 0.0662
v 0.1431 0.8659 0.0905
v -0.1723 0.8789 0.0687
v 0.1405 0.9083 0.0802
v -0.1484 0.9073 0.0745
v -0.1254 0.9443 0.0764
v 0.1211 0.9596 0.0770
v 0.1202 1.0028 0.0792
v 0.2148 1.0304 0.0762
v -0.1246 1.0161 0.0777
v -0.2209 1.0551 0.0818
v 0.2435 1.0745 0.0792
v 0.2008 1.0694 0.0715
v -0.2727 1.0534 0.0704
v 0.2185 1.0742 0.0772
v -0.2202 1.0778 0.0769
v -0.2474 1.0487 0.0820
v -0.2547 1.0786 0.0754
v 0.2371 1.1107 0.0692
v 0.1601 1.0947 0.0661
v 0.1297 1.1492 0.0842
v -0.1560 1.0935 0.0691
v 0.1539 1.1937 0.0693
v -0.1559 1.2282 0.0766
v 0.1513 1.2893 0.0875
v 0.1744 1.3122 0.0724
v -0.1727 1.2962 0.0754
v -0.1410 1.3256 0.0782
v 0.1424 1.3274 0.0763
v 0.1332 1.3135 0.0929
v -0.0784 1.3540 0.0808
v 0.0015 1.3787 0.0682
v 0.0063 1.4745 0.0808
v -0.0136 1.4606 0.0718
v 0.0442 1.4983 0.0787
v -0.0533 1.5146 0.0765
v -0.0613 1.5343 0.0739
v -0.0700 1.5856 0.0624
v 0.0459 1.6031 0.0781
v 0.0345 1.6303 0.0693
v 0.0174 1.6219 0.0825
v -0.0170 1.6373 0.0716
v 0.0041 1.6310 0.0777
v -0.1286 0.0364 0.0891
v -0.1389 0.1218 0.0938
v -0.0758 0.0713 0.0839
v -0.0698 0.1358 0.0862
v -0.1442 0.1502 0.0935
v -0.1600 0.1728 0.0787
v -0.1593 0.2461 0.0903
v -0.0508 0.3424 0.0903
v -0.1650 0.3311 0.0946
v -0.1849 0.4170 0.0941
v -0.0501 0.4982 0.1034
v -0.1807 0.4949 0.0812
v -0.1717 0.6164 0.0833
v -0.0700 0.6785 0.1022
v -0.1687 0.7043 0.0785
v -0.0542 0.7373 0.0890
v -0.1495 0.7211 0.0911
v -0.1439 0.7295 0.0933
v -0.0502 0.7481 0.0888
v -0.1503 0.7724 0.0860
v 0.0759 0.7856 0.0920
v -0.1403 0.7813 0.0903
v 0.0307 0.7923 0.0898
v 0.1209 0.7817 0.0858
v -0.1413 0.8003 0.0903
v 0.1419 0.8526 0.0919
v -0.1397 0.8652 0.0936
v -0.1405 0.9049 0.0817
v -0.1242 0.9139 0.0890
v -0.1026 0.9471 0.0905
v -0.1130 1.0223 0.0864
v 0.1193 1.0806 0.0931
v -0.1295 1.0623 0.0841
v -0.1541 1.1851 0.0670
v 0.0814 1.1902 0.1083
v -0.1781 1.2749 0.0755
v 0.1578 1.2686 0.0842
v -0.1589 1.3006 0.0820
v -0.1408 1.3025 0.0896
v -0.1276 1.3169 0.0904
v 0.0823 1.3472 0.0860
v 0.0315 1.3686 0.0751
v 0.0151 1.3704 0.0757
v -0.0339 1.3618 0.0816
v -0.0181 1.3609 0.0845
v -0.0082 1.5201 0.1019
v 0.0371 1.5267 0.0918
v -0.0400 1.5123 0.0858
v -0.0547 1.5430 0.0828
v -0.0437 1.5559 0.0896
v -0.0366 1.5795 0.0912
v 0.0182 1.5774 0.1006
v -0.0319 1.6059 0.0852
v -0.0000 1.6226 0.0831
v -0.0879 0.0316 0.0879
v -0.0881 0.1077 0.0955
v -0.1242 0.1159 0.0991
v -0.0723 0.2580 0.1032
v -0.1484 0.2383 0.1007
v -0.0650 0.2515 0.0966
v -0.0654 0.3432 0.1083
v -0.0635 0.3620 0.1117
v -0.1749 0.3928 0.1026
v -0.1861 0.4538 0.0914
v -0.0374 0.5071 0.0834
v -0.0456 0.5987 0.0912
v -0.0529 0.6112 0.0970
v -0.1712 0.5953 0.0869
v -0.1558 0.6664 0.0930
v -0.1422 0.6616 0.1016
v -0.1255 0.7527 0.0977
v -0.1030 0.7736 0.0998
v -0.0515 0.8014 0.1018
v 0.0500 0.7926 0.0928
v -0.1000 0.8026 0.1018
v 0.1295 0.8417 0.0990
v -0.1232 0.8112 0.0976
v -0.1320 0.8620 0.0976
v 0.1410 0.8778 0.0903
v -0.1154 0.8958 0.0997
v 0.1180 0.9084 0.0948
v 0.0885 0.9327 0.1008
v 0.0594 0.9677 0.1066
v -0.1032 0.9698 0.0872
v -0.0739 0.9800 0.1004
v 0.0928 1.0303 0.0979
v 0.0578 1.0427 0.1115
v -0.0931 1.0045 0.0940
v -0.0800 1.0261 0.1018
v -0.1153 1.0662 0.0935
v -0.1056 1.0647 0.0982
v -0.1008 1.0726 0.1015
v 0.0917 1.1066 0.1063
v -0.1172 1.1237 0.0941
v 0.1090 1.1247 0.0980
v -0.1323 1.2019 0.0847
v 0.1168 1.1916 0.0932
v -0.1137 1.1924 0.0949
v -0.1301 1.2121 0.0889
v 0.1350 1.2539 0.0955
v -0.1546 1.2687 0.0861
v -0.1311 1.2913 0.0980
v 0.1141 1.3290 0.0905
v 0.0602 1.3321 0.1050
v -0.1117 1.3421 0.0802
v 0.0011 1.3458 0.0997
v -0.0097 1.5157 0.0974
v -0.0301 1.5041 0.0886
v -0.0141 1.5860 0.0975
v 0.0062 1.5951 0.0966
v -0.1100 0.1155 0.1008
v -0.1021 0.1072 0.0994
v -0.0892 0.1660 0.1029
v -0.1343 0.2111 0.1059
v -0.1100 0.2496 0.1149
v -0.1265 0.2080 0.1085
v -0.1423 0.3026 0.1121
v -0.0802 0.2857 0.1114
v -0.1494 0.3426 0.1119
v -0.1673 0.3543 0.0972
v -0.0531 0.3971 0.1139
v -0.0428 0.4226 0.1092
v -0.1804 0.5198 0.0788
v -0.1528 0.5170 0.1117
v -0.0670 0.5240 0.1131
v -0.1586 0.5585 0.1029
v -0.0542 0.5456 0.1029
v -0.1312 0.5979 0.1129
v -0.1501 0.6155 0.1021
v -0.1398 0.6043 0.1089
v -0.0732 0.6182 0.1086
v -0.0901 0.6600 0.1091
v -0.1199 0.6591 0.1090
v -0.0902 0.7472 0.1010
v -0.0644 0.8167 0.1079
v -0.0953 0.8189 0.1054
v -0.1000 0.8126 0.1032
v 0.1046 0.8316 0.1057
v 0.0781 0.8270 0.1088
v -0.1087 0.8533 0.1075
v 0.1059 0.8848 0.1063
v -0.0609 0.9108 0.1148
v -0.0921 0.8900 0.1100
v 0.0640 0.9327 0.1099
v -0.0633 0.9338 0.1099
v -0.0882 0.9400 0.0991
v -0.0478 0.9822 0.1086
v 0.0717 0.9873 0.1016
v -0.0440 1.0092 0.1095
v -0.0660 1.0177 0.1053
v 0.0144 1.0551 0.1187
v -0.0763 1.0713 0.1101
v 0.0859 1.0684 0.1069
v -0.1151 1.0964 0.0962
v -0.0935 1.1144 0.1049
v -0.0753 1.1099 0.1116
v 0.0590 1.1296 0.1147
v -0.0732 1.1612 0.1092
v -0.1121 1.1518 0.0948
v -0.0679 1.2171 0.1151
v 0.1106 1.2635 0.1080
v -0.0996 1.1999 0.1023
v -0.1316 1.2543 0.0973
v -0.0875 1.2742 0.1159
v -0.1098 1.2644 0.1083
v -0.1200 1.2726 0.1037
v 0.1171 1.2965 0.1029
v 0.1021 1.2960 0.1097
v -0.0994 1.3134 0.1037
v -0.0680 1.3192 0.1094
v 0.0313 1.3345 0.1066
v 0.0126 1.3242 0.1138
v -0.0175 1.3383 0.1050
v -0.1347 0.3059 0.1161
v -0.0946 0.2330 0.1114
v -0.1264 0.3377 0.1224
v -0.0841 0.3471 0.1205
v -0.1072 0.3492 0.1262
v -0.1378 0.3569 0.1219
v -0.1661 0.3986 0.1155
v -0.0795 0.4345 0.1410
v -0.1651 0.4279 0.1237
v -0.0576 0.4442 0.1244
v -0.1769 0.4427 0.1096
v -0.0597 0.4561 0.1247
v -0.0712 0.5173 0.1172
v -0.1398 0.5241 0.1176
v -0.1273 0.5249 0.1221
v -0.0952 0.5833 0.1177
v -0.1228 0.5346 0.1220
v -0.1072 0.5510 0.1219
v -0.1055 0.6596 0.1105
v 0.0437 0.8203 0.1084
v -0.0143 0.8457 0.1194
v 0.0202 0.8660 0.1237
v 0.0129 0.8387 0.1165
v -0.0010 0.8515 0.1205
v -0.0654 0.8545 0.1173
v -0.0900 0.8726 0.1120
v 0.0617 0.8731 0.1195
v -0.0565 0.8820 0.1194
v 0.0262 0.9314 0.1187
v -0.0214 0.9131 0.1218
v 0.0096 0.9146 0.1222
v 0.0321 0.9585 0.1134
v -0.0301 0.9589 0.1136
v -0.0400 0.9526 0.1125
v 0.0379 0.9704 0.1110
v -0.0303 1.0470 0.1165
v -0.0172 1.0047 0.1128
v 0.0173 1.0807 0.1216
v -0.0500 1.0526 0.1138
v -0.0462 1.0811 0.1178
v 0.0599 1.0970 0.1158
v -0.0094 1.0894 0.1228
v -0.0463 1.1056 0.1183
v -0.0506 1.1024 0.1175
v 0.0216 1.1716 0.1182
v 0.0175 1.0994 0.1223
v -0.0272 1.1511 0.1186
v -0.0062 1.1815 0.1193
v 0.0485 1.1815 0.1152
v -0.0192 1.1745 0.1188
v -0.0560 1.1783 0.1138
v -0.0581 1.1645 0.1130
v -0.0665 1.1982 0.1131
v -0.0206 1.2579 0.1272
v -0.0843 1.2416 0.1140
v 0.0856 1.2509 0.1156
v -0.0730 1.2822 0.1188
v -0.0924 1.2964 0.1113
v -0.0504 1.3028 0.1190
v -0.0233 1.2962 0.1234
v -0.0520 1.3333 0.1053
v -0.1207 0.4169 0.1440
v -0.1434 0.4036 0.1333
v -0.0715 0.4041 0.1309
v -0.0695 0.4844 0.1228
v -0.0821 0.4902 0.1275
v -0.1554 0.4734 0.1232
v -0.1092 0.5119 0.1275
v -0.1400 0.4926 0.1248
v -0.0953 0.5203 0.1241
v -0.0103 0.8801 0.1250
v 0.0006 0.8961 0.1244
v 0.0143 0.9051 0.1231
v 0.0537 1.2600 0.1235
v 0.0122 1.2434 0.1261
v -0.0610 1.2472 0.1209
v -0.0521 1.2594 0.1236
v 0.0139 1.2837 0.1269
v 0.0271 1.2882 0.1249
v 0.0599 1.2857 0.1223
v 0.0115 1.3098 0.1205
v -0.1362 0.4420 0.1411
v -0.1400 0.4626 0.1337
v -0.1174 0.4482 0.1438
v -0.0956 0.4606 0.1398
v -0.0921 0.4159 0.1426
vn 0.020 -0.293 -0.956
vn -0.093 -0.000 -0.996
vn -0.000 0.000 0.000
vn 0.018 -0.013 -1.000
vn 0.018 0.013 -1.000
vn -0.018 -0.013 -1.000
vn -0.018 0.013 -1.000
vn 0.075 0.026 -0.997
vn -0.030 0.014 -0.999
vn 0.132 0.165 -0.977
vn 0.051 -0.264 -0.963
vn -0.515 -0.647 -0.562
vn -0.003 -0.482 -0.876
vn 0.082 -0.159 -0.984
vn -0.287 0.065 -0.956
vn -0.107 0.155 -0.982
vn 0.186 0.037 -0.982
vn 0.052 0.103 -0.993
vn -0.149 0.115 -0.982
vn 0.052 0.009 -0.999
vn 0.121 -0.103 -0.987
vn -0.016 -0.076 -0.997
vn 0.000 -0.017 -1.000
vn -0.232 -0.107 -0.967
vn 0.061 -0.038 -0.997
vn -0.090 -0.021 -0.996
vn 0.310 0.067 -0.949
vn 0.098 0.027 -0.995
vn 0.031 0.159 -0.987
vn -0.165 0.001 -0.986
vn 0.073 -0.008 -0.997
vn 0.106 -0.049 -0.993
vn -0.094 -0.040 -0.995
vn 0.227 -0.075 -0.971
vn 0.342 -0.057 -0.938
vn -0.137 0.201 -0.970
vn -0.182 0.380 -0.907
vn 0.164 0.663 -0.731
vn -0.069 0.526 -0.848
vn -0.058 -0.473 -0.879
vn 0.248 -0.169 -0.954
vn -0.193 -0.172 -0.966
vn 0.378 0.207 -0.902
vn 0.280 0.143 -0.949
vn -0.334 0.175 -0.926
vn 0.399 0.180 -0.899
vn 0.098 0.009 -0.995
vn 0.174 0.105 -0.979
vn -0.067 -0.065 -0.996
vn 0.265 -0.079 -0.961
vn 0.337 -0.039 -0.941
vn -0.193 -0.036 -0.981
vn -0.423 -0.084 -0.902
vn 0.214 -0.023 -0.977
vn 0.282 0.002 -0.959
vn 0.384 -0.084 -0.919
vn -0.288 -0.078 -0.954
vn -0.109 -0.063 -0.992
vn -0.284 0.203 -0.937
vn 0.353 0.119 -0.928
vn 0.302 0.399 -0.866
vn 0.052 -0.235 -0.971
vn 0.471 -0.015 -0.882
vn 0.052 -0.000 -0.999
vn 0.260 -0.009 -0.965
vn 0.404 -0.004 -0.915
vn -0.215 -0.003 -0.977
vn 0.208 -0.002 -0.978
vn -0.239 -0.016 -0.971
vn -0.536 -0.058 -0.842
vn -0.033 -0.054 -0.998
vn 0.488 0.034 -0.872
vn 0.094 -0.107 -0.990
vn -0.049 0.002 -0.999
vn 0.153 -0.007 -0.988
vn -0.158 -0.598 -0.786
vn 0.504 -0.118 -0.856
vn 0.600 0.264 -0.756
vn 0.388 0.072 -0.919
vn -0.378 -0.116 -0.918
vn 0.480 -0.064 -0.875
vn 0.409 -0.132 -0.903
vn 0.535 -0.024 -0.844
vn -0.693 -0.068 -0.718
vn 0.594 0.013 -0.804
vn 0.463 0.022 -0.886
vn 0.423 -0.163 -0.891
vn 0.491 -0.180 -0.852
vn -0.434 0.059 -0.899
vn 0.239 0.476 -0.846
vn -0.207 0.741 -0.639
vn 0.403 -0.233 -0.885
vn -0.561 -0.109 -0.821
vn 0.704 -0.017 -0.710
vn 0.467 -0.008 -0.884
vn 0.735 -0.056 -0.676
vn 0.416 -0.120 -0.901
vn -0.600 -0.031 -0.799
vn 0.803 0.137 -0.581
vn -0.245 0.092 -0.965
vn 0.061 0.101 -0.993
vn 0.683 0.051 -0.729
vn -0.286 0.059 -0.956
vn 0.447 0.009 -0.895
vn -0.465 -0.015 -0.885
vn 0.286 0.017 -0.958
vn -0.015 -0.003 -1.000
vn 0.061 -0.212 -0.975
vn 0.155 0.020 -0.988
vn 0.261 -0.003 -0.965
vn -0.189 -0.072 -0.979
vn 0.097 -0.405 -0.909
vn 0.497 -0.153 -0.854
vn -0.197 -0.372 -0.907
vn 0.217 -0.482 -0.849
vn -0.047 -0.624 -0.780
vn -0.387 -0.233 -0.892
vn 0.583 0.119 -0.804
vn 0.527 0.283 -0.801
vn -0.562 0.091 -0.822
vn -0.551 0.283 -0.785
vn 0.660 -0.133 -0.740
vn 0.556 -0.173 -0.813
vn 0.625 -0.172 -0.761
vn 0.696 0.013 -0.718
vn -0.460 -0.089 -0.883
vn -0.444 0.007 -0.896
vn -0.485 -0.162 -0.859
vn 0.494 -0.203 -0.845
vn 0.389 0.295 -0.873
vn -0.293 0.469 -0.833
vn -0.000 0.000 0.000
vn 0.062 -0.035 -0.997
vn 0.062 0.035 -0.997
vn -0.062 -0.035 -0.997
vn -0.062 0.035 -0.997
vn -0.160 -0.861 -0.483
vn 0.678 -0.091 -0.729
vn -0.799 -0.023 -0.601
vn -0.571 -0.013 -0.821
vn 0.585 -0.148 -0.798
vn 0.414 0.100 -0.905
vn -0.655 -0.034 -0.754
vn 0.662 0.000 -0.750
vn 0.619 0.009 -0.786
vn -0.374 -0.063 -0.925
vn 0.624 -0.073 -0.778
vn -0.257 -0.281 -0.924
vn 0.595 -0.177 -0.784
vn 0.716 0.269 -0.644
vn 0.729 0.141 -0.670
vn -0.484 0.173 -0.858
vn -0.714 -0.184 -0.676
vn 0.663 -0.002 -0.749
vn 0.573 -0.116 -0.811
vn -0.524 -0.172 -0.834
vn -0.496 -0.185 -0.848
vn 0.324 0.395 -0.860
vn 0.642 0.635 -0.429
vn 0.294 0.614 -0.733
vn 0.123 -0.211 -0.970
vn 0.191 -0.049 -0.980
vn -0.232 0.034 -0.972
vn -0.050 0.171 -0.984
vn 0.090 0.095 -0.991
vn -0.419 0.238 -0.876
vn -0.887 -0.029 -0.461
vn 0.848 -0.030 -0.529
vn -0.860 -0.036 -0.509
vn 0.784 -0.083 -0.615
vn -0.967 0.036 -0.252
vn 0.972 0.111 -0.209
vn -0.693 0.045 -0.719
vn 0.836 -0.015 -0.549
vn 0.754 -0.001 -0.657
vn 0.781 0.000 -0.624
vn -0.470 -0.409 -0.782
vn 0.163 -0.256 -0.953
vn -0.412 -0.218 -0.885
vn 0.194 -0.548 -0.814
vn 0.721 -0.047 -0.691
vn -0.502 -0.331 -0.799
vn -0.688 -0.109 -0.718
vn -0.624 -0.067 -0.778
vn 0.742 -0.202 -0.639
vn -0.672 -0.024 -0.740
vn 0.446 -0.015 -0.895
vn -0.474 0.005 -0.880
vn -0.394 0.158 -0.905
vn -0.220 0.671 -0.708
vn -0.416 0.789 -0.452
vn -0.249 -0.169 -0.954
vn 0.304 -0.302 -0.903
vn 0.575 -0.050 -0.817
vn 0.210 0.286 -0.935
vn 0.092 0.580 -0.809
vn 0.309 -0.943 0.127
vn 0.614 -0.687 -0.389
vn -0.577 -0.813 0.075
vn -0.879 -0.287 -0.382
vn 0.983 -0.112 -0.148
vn -0.983 -0.059 -0.176
vn -0.953 -0.054 -0.298
vn 0.947 -0.031 -0.319
vn -0.746 -0.056 -0.664
vn -0.814 -0.204 -0.544
vn 0.997 0.040 0.059
vn -0.879 -0.058 -0.474
vn -0.779 -0.074 -0.623
vn -0.105 -0.243 -0.964
vn -0.575 -0.187 -0.797
vn 0.400 -0.437 -0.805
vn -0.698 0.243 -0.673
vn -0.746 0.309 -0.590
vn -0.701 -0.224 -0.677
vn -0.621 0.012 -0.784
vn 0.512 -0.269 -0.816
vn 0.384 -0.287 -0.877
vn 0.453 -0.147 -0.879
vn 0.515 0.086 -0.853
vn 0.359 0.076 -0.930
vn -0.365 0.432 -0.825
vn 0.155 0.601 -0.784
vn 0.295 0.639 -0.710
vn 0.278 0.826 -0.490
vn -0.223 0.943 -0.247
vn 0.274 0.786 -0.554
vn -0.018 0.640 -0.768
vn -0.235 0.683 -0.691
vn 0.043 -0.151 -0.988
vn 0.776 -0.247 -0.580
vn -0.721 0.067 -0.690
vn -0.765 0.216 -0.606
vn 0.470 0.365 -0.804
vn 0.853 -0.387 0.350
vn 0.919 -0.031 -0.393
vn 0.995 -0.056 -0.088
vn 0.907 -0.153 -0.392
vn 0.913 -0.013 -0.409
vn 0.967 -0.022 -0.256
vn 0.022 -0.239 -0.971
vn 0.279 -0.243 -0.929
vn 0.492 -0.248 -0.835
vn -0.629 -0.176 -0.757
vn 0.447 -0.487 -0.750
vn 0.780 0.415 -0.468
vn 0.542 -0.122 -0.831
vn -0.607 -0.016 -0.795
vn -0.475 -0.192 -0.859
vn -0.721 -0.052 -0.691
vn 0.454 -0.149 -0.879
vn -0.390 -0.220 -0.894
vn 0.941 0.242 -0.236
vn 0.464 0.761 -0.454
vn 0.273 0.823 -0.498
vn 0.781 -0.218 -0.585
vn 0.854 -0.149 -0.498
vn 0.807 0.110 -0.580
vn 0.603 0.467 -0.647
vn -0.343 0.617 -0.708
vn 0.987 -0.059 0.146
vn -0.984 -0.058 -0.171
vn 0.971 -0.191 -0.144
vn -0.973 -0.224 -0.062
vn -0.960 -0.126 -0.251
vn 0.981 -0.118 0.156
vn -0.984 0.002 -0.179
vn 0.560 -0.224 -0.798
vn 0.385 -0.236 -0.892
vn -0.476 -0.210 -0.854
vn 0.926 -0.040 -0.375
vn 0.555 -0.391 -0.735
vn -0.622 -0.435 -0.651
vn 0.760 -0.098 -0.643
vn -0.674 -0.062 -0.736
vn -0.618 0.071 -0.783
vn 0.666 0.050 -0.744
vn 0.792 0.450 -0.412
vn -0.779 0.224 -0.585
vn 0.746 -0.195 -0.637
vn 0.199 -0.196 -0.960
vn 0.417 -0.149 -0.897
vn -0.267 -0.184 -0.946
vn 0.615 -0.095 -0.783
vn -0.504 -0.073 -0.860
vn 0.875 -0.040 -0.483
vn 0.117 0.901 -0.417
vn -0.219 0.677 -0.702
vn -0.734 0.126 -0.667
vn -0.564 -0.292 -0.773
vn -0.843 -0.270 -0.465
vn -0.745 -0.191 -0.639
vn -0.606 0.599 -0.523
vn 0.811 0.439 -0.387
vn 0.920 -0.075 0.384
vn 0.998 -0.056 0.033
vn 0.242 -0.236 -0.941
vn -0.965 -0.076 -0.250
vn 0.989 -0.062 -0.137
vn -0.758 -0.417 -0.502
vn 0.024 -0.628 -0.778
vn -0.653 -0.235 -0.720
vn 0.848 -0.118 -0.516
vn 0.302 0.132 -0.944
vn -0.567 0.277 -0.776
vn 0.500 0.151 -0.853
vn 0.611 0.420 -0.671
vn 0.377 -0.170 -0.911
vn 0.767 0.000 -0.641
vn -0.347 -0.089 -0.934
vn 0.252 -0.078 -0.965
vn 0.188 -0.054 -0.981
vn -0.443 -0.122 -0.888
vn 0.375 -0.092 -0.923
vn 0.370 -0.010 -0.929
vn -0.322 -0.162 -0.933
vn 0.862 0.013 -0.507
vn 0.685 -0.001 -0.729
vn -0.647 0.614 -0.453
vn 0.514 0.820 -0.253
vn -0.927 -0.222 -0.303
vn 0.020 0.836 -0.548
vn -0.990 -0.064 0.124
vn 0.901 -0.071 0.428
vn 0.829 -0.086 0.552
vn -0.992 -0.055 0.113
vn -0.896 -0.055 0.441
vn 0.915 -0.179 0.362
vn -0.160 -0.234 -0.959
vn -0.277 -0.162 -0.947
vn 0.994 -0.103 -0.046
vn -0.980 -0.147 -0.134
vn 0.999 -0.045 0.005
vn 0.818 -0.212 -0.535
vn -0.747 -0.165 -0.644
vn 0.700 -0.217 -0.680
vn -0.695 -0.428 -0.578
vn -0.799 -0.434 -0.415
vn -0.623 -0.328 -0.710
vn 0.572 -0.060 -0.818
vn 0.613 -0.022 -0.790
vn 0.701 0.359 -0.616
vn 0.023 0.132 -0.991
vn 0.819 0.274 -0.505
vn 0.350 -0.174 -0.921
vn -0.042 -0.165 -0.985
vn 0.008 -0.212 -0.977
vn -0.333 -0.320 -0.887
vn -0.049 -0.175 -0.983
vn -0.199 0.027 -0.980
vn -0.436 -0.012 -0.900
vn -0.347 -0.188 -0.919
vn 0.146 0.986 -0.076
vn -0.082 0.877 -0.474
vn 0.902 -0.430 0.046
vn 0.955 -0.219 -0.202
vn 0.965 0.252 -0.068
vn 0.636 0.682 -0.361
vn -0.738 0.660 -0.141
vn -0.162 -0.762 0.627
vn -0.551 -0.603 0.577
vn -0.866 -0.173 0.469
vn -0.949 -0.061 0.310
vn 0.894 -0.080 0.441
vn 0.962 -0.062 0.265
vn -0.980 -0.060 0.188
vn -0.847 -0.530 -0.035
vn 0.856 -0.230 0.463
vn 0.109 -0.126 -0.986
vn -0.275 -0.071 -0.959
vn -0.976 -0.001 0.220
vn 0.121 -0.173 -0.977
vn 0.198 -0.129 -0.972
vn 0.477 -0.239 -0.846
vn 0.355 -0.210 -0.911
vn -0.996 -0.091 0.010
vn 0.672 -0.141 -0.727
vn -0.603 -0.188 -0.775
vn 0.631 -0.213 -0.746
vn -0.962 -0.101 0.253
vn 0.775 -0.252 -0.579
vn -0.810 -0.157 -0.565
vn 0.944 -0.096 0.315
vn 0.759 -0.206 -0.618
vn 0.911 -0.269 -0.312
vn -0.938 -0.114 -0.328
vn -0.918 -0.124 -0.376
vn 0.567 -0.733 -0.376
vn -0.435 -0.656 -0.617
vn 0.758 -0.214 -0.617
vn -0.590 -0.137 -0.796
vn -0.620 -0.040 -0.783
vn 0.422 0.033 -0.906
vn -0.308 0.231 -0.923
vn 0.027 0.009 -1.000
vn 0.273 -0.372 -0.887
vn 0.230 0.063 -0.971
vn 0.184 -0.060 -0.981
vn -0.204 -0.131 -0.970
vn -0.176 -0.141 -0.974
vn -0.093 -0.132 -0.987
vn -0.578 -0.187 -0.795
vn 0.036 -0.259 -0.965
vn -0.529 -0.267 -0.806
vn -0.650 -0.109 -0.752
vn -0.655 0.076 -0.752
vn 0.810 -0.056 -0.584
vn -0.967 0.051 -0.248
vn -0.686 0.042 -0.726
vn -0.898 0.027 -0.440
vn 0.996 0.086 -0.019
vn -0.886 0.394 -0.245
vn 0.913 0.405 0.053
vn -0.659 0.751 0.031
vn -0.255 0.935 -0.247
vn -0.110 0.984 0.137
vn -0.358 0.931 -0.078
vn 0.942 0.059 -0.330
vn -0.326 -0.181 0.928
vn 0.084 -0.233 -0.969
vn 0.447 -0.010 -0.895
vn 0.283 -0.006 -0.959
vn 0.014 0.001 -1.000
vn -0.639 -0.105 0.762
vn 0.712 -0.103 0.695
vn 0.676 -0.084 0.732
vn -0.718 -0.092 0.690
vn 0.216 0.003 -0.976
vn -0.830 -0.085 0.552
vn -0.816 -0.086 0.571
vn 0.202 -0.014 -0.979
vn -0.282 -0.004 -0.959
vn 0.758 -0.085 0.647
vn 0.134 -0.003 -0.991
vn 0.751 -0.069 0.657
vn -0.166 -0.000 -0.986
vn -0.938 -0.115 0.328
vn -0.105 -0.116 -0.988
vn -0.473 0.001 -0.881
vn 0.250 -0.141 -0.958
vn -0.504 -0.130 -0.854
vn 0.575 -0.087 -0.813
vn -0.266 0.055 -0.962
vn -0.701 -0.099 -0.706
vn 0.926 -0.024 0.376
vn 0.733 -0.179 -0.656
vn 0.993 -0.056 0.105
vn 0.464 -0.602 -0.650
vn 0.992 -0.098 0.073
vn 0.834 -0.517 0.194
vn -0.587 -0.559 -0.585
vn 0.881 -0.106 -0.461
vn -0.543 -0.028 -0.840
vn -0.938 -0.104 -0.332
vn -0.237 -0.003 -0.971
vn -0.543 -0.044 -0.839
vn 0.688 -0.264 -0.676
vn 0.962 -0.218 -0.162
vn 0.842 0.279 -0.462
vn 0.986 0.157 0.052
vn 0.936 0.094 -0.339
vn 0.988 0.044 -0.150
vn 0.923 0.094 -0.374
vn 0.962 0.158 0.225
vn -0.965 0.259 0.039
vn -0.110 0.917 -0.383
vn -0.711 0.693 -0.120
vn 0.989 0.145 0.006
vn 0.991 -0.041 0.125
vn -0.979 0.204 0.030
vn -0.964 -0.017 -0.265
vn 0.997 0.000 -0.082
vn 0.847 0.531 0.003
vn 0.546 0.813 -0.204
vn -0.443 0.867 -0.228
vn 0.107 -0.859 -0.500
vn -0.259 -0.575 -0.777
vn 0.393 -0.156 -0.906
vn 0.591 -0.117 -0.798
vn 0.298 -0.312 0.902
vn 0.460 -0.093 0.883
vn -0.184 -0.119 0.976
vn -0.650 -0.031 -0.759
vn -0.518 -0.090 0.851
vn -0.419 -0.135 -0.898
vn 0.400 -0.006 -0.917
vn 0.680 -0.017 -0.733
vn 0.609 -0.114 0.785
vn 0.266 0.002 -0.964
vn -0.297 0.001 -0.955
vn 0.577 -0.005 -0.817
vn 0.250 0.006 -0.968
vn -0.733 -0.091 0.674
vn 0.452 0.001 -0.892
vn 0.469 -0.129 -0.874
vn 0.781 -0.301 0.547
vn 0.825 -0.117 0.553
vn 0.522 -0.131 -0.843
vn 0.935 -0.019 0.355
vn 0.913 -0.011 -0.408
vn -0.948 -0.049 0.314
vn -0.803 -0.126 -0.582
vn -0.889 -0.105 -0.447
vn 0.954 -0.039 0.298
vn 0.904 -0.165 -0.394
vn 0.755 -0.653 0.055
vn -0.846 -0.251 -0.470
vn 0.971 -0.151 -0.186
vn 0.975 -0.091 -0.203
vn 0.720 -0.042 -0.692
vn -0.926 -0.171 -0.337
vn -0.978 -0.126 -0.166
vn -0.806 0.083 -0.586
vn 0.973 0.135 -0.190
vn 0.992 0.128 0.022
vn -0.987 0.123 -0.105
vn 0.663 0.748 0.038
vn 0.505 0.851 -0.143
vn -0.976 -0.205 -0.079
vn -0.997 -0.065 0.037
vn 0.981 -0.180 -0.074
vn 0.998 -0.031 -0.045
vn 0.998 -0.031 0.045
vn -0.000 0.000 0.000
vn 0.998 0.031 -0.045
vn 0.999 -0.037 0.013
vn -0.859 0.380 -0.344
vn 0.598 0.800 0.047
vn -0.507 -0.675 -0.536
vn 0.857 -0.112 -0.502
vn -0.065 -0.131 0.989
vn 0.766 -0.021 -0.642
vn -0.814 -0.022 -0.580
vn 0.103 -0.106 0.989
vn 0.447 -0.101 0.889
vn -0.618 -0.101 0.780
vn -0.586 -0.009 -0.810
vn 0.031 -0.110 0.993
vn -0.222 -0.105 0.969
vn -0.805 -0.021 -0.593
vn -0.545 -0.011 -0.839
vn -0.504 -0.097 0.858
vn 0.804 -0.041 -0.593
vn 0.506 -0.096 0.857
vn -0.576 -0.100 0.811
vn 0.683 -0.152 -0.715
vn -0.695 -0.016 -0.718
vn 0.641 -0.023 0.767
vn 0.729 0.098 -0.677
vn -0.609 -0.080 -0.789
vn 0.753 0.041 0.656
vn 0.894 -0.043 -0.445
vn -0.700 -0.106 -0.706
vn 0.952 -0.043 0.302
vn 0.993 -0.120 -0.021
vn -0.980 -0.009 0.197
vn -0.888 -0.349 0.300
vn -1.000 -0.021 0.003
vn 0.923 -0.055 0.381
vn 0.812 -0.516 0.272
vn -0.994 -0.044 -0.105
vn 0.702 -0.430 0.567
vn 0.686 -0.658 -0.311
vn -0.730 -0.675 -0.108
vn -0.982 -0.186 0.032
vn -0.901 -0.174 0.397
vn 0.980 -0.117 -0.159
vn -0.986 -0.165 -0.018
vn 0.939 0.138 -0.316
vn -0.942 0.197 -0.273
vn -0.967 0.112 0.228
vn 0.903 0.131 0.409
vn 0.682 0.315 0.661
vn 0.433 0.840 0.327
vn -0.231 0.885 0.404
vn -0.011 1.000 -0.021
vn 0.315 0.949 -0.031
vn 0.984 -0.165 0.069
vn 0.998 0.031 0.045
vn 0.996 -0.017 0.091
vn -0.971 0.241 0.006
vn -0.579 0.802 0.149
vn 0.014 0.996 0.092
vn 0.672 -0.543 -0.503
vn -0.972 -0.184 -0.149
vn -0.948 -0.036 -0.317
vn 0.813 -0.037 -0.581
vn -0.380 -0.088 0.921
vn 0.857 -0.027 -0.515
vn 0.218 -0.098 0.971
vn -0.718 -0.028 -0.695
vn -0.081 -0.115 0.990
vn -0.204 -0.112 0.973
vn 0.309 -0.112 0.944
vn -0.002 -0.217 0.976
vn 0.467 -0.220 0.856
vn -0.838 -0.257 0.481
vn -0.913 -0.122 0.390
vn -0.794 0.004 0.608
vn 0.919 -0.154 -0.362
vn 0.990 -0.111 -0.090
vn -0.937 -0.144 0.319
vn 0.818 -0.158 0.553
vn 0.910 -0.180 0.373
vn 0.969 -0.137 0.206
vn -0.777 -0.128 0.616
vn 0.896 -0.148 0.418
vn 0.994 -0.102 -0.033
vn -0.930 -0.287 0.230
vn 0.996 0.049 0.068
vn -0.925 0.218 0.311
vn 0.992 0.124 -0.027
vn 0.915 0.098 0.392
vn -0.704 0.138 0.697
vn -0.656 0.640 0.400
vn 0.620 0.617 0.485
vn 0.054 0.998 0.019
vn -0.395 0.891 0.225
vn 0.433 0.884 0.176
vn 0.749 0.485 0.452
vn -0.958 -0.281 -0.062
vn -0.950 -0.298 0.095
vn 0.950 -0.251 0.185
vn -0.021 -0.994 -0.107
vn 0.617 -0.781 -0.102
vn -0.560 -0.824 0.083
vn -0.806 -0.253 -0.536
vn 0.970 -0.078 0.230
vn 0.980 -0.171 -0.101
vn -0.989 -0.055 -0.139
vn -0.986 -0.042 -0.164
vn -0.976 -0.045 -0.215
vn 0.951 -0.033 -0.307
vn -0.918 -0.031 -0.396
vn -0.869 -0.088 -0.486
vn -0.469 -0.229 0.853
vn 0.959 -0.199 -0.200
vn -0.039 -0.236 0.971
vn -0.292 -0.249 0.923
vn 0.849 -0.172 -0.499
vn 0.309 -0.226 0.924
vn 0.634 -0.207 0.745
vn -0.710 -0.166 -0.684
vn -0.613 -0.221 0.759
vn 0.856 -0.108 -0.505
vn 0.671 0.099 0.735
vn 0.573 0.024 0.819
vn 0.642 -0.051 0.765
vn 0.641 -0.139 0.755
vn -0.989 -0.067 -0.131
vn 0.832 -0.088 0.548
vn -0.747 -0.134 0.651
vn -0.759 -0.156 0.633
vn -0.708 -0.205 0.676
vn -0.732 -0.129 0.669
vn -0.911 0.007 0.413
vn -0.418 -0.515 0.748
vn 0.840 -0.096 0.533
vn -0.877 -0.035 0.479
vn -0.633 -0.743 0.216
vn -0.601 -0.154 0.785
vn 0.929 -0.148 0.340
vn -0.919 -0.127 0.374
vn -0.970 -0.136 0.202
vn 0.794 0.263 0.548
vn -0.984 0.146 -0.102
vn -0.974 0.111 0.196
vn -0.895 0.319 0.312
vn 0.146 0.722 0.676
vn 0.101 0.962 0.255
vn -0.026 0.901 0.434
vn -0.177 0.852 0.492
vn 0.319 0.870 0.376
vn 0.307 0.652 0.693
vn -0.806 -0.254 0.535
vn 0.890 -0.350 0.293
vn -0.808 -0.348 0.475
vn 0.921 0.044 0.387
vn 0.877 0.315 0.362
vn -0.850 0.447 0.278
vn -0.566 0.669 0.481
vn 0.612 0.713 0.342
vn 0.424 0.886 0.189
vn 0.824 -0.423 0.378
vn 0.932 -0.028 -0.360
vn 0.921 -0.033 -0.388
vn 0.997 -0.061 -0.053
vn 0.973 -0.160 -0.168
vn 0.691 0.001 0.723
vn -0.567 -0.121 0.815
vn -0.376 -0.088 0.923
vn -0.905 -0.048 -0.423
vn 0.245 0.026 0.969
vn -0.546 -0.037 0.837
vn 0.457 0.045 0.888
vn 0.101 -0.028 0.994
vn 0.327 -0.111 0.939
vn -0.941 -0.046 -0.335
vn 1.000 0.028 0.012
vn -0.734 -0.121 0.668
vn 0.644 -0.148 0.750
vn -0.690 -0.176 0.702
vn -0.700 -0.148 0.699
vn -0.697 -0.149 0.702
vn 0.907 -0.019 0.422
vn 0.961 -0.053 0.272
vn -0.721 -0.113 0.684
vn 0.915 -0.083 0.394
vn -0.874 -0.188 0.448
vn 0.623 -0.109 0.775
vn -0.588 -0.484 0.648
vn 0.714 -0.142 0.685
vn 0.759 -0.138 0.636
vn -0.870 -0.162 0.466
vn -0.424 -0.107 0.900
vn 0.966 -0.248 -0.078
vn -0.905 -0.264 0.332
vn 0.865 0.247 0.437
vn -0.891 0.239 0.387
vn -0.834 0.128 0.537
vn 0.674 0.138 0.726
vn -0.677 0.285 0.678
vn -0.569 0.541 0.620
vn 0.373 0.738 0.562
vn -0.137 0.702 0.699
vn 0.300 0.861 0.410
vn 0.747 -0.234 0.622
vn 0.672 -0.491 0.555
vn -0.929 0.220 0.297
vn -0.419 0.883 0.210
vn 0.299 -0.893 0.336
vn 0.994 -0.066 0.087
vn 0.997 -0.060 0.046
vn 0.911 -0.202 0.360
vn 0.166 -0.093 0.982
vn -0.999 0.028 0.030
vn -0.309 -0.003 0.951
vn -0.349 -0.093 0.933
vn -0.171 -0.128 0.977
vn 0.952 -0.027 0.304
vn 0.243 -0.131 0.961
vn 0.541 -0.119 0.832
vn -0.382 -0.155 0.911
vn 0.671 -0.108 0.733
vn -0.614 -0.145 0.776
vn -0.628 -0.141 0.766
vn 0.490 -0.123 0.863
vn -0.428 -0.146 0.892
vn -0.682 -0.249 0.688
vn 0.758 -0.245 0.605
vn -0.540 -0.367 0.758
vn -0.161 -0.568 0.807
vn 0.398 -0.396 0.828
vn 0.728 -0.098 0.679
vn -0.467 -0.113 0.877
vn 0.324 -0.097 0.941
vn 0.542 -0.151 0.827
vn -0.376 0.227 0.899
vn -0.126 0.137 0.983
vn 0.389 0.422 0.819
vn -0.229 0.407 0.884
vn 0.558 -0.123 0.821
vn 0.880 -0.226 0.418
vn -0.768 -0.250 0.589
vn -0.137 -0.276 0.951
vn 0.455 -0.190 0.870
vn 0.957 0.282 0.064
vn 0.691 0.130 0.711
vn -0.713 0.180 0.677
vn -0.573 0.105 0.813
vn 0.498 0.171 0.850
vn 0.442 0.427 0.789
vn -0.442 0.396 0.805
vn 0.305 0.730 0.611
vn -0.307 0.827 0.472
vn -0.323 0.039 0.946
vn 0.342 0.131 0.931
vn 0.701 -0.355 0.618
vn 0.890 -0.240 0.387
vn -0.901 -0.265 0.344
vn -0.661 0.339 0.669
vn -0.145 0.861 0.487
vn 0.907 -0.079 0.414
vn -0.991 -0.052 -0.123
vn 0.998 -0.047 0.050
vn -0.998 0.056 0.006
vn 0.973 -0.002 0.229
vn -0.029 -0.146 0.989
vn -0.204 -0.158 0.966
vn 0.813 0.004 0.583
vn -0.576 -0.169 0.800
vn 0.409 -0.130 0.903
vn 0.597 -0.136 0.791
vn 0.454 -0.448 0.770
vn 0.527 -0.266 0.808
vn -0.443 -0.136 0.886
vn -0.528 -0.272 0.805
vn -0.286 -0.012 0.958
vn 0.276 -0.203 0.940
vn 0.379 -0.010 0.925
vn -0.148 0.055 0.987
vn 0.279 0.242 0.929
vn -0.273 -0.070 0.959
vn 0.103 -0.005 0.995
vn -0.053 -0.063 0.997
vn -0.509 -0.140 0.850
vn -0.106 0.289 0.951
vn 0.207 -0.009 0.978
vn -0.632 -0.109 0.767
vn -0.258 0.007 0.966
vn -0.155 -0.021 0.988
vn 0.507 0.430 0.747
vn 0.562 0.331 0.758
vn -0.603 0.197 0.773
vn -0.406 -0.092 0.909
vn 0.426 -0.019 0.905
vn 0.377 -0.137 0.916
vn -0.331 -0.216 0.919
vn 0.856 -0.267 0.442
vn 0.330 -0.164 0.930
vn 0.532 0.013 0.846
vn -0.168 0.008 0.986
vn 0.247 -0.011 0.969
vn -0.688 0.301 0.660
vn -0.437 0.220 0.872
vn 0.142 0.070 0.987
vn -0.664 0.182 0.726
vn 0.353 0.188 0.917
vn 0.592 0.210 0.778
vn -0.153 -0.009 0.988
vn 0.189 0.081 0.979
vn 0.092 0.029 0.995
vn -0.233 0.084 0.969
vn 0.807 0.132 0.575
vn -0.075 -0.051 0.996
vn -0.546 0.127 0.828
vn -0.509 0.104 0.854
vn 0.194 0.004 0.981
vn 0.413 0.049 0.910
vn 0.356 0.010 0.934
vn -0.498 0.088 0.863
vn -0.251 0.365 0.896
vn -0.226 0.569 0.790
vn 0.126 0.754 0.645
vn -0.287 0.816 0.502
vn 0.242 0.836 0.492
vn -0.523 0.514 0.680
vn -0.060 0.451 0.890
vn -0.282 -0.466 0.838
vn 0.327 -0.385 0.863
vn -0.388 -0.388 0.836
vn -0.610 -0.389 0.691
vn 0.674 -0.032 0.738
vn 0.763 -0.259 0.593
vn 0.851 -0.066 0.521
vn -0.810 -0.069 0.582
vn 0.751 0.447 0.486
vn -0.950 -0.048 0.307
vn -0.989 -0.062 0.136
vn 0.900 -0.072 0.431
vn 0.994 -0.051 0.091
vn 0.831 -0.085 0.550
vn -0.978 -0.063 0.201
vn -0.963 -0.054 0.263
vn -0.993 -0.118 0.013
vn 0.933 -0.221 0.285
vn -0.938 -0.157 -0.308
vn 0.897 0.033 0.441
vn 1.000 0.005 0.028
vn 0.052 -0.143 0.988
vn -0.987 -0.128 0.098
vn 0.265 -0.141 0.954
vn -0.256 -0.160 0.953
vn -0.390 -0.132 0.911
vn 0.116 -0.166 0.979
vn 0.740 -0.003 0.673
vn -0.491 -0.331 0.806
vn -0.753 -0.296 0.587
vn 0.353 -0.123 0.928
vn 0.328 -0.478 0.815
vn 0.018 -0.576 0.818
vn 0.477 -0.166 0.863
vn 0.419 -0.220 0.881
vn 0.642 0.307 0.702
vn -0.371 0.008 0.929
vn -0.334 -0.141 0.932
vn 0.374 -0.262 0.890
vn 0.394 -0.250 0.884
vn 0.021 -0.083 0.996
vn 0.302 -0.208 0.930
vn -0.163 -0.219 0.962
vn -0.115 -0.188 0.975
vn -0.637 -0.299 0.711
vn 0.565 -0.184 0.804
vn -0.518 -0.205 0.831
vn -0.502 -0.108 0.858
vn -0.191 -0.199 0.961
vn 0.362 0.001 0.932
vn -0.732 -0.123 0.670
vn -0.336 -0.108 0.936
vn -0.275 0.108 0.955
vn -0.176 0.178 0.968
vn 0.135 0.117 0.984
vn -0.244 0.213 0.946
vn -0.180 -0.003 0.984
vn 0.026 -0.026 0.999
vn -0.018 0.029 0.999
vn 0.403 -0.152 0.903
vn -0.242 -0.148 0.959
vn -0.029 0.014 0.999
vn -0.232 0.006 0.973
vn -0.313 -0.166 0.935
vn -0.410 0.000 0.912
vn 0.204 -0.094 0.974
vn -0.379 0.066 0.923
vn -0.419 0.156 0.894
vn -0.325 0.247 0.913
vn 0.224 0.569 0.791
vn -0.342 0.683 0.646
vn 0.291 0.780 0.554
vn 0.197 0.796 0.572
vn -0.255 0.808 0.531
vn -0.212 0.707 0.675
vn -0.211 0.797 0.566
vn 0.411 -0.429 0.804
vn -0.956 -0.016 0.294
vn 0.724 0.197 0.661
vn -0.544 0.536 0.646
vn 0.215 0.842 0.494
vn 0.060 0.735 0.675
vn -0.182 -0.743 0.644
vn -0.535 -0.603 0.592
vn -0.736 -0.536 0.413
vn -0.870 -0.134 0.475
vn -0.908 -0.077 0.411
vn 0.913 -0.082 0.400
vn -0.982 -0.187 -0.020
vn 0.902 0.169 0.398
vn -0.760 0.027 0.649
vn 0.689 0.048 0.723
vn -0.825 0.030 0.564
vn -0.052 -0.145 0.988
vn -0.207 -0.241 0.948
vn -0.637 0.015 0.771
vn 0.254 -0.181 0.950
vn -0.261 -0.526 0.809
vn -0.266 -0.360 0.894
vn -0.503 -0.013 0.864
vn 0.556 -0.025 0.831
vn -0.498 0.011 0.867
vn 0.512 0.059 0.857
vn -0.467 0.266 0.843
vn 0.562 0.311 0.766
vn -0.584 0.340 0.738
vn -0.593 0.275 0.757
vn 0.553 0.123 0.824
vn 0.537 -0.125 0.834
vn -0.419 -0.202 0.885
vn -0.576 -0.158 0.802
vn 0.108 0.160 0.981
vn 0.266 0.188 0.946
vn -0.350 0.124 0.928
vn -0.486 0.075 0.871
vn -0.230 0.173 0.958
vn 0.231 0.219 0.948
vn -0.244 -0.170 0.955
vn -0.383 0.250 0.889
vn -0.005 0.135 0.991
vn 0.532 0.015 0.847
vn 0.505 0.012 0.863
vn -0.539 0.001 0.842
vn 0.454 -0.095 0.886
vn -0.454 -0.205 0.867
vn 0.428 0.004 0.904
vn 0.369 0.293 0.882
vn -0.453 0.115 0.884
vn -0.376 0.507 0.776
vn 0.359 0.601 0.714
vn 0.416 0.247 0.875
vn -0.194 0.742 0.642
vn -0.067 0.665 0.744
vn 0.077 -0.446 0.891
vn -0.277 -0.449 0.850
vn 0.488 -0.343 0.803
vn -0.699 -0.298 0.650
vn -0.687 -0.190 0.701
vn -0.823 0.183 0.538
vn 0.547 0.335 0.767
vn 0.476 0.594 0.648
vn 0.269 0.510 0.817
vn -0.295 0.570 0.766
vn 0.017 0.604 0.796
vn -0.327 -0.180 0.928
vn -0.643 -0.104 0.759
vn 0.708 -0.102 0.699
vn 0.676 -0.084 0.732
vn -0.589 -0.101 0.801
vn -0.827 -0.085 0.556
vn -0.798 -0.084 0.597
vn 0.912 -0.072 0.403
vn -0.852 -0.090 0.516
vn -0.908 -0.103 0.407
vn 0.759 0.180 0.626
vn -0.983 0.111 0.144
vn -0.779 0.062 0.625
vn 0.410 0.082 0.908
vn -0.670 0.070 0.739
vn 0.488 0.054 0.871
vn -0.571 0.083 0.817
vn -0.444 0.094 0.891
vn 0.386 -0.216 0.897
vn -0.500 0.035 0.865
vn -0.004 -0.364 0.931
vn -0.360 0.049 0.932
vn -0.059 -0.529 0.847
vn 0.230 -0.289 0.929
vn -0.456 -0.034 0.889
vn 0.509 0.012 0.861
vn -0.501 0.087 0.861
vn -0.529 0.256 0.809
vn -0.489 0.271 0.829
vn -0.508 0.237 0.828
vn -0.502 -0.173 0.847
vn 0.493 -0.084 0.866
vn -0.561 -0.152 0.814
vn -0.464 -0.048 0.884
vn 0.323 -0.075 0.943
vn -0.409 -0.063 0.910
vn 0.481 -0.025 0.876
vn -0.420 0.248 0.873
vn -0.393 0.311 0.865
vn -0.370 0.427 0.825
vn 0.208 0.710 0.673
vn 0.184 0.721 0.668
vn 0.103 0.684 0.722
vn -0.162 0.709 0.686
vn -0.065 0.697 0.715
vn -0.041 -0.137 0.990
vn 0.342 -0.144 0.929
vn -0.563 -0.282 0.777
vn -0.674 -0.046 0.738
vn -0.500 0.051 0.865
vn -0.451 0.134 0.882
vn 0.302 0.109 0.947
vn -0.317 0.409 0.856
vn -0.074 0.463 0.883
vn 0.259 -0.285 0.923
vn 0.460 -0.093 0.883
vn -0.185 -0.120 0.975
vn 0.609 -0.114 0.785
vn -0.623 -0.094 0.776
vn 0.759 -0.088 0.645
vn 0.649 -0.106 0.753
vn 0.600 -0.249 0.760
vn -0.885 -0.229 0.405
vn -0.904 0.144 0.402
vn 0.828 -0.022 0.560
vn 0.825 0.034 0.564
vn 0.641 0.048 0.766
vn -0.843 0.048 0.536
vn -0.634 0.079 0.769
vn -0.441 0.099 0.892
vn -0.220 0.103 0.970
vn -0.036 -0.062 0.997
vn 0.120 -0.367 0.922
vn -0.141 -0.526 0.838
vn -0.070 -0.083 0.994
vn 0.377 -0.123 0.918
vn -0.320 -0.089 0.943
vn -0.398 0.038 0.917
vn 0.479 0.226 0.848
vn -0.412 0.216 0.885
vn 0.458 0.249 0.854
vn 0.319 0.128 0.939
vn 0.227 0.034 0.973
vn -0.555 0.008 0.832
vn -0.313 0.083 0.946
vn 0.383 -0.182 0.906
vn 0.245 -0.114 0.963
vn -0.385 -0.095 0.918
vn -0.289 -0.118 0.950
vn -0.502 -0.119 0.857
vn -0.457 -0.074 0.886
vn -0.377 -0.123 0.918
vn 0.338 0.026 0.941
vn -0.510 0.043 0.859
vn 0.431 0.027 0.902
vn -0.547 -0.121 0.829
vn 0.470 -0.114 0.875
vn -0.388 -0.055 0.920
vn -0.489 -0.192 0.851
vn 0.448 -0.104 0.888
vn -0.441 0.036 0.897
vn -0.402 0.134 0.906
vn 0.292 0.546 0.785
vn 0.170 0.518 0.838
vn -0.294 0.620 0.727
vn 0.018 0.649 0.761
vn -0.191 -0.463 0.865
vn -0.316 -0.361 0.877
vn -0.176 0.132 0.976
vn -0.066 0.402 0.913
vn -0.064 -0.129 0.990
vn 0.093 -0.106 0.990
vn 0.447 -0.101 0.889
vn -0.446 -0.094 0.890
vn -0.009 -0.109 0.994
vn -0.253 -0.106 0.962
vn -0.475 -0.103 0.874
vn 0.487 -0.097 0.868
vn -0.582 -0.090 0.808
vn -0.846 -0.167 0.506
vn 0.756 -0.233 0.612
vn 0.759 -0.109 0.642
vn -0.902 0.087 0.422
vn -0.602 0.151 0.784
vn 0.697 -0.058 0.714
vn -0.629 0.073 0.774
vn 0.775 0.018 0.631
vn -0.302 0.103 0.948
vn -0.604 0.090 0.792
vn -0.431 0.097 0.897
vn 0.398 0.082 0.914
vn 0.193 0.093 0.977
vn -0.152 0.107 0.983
vn 0.140 0.102 0.985
vn -0.103 -0.259 0.960
vn -0.142 -0.196 0.970
vn -0.084 -0.192 0.978
vn 0.210 -0.193 0.959
vn 0.079 -0.329 0.941
vn -0.259 -0.088 0.962
vn 0.332 0.125 0.935
vn -0.211 0.150 0.966
vn -0.305 0.140 0.942
vn 0.274 0.162 0.948
vn -0.272 0.169 0.947
vn -0.393 0.194 0.899
vn -0.197 0.029 0.980
vn 0.353 -0.050 0.934
vn -0.212 -0.079 0.974
vn -0.282 -0.171 0.944
vn 0.158 -0.087 0.984
vn -0.285 -0.085 0.955
vn 0.332 -0.094 0.939
vn -0.458 -0.029 0.889
vn -0.361 0.005 0.933
vn -0.303 0.031 0.953
vn 0.197 0.033 0.980
vn -0.256 0.023 0.966
vn -0.443 0.012 0.897
vn -0.238 -0.136 0.962
vn 0.414 0.007 0.910
vn -0.370 -0.157 0.916
vn -0.449 -0.130 0.884
vn -0.278 0.048 0.959
vn -0.344 -0.087 0.935
vn -0.448 -0.010 0.894
vn 0.364 0.222 0.904
vn 0.273 0.238 0.932
vn -0.279 0.422 0.863
vn -0.215 0.330 0.919
vn 0.102 0.511 0.854
vn 0.012 0.502 0.865
vn -0.062 0.569 0.820
vn -0.396 -0.091 0.914
vn 0.234 -0.105 0.967
vn -0.218 -0.108 0.970
vn 0.355 -0.087 0.931
vn 0.070 -0.196 0.978
vn -0.460 -0.235 0.856
vn -0.656 -0.231 0.718
vn 0.369 0.003 0.929
vn -0.617 -0.072 0.784
vn 0.705 0.026 0.709
vn -0.729 0.114 0.675
vn 0.612 0.188 0.768
vn 0.417 0.111 0.902
vn -0.447 0.095 0.890
vn -0.279 0.072 0.957
vn 0.190 0.088 0.978
vn -0.194 0.104 0.975
vn 0.022 0.109 0.994
vn -0.023 0.110 0.994
vn -0.017 -0.444 0.896
vn -0.050 -0.232 0.971
vn 0.081 -0.201 0.976
vn 0.040 -0.430 0.902
vn -0.004 -0.202 0.979
vn -0.150 -0.128 0.980
vn -0.223 0.034 0.974
vn 0.198 0.045 0.979
vn -0.150 0.006 0.989
vn 0.025 0.101 0.995
vn -0.120 0.120 0.986
vn -0.002 0.172 0.985
vn 0.137 0.091 0.986
vn -0.077 0.160 0.984
vn -0.229 0.129 0.965
vn 0.202 0.111 0.973
vn -0.038 -0.079 0.996
vn -0.055 -0.008 0.998
vn 0.106 -0.087 0.991
vn -0.192 -0.109 0.975
vn -0.198 -0.066 0.978
vn 0.192 -0.012 0.981
vn -0.070 -0.049 0.996
vn -0.147 0.026 0.989
vn -0.141 -0.023 0.990
vn 0.085 -0.022 0.996
vn 0.072 0.014 0.997
vn -0.122 0.016 0.992
vn -0.036 -0.054 0.998
vn 0.203 -0.046 0.978
vn -0.106 -0.041 0.994
vn -0.213 -0.056 0.976
vn -0.212 -0.052 0.976
vn -0.247 -0.063 0.967
vn -0.066 -0.033 0.997
vn -0.297 -0.129 0.946
vn 0.322 -0.096 0.942
vn -0.179 0.174 0.968
vn -0.286 0.166 0.944
vn -0.131 0.220 0.967
vn -0.069 0.253 0.965
vn -0.143 0.534 0.833
vn -0.194 -0.178 0.965
vn -0.381 -0.231 0.895
vn 0.545 -0.190 0.816
vn 0.531 0.285 0.798
vn 0.372 0.226 0.900
vn -0.595 0.219 0.773
vn -0.090 0.231 0.969
vn -0.301 0.260 0.917
vn 0.243 0.123 0.962
vn -0.076 -0.055 0.996
vn 0.086 0.117 0.989
vn 0.061 0.011 0.998
vn 0.156 -0.079 0.985
vn 0.071 -0.082 0.994
vn -0.165 -0.106 0.981
vn -0.181 0.023 0.983
vn 0.022 0.067 0.997
vn 0.092 0.139 0.986
vn 0.175 0.229 0.958
vn 0.022 0.364 0.931
vn -0.340 0.062 0.939
vn -0.250 0.359 0.899
vn -0.144 0.216 0.966
vn 0.240 0.233 0.942
vn 0.221 -0.201 0.954
usemtl creature
f 5//5 4//4 3//3
f 6//6 3//3 4//4
f 7//7 5//5 3//3
f 7//7 3//3 6//6
f 39//39 8//8 9//9
f 10//10 8//8 39//39
f 39//39 9//9 37//37
f 9//9 36//36 37//37
f 2//2 14//14 11//11
f 2//2 11//11 1//1
f 1//1 13//13 2//2
f 18//18 17//17 2//2
f 2//2 17//17 14//14
f 2//2 13//13 42//42
f 15//15 2//2 45//45
f 16//16 18//18 2//2
f 16//16 2//2 15//15
f 19//19 18//18 16//16
f 20//20 17//17 18//18
f 20//20 18//18 19//19
f 21//21 20//20 52//52
f 52//52 20//20 24//24
f 22//22 21//21 52//52
f 22//22 52//52 30//30
f 25//25 21//21 22//22
f 28//28 21//21 25//25
f 5//5 25//25 4//4
f 25//25 23//23 4//4
f 25//25 22//22 23//23
f 4//4 23//23 6//6
f 23//23 26//26 6//6
f 23//23 22//22 26//26
f 26//26 22//22 30//30
f 7//7 29//29 5//5
f 29//29 25//25 5//5
f 29//29 28//28 25//25
f 6//6 26//26 7//7
f 26//26 29//29 7//7
f 26//26 30//30 29//29
f 30//30 28//28 29//29
f 33//33 31//31 28//28
f 33//33 28//28 30//30
f 52//52 53//53 30//30
f 32//32 31//31 58//58
f 58//58 31//31 33//33
f 9//9 32//32 58//58
f 34//34 32//32 8//8
f 8//8 32//32 9//9
f 10//10 34//34 8//8
f 10//10 35//35 34//34
f 36//36 9//9 58//58
f 10//10 61//61 35//35
f 90//90 61//61 10//10
f 38//38 90//90 10//10
f 11//11 40//40 1//1
f 1//1 40//40 13//13
f 13//13 12//12 42//42
f 41//41 11//11 17//17
f 17//17 11//11 14//14
f 43//43 118//118 17//17
f 17//17 118//118 41//41
f 44//44 43//43 17//17
f 45//45 2//2 42//42
f 20//20 44//44 17//17
f 16//16 15//15 19//19
f 48//48 50//50 44//44
f 47//47 44//44 20//20
f 48//48 44//44 47//47
f 49//49 20//20 15//15
f 15//15 20//20 19//19
f 20//20 48//48 47//47
f 21//21 50//50 20//20
f 20//20 50//50 48//48
f 24//24 20//20 49//49
f 24//24 49//49 15//15
f 24//24 15//15 80//80
f 51//51 50//50 21//21
f 24//24 126//126 52//52
f 28//28 51//51 21//21
f 127//127 52//52 126//126
f 27//27 51//51 31//31
f 31//31 51//51 28//28
f 32//32 27//27 31//31
f 127//127 53//53 52//52
f 32//32 51//51 27//27
f 56//56 51//51 55//55
f 54//54 55//55 51//51
f 34//34 54//54 32//32
f 32//32 54//54 51//51
f 57//57 33//33 30//30
f 34//34 55//55 54//54
f 56//56 55//55 34//34
f 57//57 58//58 33//33
f 35//35 56//56 34//34
f 58//58 57//57 59//59
f 59//59 36//36 58//58
f 57//57 89//89 59//59
f 61//61 60//60 35//35
f 36//36 59//59 37//37
f 10//10 39//39 38//38
f 64//64 65//65 62//62
f 67//67 64//64 62//62
f 66//66 65//65 64//64
f 68//68 66//66 64//64
f 71//71 68//68 64//64
f 71//71 64//64 67//67
f 69//69 71//71 67//67
f 73//73 71//71 98//98
f 71//71 69//69 98//98
f 73//73 100//100 72//72
f 73//73 98//98 100//100
f 101//101 72//72 100//100
f 11//11 108//108 40//40
f 41//41 108//108 11//11
f 40//40 76//76 13//13
f 12//12 13//13 115//115
f 12//12 115//115 42//42
f 148//148 117//117 42//42
f 77//77 108//108 41//41
f 41//41 149//149 77//77
f 42//42 117//117 120//120
f 118//118 149//149 41//41
f 44//44 46//46 43//43
f 42//42 120//120 45//45
f 120//120 121//121 45//45
f 45//45 152//152 15//15
f 152//152 184//184 15//15
f 50//50 79//79 44//44
f 44//44 79//79 46//46
f 50//50 46//46 79//79
f 50//50 81//81 46//46
f 15//15 184//184 80//80
f 80//80 126//126 24//24
f 82//82 50//50 51//51
f 82//82 81//81 50//50
f 83//83 124//124 51//51
f 51//51 124//124 82//82
f 51//51 85//85 83//83
f 216//216 126//126 84//84
f 127//127 126//126 216//216
f 51//51 86//86 85//85
f 56//56 86//86 51//51
f 53//53 57//57 30//30
f 35//35 87//87 56//56
f 56//56 87//87 88//88
f 35//35 88//88 87//87
f 57//57 53//53 89//89
f 89//89 53//53 128//128
f 60//60 130//130 35//35
f 61//61 130//130 60//60
f 59//59 89//89 131//131
f 61//61 224//224 130//130
f 131//131 37//37 59//59
f 61//61 90//90 38//38
f 37//37 91//91 39//39
f 37//37 131//131 91//91
f 228//228 38//38 39//39
f 92//92 138//138 62//62
f 92//92 62//62 65//65
f 65//65 138//138 92//92
f 63//63 138//138 65//65
f 67//67 62//62 93//93
f 67//67 93//93 140//140
f 138//138 63//63 94//94
f 65//65 66//66 63//63
f 94//94 63//63 66//66
f 94//94 66//66 96//96
f 68//68 95//95 66//66
f 96//96 66//66 95//95
f 140//140 69//69 67//67
f 140//140 70//70 69//69
f 71//71 95//95 68//68
f 97//97 95//95 71//71
f 73//73 97//97 71//71
f 73//73 141//141 97//97
f 98//98 69//69 70//70
f 72//72 141//141 73//73
f 101//101 142//142 72//72
f 98//98 173//173 100//100
f 101//101 100//100 103//103
f 173//173 143//143 100//100
f 100//100 143//143 103//103
f 144//144 102//102 104//104
f 74//74 106//106 142//142
f 105//105 101//101 103//103
f 104//104 102//102 106//106
f 74//74 142//142 101//101
f 74//74 101//101 105//105
f 74//74 110//110 106//106
f 146//146 74//74 105//105
f 107//107 110//110 74//74
f 110//110 104//104 106//106
f 107//107 74//74 146//146
f 145//145 104//104 110//110
f 110//110 107//107 75//75
f 111//111 107//107 146//146
f 108//108 75//75 107//107
f 108//108 107//107 111//111
f 109//109 75//75 108//108
f 109//109 110//110 75//75
f 108//108 110//110 109//109
f 108//108 77//77 110//110
f 111//111 114//114 108//108
f 113//113 110//110 77//77
f 108//108 114//114 40//40
f 114//114 76//76 40//40
f 42//42 115//115 112//112
f 42//42 112//112 148//148
f 76//76 116//116 13//13
f 13//13 116//116 115//115
f 117//117 183//183 120//120
f 46//46 119//119 43//43
f 43//43 119//119 118//118
f 120//120 213//213 121//121
f 46//46 78//78 119//119
f 121//121 152//152 45//45
f 46//46 81//81 78//78
f 81//81 123//123 122//122
f 126//126 80//80 184//184
f 81//81 124//124 123//123
f 82//82 124//124 81//81
f 86//86 155//155 85//85
f 56//56 155//155 86//86
f 156//156 53//53 127//127
f 156//156 127//127 186//186
f 56//56 88//88 155//155
f 157//157 53//53 156//156
f 88//88 129//129 155//155
f 53//53 157//157 128//128
f 128//128 188//188 89//89
f 35//35 129//129 88//88
f 35//35 130//130 158//158
f 224//224 61//61 38//38
f 39//39 91//91 229//229
f 229//229 228//228 39//39
f 134//134 133//133 132//132
f 135//135 132//132 133//133
f 136//136 134//134 132//132
f 136//136 132//132 135//135
f 198//198 137//137 62//62
f 62//62 137//137 93//93
f 138//138 198//198 62//62
f 200//200 93//93 137//137
f 138//138 201//201 198//198
f 139//139 93//93 200//200
f 139//139 140//140 93//93
f 140//140 139//139 167//167
f 140//140 167//167 169//169
f 168//168 94//94 96//96
f 205//205 70//70 140//140
f 140//140 169//169 205//205
f 97//97 96//96 95//95
f 97//97 141//141 96//96
f 70//70 205//205 98//98
f 141//141 72//72 238//238
f 142//142 99//99 72//72
f 106//106 102//102 142//142
f 143//143 105//105 103//103
f 105//105 143//143 209//209
f 209//209 146//146 105//105
f 104//104 145//145 144//144
f 177//177 146//146 209//209
f 111//111 146//146 114//114
f 113//113 147//147 110//110
f 110//110 147//147 145//145
f 114//114 146//146 76//76
f 77//77 147//147 113//113
f 77//77 181//181 147//147
f 148//148 182//182 117//117
f 150//150 118//118 119//119
f 151//151 150//150 119//119
f 78//78 151//151 119//119
f 121//121 214//214 152//152
f 81//81 151//151 78//78
f 122//122 151//151 81//81
f 184//184 153//153 126//126
f 153//153 215//215 126//126
f 215//215 84//84 126//126
f 83//83 125//125 124//124
f 125//125 83//83 85//85
f 127//127 216//216 186//186
f 155//155 282//282 85//85
f 157//157 188//188 128//128
f 187//187 129//129 35//35
f 35//35 158//158 187//187
f 224//224 158//158 130//130
f 188//188 222//222 89//89
f 222//222 131//131 89//89
f 159//159 158//158 224//224
f 190//190 91//91 131//131
f 224//224 38//38 225//225
f 229//229 91//91 191//191
f 160//160 38//38 228//228
f 161//161 194//194 192//192
f 165//165 194//194 162//162
f 134//134 162//162 133//133
f 162//162 161//161 133//133
f 162//162 194//194 161//161
f 133//133 161//161 135//135
f 161//161 163//163 135//135
f 161//161 192//192 163//163
f 163//163 192//192 166//166
f 136//136 164//164 134//134
f 164//164 162//162 134//134
f 164//164 165//165 162//162
f 135//135 163//163 136//136
f 163//163 164//164 136//136
f 163//163 166//166 164//164
f 165//165 164//164 166//166
f 195//195 165//165 166//166
f 201//201 138//138 236//236
f 94//94 236//236 138//138
f 94//94 168//168 236//236
f 169//169 262//262 205//205
f 72//72 99//99 170//170
f 171//171 173//173 98//98
f 102//102 99//99 142//142
f 102//102 172//172 99//99
f 144//144 239//239 102//102
f 173//173 208//208 143//143
f 144//144 174//174 239//239
f 144//144 175//175 174//174
f 145//145 175//175 144//144
f 145//145 176//176 175//175
f 148//148 178//178 210//210
f 148//148 210//210 179//179
f 147//147 303//303 145//145
f 145//145 303//303 176//176
f 148//148 112//112 178//178
f 179//179 211//211 148//148
f 76//76 146//146 177//177
f 177//177 116//116 76//76
f 115//115 180//180 112//112
f 148//148 302//302 182//182
f 183//183 117//117 182//182
f 277//277 181//181 77//77
f 276//276 120//120 275//275
f 275//275 120//120 183//183
f 77//77 149//149 277//277
f 276//276 213//213 120//120
f 213//213 214//214 121//121
f 152//152 214//214 184//184
f 124//124 185//185 123//123
f 85//85 154//154 125//125
f 248//248 186//186 216//216
f 85//85 282//282 154//154
f 129//129 217//217 155//155
f 409//409 188//188 157//157
f 189//189 188//188 409//409
f 222//222 188//188 189//189
f 190//190 131//131 222//222
f 287//287 159//159 224//224
f 226//226 191//191 91//91
f 38//38 160//160 227//227
f 230//230 228//228 229//229
f 194//194 193//193 192//192
f 192//192 292//292 232//232
f 165//165 195//195 194//194
f 192//192 232//232 233//233
f 192//192 233//233 166//166
f 166//166 196//196 195//195
f 199//199 200//200 137//137
f 200//200 202//202 139//139
f 202//202 167//167 139//139
f 323//323 167//167 202//202
f 203//203 167//167 323//323
f 203//203 169//169 167//167
f 168//168 204//204 236//236
f 203//203 262//262 169//169
f 96//96 204//204 168//168
f 263//263 96//96 238//238
f 238//238 96//96 141//141
f 264//264 98//98 206//206
f 264//264 265//265 98//98
f 170//170 238//238 72//72
f 99//99 238//238 170//170
f 99//99 207//207 238//238
f 171//171 98//98 265//265
f 173//173 171//171 267//267
f 267//267 208//208 173//173
f 102//102 239//239 172//172
f 208//208 209//209 143//143
f 209//209 332//332 337//337
f 209//209 300//300 273//273
f 209//209 273//273 177//177
f 212//212 243//243 112//112
f 112//112 243//243 178//178
f 115//115 212//212 180//180
f 180//180 212//212 112//112
f 211//211 302//302 148//148
f 147//147 181//181 303//303
f 302//302 183//183 182//182
f 151//151 342//342 150//150
f 151//151 278//278 342//342
f 122//122 280//280 151//151
f 123//123 185//185 122//122
f 404//404 215//215 153//153
f 84//84 248//248 216//216
f 313//313 248//248 84//84
f 249//249 186//186 248//248
f 249//249 156//156 186//186
f 155//155 217//217 282//282
f 218//218 217//217 129//129
f 156//156 252//252 157//157
f 129//129 219//219 218//218
f 187//187 219//219 129//129
f 252//252 285//285 157//157
f 220//220 219//219 187//187
f 157//157 285//285 409//409
f 187//187 221//221 220//220
f 158//158 221//221 187//187
f 409//409 222//222 189//189
f 158//158 220//220 221//221
f 223//223 220//220 158//158
f 287//287 158//158 159//159
f 288//288 190//190 222//222
f 225//225 38//38 227//227
f 192//192 193//193 230//230
f 231//231 193//193 194//194
f 234//234 194//194 195//195
f 194//194 234//234 259//259
f 166//166 233//233 293//293
f 166//166 260//260 196//196
f 196//196 234//234 195//195
f 197//197 199//199 137//137
f 198//198 197//197 137//137
f 201//201 235//235 198//198
f 362//362 202//202 200//200
f 236//236 261//261 201//201
f 204//204 296//296 236//236
f 204//204 237//237 296//296
f 326//326 262//262 203//203
f 96//96 237//237 204//204
f 263//263 237//237 96//96
f 262//262 98//98 205//205
f 206//206 98//98 262//262
f 174//174 240//240 239//239
f 175//175 271//271 174//174
f 174//174 271//271 240//240
f 242//242 241//241 178//178
f 178//178 241//241 210//210
f 210//210 241//241 329//329
f 179//179 210//210 270//270
f 176//176 271//271 175//175
f 243//243 242//242 178//178
f 244//244 211//211 179//179
f 212//212 245//245 243//243
f 176//176 303//303 271//271
f 116//116 177//177 301//301
f 301//301 245//245 115//115
f 115//115 245//245 212//212
f 116//116 301//301 115//115
f 302//302 275//275 183//183
f 118//118 277//277 149//149
f 150//150 277//277 118//118
f 305//305 213//213 276//276
f 277//277 150//150 342//342
f 213//213 305//305 214//214
f 279//279 184//184 214//214
f 184//184 404//404 153//153
f 280//280 122//122 185//185
f 124//124 280//280 185//185
f 249//249 252//252 156//156
f 249//249 283//283 252//252
f 218//218 282//282 217//217
f 219//219 251//251 218//218
f 252//252 250//250 285//285
f 220//220 284//284 251//251
f 219//219 220//220 251//251
f 220//220 318//318 284//284
f 254//254 253//253 220//220
f 409//409 319//319 222//222
f 223//223 254//254 220//220
f 287//287 223//223 158//158
f 288//288 91//91 190//190
f 225//225 287//287 224//224
f 228//228 230//230 160//160
f 227//227 160//160 320//320
f 256//256 160//160 230//230
f 256//256 230//230 193//193
f 290//290 192//192 230//230
f 231//231 256//256 193//193
f 290//290 292//292 192//192
f 257//257 231//231 194//194
f 194//194 259//259 258//258
f 260//260 166//166 293//293
f 322//322 259//259 196//196
f 259//259 234//234 196//196
f 322//322 196//196 260//260
f 198//198 235//235 197//197
f 200//200 199//199 362//362
f 296//296 261//261 236//236
f 238//238 266//266 263//263
f 172//172 207//207 99//99
f 208//208 298//298 209//209
f 298//298 332//332 209//209
f 270//270 210//210 329//329
f 242//242 269//269 268//268
f 268//268 269//269 243//243
f 243//243 269//269 242//242
f 244//244 270//270 335//335
f 270//270 244//244 179//179
f 300//300 209//209 337//337
f 243//243 336//336 268//268
f 243//243 272//272 336//336
f 243//243 245//245 272//272
f 387//387 211//211 244//244
f 449//449 271//271 303//303
f 273//273 301//301 177//177
f 302//302 211//211 387//387
f 181//181 274//274 303//303
f 181//181 277//277 274//274
f 279//279 214//214 305//305
f 246//246 342//342 278//278
f 278//278 151//151 246//246
f 310//310 84//84 215//215
f 247//247 280//280 124//124
f 247//247 124//124 125//125
f 154//154 247//247 125//125
f 282//282 281//281 154//154
f 249//249 248//248 283//283
f 284//284 282//282 218//218
f 251//251 284//284 218//218
f 283//283 250//250 252//252
f 283//283 316//316 250//250
f 220//220 286//286 318//318
f 253//253 286//286 220//220
f 353//353 287//287 225//225
f 466//466 226//226 91//91
f 255//255 225//225 227//227
f 289//289 229//229 191//191
f 320//320 255//255 227//227
f 229//229 289//289 230//230
f 160//160 256//256 320//320
f 289//289 290//290 230//230
f 289//289 291//291 290//290
f 291//291 292//292 290//290
f 321//321 292//292 291//291
f 258//258 418//418 194//194
f 322//322 294//294 259//259
f 293//293 322//322 260//260
f 235//235 480//480 197//197
f 201//201 295//295 235//235
f 362//362 323//323 202//202
f 261//261 295//295 201//201
f 326//326 203//203 323//323
f 366//366 262//262 326//326
f 262//262 264//264 206//206
f 265//265 264//264 598//598
f 207//207 266//266 238//238
f 298//298 208//208 267//267
f 239//239 240//240 331//331
f 241//241 242//242 329//329
f 268//268 297//297 242//242
f 387//387 244//244 335//335
f 337//337 273//273 300//300
f 301//301 272//272 245//245
f 387//387 338//338 302//302
f 302//302 338//338 339//339
f 274//274 277//277 303//303
f 277//277 306//306 304//304
f 342//342 306//306 277//277
f 343//343 279//279 305//305
f 307//307 342//342 246//246
f 151//151 307//307 246//246
f 280//280 393//393 151//151
f 279//279 404//404 184//184
f 348//348 310//310 215//215
f 247//247 308//308 280//280
f 311//311 247//247 312//312
f 313//313 84//84 310//310
f 315//315 311//311 312//312
f 154//154 312//312 247//247
f 281//281 312//312 154//154
f 315//315 312//312 281//281
f 248//248 313//313 283//283
f 282//282 315//315 281//281
f 313//313 351//351 352//352
f 284//284 314//314 282//282
f 282//282 314//314 315//315
f 313//313 316//316 283//283
f 316//316 313//313 352//352
f 284//284 317//317 314//314
f 250//250 316//316 352//352
f 284//284 463//463 317//317
f 410//410 516//516 409//409
f 319//319 409//409 516//516
f 288//288 354//354 91//91
f 91//91 354//354 466//466
f 222//222 354//354 288//288
f 254//254 223//223 287//287
f 577//577 287//287 353//353
f 415//415 354//354 222//222
f 415//415 222//222 319//319
f 467//467 289//289 191//191
f 256//256 468//468 320//320
f 356//356 231//231 257//257
f 194//194 418//418 257//257
f 471//471 232//232 292//292
f 232//232 471//471 233//233
f 258//258 259//259 418//418
f 294//294 418//418 259//259
f 233//233 527//527 293//293
f 358//358 294//294 322//322
f 197//197 360//360 199//199
f 197//197 480//480 360//360
f 360//360 361//361 199//199
f 261//261 324//324 295//295
f 296//296 325//325 261//261
f 363//363 326//326 323//323
f 237//237 365//365 296//296
f 263//263 328//328 237//237
f 266//266 328//328 263//263
f 598//598 171//171 265//265
f 267//267 171//171 371//371
f 239//239 445//445 172//172
f 239//239 331//331 445//445
f 267//267 501//501 376//376
f 380//380 267//267 376//376
f 242//242 297//297 329//329
f 378//378 329//329 330//330
f 380//380 298//298 267//267
f 378//378 270//270 329//329
f 268//268 379//379 297//297
f 270//270 378//378 382//382
f 333//333 331//331 240//240
f 334//334 379//379 268//268
f 333//333 240//240 271//271
f 382//382 335//335 270//270
f 384//384 334//334 268//268
f 271//271 299//299 333//333
f 268//268 336//336 384//384
f 386//386 387//387 335//335
f 272//272 385//385 336//336
f 271//271 449//449 299//299
f 273//273 337//337 301//301
f 301//301 337//337 272//272
f 390//390 388//388 303//303
f 303//303 340//340 390//390
f 339//339 275//275 302//302
f 303//303 277//277 340//340
f 276//276 275//275 392//392
f 277//277 341//341 340//340
f 304//304 341//341 277//277
f 305//305 276//276 453//453
f 342//342 304//304 306//306
f 342//342 307//307 304//304
f 307//307 151//151 344//344
f 393//393 344//344 151//151
f 404//404 348//348 215//215
f 308//308 347//347 280//280
f 346//346 311//311 345//345
f 346//346 345//345 347//347
f 346//346 247//247 311//311
f 346//346 347//347 247//247
f 247//247 347//347 308//308
f 348//348 349//349 310//310
f 310//310 349//349 350//350
f 350//350 349//349 405//405
f 311//311 315//315 309//309
f 310//310 350//350 351//351
f 351//351 313//313 310//310
f 314//314 407//407 315//315
f 352//352 351//351 250//250
f 409//409 285//285 250//250
f 318//318 286//286 284//284
f 617//617 254//254 287//287
f 617//617 518//518 254//254
f 416//416 417//417 226//226
f 320//320 225//225 255//255
f 231//231 356//356 256//256
f 418//418 356//356 257//257
f 292//292 321//321 519//519
f 471//471 292//292 519//519
f 581//581 233//233 471//471
f 581//581 527//527 233//233
f 473//473 294//294 358//358
f 322//322 474//474 358//358
f 474//474 322//322 583//583
f 361//361 362//362 199//199
f 295//295 425//425 235//235
f 480//480 235//235 425//425
f 295//295 426//426 425//425
f 429//429 323//323 362//362
f 324//324 426//426 295//295
f 261//261 325//325 324//324
f 429//429 363//363 323//323
f 364//364 325//325 296//296
f 430//430 326//326 363//363
f 366//366 326//326 430//430
f 364//364 296//296 365//365
f 237//237 328//328 365//365
f 366//366 327//327 262//262
f 437//437 262//262 327//327
f 437//437 264//264 262//262
f 367//367 264//264 437//437
f 367//367 597//597 264//264
f 266//266 368//368 328//328
f 597//597 598//598 264//264
f 373//373 369//369 370//370
f 370//370 369//369 443//443
f 172//172 499//499 207//207
f 371//371 501//501 267//267
f 330//330 373//373 370//370
f 297//297 372//372 329//329
f 329//329 372//372 373//373
f 329//329 373//373 330//330
f 375//375 374//374 373//373
f 375//375 372//372 297//297
f 375//375 373//373 372//372
f 374//374 375//375 379//379
f 379//379 375//375 297//297
f 379//379 377//377 374//374
f 553//553 378//378 330//330
f 380//380 332//332 298//298
f 334//334 381//381 379//379
f 333//333 447//447 383//383
f 709//709 557//557 332//332
f 336//336 385//385 384//384
f 299//299 447//447 333//333
f 557//557 337//337 332//332
f 272//272 448//448 385//385
f 272//272 337//337 448//448
f 303//303 450//450 449//449
f 564//564 339//339 338//338
f 564//564 389//389 339//339
f 563//563 388//388 390//390
f 389//389 451//451 339//339
f 507//507 339//339 451//451
f 391//391 275//275 339//339
f 391//391 339//339 507//507
f 391//391 392//392 275//275
f 453//453 276//276 392//392
f 304//304 510//510 341//341
f 395//395 510//510 304//304
f 305//305 456//456 343//343
f 456//456 305//305 453//453
f 393//393 304//304 307//307
f 279//279 343//343 394//394
f 399//399 343//343 456//456
f 393//393 395//395 304//304
f 344//344 393//393 307//307
f 397//397 394//394 343//343
f 401//401 395//395 393//393
f 397//397 343//343 398//398
f 401//401 400//400 395//395
f 398//398 343//343 399//399
f 280//280 396//396 393//393
f 394//394 455//455 404//404
f 279//279 394//394 404//404
f 345//345 395//395 400//400
f 404//404 397//397 398//398
f 398//398 399//399 349//349
f 349//349 399//399 402//402
f 403//403 400//400 401//401
f 280//280 401//401 396//396
f 349//349 402//402 405//405
f 345//345 400//400 347//347
f 400//400 403//403 347//347
f 403//403 401//401 280//280
f 349//349 404//404 398//398
f 311//311 457//457 345//345
f 347//347 403//403 280//280
f 348//348 404//404 349//349
f 311//311 309//309 457//457
f 406//406 350//350 405//405
f 315//315 459//459 309//309
f 351//351 350//350 406//406
f 406//406 570//570 351//351
f 314//314 317//317 407//407
f 666//666 250//250 351//351
f 250//250 666//666 408//408
f 408//408 409//409 250//250
f 286//286 411//411 284//284
f 284//284 411//411 463//463
f 412//412 319//319 516//516
f 465//465 319//319 412//412
f 253//253 254//254 413//413
f 225//225 577//577 353//353
f 354//354 415//415 466//466
f 320//320 577//577 225//225
f 191//191 226//226 417//417
f 470//470 289//289 467//467
f 256//256 469//469 468//468
f 291//291 289//289 470//470
f 355//355 256//256 356//356
f 621//621 321//321 291//291
f 321//321 622//622 519//519
f 294//294 357//357 418//418
f 293//293 527//527 359//359
f 293//293 359//359 322//322
f 419//419 361//361 360//360
f 360//360 480//480 419//419
f 480//480 425//425 481//481
f 419//419 362//362 361//361
f 424//424 362//362 419//419
f 423//423 422//422 420//420
f 424//424 429//429 362//362
f 427//427 429//429 424//424
f 428//428 422//422 423//423
f 325//325 426//426 324//324
f 432//432 423//423 420//420
f 427//427 430//430 429//429
f 486//486 428//428 423//423
f 431//431 486//486 423//423
f 430//430 363//363 429//429
f 364//364 433//433 325//325
f 434//434 431//431 423//423
f 327//327 366//366 430//430
f 436//436 434//434 423//423
f 436//436 423//423 432//432
f 365//365 435//435 364//364
f 328//328 435//435 365//365
f 438//438 434//434 436//436
f 596//596 435//435 328//328
f 439//439 643//643 438//438
f 369//369 440//440 438//438
f 369//369 438//438 441//441
f 498//498 440//440 369//369
f 373//373 498//498 369//369
f 373//373 442//442 498//498
f 441//441 443//443 369//369
f 599//599 371//371 171//171
f 443//443 441//441 550//550
f 370//370 443//443 550//550
f 370//370 550//550 553//553
f 445//445 499//499 172//172
f 374//374 377//377 373//373
f 373//373 377//377 442//442
f 553//553 330//330 370//370
f 554//554 445//445 331//331
f 376//376 501//501 380//380
f 377//377 446//446 600//600
f 378//378 553//553 444//444
f 502//502 378//378 444//444
f 379//379 446//446 377//377
f 379//379 505//505 446//446
f 381//381 505//505 379//379
f 503//503 382//382 378//378
f 333//333 504//504 331//331
f 602//602 332//332 380//380
f 386//386 335//335 382//382
f 385//385 334//334 384//384
f 449//449 447//447 299//299
f 337//337 560//560 448//448
f 450//450 303//303 388//388
f 340//340 341//341 390//390
f 507//507 392//392 391//391
f 507//507 453//453 392//392
f 510//510 452//452 341//341
f 456//456 453//453 454//454
f 397//397 455//455 394//394
f 393//393 396//396 401//401
f 345//345 510//510 395//395
f 404//404 455//455 397//397
f 345//345 716//716 510//510
f 345//345 457//457 716//716
f 511//511 402//402 456//456
f 456//456 402//402 399//399
f 309//309 458//458 457//457
f 511//511 405//405 402//402
f 405//405 512//512 513//513
f 406//406 405//405 513//513
f 309//309 459//459 514//514
f 315//315 460//460 459//459
f 315//315 407//407 460//460
f 317//317 461//461 407//407
f 317//317 463//463 462//462
f 408//408 410//410 409//409
f 463//463 411//411 464//464
f 411//411 286//286 253//253
f 465//465 412//412 516//516
f 413//413 254//254 517//517
f 254//254 518//518 517//517
f 414//414 415//415 319//319
f 414//414 575//575 415//415
f 576//576 466//466 415//415
f 291//291 470//470 621//621
f 621//621 622//622 321//321
f 473//473 357//357 294//294
f 474//474 473//473 358//358
f 322//322 359//359 475//475
f 583//583 528//528 474//474
f 322//322 475//475 583//583
f 420//420 477//477 485//485
f 478//478 479//479 420//420
f 478//478 420//420 422//422
f 480//480 482//482 419//419
f 482//482 424//424 419//419
f 422//422 479//479 478//478
f 480//480 531//531 482//482
f 421//421 479//479 422//422
f 532//532 479//479 421//421
f 481//481 534//534 480//480
f 480//480 534//534 531//531
f 482//482 484//484 424//424
f 428//428 421//421 422//422
f 426//426 481//481 425//425
f 426//426 535//535 481//481
f 484//484 427//427 424//424
f 537//537 485//485 483//483
f 432//432 420//420 485//485
f 432//432 485//485 537//537
f 532//532 421//421 487//487
f 428//428 486//486 421//421
f 426//426 325//325 535//535
f 484//484 430//430 427//427
f 487//487 421//421 486//486
f 535//535 325//325 488//488
f 536//536 430//430 484//484
f 433//433 488//488 325//325
f 434//434 486//486 431//431
f 430//430 536//536 493//493
f 541//541 432//432 537//537
f 430//430 493//493 327//327
f 490//490 432//432 541//541
f 487//487 486//486 491//491
f 434//434 489//489 486//486
f 435//435 433//433 364//364
f 491//491 486//486 494//494
f 494//494 486//486 489//489
f 490//490 436//436 432//432
f 434//434 494//494 489//489
f 434//434 492//492 494//494
f 490//490 541//541 436//436
f 438//438 492//492 434//434
f 327//327 493//493 545//545
f 438//438 494//494 492//492
f 495//495 494//494 438//438
f 439//439 436//436 541//541
f 440//440 495//495 438//438
f 439//439 438//438 436//436
f 496//496 596//596 328//328
f 368//368 642//642 328//328
f 328//328 642//642 496//496
f 440//440 498//498 495//495
f 643//643 441//441 438//438
f 497//497 368//368 266//266
f 547//547 441//441 643//643
f 442//442 645//645 498//498
f 207//207 689//689 266//266
f 207//207 548//548 689//689
f 598//598 599//599 171//171
f 499//499 548//548 207//207
f 501//501 371//371 599//599
f 441//441 692//692 550//550
f 442//442 377//377 500//500
f 692//692 553//553 550//550
f 600//600 552//552 377//377
f 502//502 444//444 553//553
f 553//553 698//698 502//502
f 504//504 554//554 331//331
f 503//503 378//378 502//502
f 505//505 381//381 334//334
f 382//382 650//650 386//386
f 602//602 709//709 332//332
f 385//385 555//555 334//334
f 559//559 383//383 447//447
f 337//337 557//557 560//560
f 560//560 385//385 448//448
f 387//387 386//386 561//561
f 871//871 338//338 387//387
f 564//564 338//338 871//871
f 563//563 450//450 388//388
f 506//506 563//563 508//508
f 390//390 508//508 563//563
f 341//341 508//508 390//390
f 452//452 508//508 341//341
f 454//454 453//453 507//507
f 567//567 452//452 509//509
f 452//452 510//510 509//509
f 456//456 454//454 511//511
f 454//454 568//568 511//511
f 512//512 405//405 511//511
f 513//513 570//570 406//406
f 407//407 461//461 460//460
f 317//317 612//612 461//461
f 462//462 612//612 317//317
f 515//515 462//462 463//463
f 463//463 464//464 515//515
f 516//516 410//410 408//408
f 319//319 465//465 668//668
f 287//287 670//670 617//617
f 619//619 577//577 320//320
f 466//466 576//576 226//226
f 191//191 417//417 467//467
f 356//356 623//623 355//355
f 418//418 578//578 356//356
f 520//520 471//471 519//519
f 418//418 521//521 578//578
f 524//524 523//523 522//522
f 523//523 521//521 522//522
f 521//521 472//472 522//522
f 521//521 418//418 472//472
f 525//525 524//524 522//522
f 522//522 472//472 525//525
f 472//472 526//526 525//525
f 472//472 418//418 526//526
f 357//357 526//526 418//418
f 357//357 678//678 526//526
f 528//528 473//473 474//474
f 583//583 475//475 582//582
f 476//476 477//477 420//420
f 584//584 476//476 420//420
f 477//477 529//529 485//485
f 479//479 584//584 420//420
f 627//627 485//485 529//529
f 479//479 629//629 584//584
f 627//627 483//483 485//485
f 479//479 530//530 629//629
f 533//533 483//483 627//627
f 531//531 539//539 482//482
f 531//531 534//534 539//539
f 534//534 538//538 539//539
f 533//533 537//537 483//483
f 539//539 484//484 482//482
f 537//537 533//533 540//540
f 481//481 535//535 534//534
f 534//534 535//535 538//538
f 536//536 484//484 539//539
f 593//593 539//539 538//538
f 488//488 544//544 535//535
f 535//535 544//544 590//590
f 539//539 542//542 536//536
f 588//588 542//542 539//539
f 542//542 493//493 536//536
f 537//537 540//540 541//541
f 544//544 488//488 433//433
f 587//587 487//487 589//589
f 589//589 487//487 543//543
f 491//491 543//543 487//487
f 541//541 540//540 591//591
f 542//542 588//588 545//545
f 545//545 493//493 542//542
f 544//544 433//433 435//435
f 541//541 591//591 635//635
f 494//494 543//543 491//491
f 495//495 543//543 494//494
f 594//594 435//435 596//596
f 545//545 437//437 327//327
f 635//635 439//439 541//541
f 498//498 546//546 495//495
f 495//495 546//546 543//543
f 437//437 597//597 367//367
f 439//439 635//635 643//643
f 635//635 867//867 643//643
f 498//498 645//645 640//640
f 689//689 497//497 266//266
f 692//692 441//441 547//547
f 442//442 549//549 645//645
f 442//442 500//500 549//549
f 552//552 500//500 377//377
f 445//445 551//551 499//499
f 700//700 380//380 501//501
f 700//700 602//602 380//380
f 650//650 382//382 503//503
f 334//334 555//555 505//505
f 333//333 651//651 504//504
f 383//383 651//651 333//333
f 556//556 558//558 386//386
f 558//558 561//561 386//386
f 560//560 708//708 385//385
f 449//449 559//559 447//447
f 558//558 387//387 561//561
f 450//450 750//750 449//449
f 871//871 659//659 564//564
f 389//389 564//564 451//451
f 507//507 451//451 564//564
f 508//508 562//562 506//506
f 565//565 454//454 507//507
f 566//566 454//454 565//565
f 454//454 566//566 568//568
f 567//567 508//508 452//452
f 510//510 608//608 509//509
f 510//510 716//716 608//608
f 309//309 569//569 458//458
f 309//309 610//610 569//569
f 514//514 610//610 309//309
f 570//570 513//513 512//512
f 459//459 460//460 767//767
f 666//666 351//351 570//570
f 571//571 516//516 408//408
f 253//253 572//572 411//411
f 253//253 413//413 572//572
f 571//571 668//668 465//465
f 413//413 573//573 572//572
f 668//668 414//414 319//319
f 574//574 517//517 518//518
f 670//670 287//287 577//577
f 576//576 416//416 226//226
f 415//415 575//575 576//576
f 417//417 618//618 467//467
f 618//618 417//417 416//416
f 672//672 618//618 416//416
f 320//320 468//468 620//620
f 470//470 467//467 618//618
f 847//847 675//675 470//470
f 675//675 621//621 470//470
f 926//926 520//520 519//519
f 926//926 471//471 520//520
f 524//524 579//579 523//523
f 579//579 580//580 523//523
f 580//580 521//521 523//523
f 580//580 578//578 521//521
f 525//525 579//579 524//524
f 525//525 526//526 579//579
f 526//526 580//580 579//579
f 526//526 678//678 580//580
f 926//926 581//581 471//471
f 581//581 359//359 527//527
f 679//679 357//357 473//473
f 581//581 680//680 359//359
f 359//359 680//680 582//582
f 475//475 359//359 582//582
f 583//583 682//682 528//528
f 477//477 476//476 529//529
f 530//530 479//479 685//685
f 627//627 585//585 533//533
f 532//532 685//685 479//479
f 532//532 686//686 685//685
f 586//586 540//540 533//533
f 487//487 686//686 532//532
f 590//590 538//538 535//535
f 487//487 587//587 686//686
f 593//593 588//588 539//539
f 591//591 540//540 634//634
f 593//593 592//592 588//588
f 435//435 594//594 544//544
f 544//544 594//594 590//590
f 538//538 590//590 592//592
f 592//592 590//590 594//594
f 591//591 634//634 635//635
f 592//592 545//545 588//588
f 592//592 636//636 545//545
f 595//595 594//594 596//596
f 636//636 437//437 545//545
f 636//636 597//597 437//437
f 546//546 498//498 640//640
f 642//642 596//596 496//496
f 597//597 636//636 644//644
f 368//368 497//497 642//642
f 597//597 644//644 598//598
f 690//690 598//598 644//644
f 694//694 599//599 598//598
f 548//548 499//499 551//551
f 700//700 501//501 599//599
f 698//698 553//553 692//692
f 600//600 699//699 552//552
f 554//554 651//651 445//445
f 503//503 502//502 698//698
f 504//504 651//651 554//554
f 601//601 600//600 505//505
f 505//505 600//600 446//446
f 651//651 383//383 559//559
f 653//653 709//709 602//602
f 559//559 658//658 651//651
f 560//560 557//557 657//657
f 449//449 658//658 559//559
f 657//657 603//603 560//560
f 871//871 387//387 558//558
f 604//604 449//449 750//750
f 450//450 506//506 562//562
f 563//563 506//506 450//450
f 660//660 507//507 564//564
f 565//565 507//507 660//660
f 508//508 662//662 562//562
f 508//508 605//605 662//662
f 567//567 605//605 508//508
f 509//509 605//605 567//567
f 509//509 607//607 605//605
f 607//607 509//509 608//608
f 568//568 664//664 511//511
f 458//458 716//716 457//457
f 609//609 512//512 511//511
f 569//569 610//610 458//458
f 459//459 767//767 514//514
f 666//666 570//570 611//611
f 612//612 460//460 461//461
f 666//666 667//667 408//408
f 462//462 515//515 613//613
f 571//571 408//408 667//667
f 516//516 571//571 465//465
f 614//614 668//668 571//571
f 615//615 414//414 668//668
f 413//413 517//517 616//616
f 517//517 724//724 616//616
f 724//724 517//517 574//574
f 575//575 414//414 615//615
f 723//723 575//575 615//615
f 617//617 574//574 518//518
f 575//575 416//416 576//576
f 577//577 673//673 670//670
f 673//673 577//577 619//619
f 620//620 619//619 320//320
f 847//847 470//470 775//775
f 470//470 618//618 775//775
f 469//469 620//620 468//468
f 256//256 676//676 469//469
f 355//355 676//676 256//256
f 622//622 780//780 519//519
f 356//356 779//779 623//623
f 780//780 926//926 519//519
f 580//580 678//678 578//578
f 682//682 473//473 528//528
f 683//683 682//682 583//583
f 683//683 583//583 929//929
f 583//583 582//582 730//730
f 626//626 529//529 476//476
f 476//476 584//584 625//625
f 626//626 627//627 529//529
f 585//585 630//630 533//533
f 685//685 629//629 530//530
f 630//630 586//586 533//533
f 859//859 586//586 630//630
f 686//686 861//861 685//685
f 631//631 586//586 859//859
f 631//631 540//540 586//586
f 632//632 540//540 631//631
f 589//589 686//686 587//587
f 589//589 633//633 686//686
f 632//632 634//634 540//540
f 592//592 593//593 538//538
f 543//543 633//633 589//589
f 595//595 592//592 594//594
f 595//595 636//636 592//592
f 637//637 543//543 640//640
f 688//688 637//637 640//640
f 640//640 543//543 546//546
f 639//639 636//636 595//595
f 644//644 636//636 639//639
f 867//867 635//635 865//865
f 641//641 642//642 735//735
f 645//645 688//688 640//640
f 689//689 642//642 497//497
f 735//735 642//642 689//689
f 692//692 547//547 643//643
f 691//691 694//694 598//598
f 691//691 598//598 690//690
f 549//549 500//500 645//645
f 551//551 646//646 548//548
f 548//548 646//646 647//647
f 647//647 646//646 551//551
f 445//445 648//648 551//551
f 647//647 551//551 648//648
f 600//600 601//601 699//699
f 650//650 503//503 698//698
f 651//651 649//649 445//445
f 652//652 602//602 700//700
f 505//505 555//555 601//601
f 652//652 653//653 602//602
f 651//651 744//744 701//701
f 655//655 653//653 654//654
f 650//650 556//556 386//386
f 651//651 658//658 744//744
f 653//653 655//655 709//709
f 385//385 708//708 555//555
f 749//749 657//657 557//557
f 749//749 557//557 709//709
f 604//604 658//658 449//449
f 753//753 750//750 450//450
f 659//659 878//878 564//564
f 564//564 878//878 660//660
f 565//565 660//660 711//711
f 661//661 565//565 711//711
f 606//606 568//568 566//566
f 663//663 568//568 606//606
f 663//663 664//664 568//568
f 714//714 609//609 511//511
f 458//458 819//819 716//716
f 717//717 512//512 609//609
f 570//570 512//512 611//611
f 460//460 665//665 767//767
f 719//719 666//666 611//611
f 460//460 718//718 665//665
f 612//612 613//613 460//460
f 462//462 613//613 612//612
f 720//720 667//667 666//666
f 464//464 613//613 515//515
f 411//411 768//768 464//464
f 411//411 572//572 768//768
f 722//722 668//668 614//614
f 668//668 723//723 615//615
f 573//573 413//413 616//616
f 575//575 671//671 416//416
f 724//724 574//574 617//617
f 724//724 617//617 669//669
f 669//669 617//617 670//670
f 672//672 416//416 671//671
f 845//845 618//618 672//672
f 620//620 673//673 619//619
f 620//620 469//469 727//727
f 621//621 675//675 622//622
f 676//676 355//355 623//623
f 623//623 779//779 676//676
f 578//578 779//779 356//356
f 987//987 680//680 581//581
f 473//473 682//682 857//857
f 582//582 680//680 681//681
f 730//730 582//582 681//681
f 782//782 583//583 730//730
f 782//782 929//929 583//583
f 624//624 626//626 476//476
f 625//625 624//624 476//476
f 625//625 584//584 684//684
f 629//629 684//684 584//584
f 628//628 684//684 629//629
f 627//627 626//626 585//585
f 934//934 630//630 585//585
f 685//685 732//732 629//629
f 633//633 733//733 686//686
f 633//633 785//785 733//733
f 633//633 687//687 785//785
f 784//784 634//634 632//632
f 543//543 687//687 633//633
f 784//784 635//635 634//634
f 865//865 635//635 784//784
f 637//637 687//687 543//543
f 638//638 595//595 596//596
f 638//638 639//639 595//595
f 641//641 596//596 642//642
f 638//638 596//596 641//641
f 638//638 644//644 639//639
f 638//638 690//690 644//644
f 638//638 641//641 735//735
f 638//638 691//691 690//690
f 937//937 692//692 643//643
f 689//689 693//693 735//735
f 689//689 548//548 693//693
f 548//548 695//695 697//697
f 548//548 697//697 696//696
f 737//737 599//599 694//694
f 552//552 699//699 500//500
f 647//647 695//695 548//548
f 697//697 695//695 647//647
f 738//738 700//700 737//737
f 700//700 599//599 737//737
f 786//786 698//698 692//692
f 648//648 742//742 697//697
f 648//648 697//697 647//647
f 738//738 743//743 700//700
f 650//650 698//698 786//786
f 445//445 742//742 648//648
f 745//745 700//700 743//743
f 649//649 742//742 445//445
f 651//651 742//742 649//649
f 701//701 742//742 651//651
f 555//555 740//740 601//601
f 745//745 652//652 700//700
f 745//745 653//653 652//652
f 555//555 705//705 740//740
f 745//745 654//654 653//653
f 702//702 704//704 703//703
f 702//702 703//703 654//654
f 745//745 702//702 654//654
f 703//703 655//655 654//654
f 703//703 704//704 655//655
f 655//655 704//704 707//707
f 706//706 705//705 555//555
f 658//658 710//710 744//744
f 707//707 709//709 655//655
f 555//555 708//708 706//706
f 871//871 558//558 656//656
f 749//749 751//751 657//657
f 750//750 658//658 604//604
f 794//794 603//603 657//657
f 941//941 659//659 871//871
f 878//878 659//659 941//941
f 562//562 753//753 450//450
f 878//878 711//711 660//660
f 754//754 799//799 562//562
f 754//754 562//562 756//756
f 662//662 712//712 562//562
f 756//756 562//562 712//712
f 566//566 565//565 661//661
f 713//713 662//662 605//605
f 713//713 712//712 662//662
f 607//607 713//713 605//605
f 663//663 511//511 664//664
f 714//714 511//511 663//663
f 607//607 608//608 763//763
f 763//763 608//608 716//716
f 885//885 715//715 816//816
f 610//610 819//819 458//458
f 899//899 512//512 717//717
f 611//611 512//512 899//899
f 834//834 718//718 460//460
f 613//613 834//834 460//460
f 719//719 720//720 666//666
f 464//464 768//768 613//613
f 720//720 571//571 667//667
f 571//571 720//720 614//614
f 770//770 614//614 720//720
f 572//572 721//721 768//768
f 721//721 572//572 771//771
f 573//573 771//771 572//572
f 723//723 668//668 722//722
f 724//724 573//573 616//616
f 844//844 669//669 670//670
f 725//725 671//671 575//575
f 725//725 575//575 773//773
f 575//575 723//723 773//773
f 774//774 844//844 670//670
f 774//774 670//670 920//920
f 670//670 726//726 920//920
f 673//673 726//726 670//670
f 618//618 845//845 775//775
f 620//620 674//674 673//673
f 676//676 727//727 469//469
f 677//677 622//622 675//675
f 622//622 677//677 780//780
f 578//578 678//678 779//779
f 987//987 581//581 729//729
f 731//731 626//626 624//624
f 625//625 731//731 624//624
f 625//625 684//684 731//731
f 933//933 934//934 626//626
f 585//585 626//626 934//934
f 685//685 861//861 732//732
f 733//733 861//861 686//686
f 863//863 784//784 632//632
f 937//937 643//643 867//867
f 691//691 638//638 735//735
f 688//688 645//645 869//869
f 735//735 694//694 691//691
f 693//693 737//737 735//735
f 786//786 692//692 736//736
f 693//693 548//548 696//696
f 735//735 737//737 694//694
f 869//869 645//645 500//500
f 693//693 696//696 737//737
f 696//696 738//738 737//737
f 696//696 739//739 738//738
f 699//699 787//787 1057//1057
f 739//739 743//743 738//738
f 696//696 788//788 739//739
f 742//742 741//741 697//697
f 744//744 742//742 701//701
f 747//747 742//742 744//744
f 746//746 702//702 745//745
f 746//746 704//704 702//702
f 746//746 707//707 704//704
f 747//747 744//744 710//710
f 791//791 746//746 745//745
f 791//791 709//709 707//707
f 791//791 707//707 746//746
f 791//791 745//745 748//748
f 791//791 749//749 709//709
f 603//603 708//708 560//560
f 710//710 658//658 793//793
f 793//793 658//658 750//750
f 752//752 794//794 657//657
f 795//795 750//750 753//753
f 657//657 751//751 752//752
f 796//796 711//711 878//878
f 562//562 799//799 753//753
f 796//796 661//661 711//711
f 566//566 661//661 796//796
f 606//606 566//566 755//755
f 712//712 713//713 756//756
f 809//809 663//663 606//606
f 757//757 713//713 607//607
f 802//802 759//759 760//760
f 802//802 758//758 759//759
f 809//809 714//714 663//663
f 814//814 885//885 761//761
f 761//761 885//885 816//816
f 761//761 816//816 807//807
f 808//808 807//807 816//816
f 763//763 757//757 607//607
f 818//818 759//759 815//815
f 609//609 714//714 764//764
f 766//766 816//816 715//715
f 818//818 762//762 759//759
f 609//609 764//764 893//893
f 766//766 715//715 765//765
f 609//609 893//893 717//717
f 610//610 821//821 819//819
f 514//514 665//665 610//610
f 767//767 665//665 514//514
f 824//824 719//719 611//611
f 829//829 665//665 718//718
f 719//719 827//827 720//720
f 836//836 720//720 827//827
f 768//768 834//834 613//613
f 769//769 720//720 836//836
f 837//837 720//720 769//769
f 770//770 720//720 837//837
f 721//721 839//839 768//768
f 773//773 722//722 614//614
f 772//772 771//771 573//573
f 773//773 723//723 722//722
f 724//724 772//772 573//573
f 772//772 669//669 771//771
f 772//772 724//724 669//669
f 671//671 725//725 672//672
f 842//842 725//725 773//773
f 1034//1034 673//673 674//674
f 674//674 777//777 848//848
f 923//923 848//848 847//847
f 620//620 777//777 674//674
f 776//776 675//675 847//847
f 776//776 847//847 848//848
f 850//850 777//777 620//620
f 776//776 849//849 675//675
f 727//727 850//850 620//620
f 676//676 850//850 727//727
f 728//728 850//850 676//676
f 852//852 677//677 675//675
f 849//849 852//852 675//675
f 676//676 778//778 728//728
f 779//779 778//778 676//676
f 357//357 679//679 678//678
f 926//926 987//987 729//729
f 926//926 729//729 581//581
f 473//473 857//857 679//679
f 682//682 989//989 857//857
f 782//782 730//730 681//681
f 683//683 929//929 682//682
f 684//684 1047//1047 731//731
f 629//629 783//783 628//628
f 934//934 859//859 630//630
f 858//858 859//859 934//934
f 732//732 783//783 629//629
f 732//732 861//861 783//783
f 863//863 631//631 859//859
f 632//632 631//631 863//863
f 785//785 936//936 733//733
f 864//864 865//865 784//784
f 869//869 734//734 688//688
f 692//692 937//937 736//736
f 699//699 869//869 500//500
f 1115//1115 650//650 786//786
f 699//699 601//601 787//787
f 697//697 788//788 696//696
f 743//743 739//739 788//788
f 788//788 697//697 741//741
f 788//788 789//789 743//743
f 556//556 650//650 1115//1115
f 747//747 741//741 742//742
f 873//873 743//743 789//789
f 747//747 792//792 741//741
f 710//710 792//792 747//747
f 873//873 748//748 743//743
f 743//743 748//748 745//745
f 710//710 793//793 792//792
f 877//877 749//749 791//791
f 877//877 751//751 749//749
f 877//877 752//752 751//751
f 795//795 793//793 750//750
f 752//752 881//881 794//794
f 882//882 795//795 753//753
f 797//797 566//566 796//796
f 753//753 800//800 882//882
f 796//796 755//755 797//797
f 796//796 803//803 755//755
f 755//755 566//566 797//797
f 799//799 800//800 753//753
f 796//796 798//798 803//803
f 756//756 799//799 754//754
f 804//804 799//799 756//756
f 799//799 804//804 800//800
f 803//803 606//606 755//755
f 798//798 801//801 803//803
f 801//801 805//805 803//803
f 806//806 809//809 606//606
f 806//806 606//606 803//803
f 756//756 810//810 804//804
f 805//805 886//886 803//803
f 803//803 809//809 806//806
f 803//803 886//886 809//809
f 810//810 811//811 804//804
f 804//804 811//811 802//802
f 801//801 807//807 808//808
f 757//757 756//756 713//713
f 801//801 808//808 805//805
f 810//810 802//802 811//811
f 812//812 802//802 760//760
f 805//805 808//808 886//886
f 757//757 892//892 756//756
f 810//810 758//758 802//802
f 812//812 760//760 759//759
f 813//813 812//812 759//759
f 814//814 761//761 807//807
f 815//815 810//810 756//756
f 762//762 884//884 759//759
f 884//884 813//813 759//759
f 815//815 759//759 810//810
f 759//759 758//758 810//810
f 956//956 884//884 762//762
f 808//808 816//816 817//817
f 892//892 757//757 887//887
f 762//762 957//957 956//956
f 886//886 764//764 714//714
f 886//886 714//714 809//809
f 757//757 819//819 887//887
f 757//757 763//763 819//819
f 716//716 819//819 763//763
f 762//762 888//888 957//957
f 764//764 886//886 893//893
f 900//900 820//820 818//818
f 888//888 762//762 818//818
f 820//820 888//888 818//818
f 899//899 717//717 893//893
f 895//895 897//897 765//765
f 765//765 898//898 766//766
f 765//765 897//897 898//898
f 610//610 665//665 821//821
f 828//828 665//665 829//829
f 825//825 827//827 824//824
f 824//824 827//827 719//719
f 834//834 829//829 718//718
f 829//829 834//834 828//828
f 830//830 835//835 832//832
f 833//833 836//836 827//827
f 768//768 828//828 834//834
f 828//828 768//768 831//831
f 831//831 768//768 838//838
f 833//833 837//837 836//836
f 837//837 769//769 836//836
f 768//768 839//839 838//838
f 911//911 770//770 837//837
f 911//911 837//837 833//833
f 913//913 614//614 770//770
f 913//913 770//770 911//911
f 721//721 771//771 839//839
f 913//913 841//841 614//614
f 916//916 773//773 614//614
f 916//916 614//614 841//841
f 916//916 842//842 773//773
f 771//771 669//669 975//975
f 843//843 725//725 842//842
f 843//843 672//672 725//725
f 920//920 726//726 673//673
f 920//920 673//673 846//846
f 921//921 846//846 673//673
f 922//922 775//775 845//845
f 1035//1035 1034//1034 674//674
f 776//776 848//848 777//777
f 850//850 776//776 777//777
f 850//850 849//849 776//776
f 851//851 852//852 849//849
f 778//778 850//850 728//728
f 850//850 778//778 925//925
f 852//852 780//780 677//677
f 779//779 984//984 778//778
f 984//984 779//779 854//854
f 854//854 779//779 853//853
f 779//779 855//855 853//853
f 678//678 855//855 779//779
f 856//856 926//926 780//780
f 679//679 927//927 678//678
f 679//679 857//857 927//927
f 987//987 781//781 680//680
f 991//991 782//782 681//681
f 682//682 929//929 989//989
f 930//930 929//929 782//782
f 930//930 782//782 991//991
f 731//731 931//931 626//626
f 731//731 1047//1047 931//931
f 931//931 932//932 626//626
f 783//783 684//684 628//628
f 859//859 858//858 998//998
f 861//861 860//860 783//783
f 733//733 862//862 861//861
f 935//935 863//863 859//859
f 687//687 1000//1000 785//785
f 637//637 866//866 687//687
f 937//937 867//867 865//865
f 1056//1056 786//786 736//736
f 1004//1004 786//786 1056//1056
f 740//740 1057//1057 601//601
f 1057//1057 787//787 601//601
f 870//870 789//789 788//788
f 792//792 870//870 741//741
f 870//870 788//788 741//741
f 708//708 790//790 706//706
f 872//872 870//870 792//792
f 870//870 873//873 789//789
f 871//871 656//656 1005//1005
f 872//872 875//875 870//870
f 873//873 874//874 748//748
f 874//874 791//791 748//748
f 873//873 791//791 874//874
f 603//603 876//876 708//708
f 792//792 879//879 872//872
f 873//873 947//947 791//791
f 879//879 792//792 793//793
f 877//877 791//791 947//947
f 794//794 876//876 603//603
f 941//941 1007//1007 878//878
f 947//947 946//946 877//877
f 946//946 752//752 877//877
f 880//880 1011//1011 794//794
f 795//795 883//883 793//793
f 881//881 752//752 946//946
f 944//944 796//796 878//878
f 880//880 794//794 881//881
f 882//882 883//883 795//795
f 798//798 796//796 948//948
f 948//948 950//950 798//798
f 800//800 951//951 882//882
f 950//950 801//801 798//798
f 950//950 952//952 801//801
f 804//804 802//802 800//800
f 800//800 802//802 951//951
f 952//952 807//807 801//801
f 813//813 1071//1071 802//802
f 952//952 814//814 807//807
f 813//813 802//802 812//812
f 954//954 955//955 814//814
f 808//808 891//891 886//886
f 892//892 815//815 756//756
f 808//808 817//817 891//891
f 892//892 818//818 815//815
f 766//766 817//817 816//816
f 891//891 893//893 886//886
f 959//959 765//765 715//715
f 890//890 817//817 766//766
f 817//817 890//890 891//891
f 821//821 887//887 819//819
f 887//887 821//821 889//889
f 892//892 900//900 818//818
f 895//895 765//765 959//959
f 958//958 900//900 892//892
f 891//891 899//899 893//893
f 898//898 890//890 766//766
f 820//820 894//894 888//888
f 960//960 890//890 898//898
f 896//896 897//897 895//895
f 967//967 824//824 611//611
f 967//967 611//611 899//899
f 821//821 665//665 828//828
f 820//820 900//900 969//969
f 896//896 822//822 897//897
f 897//897 822//822 898//898
f 904//904 824//824 967//967
f 962//962 901//901 900//900
f 900//900 901//901 823//823
f 826//826 898//898 822//822
f 962//962 902//902 901//901
f 900//900 823//823 969//969
f 896//896 826//826 822//822
f 898//898 826//826 903//903
f 904//904 825//825 824//824
f 902//902 823//823 901//901
f 904//904 827//827 825//825
f 968//968 905//905 902//902
f 830//830 826//826 896//896
f 828//828 906//906 968//968
f 905//905 823//823 902//902
f 904//904 903//903 833//833
f 833//833 827//827 904//904
f 968//968 906//906 905//905
f 905//905 906//906 823//823
f 830//830 832//832 826//826
f 1026//1026 835//835 830//830
f 1026//1026 830//830 971//971
f 826//826 832//832 903//903
f 828//828 907//907 906//906
f 828//828 831//831 907//907
f 903//903 832//832 833//833
f 908//908 823//823 906//906
f 972//972 823//823 908//908
f 1089//1089 823//823 972//972
f 1026//1026 909//909 835//835
f 831//831 906//906 907//907
f 832//832 835//835 833//833
f 831//831 838//838 906//906
f 835//835 910//910 833//833
f 835//835 911//911 910//910
f 835//835 909//909 911//911
f 911//911 833//833 910//910
f 839//839 914//914 838//838
f 1026//1026 912//912 909//909
f 914//914 906//906 838//838
f 912//912 913//913 909//909
f 839//839 840//840 914//914
f 913//913 911//911 909//909
f 839//839 771//771 840//840
f 915//915 841//841 913//913
f 916//916 841//841 915//915
f 840//840 771//771 975//975
f 1028//1028 916//916 915//915
f 1028//1028 917//917 916//916
f 917//917 842//842 916//916
f 975//975 669//669 918//918
f 1030//1030 843//843 917//917
f 917//917 843//843 842//842
f 844//844 918//918 669//669
f 918//918 844//844 774//774
f 919//919 845//845 843//843
f 843//843 845//845 672//672
f 774//774 1095//1095 979//979
f 774//774 920//920 1095//1095
f 919//919 1097//1097 845//845
f 1097//1097 922//922 845//845
f 920//920 846//846 921//921
f 775//775 980//980 924//924
f 980//980 775//775 922//922
f 673//673 1034//1034 921//921
f 1036//1036 923//923 847//847
f 1036//1036 847//847 924//924
f 924//924 847//847 775//775
f 1035//1035 674//674 848//848
f 1035//1035 848//848 981//981
f 981//981 848//848 923//923
f 982//982 849//849 850//850
f 925//925 982//982 850//850
f 982//982 983//983 849//849
f 983//983 851//851 849//849
f 983//983 852//852 851//851
f 983//983 1100//1100 852//852
f 925//925 778//778 984//984
f 852//852 985//985 780//780
f 985//985 856//856 780//780
f 1041//1041 856//856 986//986
f 853//853 855//855 678//678
f 926//926 856//856 1041//1041
f 1041//1041 987//987 926//926
f 857//857 988//988 927//927
f 989//989 988//988 857//857
f 681//681 680//680 928//928
f 928//928 680//680 781//781
f 991//991 681//681 928//928
f 929//929 930//930 990//990
f 932//932 933//933 626//626
f 932//932 934//934 933//933
f 783//783 995//995 684//684
f 1047//1047 684//684 995//995
f 783//783 996//996 995//995
f 998//998 858//858 934//934
f 860//860 996//996 783//783
f 861//861 862//862 860//860
f 998//998 935//935 859//859
f 936//936 862//862 733//733
f 864//864 784//784 863//863
f 936//936 785//785 1000//1000
f 687//687 866//866 1000//1000
f 1112//1112 865//865 864//864
f 1112//1112 937//937 865//865
f 688//688 866//866 637//637
f 736//736 937//937 1002//1002
f 734//734 869//869 868//868
f 938//938 868//868 869//869
f 699//699 938//938 869//869
f 786//786 1004//1004 1115//1115
f 1060//1060 1115//1115 939//939
f 1060//1060 556//556 1115//1115
f 705//705 1058//1058 1119//1119
f 656//656 556//556 1060//1060
f 656//656 558//558 556//556
f 706//706 790//790 705//705
f 941//941 871//871 1005//1005
f 708//708 940//940 790//790
f 942//942 870//870 875//875
f 876//876 940//940 708//708
f 942//942 873//873 870//870
f 873//873 943//943 947//947
f 879//879 875//875 872//872
f 942//942 943//943 873//873
f 794//794 1008//1008 876//876
f 944//944 878//878 1007//1007
f 1011//1011 1008//1008 794//794
f 793//793 945//945 879//879
f 945//945 875//875 879//879
f 942//942 875//875 943//943
f 883//883 945//945 793//793
f 881//881 946//946 947//947
f 1012//1012 796//796 944//944
f 945//945 883//883 1016//1016
f 1012//1012 948//948 796//796
f 949//949 1068//1068 882//882
f 1068//1068 883//883 882//882
f 950//950 948//948 1017//1017
f 1017//1017 1019//1019 950//950
f 882//882 951//951 949//949
f 802//802 1071//1071 951//951
f 953//953 1071//1071 813//813
f 954//954 952//952 1020//1020
f 952//952 954//954 814//814
f 884//884 956//956 813//813
f 813//813 956//956 1073//1073
f 1076//1076 814//814 955//955
f 715//715 885//885 814//814
f 892//892 887//887 889//889
f 892//892 889//889 958//958
f 894//894 957//957 888//888
f 889//889 900//900 958//958
f 890//890 966//966 891//891
f 966//966 899//899 891//891
f 966//966 963//963 899//899
f 889//889 962//962 900//900
f 959//959 896//896 895//895
f 821//821 961//961 889//889
f 1024//1024 894//894 820//820
f 1025//1025 896//896 959//959
f 890//890 960//960 966//966
f 961//961 902//902 889//889
f 889//889 902//902 964//964
f 960//960 898//898 965//965
f 966//966 967//967 963//963
f 967//967 899//899 963//963
f 828//828 961//961 821//821
f 968//968 961//961 828//828
f 964//964 962//962 889//889
f 960//960 967//967 966//966
f 964//964 902//902 962//962
f 903//903 965//965 898//898
f 965//965 904//904 960//960
f 960//960 904//904 967//967
f 961//961 968//968 902//902
f 965//965 903//903 904//904
f 896//896 971//971 830//830
f 823//823 970//970 969//969
f 1089//1089 970//970 823//823
f 1088//1088 1026//1026 1151//1151
f 1088//1088 973//973 1026//1026
f 973//973 912//912 1026//1026
f 906//906 914//914 908//908
f 1028//1028 912//912 973//973
f 1028//1028 915//915 913//913
f 1028//1028 913//913 912//912
f 914//914 840//840 908//908
f 974//974 908//908 840//840
f 974//974 840//840 975//975
f 1030//1030 976//976 1028//1028
f 976//976 917//917 1028//1028
f 1030//1030 917//917 976//976
f 978//978 975//975 918//918
f 975//975 978//978 979//979
f 774//774 978//978 918//918
f 977//977 843//843 1030//1030
f 978//978 774//774 979//979
f 977//977 1097//1097 919//919
f 977//977 919//919 843//843
f 920//920 921//921 1033//1033
f 980//980 922//922 1097//1097
f 1037//1037 923//923 1036//1036
f 1037//1037 981//981 923//923
f 982//982 925//925 984//984
f 1100//1100 1040//1040 852//852
f 1040//1040 985//985 852//852
f 853//853 1039//1039 984//984
f 853//853 984//984 854//854
f 986//986 856//856 985//985
f 678//678 927//927 853//853
f 1045//1045 928//928 781//781
f 1045//1045 991//991 928//928
f 929//929 990//990 989//989
f 990//990 930//930 992//992
f 992//992 930//930 991//991
f 993//993 932//932 931//931
f 931//931 1047//1047 993//993
f 1047//1047 995//995 1048//1048
f 993//993 934//934 932//932
f 994//994 934//934 993//993
f 994//994 998//998 934//934
f 997//997 998//998 994//994
f 862//862 996//996 860//860
f 997//997 999//999 998//998
f 999//999 935//935 998//998
f 999//999 863//863 935//935
f 936//936 1052//1052 862//862
f 1001//1001 863//863 999//999
f 1001//1001 864//864 863//863
f 1112//1112 864//864 1001//1001
f 1054//1054 1000//1000 866//866
f 1055//1055 937//937 1112//1112
f 688//688 734//734 866//866
f 1002//1002 937//937 1055//1055
f 868//868 1114//1114 734//734
f 1056//1056 736//736 1002//1002
f 1057//1057 1003//1003 699//699
f 1119//1119 1057//1057 740//740
f 1118//1118 1060//1060 939//939
f 705//705 1119//1119 740//740
f 705//705 1059//1059 1058//1058
f 790//790 1059//1059 705//705
f 1005//1005 656//656 1060//1060
f 1059//1059 790//790 940//940
f 1061//1061 941//941 1005//1005
f 1006//1006 940//940 876//876
f 1007//1007 941//941 1061//1061
f 1009//1009 944//944 1007//1007
f 1010//1010 1012//1012 944//944
f 1010//1010 944//944 1009//1009
f 1013//1013 875//875 945//945
f 880//880 1065//1065 1011//1011
f 875//875 1013//1013 943//943
f 943//943 1013//1013 947//947
f 1014//1014 948//948 1012//1012
f 881//881 947//947 1015//1015
f 1068//1068 1016//1016 883//883
f 1014//1014 1017//1017 948//948
f 1018//1018 949//949 951//951
f 1019//1019 952//952 950//950
f 1021//1021 1020//1020 1019//1019
f 1020//1020 952//952 1019//1019
f 953//953 1073//1073 1071//1071
f 1021//1021 954//954 1020//1020
f 813//813 1073//1073 953//953
f 1022//1022 954//954 1021//1021
f 1022//1022 955//955 954//954
f 1076//1076 955//955 1022//1022
f 1076//1076 715//715 814//814
f 1076//1076 959//959 715//715
f 1080//1080 959//959 1076//1076
f 1080//1080 1023//1023 959//959
f 894//894 1024//1024 957//957
f 1078//1078 957//957 1024//1024
f 1082//1082 959//959 1023//1023
f 1082//1082 1025//1025 959//959
f 969//969 1024//1024 820//820
f 1082//1082 971//971 896//896
f 1082//1082 896//896 1025//1025
f 970//970 1087//1087 969//969
f 1086//1086 971//971 1146//1146
f 1026//1026 971//971 1086//1086
f 1027//1027 970//970 1089//1089
f 1091//1091 1088//1088 1090//1090
f 908//908 1089//1089 972//972
f 1091//1091 973//973 1088//1088
f 1092//1092 1089//1089 908//908
f 1028//1028 973//973 1091//1091
f 1155//1155 1028//1028 1091//1091
f 908//908 1029//1029 1092//1092
f 974//974 1029//1029 908//908
f 1093//1093 1030//1030 1028//1028
f 1093//1093 1028//1028 1155//1155
f 1031//1031 1030//1030 1094//1094
f 974//974 975//975 979//979
f 1031//1031 1032//1032 1030//1030
f 1032//1032 977//977 1030//1030
f 1032//1032 1097//1097 977//977
f 1095//1095 920//920 1033//1033
f 1033//1033 921//921 1034//1034
f 1036//1036 924//924 980//980
f 1035//1035 981//981 1098//1098
f 1098//1098 981//981 1037//1037
f 984//984 1038//1038 982//982
f 982//982 1100//1100 983//983
f 984//984 1039//1039 1038//1038
f 982//982 1038//1038 1099//1099
f 1100//1100 982//982 1099//1099
f 1040//1040 986//986 985//985
f 1041//1041 986//986 1040//1040
f 1042//1042 987//987 1041//1041
f 927//927 1044//1044 853//853
f 1043//1043 987//987 1042//1042
f 1043//1043 781//781 987//987
f 988//988 1044//1044 927//927
f 1044//1044 988//988 990//990
f 1043//1043 1045//1045 781//781
f 989//989 990//990 988//988
f 990//990 1046//1046 1102//1102
f 1102//1102 1046//1046 991//991
f 1102//1102 991//991 1045//1045
f 990//990 992//992 1046//1046
f 1046//1046 992//992 991//991
f 1047//1047 1049//1049 993//993
f 1049//1049 994//994 993//993
f 1047//1047 1103//1103 1049//1049
f 1048//1048 1104//1104 1047//1047
f 1047//1047 1104//1104 1103//1103
f 1049//1049 997//997 994//994
f 996//996 1048//1048 995//995
f 996//996 1105//1105 1048//1048
f 996//996 862//862 1105//1105
f 1105//1105 862//862 1050//1050
f 1051//1051 999//999 997//997
f 1052//1052 1050//1050 862//862
f 999//999 1051//1051 1001//1001
f 1000//1000 1053//1053 1052//1052
f 1000//1000 1052//1052 936//936
f 1001//1001 1051//1051 1112//1112
f 734//734 1054//1054 866//866
f 1176//1176 1056//1056 1002//1002
f 1056//1056 1115//1115 1004//1004
f 699//699 1003//1003 938//938
f 1057//1057 1178//1178 1003//1003
f 1116//1116 1118//1118 939//939
f 1121//1121 1005//1005 1060//1060
f 1121//1121 1061//1061 1005//1005
f 940//940 1123//1123 1059//1059
f 940//940 1006//1006 1123//1123
f 1062//1062 1007//1007 1061//1061
f 1062//1062 1009//1009 1007//1007
f 1008//1008 1006//1006 876//876
f 1006//1006 1008//1008 1126//1126
f 1062//1062 1010//1010 1009//1009
f 1063//1063 1010//1010 1062//1062
f 1126//1126 1008//1008 1011//1011
f 1010//1010 1063//1063 1012//1012
f 1126//1126 1011//1011 1064//1064
f 1064//1064 1014//1014 1063//1063
f 1014//1014 1012//1012 1063//1063
f 1013//1013 945//945 1016//1016
f 1066//1066 1013//1013 1185//1185
f 1066//1066 947//947 1013//1013
f 1011//1011 1065//1065 1064//1064
f 1064//1064 1069//1069 1017//1017
f 1017//1017 1014//1014 1064//1064
f 1185//1185 1015//1015 947//947
f 1066//1066 1185//1185 947//947
f 1065//1065 880//880 881//881
f 1065//1065 1186//1186 1127//1127
f 1067//1067 1064//1064 1065//1065
f 1064//1064 1067//1067 1069//1069
f 1015//1015 1185//1185 881//881
f 1069//1069 1019//1019 1017//1017
f 1068//1068 1130//1130 1016//1016
f 1069//1069 1070//1070 1019//1019
f 1018//1018 951//951 1068//1068
f 1018//1018 1068//1068 949//949
f 1069//1069 1132//1132 1070//1070
f 1068//1068 951//951 1071//1071
f 1073//1073 1133//1133 1071//1071
f 1072//1072 1019//1019 1070//1070
f 1072//1072 1021//1021 1019//1019
f 1073//1073 1075//1075 1074//1074
f 1072//1072 1138//1138 1021//1021
f 956//956 1075//1075 1073//1073
f 1138//1138 1022//1022 1021//1021
f 956//956 1140//1140 1075//1075
f 1138//1138 1077//1077 1076//1076
f 1076//1076 1022//1022 1138//1138
f 957//957 1140//1140 956//956
f 1080//1080 1076//1076 1077//1077
f 1140//1140 957//957 1079//1079
f 1078//1078 1079//1079 957//957
f 1082//1082 1023//1023 1080//1080
f 1024//1024 1145//1145 1078//1078
f 1083//1083 1082//1082 1080//1080
f 1145//1145 1024//1024 1085//1085
f 1083//1083 1084//1084 971//971
f 971//971 1082//1082 1083//1083
f 1084//1084 1146//1146 971//971
f 1087//1087 1024//1024 969//969
f 1024//1024 1087//1087 1085//1085
f 1027//1027 1087//1087 970//970
f 1151//1151 1026//1026 1086//1086
f 1089//1089 1092//1092 1221//1221
f 1154//1154 1091//1091 1090//1090
f 1155//1155 1091//1091 1154//1154
f 1029//1029 979//979 1092//1092
f 1155//1155 1094//1094 1093//1093
f 974//974 979//979 1029//1029
f 1094//1094 1030//1030 1093//1093
f 1095//1095 1159//1159 979//979
f 1094//1094 1032//1032 1031//1031
f 1094//1094 1161//1161 1032//1032
f 1226//1226 1097//1097 1161//1161
f 1161//1161 1097//1097 1032//1032
f 1095//1095 1033//1033 1096//1096
f 1226//1226 980//980 1097//1097
f 1096//1096 1033//1033 1034//1034
f 1096//1096 1034//1034 1035//1035
f 1163//1163 1096//1096 1035//1035
f 1098//1098 1163//1163 1035//1035
f 1165//1165 1037//1037 1036//1036
f 1165//1165 1036//1036 1226//1226
f 1226//1226 1036//1036 980//980
f 1098//1098 1037//1037 1165//1165
f 1100//1100 1041//1041 1040//1040
f 1039//1039 1044//1044 1038//1038
f 1099//1099 1038//1038 1100//1100
f 1038//1038 1041//1041 1100//1100
f 853//853 1044//1044 1039//1039
f 1038//1038 1042//1042 1041//1041
f 1038//1038 1043//1043 1042//1042
f 1044//1044 1101//1101 1038//1038
f 1038//1038 1101//1101 1043//1043
f 1044//1044 1102//1102 1101//1101
f 990//990 1102//1102 1044//1044
f 1101//1101 1045//1045 1043//1043
f 1101//1101 1102//1102 1045//1045
f 1103//1103 1108//1108 1049//1049
f 1103//1103 1104//1104 1108//1108
f 1104//1104 1107//1107 1108//1108
f 1108//1108 997//997 1049//1049
f 1048//1048 1105//1105 1104//1104
f 1104//1104 1105//1105 1107//1107
f 1106//1106 1051//1051 997//997
f 1106//1106 997//997 1108//1108
f 1168//1168 1108//1108 1107//1107
f 1050//1050 1110//1110 1105//1105
f 1105//1105 1110//1110 1167//1167
f 1108//1108 1051//1051 1106//1106
f 1109//1109 1051//1051 1108//1108
f 1110//1110 1050//1050 1052//1052
f 1111//1111 1051//1051 1109//1109
f 1110//1110 1052//1052 1053//1053
f 1111//1111 1112//1112 1051//1051
f 1054//1054 1053//1053 1000//1000
f 734//734 1113//1113 1054//1054
f 1172//1172 1055//1055 1112//1112
f 734//734 1114//1114 1113//1113
f 1176//1176 1002//1002 1174//1174
f 938//938 1177//1177 868//868
f 1115//1115 1056//1056 1232//1232
f 1116//1116 939//939 1115//1115
f 1057//1057 1117//1117 1178//1178
f 1119//1119 1117//1117 1057//1057
f 1122//1122 1121//1121 1118//1118
f 1121//1121 1060//1060 1118//1118
f 1059//1059 1119//1119 1058//1058
f 1119//1119 1059//1059 1178//1178
f 1123//1123 1178//1178 1059//1059
f 1122//1122 1061//1061 1121//1121
f 1122//1122 1062//1062 1061//1061
f 1120//1120 1062//1062 1122//1122
f 1125//1125 1063//1063 1120//1120
f 1063//1063 1062//1062 1120//1120
f 1124//1124 1123//1123 1006//1006
f 1124//1124 1126//1126 1184//1184
f 1006//1006 1126//1126 1124//1124
f 1184//1184 1063//1063 1125//1125
f 1184//1184 1126//1126 1063//1063
f 1126//1126 1064//1064 1063//1063
f 1016//1016 1131//1131 1013//1013
f 1188//1188 881//881 1185//1185
f 1127//1127 1128//1128 1065//1065
f 1129//1129 1067//1067 1065//1065
f 1128//1128 1129//1129 1065//1065
f 1129//1129 1069//1069 1067//1067
f 1131//1131 1016//1016 1130//1130
f 881//881 1188//1188 1065//1065
f 1129//1129 1128//1128 1069//1069
f 1013//1013 1131//1131 1187//1187
f 1065//1065 1188//1188 1186//1186
f 1132//1132 1069//1069 1128//1128
f 1132//1132 1128//1128 1127//1127
f 1130//1130 1068//1068 1192//1192
f 1068//1068 1133//1133 1192//1192
f 1071//1071 1133//1133 1068//1068
f 1135//1135 1072//1072 1070//1070
f 1135//1135 1070//1070 1132//1132
f 1073//1073 1136//1136 1133//1133
f 1135//1135 1138//1138 1072//1072
f 1074//1074 1136//1136 1073//1073
f 1075//1075 1136//1136 1074//1074
f 1134//1134 1137//1137 1135//1135
f 1137//1137 1138//1138 1135//1135
f 1136//1136 1075//1075 1200//1200
f 1137//1137 1077//1077 1138//1138
f 1198//1198 1139//1139 1077//1077
f 1140//1140 1143//1143 1075//1075
f 1141//1141 1080//1080 1139//1139
f 1141//1141 1142//1142 1080//1080
f 1080//1080 1077//1077 1139//1139
f 1142//1142 1081//1081 1080//1080
f 1143//1143 1140//1140 1079//1079
f 1141//1141 1081//1081 1142//1142
f 1141//1141 1084//1084 1081//1081
f 1084//1084 1083//1083 1080//1080
f 1084//1084 1080//1080 1081//1081
f 1078//1078 1145//1145 1079//1079
f 1141//1141 1144//1144 1084//1084
f 1144//1144 1146//1146 1084//1084
f 1206//1206 1145//1145 1085//1085
f 1148//1148 1147//1147 1144//1144
f 1144//1144 1147//1147 1146//1146
f 1147//1147 1086//1086 1146//1146
f 1148//1148 1086//1086 1147//1147
f 1148//1148 1150//1150 1151//1151
f 1151//1151 1086//1086 1148//1148
f 1087//1087 1214//1214 1085//1085
f 1149//1149 1085//1085 1214//1214
f 1151//1151 1090//1090 1088//1088
f 1214//1214 1087//1087 1027//1027
f 1150//1150 1090//1090 1151//1151
f 1218//1218 1154//1154 1090//1090
f 1218//1218 1090//1090 1150//1150
f 1027//1027 1089//1089 1221//1221
f 1239//1239 1027//1027 1221//1221
f 1154//1154 1218//1218 1152//1152
f 1092//1092 1153//1153 1221//1221
f 1157//1157 1155//1155 1154//1154
f 979//979 1153//1153 1092//1092
f 1158//1158 1094//1094 1155//1155
f 1158//1158 1155//1155 1157//1157
f 979//979 1159//1159 1153//1153
f 1157//1157 1094//1094 1158//1158
f 1160//1160 1153//1153 1159//1159
f 1157//1157 1156//1156 1094//1094
f 1223//1223 1161//1161 1094//1094
f 1223//1223 1094//1094 1156//1156
f 1159//1159 1095//1095 1160//1160
f 1160//1160 1095//1095 1096//1096
f 1162//1162 1226//1226 1161//1161
f 1163//1163 1098//1098 1164//1164
f 1165//1165 1164//1164 1098//1098
f 1167//1167 1107//1107 1105//1105
f 1168//1168 1166//1166 1108//1108
f 1166//1166 1109//1109 1108//1108
f 1166//1166 1111//1111 1109//1109
f 1053//1053 1169//1169 1110//1110
f 1110//1110 1169//1169 1167//1167
f 1107//1107 1167//1167 1170//1170
f 1170//1170 1167//1167 1169//1169
f 1168//1168 1111//1111 1166//1166
f 1054//1054 1169//1169 1053//1053
f 1171//1171 1112//1112 1111//1111
f 1168//1168 1171//1171 1111//1111
f 1170//1170 1169//1169 1054//1054
f 1171//1171 1172//1172 1112//1112
f 1054//1054 1113//1113 1229//1229
f 1172//1172 1002//1002 1055//1055
f 1174//1174 1002//1002 1172//1172
f 868//868 1175//1175 1114//1114
f 1173//1173 1114//1114 1175//1175
f 1175//1175 868//868 1177//1177
f 1232//1232 1056//1056 1176//1176
f 1003//1003 1177//1177 938//938
f 1230//1230 1177//1177 1003//1003
f 1230//1230 1003//1003 1231//1231
f 1116//1116 1115//1115 1232//1232
f 1178//1178 1231//1231 1003//1003
f 1180//1180 1179//1179 1116//1116
f 1179//1179 1118//1118 1116//1116
f 1178//1178 1181//1181 1183//1183
f 1180//1180 1122//1122 1179//1179
f 1122//1122 1118//1118 1179//1179
f 1119//1119 1178//1178 1117//1117
f 1183//1183 1182//1182 1180//1180
f 1182//1182 1120//1120 1122//1122
f 1182//1182 1122//1122 1180//1180
f 1178//1178 1123//1123 1181//1181
f 1124//1124 1181//1181 1123//1123
f 1182//1182 1183//1183 1125//1125
f 1182//1182 1125//1125 1120//1120
f 1124//1124 1184//1184 1181//1181
f 1181//1181 1184//1184 1183//1183
f 1184//1184 1125//1125 1183//1183
f 1185//1185 1013//1013 1187//1187
f 1130//1130 1187//1187 1131//1131
f 1127//1127 1186//1186 1190//1190
f 1192//1192 1187//1187 1130//1130
f 1185//1185 1187//1187 1188//1188
f 1188//1188 1189//1189 1186//1186
f 1190//1190 1132//1132 1127//1127
f 1186//1186 1193//1193 1190//1190
f 1191//1191 1132//1132 1190//1190
f 1190//1190 1193//1193 1135//1135
f 1191//1191 1190//1190 1135//1135
f 1191//1191 1135//1135 1132//1132
f 1136//1136 1192//1192 1133//1133
f 1197//1197 1192//1192 1136//1136
f 1193//1193 1134//1134 1135//1135
f 1192//1192 1197//1197 1194//1194
f 1195//1195 1134//1134 1193//1193
f 1195//1195 1137//1137 1134//1134
f 1196//1196 1198//1198 1195//1195
f 1137//1137 1195//1195 1077//1077
f 1196//1196 1194//1194 1198//1198
f 1199//1199 1198//1198 1077//1077
f 1199//1199 1077//1077 1195//1195
f 1136//1136 1200//1200 1197//1197
f 1195//1195 1198//1198 1199//1199
f 1198//1198 1194//1194 1139//1139
f 1194//1194 1141//1141 1139//1139
f 1197//1197 1202//1202 1194//1194
f 1194//1194 1202//1202 1141//1141
f 1200//1200 1201//1201 1197//1197
f 1197//1197 1201//1201 1202//1202
f 1143//1143 1207//1207 1075//1075
f 1075//1075 1201//1201 1200//1200
f 1075//1075 1207//1207 1201//1201
f 1202//1202 1201//1201 1141//1141
f 1201//1201 1204//1204 1141//1141
f 1204//1204 1144//1144 1141//1141
f 1079//1079 1203//1203 1143//1143
f 1204//1204 1201//1201 1144//1144
f 1206//1206 1079//1079 1145//1145
f 1201//1201 1205//1205 1144//1144
f 1206//1206 1211//1211 1079//1079
f 1079//1079 1211//1211 1203//1203
f 1143//1143 1203//1203 1207//1207
f 1207//1207 1208//1208 1201//1201
f 1201//1201 1209//1209 1205//1205
f 1201//1201 1208//1208 1209//1209
f 1205//1205 1148//1148 1144//1144
f 1205//1205 1209//1209 1148//1148
f 1149//1149 1206//1206 1085//1085
f 1206//1206 1210//1210 1211//1211
f 1203//1203 1211//1211 1207//1207
f 1209//1209 1208//1208 1148//1148
f 1206//1206 1149//1149 1210//1210
f 1207//1207 1150//1150 1208//1208
f 1207//1207 1212//1212 1150//1150
f 1208//1208 1150//1150 1148//1148
f 1210//1210 1213//1213 1211//1211
f 1211//1211 1213//1213 1215//1215
f 1211//1211 1212//1212 1207//1207
f 1211//1211 1215//1215 1212//1212
f 1212//1212 1217//1217 1150//1150
f 1212//1212 1215//1215 1218//1218
f 1214//1214 1210//1210 1149//1149
f 1212//1212 1218//1218 1216//1216
f 1212//1212 1216//1216 1217//1217
f 1213//1213 1241//1241 1215//1215
f 1216//1216 1218//1218 1150//1150
f 1216//1216 1150//1150 1217//1217
f 1215//1215 1152//1152 1218//1218
f 1239//1239 1214//1214 1027//1027
f 1210//1210 1214//1214 1240//1240
f 1213//1213 1219//1219 1241//1241
f 1215//1215 1241//1241 1152//1152
f 1152//1152 1241//1241 1220//1220
f 1220//1220 1154//1154 1152//1152
f 1239//1239 1221//1221 1245//1245
f 1241//1241 1242//1242 1156//1156
f 1220//1220 1157//1157 1154//1154
f 1241//1241 1156//1156 1157//1157
f 1241//1241 1157//1157 1220//1220
f 1160//1160 1221//1221 1153//1153
f 1221//1221 1160//1160 1245//1245
f 1222//1222 1223//1223 1242//1242
f 1242//1242 1223//1223 1156//1156
f 1160//1160 1096//1096 1245//1245
f 1223//1223 1222//1222 1161//1161
f 1246//1246 1226//1226 1225//1225
f 1224//1224 1162//1162 1222//1222
f 1222//1222 1162//1162 1161//1161
f 1245//1245 1163//1163 1246//1246
f 1246//1246 1163//1163 1164//1164
f 1225//1225 1226//1226 1224//1224
f 1245//1245 1096//1096 1163//1163
f 1246//1246 1164//1164 1165//1165
f 1246//1246 1165//1165 1226//1226
f 1224//1224 1226//1226 1162//1162
f 1170//1170 1168//1168 1107//1107
f 1170//1170 1171//1171 1168//1168
f 1054//1054 1251//1251 1170//1170
f 1228//1228 1171//1171 1170//1170
f 1229//1229 1251//1251 1054//1054
f 1228//1228 1172//1172 1171//1171
f 1114//1114 1229//1229 1113//1113
f 1173//1173 1229//1229 1114//1114
f 1174//1174 1172//1172 1228//1228
f 1247//1247 1176//1176 1174//1174
f 1247//1247 1232//1232 1176//1176
f 1177//1177 1230//1230 1231//1231
f 1233//1233 1234//1234 1232//1232
f 1234//1234 1233//1233 1116//1116
f 1234//1234 1116//1116 1232//1232
f 1178//1178 1233//1233 1231//1231
f 1235//1235 1233//1233 1178//1178
f 1233//1233 1180//1180 1116//1116
f 1235//1235 1183//1183 1233//1233
f 1183//1183 1180//1180 1233//1233
f 1183//1183 1235//1235 1178//1178
f 1189//1189 1188//1188 1187//1187
f 1236//1236 1186//1186 1189//1189
f 1189//1189 1187//1187 1236//1236
f 1193//1193 1186//1186 1236//1236
f 1187//1187 1192//1192 1237//1237
f 1238//1238 1192//1192 1194//1194
f 1187//1187 1237//1237 1236//1236
f 1193//1193 1236//1236 1195//1195
f 1196//1196 1238//1238 1194//1194
f 1192//1192 1195//1195 1237//1237
f 1192//1192 1238//1238 1195//1195
f 1237//1237 1195//1195 1236//1236
f 1238//1238 1196//1196 1195//1195
f 1219//1219 1213//1213 1210//1210
f 1239//1239 1240//1240 1214//1214
f 1240//1240 1219//1219 1210//1210
f 1242//1242 1241//1241 1219//1219
f 1239//1239 1243//1243 1240//1240
f 1240//1240 1243//1243 1219//1219
f 1245//1245 1244//1244 1239//1239
f 1219//1219 1222//1222 1242//1242
f 1244//1244 1243//1243 1239//1239
f 1243//1243 1225//1225 1219//1219
f 1224//1224 1222//1222 1219//1219
f 1245//1245 1246//1246 1244//1244
f 1225//1225 1224//1224 1219//1219
f 1243//1243 1244//1244 1246//1246
f 1243//1243 1246//1246 1225//1225
f 1227//1227 1170//1170 1251//1251
f 1227//1227 1228//1228 1170//1170
f 1251//1251 1229//1229 1173//1173
f 1227//1227 1174//1174 1228//1228
f 1247//1247 1174//1174 1227//1227
f 1177//1177 1173//1173 1175//1175
f 1250//1250 1173//1173 1177//1177
f 1173//1173 1250//1250 1249//1249
f 1247//1247 1249//1249 1248//1248
f 1231//1231 1250//1250 1177//1177
f 1248//1248 1249//1249 1232//1232
f 1248//1248 1232//1232 1247//1247
f 1249//1249 1233//1233 1232//1232
f 1233//1233 1250//1250 1231//1231
f 1250//1250 1233//1233 1249//1249
f 1247//1247 1227//1227 1251//1251
f 1173//1173 1247//1247 1251//1251
f 1249//1249 1247//1247 1173//1173
